:0200000460009A
:100000004643464200000156000000000103030081
:1000100000000000000000000000000000000000E0
:1000200000000000000000000000000000000000D0
:1000300000000000000000000000000000000000C0
:1000400000000000010408000000000000000000A3
:100050000000800000000000000000000000000020
:100060000000000000000000000000000000000090
:100070000000000000000000000000000000000080
:10008000EB04180A063204260000000000000000FD
:10009000050404240000000000000000000000002F
:1000A0000000000000000000000000000000000050
:1000B0000604000000000000000000000000000036
:1000C0000000000000000000000000000000000030
:1000D00020041808000000000000000000000000DC
:1000E0000000000000000000000000000000000010
:1000F0000000000000000000000000000000000000
:10010000D8041808000000000000000000000000F3
:100110000204180804200000000000000000000095
:1001200000000000000000000000000000000000CF
:10013000600400000000000000000000000000005B
:1001400000000000000000000000000000000000AF
:10015000000000000000000000000000000000009F
:10016000000000000000000000000000000000008F
:10017000000000000000000000000000000000007F
:10018000000000000000000000000000000000006F
:10019000000000000000000000000000000000005F
:1001A000000000000000000000000000000000004F
:1001B000000000000000000000000000000000003F
:1001C000000100000010000001000000000000001D
:1001D000000001000000000000000000000000001E
:1001E000000000000000000000000000000000000F
:1001F00000000000000000000000000000000000FF
:10020000FFFFFFFFFFFFFFFFFFFFFFFFFFFFFFFFFE
:10021000FFFFFFFFFFFFFFFFFFFFFFFFFFFFFFFFEE
:10022000FFFFFFFFFFFFFFFFFFFFFFFFFFFFFFFFDE
:10023000FFFFFFFFFFFFFFFFFFFFFFFFFFFFFFFFCE
:10024000FFFFFFFFFFFFFFFFFFFFFFFFFFFFFFFFBE
:10025000FFFFFFFFFFFFFFFFFFFFFFFFFFFFFFFFAE
:10026000FFFFFFFFFFFFFFFFFFFFFFFFFFFFFFFF9E
:10027000FFFFFFFFFFFFFFFFFFFFFFFFFFFFFFFF8E
:10028000FFFFFFFFFFFFFFFFFFFFFFFFFFFFFFFF7E
:10029000FFFFFFFFFFFFFFFFFFFFFFFFFFFFFFFF6E
:1002A000FFFFFFFFFFFFFFFFFFFFFFFFFFFFFFFF5E
:1002B000FFFFFFFFFFFFFFFFFFFFFFFFFFFFFFFF4E
:1002C000FFFFFFFFFFFFFFFFFFFFFFFFFFFFFFFF3E
:1002D000FFFFFFFFFFFFFFFFFFFFFFFFFFFFFFFF2E
:1002E000FFFFFFFFFFFFFFFFFFFFFFFFFFFFFFFF1E
:1002F000FFFFFFFFFFFFFFFFFFFFFFFFFFFFFFFF0E
:10030000FFFFFFFFFFFFFFFFFFFFFFFFFFFFFFFFFD
:10031000FFFFFFFFFFFFFFFFFFFFFFFFFFFFFFFFED
:10032000FFFFFFFFFFFFFFFFFFFFFFFFFFFFFFFFDD
:10033000FFFFFFFFFFFFFFFFFFFFFFFFFFFFFFFFCD
:10034000FFFFFFFFFFFFFFFFFFFFFFFFFFFFFFFFBD
:10035000FFFFFFFFFFFFFFFFFFFFFFFFFFFFFFFFAD
:10036000FFFFFFFFFFFFFFFFFFFFFFFFFFFFFFFF9D
:10037000FFFFFFFFFFFFFFFFFFFFFFFFFFFFFFFF8D
:10038000FFFFFFFFFFFFFFFFFFFFFFFFFFFFFFFF7D
:10039000FFFFFFFFFFFFFFFFFFFFFFFFFFFFFFFF6D
:1003A000FFFFFFFFFFFFFFFFFFFFFFFFFFFFFFFF5D
:1003B000FFFFFFFFFFFFFFFFFFFFFFFFFFFFFFFF4D
:1003C000FFFFFFFFFFFFFFFFFFFFFFFFFFFFFFFF3D
:1003D000FFFFFFFFFFFFFFFFFFFFFFFFFFFFFFFF2D
:1003E000FFFFFFFFFFFFFFFFFFFFFFFFFFFFFFFF1D
:1003F000FFFFFFFFFFFFFFFFFFFFFFFFFFFFFFFF0D
:10040000FFFFFFFFFFFFFFFFFFFFFFFFFFFFFFFFFC
:10041000FFFFFFFFFFFFFFFFFFFFFFFFFFFFFFFFEC
:10042000FFFFFFFFFFFFFFFFFFFFFFFFFFFFFFFFDC
:10043000FFFFFFFFFFFFFFFFFFFFFFFFFFFFFFFFCC
:10044000FFFFFFFFFFFFFFFFFFFFFFFFFFFFFFFFBC
:10045000FFFFFFFFFFFFFFFFFFFFFFFFFFFFFFFFAC
:10046000FFFFFFFFFFFFFFFFFFFFFFFFFFFFFFFF9C
:10047000FFFFFFFFFFFFFFFFFFFFFFFFFFFFFFFF8C
:10048000FFFFFFFFFFFFFFFFFFFFFFFFFFFFFFFF7C
:10049000FFFFFFFFFFFFFFFFFFFFFFFFFFFFFFFF6C
:1004A000FFFFFFFFFFFFFFFFFFFFFFFFFFFFFFFF5C
:1004B000FFFFFFFFFFFFFFFFFFFFFFFFFFFFFFFF4C
:1004C000FFFFFFFFFFFFFFFFFFFFFFFFFFFFFFFF3C
:1004D000FFFFFFFFFFFFFFFFFFFFFFFFFFFFFFFF2C
:1004E000FFFFFFFFFFFFFFFFFFFFFFFFFFFFFFFF1C
:1004F000FFFFFFFFFFFFFFFFFFFFFFFFFFFFFFFF0C
:10050000FFFFFFFFFFFFFFFFFFFFFFFFFFFFFFFFFB
:10051000FFFFFFFFFFFFFFFFFFFFFFFFFFFFFFFFEB
:10052000FFFFFFFFFFFFFFFFFFFFFFFFFFFFFFFFDB
:10053000FFFFFFFFFFFFFFFFFFFFFFFFFFFFFFFFCB
:10054000FFFFFFFFFFFFFFFFFFFFFFFFFFFFFFFFBB
:10055000FFFFFFFFFFFFFFFFFFFFFFFFFFFFFFFFAB
:10056000FFFFFFFFFFFFFFFFFFFFFFFFFFFFFFFF9B
:10057000FFFFFFFFFFFFFFFFFFFFFFFFFFFFFFFF8B
:10058000FFFFFFFFFFFFFFFFFFFFFFFFFFFFFFFF7B
:10059000FFFFFFFFFFFFFFFFFFFFFFFFFFFFFFFF6B
:1005A000FFFFFFFFFFFFFFFFFFFFFFFFFFFFFFFF5B
:1005B000FFFFFFFFFFFFFFFFFFFFFFFFFFFFFFFF4B
:1005C000FFFFFFFFFFFFFFFFFFFFFFFFFFFFFFFF3B
:1005D000FFFFFFFFFFFFFFFFFFFFFFFFFFFFFFFF2B
:1005E000FFFFFFFFFFFFFFFFFFFFFFFFFFFFFFFF1B
:1005F000FFFFFFFFFFFFFFFFFFFFFFFFFFFFFFFF0B
:10060000FFFFFFFFFFFFFFFFFFFFFFFFFFFFFFFFFA
:10061000FFFFFFFFFFFFFFFFFFFFFFFFFFFFFFFFEA
:10062000FFFFFFFFFFFFFFFFFFFFFFFFFFFFFFFFDA
:10063000FFFFFFFFFFFFFFFFFFFFFFFFFFFFFFFFCA
:10064000FFFFFFFFFFFFFFFFFFFFFFFFFFFFFFFFBA
:10065000FFFFFFFFFFFFFFFFFFFFFFFFFFFFFFFFAA
:10066000FFFFFFFFFFFFFFFFFFFFFFFFFFFFFFFF9A
:10067000FFFFFFFFFFFFFFFFFFFFFFFFFFFFFFFF8A
:10068000FFFFFFFFFFFFFFFFFFFFFFFFFFFFFFFF7A
:10069000FFFFFFFFFFFFFFFFFFFFFFFFFFFFFFFF6A
:1006A000FFFFFFFFFFFFFFFFFFFFFFFFFFFFFFFF5A
:1006B000FFFFFFFFFFFFFFFFFFFFFFFFFFFFFFFF4A
:1006C000FFFFFFFFFFFFFFFFFFFFFFFFFFFFFFFF3A
:1006D000FFFFFFFFFFFFFFFFFFFFFFFFFFFFFFFF2A
:1006E000FFFFFFFFFFFFFFFFFFFFFFFFFFFFFFFF1A
:1006F000FFFFFFFFFFFFFFFFFFFFFFFFFFFFFFFF0A
:10070000FFFFFFFFFFFFFFFFFFFFFFFFFFFFFFFFF9
:10071000FFFFFFFFFFFFFFFFFFFFFFFFFFFFFFFFE9
:10072000FFFFFFFFFFFFFFFFFFFFFFFFFFFFFFFFD9
:10073000FFFFFFFFFFFFFFFFFFFFFFFFFFFFFFFFC9
:10074000FFFFFFFFFFFFFFFFFFFFFFFFFFFFFFFFB9
:10075000FFFFFFFFFFFFFFFFFFFFFFFFFFFFFFFFA9
:10076000FFFFFFFFFFFFFFFFFFFFFFFFFFFFFFFF99
:10077000FFFFFFFFFFFFFFFFFFFFFFFFFFFFFFFF89
:10078000FFFFFFFFFFFFFFFFFFFFFFFFFFFFFFFF79
:10079000FFFFFFFFFFFFFFFFFFFFFFFFFFFFFFFF69
:1007A000FFFFFFFFFFFFFFFFFFFFFFFFFFFFFFFF59
:1007B000FFFFFFFFFFFFFFFFFFFFFFFFFFFFFFFF49
:1007C000FFFFFFFFFFFFFFFFFFFFFFFFFFFFFFFF39
:1007D000FFFFFFFFFFFFFFFFFFFFFFFFFFFFFFFF29
:1007E000FFFFFFFFFFFFFFFFFFFFFFFFFFFFFFFF19
:1007F000FFFFFFFFFFFFFFFFFFFFFFFFFFFFFFFF09
:10080000FFFFFFFFFFFFFFFFFFFFFFFFFFFFFFFFF8
:10081000FFFFFFFFFFFFFFFFFFFFFFFFFFFFFFFFE8
:10082000FFFFFFFFFFFFFFFFFFFFFFFFFFFFFFFFD8
:10083000FFFFFFFFFFFFFFFFFFFFFFFFFFFFFFFFC8
:10084000FFFFFFFFFFFFFFFFFFFFFFFFFFFFFFFFB8
:10085000FFFFFFFFFFFFFFFFFFFFFFFFFFFFFFFFA8
:10086000FFFFFFFFFFFFFFFFFFFFFFFFFFFFFFFF98
:10087000FFFFFFFFFFFFFFFFFFFFFFFFFFFFFFFF88
:10088000FFFFFFFFFFFFFFFFFFFFFFFFFFFFFFFF78
:10089000FFFFFFFFFFFFFFFFFFFFFFFFFFFFFFFF68
:1008A000FFFFFFFFFFFFFFFFFFFFFFFFFFFFFFFF58
:1008B000FFFFFFFFFFFFFFFFFFFFFFFFFFFFFFFF48
:1008C000FFFFFFFFFFFFFFFFFFFFFFFFFFFFFFFF38
:1008D000FFFFFFFFFFFFFFFFFFFFFFFFFFFFFFFF28
:1008E000FFFFFFFFFFFFFFFFFFFFFFFFFFFFFFFF18
:1008F000FFFFFFFFFFFFFFFFFFFFFFFFFFFFFFFF08
:10090000FFFFFFFFFFFFFFFFFFFFFFFFFFFFFFFFF7
:10091000FFFFFFFFFFFFFFFFFFFFFFFFFFFFFFFFE7
:10092000FFFFFFFFFFFFFFFFFFFFFFFFFFFFFFFFD7
:10093000FFFFFFFFFFFFFFFFFFFFFFFFFFFFFFFFC7
:10094000FFFFFFFFFFFFFFFFFFFFFFFFFFFFFFFFB7
:10095000FFFFFFFFFFFFFFFFFFFFFFFFFFFFFFFFA7
:10096000FFFFFFFFFFFFFFFFFFFFFFFFFFFFFFFF97
:10097000FFFFFFFFFFFFFFFFFFFFFFFFFFFFFFFF87
:10098000FFFFFFFFFFFFFFFFFFFFFFFFFFFFFFFF77
:10099000FFFFFFFFFFFFFFFFFFFFFFFFFFFFFFFF67
:1009A000FFFFFFFFFFFFFFFFFFFFFFFFFFFFFFFF57
:1009B000FFFFFFFFFFFFFFFFFFFFFFFFFFFFFFFF47
:1009C000FFFFFFFFFFFFFFFFFFFFFFFFFFFFFFFF37
:1009D000FFFFFFFFFFFFFFFFFFFFFFFFFFFFFFFF27
:1009E000FFFFFFFFFFFFFFFFFFFFFFFFFFFFFFFF17
:1009F000FFFFFFFFFFFFFFFFFFFFFFFFFFFFFFFF07
:100A0000FFFFFFFFFFFFFFFFFFFFFFFFFFFFFFFFF6
:100A1000FFFFFFFFFFFFFFFFFFFFFFFFFFFFFFFFE6
:100A2000FFFFFFFFFFFFFFFFFFFFFFFFFFFFFFFFD6
:100A3000FFFFFFFFFFFFFFFFFFFFFFFFFFFFFFFFC6
:100A4000FFFFFFFFFFFFFFFFFFFFFFFFFFFFFFFFB6
:100A5000FFFFFFFFFFFFFFFFFFFFFFFFFFFFFFFFA6
:100A6000FFFFFFFFFFFFFFFFFFFFFFFFFFFFFFFF96
:100A7000FFFFFFFFFFFFFFFFFFFFFFFFFFFFFFFF86
:100A8000FFFFFFFFFFFFFFFFFFFFFFFFFFFFFFFF76
:100A9000FFFFFFFFFFFFFFFFFFFFFFFFFFFFFFFF66
:100AA000FFFFFFFFFFFFFFFFFFFFFFFFFFFFFFFF56
:100AB000FFFFFFFFFFFFFFFFFFFFFFFFFFFFFFFF46
:100AC000FFFFFFFFFFFFFFFFFFFFFFFFFFFFFFFF36
:100AD000FFFFFFFFFFFFFFFFFFFFFFFFFFFFFFFF26
:100AE000FFFFFFFFFFFFFFFFFFFFFFFFFFFFFFFF16
:100AF000FFFFFFFFFFFFFFFFFFFFFFFFFFFFFFFF06
:100B0000FFFFFFFFFFFFFFFFFFFFFFFFFFFFFFFFF5
:100B1000FFFFFFFFFFFFFFFFFFFFFFFFFFFFFFFFE5
:100B2000FFFFFFFFFFFFFFFFFFFFFFFFFFFFFFFFD5
:100B3000FFFFFFFFFFFFFFFFFFFFFFFFFFFFFFFFC5
:100B4000FFFFFFFFFFFFFFFFFFFFFFFFFFFFFFFFB5
:100B5000FFFFFFFFFFFFFFFFFFFFFFFFFFFFFFFFA5
:100B6000FFFFFFFFFFFFFFFFFFFFFFFFFFFFFFFF95
:100B7000FFFFFFFFFFFFFFFFFFFFFFFFFFFFFFFF85
:100B8000FFFFFFFFFFFFFFFFFFFFFFFFFFFFFFFF75
:100B9000FFFFFFFFFFFFFFFFFFFFFFFFFFFFFFFF65
:100BA000FFFFFFFFFFFFFFFFFFFFFFFFFFFFFFFF55
:100BB000FFFFFFFFFFFFFFFFFFFFFFFFFFFFFFFF45
:100BC000FFFFFFFFFFFFFFFFFFFFFFFFFFFFFFFF35
:100BD000FFFFFFFFFFFFFFFFFFFFFFFFFFFFFFFF25
:100BE000FFFFFFFFFFFFFFFFFFFFFFFFFFFFFFFF15
:100BF000FFFFFFFFFFFFFFFFFFFFFFFFFFFFFFFF05
:100C0000FFFFFFFFFFFFFFFFFFFFFFFFFFFFFFFFF4
:100C1000FFFFFFFFFFFFFFFFFFFFFFFFFFFFFFFFE4
:100C2000FFFFFFFFFFFFFFFFFFFFFFFFFFFFFFFFD4
:100C3000FFFFFFFFFFFFFFFFFFFFFFFFFFFFFFFFC4
:100C4000FFFFFFFFFFFFFFFFFFFFFFFFFFFFFFFFB4
:100C5000FFFFFFFFFFFFFFFFFFFFFFFFFFFFFFFFA4
:100C6000FFFFFFFFFFFFFFFFFFFFFFFFFFFFFFFF94
:100C7000FFFFFFFFFFFFFFFFFFFFFFFFFFFFFFFF84
:100C8000FFFFFFFFFFFFFFFFFFFFFFFFFFFFFFFF74
:100C9000FFFFFFFFFFFFFFFFFFFFFFFFFFFFFFFF64
:100CA000FFFFFFFFFFFFFFFFFFFFFFFFFFFFFFFF54
:100CB000FFFFFFFFFFFFFFFFFFFFFFFFFFFFFFFF44
:100CC000FFFFFFFFFFFFFFFFFFFFFFFFFFFFFFFF34
:100CD000FFFFFFFFFFFFFFFFFFFFFFFFFFFFFFFF24
:100CE000FFFFFFFFFFFFFFFFFFFFFFFFFFFFFFFF14
:100CF000FFFFFFFFFFFFFFFFFFFFFFFFFFFFFFFF04
:100D0000FFFFFFFFFFFFFFFFFFFFFFFFFFFFFFFFF3
:100D1000FFFFFFFFFFFFFFFFFFFFFFFFFFFFFFFFE3
:100D2000FFFFFFFFFFFFFFFFFFFFFFFFFFFFFFFFD3
:100D3000FFFFFFFFFFFFFFFFFFFFFFFFFFFFFFFFC3
:100D4000FFFFFFFFFFFFFFFFFFFFFFFFFFFFFFFFB3
:100D5000FFFFFFFFFFFFFFFFFFFFFFFFFFFFFFFFA3
:100D6000FFFFFFFFFFFFFFFFFFFFFFFFFFFFFFFF93
:100D7000FFFFFFFFFFFFFFFFFFFFFFFFFFFFFFFF83
:100D8000FFFFFFFFFFFFFFFFFFFFFFFFFFFFFFFF73
:100D9000FFFFFFFFFFFFFFFFFFFFFFFFFFFFFFFF63
:100DA000FFFFFFFFFFFFFFFFFFFFFFFFFFFFFFFF53
:100DB000FFFFFFFFFFFFFFFFFFFFFFFFFFFFFFFF43
:100DC000FFFFFFFFFFFFFFFFFFFFFFFFFFFFFFFF33
:100DD000FFFFFFFFFFFFFFFFFFFFFFFFFFFFFFFF23
:100DE000FFFFFFFFFFFFFFFFFFFFFFFFFFFFFFFF13
:100DF000FFFFFFFFFFFFFFFFFFFFFFFFFFFFFFFF03
:100E0000FFFFFFFFFFFFFFFFFFFFFFFFFFFFFFFFF2
:100E1000FFFFFFFFFFFFFFFFFFFFFFFFFFFFFFFFE2
:100E2000FFFFFFFFFFFFFFFFFFFFFFFFFFFFFFFFD2
:100E3000FFFFFFFFFFFFFFFFFFFFFFFFFFFFFFFFC2
:100E4000FFFFFFFFFFFFFFFFFFFFFFFFFFFFFFFFB2
:100E5000FFFFFFFFFFFFFFFFFFFFFFFFFFFFFFFFA2
:100E6000FFFFFFFFFFFFFFFFFFFFFFFFFFFFFFFF92
:100E7000FFFFFFFFFFFFFFFFFFFFFFFFFFFFFFFF82
:100E8000FFFFFFFFFFFFFFFFFFFFFFFFFFFFFFFF72
:100E9000FFFFFFFFFFFFFFFFFFFFFFFFFFFFFFFF62
:100EA000FFFFFFFFFFFFFFFFFFFFFFFFFFFFFFFF52
:100EB000FFFFFFFFFFFFFFFFFFFFFFFFFFFFFFFF42
:100EC000FFFFFFFFFFFFFFFFFFFFFFFFFFFFFFFF32
:100ED000FFFFFFFFFFFFFFFFFFFFFFFFFFFFFFFF22
:100EE000FFFFFFFFFFFFFFFFFFFFFFFFFFFFFFFF12
:100EF000FFFFFFFFFFFFFFFFFFFFFFFFFFFFFFFF02
:100F0000FFFFFFFFFFFFFFFFFFFFFFFFFFFFFFFFF1
:100F1000FFFFFFFFFFFFFFFFFFFFFFFFFFFFFFFFE1
:100F2000FFFFFFFFFFFFFFFFFFFFFFFFFFFFFFFFD1
:100F3000FFFFFFFFFFFFFFFFFFFFFFFFFFFFFFFFC1
:100F4000FFFFFFFFFFFFFFFFFFFFFFFFFFFFFFFFB1
:100F5000FFFFFFFFFFFFFFFFFFFFFFFFFFFFFFFFA1
:100F6000FFFFFFFFFFFFFFFFFFFFFFFFFFFFFFFF91
:100F7000FFFFFFFFFFFFFFFFFFFFFFFFFFFFFFFF81
:100F8000FFFFFFFFFFFFFFFFFFFFFFFFFFFFFFFF71
:100F9000FFFFFFFFFFFFFFFFFFFFFFFFFFFFFFFF61
:100FA000FFFFFFFFFFFFFFFFFFFFFFFFFFFFFFFF51
:100FB000FFFFFFFFFFFFFFFFFFFFFFFFFFFFFFFF41
:100FC000FFFFFFFFFFFFFFFFFFFFFFFFFFFFFFFF31
:100FD000FFFFFFFFFFFFFFFFFFFFFFFFFFFFFFFF21
:100FE000FFFFFFFFFFFFFFFFFFFFFFFFFFFFFFFF11
:100FF000FFFFFFFFFFFFFFFFFFFFFFFFFFFFFFFF01
:10100000D10020432914006000000000000000000F
:101010002010006000100060004805600000000023
:10102000000000600054050000000000FFFFFFFF0B
:10103000FFFFFFFFFFFFFFFFFFFFFFFFFFFFFFFFC0
:10104000FFFFFFFFFFFFFFFFFFFFFFFFFFFFFFFFB0
:10105000FFFFFFFFFFFFFFFFFFFFFFFFFFFFFFFFA0
:10106000FFFFFFFFFFFFFFFFFFFFFFFFFFFFFFFF90
:10107000FFFFFFFFFFFFFFFFFFFFFFFFFFFFFFFF80
:10108000FFFFFFFFFFFFFFFFFFFFFFFFFFFFFFFF70
:10109000FFFFFFFFFFFFFFFFFFFFFFFFFFFFFFFF60
:1010A000FFFFFFFFFFFFFFFFFFFFFFFFFFFFFFFF50
:1010B000FFFFFFFFFFFFFFFFFFFFFFFFFFFFFFFF40
:1010C000FFFFFFFFFFFFFFFFFFFFFFFFFFFFFFFF30
:1010D000FFFFFFFFFFFFFFFFFFFFFFFFFFFFFFFF20
:1010E000FFFFFFFFFFFFFFFFFFFFFFFFFFFFFFFF10
:1010F000FFFFFFFFFFFFFFFFFFFFFFFFFFFFFFFF00
:10110000FFFFFFFFFFFFFFFFFFFFFFFFFFFFFFFFEF
:10111000FFFFFFFFFFFFFFFFFFFFFFFFFFFFFFFFDF
:10112000FFFFFFFFFFFFFFFFFFFFFFFFFFFFFFFFCF
:10113000FFFFFFFFFFFFFFFFFFFFFFFFFFFFFFFFBF
:10114000FFFFFFFFFFFFFFFFFFFFFFFFFFFFFFFFAF
:10115000FFFFFFFFFFFFFFFFFFFFFFFFFFFFFFFF9F
:10116000FFFFFFFFFFFFFFFFFFFFFFFFFFFFFFFF8F
:10117000FFFFFFFFFFFFFFFFFFFFFFFFFFFFFFFF7F
:10118000FFFFFFFFFFFFFFFFFFFFFFFFFFFFFFFF6F
:10119000FFFFFFFFFFFFFFFFFFFFFFFFFFFFFFFF5F
:1011A000FFFFFFFFFFFFFFFFFFFFFFFFFFFFFFFF4F
:1011B000FFFFFFFFFFFFFFFFFFFFFFFFFFFFFFFF3F
:1011C000FFFFFFFFFFFFFFFFFFFFFFFFFFFFFFFF2F
:1011D000FFFFFFFFFFFFFFFFFFFFFFFFFFFFFFFF1F
:1011E000FFFFFFFFFFFFFFFFFFFFFFFFFFFFFFFF0F
:1011F000FFFFFFFFFFFFFFFFFFFFFFFFFFFFFFFFFF
:10120000FFFFFFFFFFFFFFFFFFFFFFFFFFFFFFFFEE
:10121000FFFFFFFFFFFFFFFFFFFFFFFFFFFFFFFFDE
:10122000FFFFFFFFFFFFFFFFFFFFFFFFFFFFFFFFCE
:10123000FFFFFFFFFFFFFFFFFFFFFFFFFFFFFFFFBE
:10124000FFFFFFFFFFFFFFFFFFFFFFFFFFFFFFFFAE
:10125000FFFFFFFFFFFFFFFFFFFFFFFFFFFFFFFF9E
:10126000FFFFFFFFFFFFFFFFFFFFFFFFFFFFFFFF8E
:10127000FFFFFFFFFFFFFFFFFFFFFFFFFFFFFFFF7E
:10128000FFFFFFFFFFFFFFFFFFFFFFFFFFFFFFFF6E
:10129000FFFFFFFFFFFFFFFFFFFFFFFFFFFFFFFF5E
:1012A000FFFFFFFFFFFFFFFFFFFFFFFFFFFFFFFF4E
:1012B000FFFFFFFFFFFFFFFFFFFFFFFFFFFFFFFF3E
:1012C000FFFFFFFFFFFFFFFFFFFFFFFFFFFFFFFF2E
:1012D000FFFFFFFFFFFFFFFFFFFFFFFFFFFFFFFF1E
:1012E000FFFFFFFFFFFFFFFFFFFFFFFFFFFFFFFF0E
:1012F000FFFFFFFFFFFFFFFFFFFFFFFFFFFFFFFFFE
:10130000FFFFFFFFFFFFFFFFFFFFFFFFFFFFFFFFED
:10131000FFFFFFFFFFFFFFFFFFFFFFFFFFFFFFFFDD
:10132000FFFFFFFFFFFFFFFFFFFFFFFFFFFFFFFFCD
:10133000FFFFFFFFFFFFFFFFFFFFFFFFFFFFFFFFBD
:10134000FFFFFFFFFFFFFFFFFFFFFFFFFFFFFFFFAD
:10135000FFFFFFFFFFFFFFFFFFFFFFFFFFFFFFFF9D
:10136000FFFFFFFFFFFFFFFFFFFFFFFFFFFFFFFF8D
:10137000FFFFFFFFFFFFFFFFFFFFFFFFFFFFFFFF7D
:10138000FFFFFFFFFFFFFFFFFFFFFFFFFFFFFFFF6D
:10139000FFFFFFFFFFFFFFFFFFFFFFFFFFFFFFFF5D
:1013A000FFFFFFFFFFFFFFFFFFFFFFFFFFFFFFFF4D
:1013B000FFFFFFFFFFFFFFFFFFFFFFFFFFFFFFFF3D
:1013C000FFFFFFFFFFFFFFFFFFFFFFFFFFFFFFFF2D
:1013D000FFFFFFFFFFFFFFFFFFFFFFFFFFFFFFFF1D
:1013E000FFFFFFFFFFFFFFFFFFFFFFFFFFFFFFFF0D
:1013F000FFFFFFFFFFFFFFFFFFFFFFFFFFFFFFFFFD
:10140000884207D0904205D251F8043B40F8043B93
:101410008242F9D8704700BF884204D2002340F8C6
:10142000043B8142FBD87047664B4FF42A01664A61
:1014300066482DE9F0475A641864654A99639546F1
:10144000BFF34F8FBFF36F8F21F02EF8614B082051
:10145000614A6249C3F854016148FFF7D1FF614A0C
:1014600061496248FFF7CCFF61496248FFF7D4FF4A
:10147000614C62494FF470000023614A086044F8EF
:1014800023200133B02BFAD15E4B80215E4A03F852
:10149000011B9342FBD14F4D4FF080385B494FF019
:1014A000FF325B4B0026DFF8A4A1DFF8A4911C609B
:1014B000C5F80481C5F800A1C5F8F480C5F8F0901E
:1014C0000B68544F43F4E0230B60FB693D4923F064
:1014D0007F0343F04003FB617B6A23F07F0343F00B
:1014E00040037B628A66CA660A674A6720F0E2FFA9
:1014F000494A4A4B6320A2630321E363484A494BAC
:10150000106000F160401E6042F8041C00F6A170FB
:101510004549464AC3F8082D0B68454A43F0807395
:101520000B601368434943F00103136003680B60C9
:1015300021F010FAC5F804813F48C5F800A1C5F8AC
:10154000F480C5F8F09021F06BFBF96E3B4A41F452
:1015500040513B4BF9661660C2F80861C2F8186149
:10156000C2F82861C2F838619A6BD20708D442F6F3
:101570001562344959651A659A6B42F001029A6303
:101580002F4A314C936843F00113936021F004F823
:1015900020F05EFF21F088FB21F00EFA20F086FF9C
:1015A0002368132BFCD921F095FA2368B3F5967FB5
:1015B000FBD320F07DFF21F083FB21F049FB30BFFE
:1015C000FDE700BF00C00A40FFAAAAAA070020004A
:1015D0000000062000800D4028BA0100FCF70260E0
:1015E00000000000C06E002028B20460000000204F
:1015F00020760120DC940020006C002088ED00E0C3
:101600005926010000E400E0A0E400E024ED00E041
:1016100008ED00E000C00F40C53A0100C93A0100E2
:1016200014E000E018E000E0FCED00E00000202005
:10163000001000E0A06D01200046C32300400840D8
:1016400000400D400000C056A46D01201B10182062
:101650000C0D11132DE9F041294F00254269012499
:10166000B96B4FF0020E16684FF4303821F47C014C
:101670000369DFF89CC041F48021B9633168576881
:10168000394331604FF001161E49C3F810E01D6167
:10169000C3F848C05C629962C3F82C809F6C1A49F9
:1016A0001F651D629E651C61037E184E02EB0315CB
:1016B0002C7A2B4601EB0414A46826602C7AED6882
:1016C00001EB0414646825601C690CB15B6923603C
:1016D000407E0E4C02EB001393F828001A4601EBF3
:1016E00000108068046093F82840D86A01EB041168
:1016F0004B681860136B0BB1526B1A60BDE8F08138
:1017000000C00F40B80B0505740C002061F8010003
:101710003B3728194369027E03EB0212F0B4147AB6
:101720008C4209D01A7AFF2A06D08A4228D01A7E23
:10173000FF2A01D08A4201D0F0BC704701252E4615
:1017400093E806000968114217D00F4A03EB06130D
:1017500005270E4E02EB041461680F60197A02EB44
:10176000011189680E601C7AD96802EB0412526874
:1017700011601A690AB15B6913600576F0BC7047A5
:1017800000252E46DCE700BF740C002061F8010044
:1017900043690B4A03EB011010B4017A094C02EBC8
:1017A000011189680C60047AC16802EB0412526866
:1017B000116002690AB1436913605DF8044B704718
:1017C000740C002061F801004369427E03EB0212B1
:1017D000F0B492F828408C420BD093F82820FF2ACE
:1017E00007D08A422BD093F83820FF2A01D08A42B2
:1017F00001D0F0BC704701252E4693E80600096829
:10180000114219D00F4A03EB061305270E4E02EBC7
:10181000041461680F6093F8281002EB01118968C5
:101820000E6093F82840D96A02EB041252681160E6
:101830001A6B0AB15B6B13604576F0BC70470025EC
:101840002E46DAE7740C002061F8010043690C4A67
:1018500003EB011010B490F828100A4C02EB0111B0
:1018600089680C6090F82840C16A02EB0412526843
:101870001160026B0AB1436B13605DF8044B704753
:10188000740C002061F801004FF48C72002121F0EB
:10189000D3B900BF18B14FF48C7110F079BA70470A
:1018A000C02A2DE9F0473AD0B2F5807F33D0802AA4
:1018B00003D06FF01F00BDE8F0870A23984603604D
:1018C00000F108038446520900274CF8043F01EB5D
:1018D000870E11F8275001379EF802609EF80140EC
:1018E00097424FEA06469EF803E046EA042444EA9B
:1018F000050444EA0E644CF8044FE8D3B8F10C0F29
:1019000011D0B8F10E0F00F08180B8F10A0F47D066
:101910000020BDE8F0870E2303609846D0E70C2333
:1019200003609846CCE76B4AC8300121964601E037
:101930005EF8041F5E69183353F8184CC6F3072786
:1019400002EB166C52FA86F517449CF8288095F83D
:1019500028C097F82850C6F3074745EA08451744BA
:10196000654097F8288053F8147C85EA0C6453F896
:10197000105C84EA0824614053F8084C4F40196019
:1019800053F80C1C7D405F6069409D604C40D960FD
:1019900066401C615E619842CAD10020BDE8F087B4
:1019A0004C4A00F1A80C0121964601E05EF8041FA4
:1019B000D868103353F8104CC0F3072702EB1068B7
:1019C00052FA80F5C0F30746174498F828A095F816
:1019D0002890164497F8285096F8288045EA0A453A
:1019E00053F80C6C53F8087C654085EA096484EA76
:1019F000082461404E40196077405E6078409F60E7
:101A0000D8606345D2D10020BDE8F087314AE83084
:101A10004FF00108964601E05EF8048FDF6920333D
:101A200053F8201CC7F3072502EB176652FA87F418
:101A3000154496F828C094F8284095F82860C7F314
:101A4000074546EA0C461544714095F828C053F8FE
:101A50001C6C81EA046153F8185C81EA0C2484EA66
:101A6000080484EA06011C6053F80C6C81EA050442
:101A7000596053F8141C9C60614053F8104C53F8A3
:101A8000085C52FA81FC02EB1169C1F30728D960A6
:101A90009CF828C0C1F3074199F8289090448CEA3B
:101AA000040402EB010C98F8281084EA09649CF8FD
:101AB00028C084EA012484EA0C414E401961754033
:101AC0005E616F409D61DF619842A5D10020BDE855
:101AD000F08700BFD02D02602DE9F04FC9B0054658
:101AE0000C46164600214FF48C7202A821F0A4F88F
:101AF00005F10803324621466B6002A8FFF7D0FECD
:101B0000019000286DD1DDF8089005F1180A039ABC
:101B10004FEA091809F1FF3CC5F8009052F8083067
:101B200002EB080EBCF1000FAB60AEF1100BDEF85B
:101B30000430EB60DEF808302B61DEF80C306B61AE
:101B40003FDDAEF1140E14352A4805F1100471463C
:101B500051F8043F50FA83F700EB1366C3F30722F2
:101B6000C3F3074397F8287096F82860024400EB07
:101B70008707034400EB860692F82820D7F82871DF
:101B8000D6F8286500EB820293F828307740D2F827
:101B9000282900EB83037A40D3F8283D534045F8C9
:101BA000043FAC42D4D1BCF1010CAEF1100E25467D
:101BB000CBD14FEA0919A8F11003C9F110099A44D1
:101BC000CB44DBF80030CAF80030DBF80430CAF848
:101BD0000430DBF80830CAF80830DBF80C30CAF8FB
:101BE0000C3002A84FF48C7110F0D2F8019849B073
:101BF000BDE8F08FD02D026003682DE9F04F5B1037
:101C000089B0D1F80080059242681846079302F126
:101C10001004136801388D68069488EA03080446A6
:101C200093680290D1F804E05D405068002CD368BE
:101C3000D1F80CA08EEA000E12698AEA030B019219
:101C400040F32B82069F7046DFF858A429465FFABE
:101C500088F2C0F307254FEA1B63C1F3074E0AEB76
:101C600082020AEB8303166B0AEB8505D3F8302456
:101C7000CBB25FFA8BF40AEB830372400AEB8E0E51
:101C80001B6B060E0AEB840403934FEA1169D5F827
:101C900030380AEB8605246B5FFA80FC82EA030683
:101CA000DEF8303C0AEB8909C0F307407340FE6858
:101CB000D9F830944FEA18627440C8F307260AEB4B
:101CC0008000C1F307210AEB860684EA09040AEBC7
:101CD0008C0CD0F830ECD6F830980AEB8202DCF8A5
:101CE00030C00AEB8101786884EA0909019EC8F3D3
:101CF0000748D2F830248CEA00005E40CBF307237B
:101D00005040039A0AEB8304BB68D5F83054CBF3F8
:101D1000074B5340D4F83048D1F830180AEB880804
:101D20000AEB8B0B5D4089EA0E024140DBF830CCB8
:101D30006540D8F8300C5FFA86FE81EA0C01130E7C
:101D40006840C2F3074CCDB20196C0F3074B0AEBD3
:101D50008E0E0AEB8303C1F30729340EDEF830E060
:101D6000D3F830340AEB8B0B0AEB85050AEB8C0CAD
:101D7000DBF8306C4FEA1168D5F830B08EEA030E0C
:101D8000C0F30725DCF8303C0AEB84045FFA80FCE2
:101D90000396D4F830440AEB88080AEB8C0C0493C1
:101DA0000AEB89098BEA040B0AEB8505C1F30741AD
:101DB000D9F83098000ED5F830580AEB8101D8F8E0
:101DC00030340AEB80007E69DCF83040C2F3072C27
:101DD0008BEA060BD2B2BE695C403B690AEB8C0C05
:101DE00074400AEB8202019E8EEA0303D0F83004AD
:101DF0008BEA050583EA0909126BDCF83038C6F373
:101E0000072C4240C6F307465C400AEB8C0CFB698A
:101E10000AEB8606DCF830085A40D1F8303CD6F898
:101E2000301C4240039E0498614082EA030B029BEF
:101E300057F8204F89EA0608013B85EA0000019423
:101E400002937FF404AF6FF07843079A86460D46FD
:101E50001A441346069A02EB43130693069B5FFA55
:101E60008EF7C5F307244FEA186259682E0EEBB2BD
:101E7000C5F307455FFA8BF0CBF3072C02950AEB0D
:101E800082020AEB87050AEB8000D2F830242D6B22
:101E90000AEB8606076B4FEA1E605540D6F83064A1
:101EA0005FFA88F27E404FEA1B670AEB82026940C4
:101EB00004960AEB8000166B0AEB83030AEB870299
:101EC000D0F830541B6BC8F30727D2F830240AEB44
:101ED000840406985D400AEB8C0386EA020CCEF37C
:101EE00007220391049ECBF30741D3F830B80AEBE5
:101EF0008203C2680AEB8707CEF3074E0AEB81091B
:101F00007240866801980AEB8E0E0399C8F3074861
:101F1000D7F830788CEA000CD4F830480AEB8808FF
:101F2000D3F8300885EA0603029D4C40DEF830EC19
:101F30007A40D9F8301C0AEB850582EA0E02D8F8FF
:101F4000307C614083EA0B03D5F8304C8CEA000CFE
:101F500083EA0700524B8CEA040CC2F30744C2F335
:101F60000728C1F3072E1C4453FA8CF69E4403EB5A
:101F70001269019403EB08049EF828E0C0F30747B8
:101F8000039453FA82F41F4453FA80F80494C0F384
:101F9000072596F8282003EB1060069E53FA81FB74
:101FA00099F8289003EB1C6A36691D44079072402B
:101FB00097F82800019C03EB116782EA0962CCF3D1
:101FC000072694F82840C1F3074182EA0E22CCF399
:101FD000074C0294194482EA00429C441E44039B2D
:101FE0001446069A93F828E0506998F828800190E2
:101FF000019B90699BF828B09AF828A088EA000015
:1020000097F828708BEA030BD2F81C90049B8BEA9C
:102010000A6B079A80EA076095F8285092F82880A2
:1020200080EA0E27059A8BEA052B93F82830A646FE
:1020300014700020029C83EA090996F828608BEA54
:1020400004449CF8285089EA086391F82810147118
:1020500087EA054783EA06231646724683EA014368
:102060003772110A150C3373120E7170210AB57094
:10207000F2703A0C7171390A250CB272240E717229
:102080001A0CB571190AF4713F0EB2731B0E7173FD
:10209000F772F37309B0BDE8F08FDFF808A0DDE652
:1020A000D02D0260C83E02602DE9F047089E984698
:1020B00007461C68DDF82490DDF828A0B1B182B194
:1020C0000AF1FF3A154654B3315D621C19F8013B21
:1020D000013D83EA01030AF8013F335502F00F0482
:1020E000F1D1C8F800400020BDE8F087002AF8D000
:1020F000154674B1335D611C19F8012B013D83EA6B
:1021000002030AF8013B325501F00F04E9D0002C1C
:10211000F0D1324631463846FFF76EFDEAE73246E7
:1021200031463846FFF768FDCEE700BF002A45D0AC
:102130002DE9F04786B01C46894682460F9B16461D
:1021400003F101080E9B5F1C19E017F8012C23789E
:102150008DF81420534008F8013CDDF80500013EDD
:10216000DDF8091008F10108DDF80D2007F101077D
:10217000DDF8113020606160A260E3601AD0206851
:1021800001AD6168A268E3680FC52246214650464A
:10219000FFF732FDB9F1000FD7D02278B9F1010F66
:1021A00017F8013C83EA020308F8013C08BF8DF8E8
:1021B0001430D2E7002006B0BDE8F0870020704759
:1021C0002DE9F04F156883B00F2DDDF830B0DDF844
:1021D0003480DDF838902AD81F460E468246019298
:1021E00071B19DB11BF80510013E18F8012B05F1E6
:1021F000010582EA010205F00F0509F8012BF0D173
:10220000019B00201D6003B0BDE8F08F5A4639469F
:102210005046FFF7F1FC07F1100212F8014D0134AE
:10222000E4B21470002CDDD19742F6D1DAE76FF0FA
:102230002000E8E72DE9F04F03688BB0D1F8048067
:102240005B10089242680993013B02F11004106888
:10225000029307941C465368D1F800E0002C88EAEA
:1022600003038F688EEA000EC96890681E46D36823
:10227000126987EA000783EA0103019240F3408272
:10228000DDF81C90B446DFF884A41C465FFA8EF09B
:10229000C4F307214FEA1C62C7F30743FEB20AEBFF
:1022A00080000AEB8202D0F828010AEB8606D2F8F9
:1022B00028250AEB81015FFA8CF580EA020BD6F83B
:1022C00028010AEB830303900AEB8505D1F828095E
:1022D0004FEA1E61D3F8283D5FFA84F88BEA0000CC
:1022E0000AEB8101D5F828513A0E80EA030BD9F8A0
:1022F0000430D1F82805CEF307215D40CEF3074323
:102300000AEB810ED9F80C100AEB8808C7F30727EF
:1023100004910AEB820201990AEB8707D8F8288119
:10232000260E8BEA010B0499D2F82825C4F3074442
:1023300088EA0101D7F828795540DEF82829484075
:10234000CCF3072E6A400AEB8606039D0AEB8E0E3D
:102350007840D9F80870DEF828190AEB840485EA79
:10236000070ED6F82865D4F8284D0AEB83038EEAC9
:102370000606CCF3074C6240D3F8285D0AEB8C0CC0
:102380007140130E6940DCF8287D5FFA8BF47840C9
:10239000C1F3074C0AEB8303CBF307275FFA82FEF6
:1023A000C0F30728D3F828350AEB8C0C0AEB840419
:1023B000C0F3074603930AEB8E0EDCF8283D0AEBC8
:1023C0008808D4F828410AEB8707DEF828C1050EF3
:1023D0000194C0B2D8F828890AEB860604930AEB68
:1023E0008505D7F82879C2F30724D6F8286DC2F3FB
:1023F000074205970AEB8007039B0AEB84040198C8
:102400000AEB820206964340D5F82865D9F81000F9
:102410000D0ED2F8282D43400AEB8505C8B2C1F352
:102420000721D5F8285583EA08030AEB800E8CEAC9
:10243000050C4FEA1B60DEF828510AEB81010AEB1C
:102440008000CBF3074B6E40049D0AEB8B0B83EAB5
:10245000050ED9F81450D4F828398CEA050CD9F8AF
:102460001850D7F828416E40059FD0F828558CEABF
:10247000070C5E40069B6C40D1F828098CEA030CDF
:10248000D9F81C1059F8203F4C40DBF8287D019307
:10249000029B44407740013B84EA020402937FF4AC
:1024A000F5AE6FF0784209996646234611440A4614
:1024B000079901EB421207925FFA8EF5B146340E8E
:1024C000C7F307280AEB8505C3F3072CF0B2C7F35F
:1024D0000746390ECEF3072B0296FAB2D5F82861DB
:1024E0001D0E0AEB8404CEF307470AEB80000AEBCB
:1024F0008101D4F828450AEB8202D0F828010AEBC2
:102500008505D1F82815D2F828217440D5F828552A
:1025100041404FEA1E660397D8B26A40019D0AEB1C
:1025200086060AEB8000C3F307436C40079DD0F892
:1025300028710AEB8C00D6F828650AEB880E6D68C6
:10254000C9F3074887EA060C029E0195C9F30725DF
:102550000AEB8607079E0AEB8509019D0AEB8303B8
:10256000D0F828096940B56801930AEB8B0B0295F6
:102570000AEB8808029B4440DEF828595A40039B26
:10258000DBF828690AEB830E079BD7F8287D71409A
:10259000DB687C40D9F828B98CEA030C019B82EAFD
:1025A0000B02D3F8280D8CEA0506D8F8283D4840E0
:1025B000C4F307215E40544BDEF828EDC0F3072733
:1025C0001944C6F3072A82EA0E0553FA80F211F87D
:1025D000C81CDF1903EB156812F8C82C02919A4445
:1025E000079953FA84F918F8C88C03EB106C496901
:1025F000C6F3074B0397C5F3074E4A4053FA85F7D6
:1026000003EB16611AF8C8AC82EA0862C0F307400F
:1026100003EB1468C5F30725C4F30744CDF804A001
:10262000184419F8C8AC9B441CF8C89C9E4411F887
:10263000C8CC1D44079953FA86F62344079C04909E
:10264000A469029817F8C87C096982EA00226740E9
:102650000398079C8AEA010116F8C86C87EA0C67A0
:1026600010F8C8AC81EA09610198E46987EA0A2A8E
:102670001BF8C8BC81EA002118F8C88C6640049891
:1026800082EA0B421EF8C8EC86EA086610F8C84CCD
:10269000002081EA0E4E15F8C85C13F8C8CC0899E2
:1026A00086EA05268AEA0C4A0A710D4681F800E09E
:1026B0004FEA1E2186EA044385F808A04FEA1E442B
:1026C0006970110A2B73AC70140C6971120E4FEA09
:1026D0001A21AC714FEA1E6EEA714FEA1A44697210
:1026E0001A0C85F803E0190AAC724FEA1A6AAA7349
:1026F0001B0E697385F80BA0EB730BB0BDE8F08F70
:10270000DFF808A0D8E600BFC04F0260D02D0260FD
:1027100010B4012914461A46214603D05DF8044B33
:10272000FFF788BD5DF8044BFFF766BA2DE9F04767
:10273000160784B00C9C0D9D59D1174680468A46D9
:102740001E4669BB42B303F1FF392068EE4661685B
:10275000A268E368AEE80F002B46002122464046FF
:10276000FFF7D6FF6B1E494605F10F0E13F8010F58
:1027700011F8012F734582EA00021A70F6D1EE4675
:10278000103F04F1100405F11005BEE80F003060A1
:102790007160B260F360D8D1002004B0BDE8F0876A
:1027A000002AF9D0013C03F1FF3949466A1E04F1C1
:1027B000100E14F8010F11F8013F744583EA00036D
:1027C00002F8013FF5D12B462A4651464046FFF715
:1027D0009FFF28686968103FAA6805F1100555F841
:1027E000043C30607160B260F360DED1D4E76FF01A
:1027F0002100D2E7FFF700BAFFF71CBD2DE9F04F2B
:10280000F7B00021202283460DF1600A884620ACF3
:10281000DFF8A891504620F00FFA30A84FF48C72E0
:10282000414620F009FA4FEA680708F00106BD1C8E
:10283000AD01BBF1000F07D05A4A29465A48002E75
:1028400008BF4A4620F038FA00232A46514630A8ED
:1028500023606360A360E36066BBFFF73DF9534B01
:1028600003EB071710F1230F01D1C02D28D068B951
:1028700042F2107502E0013D00F09D8123462246A0
:10288000314630A8FFF744FF0028F4D00346BBF1DF
:10289000000F04D04648049320F0DEF9049B30A8D2
:1028A0004FF48C7104930FF073FA049B184677B0C1
:1028B000BDE8F08FFEF7F4FF3E4B03EB0717D1E7BF
:1028C0003D4820F0C9F908F10108B8F1060FAAD176
:1028D000BBF1000F40F05A8100230DF120090CAE2E
:1028E0000493049B5F1003F00108BD1CAD01BBF114
:1028F000000F09D02B4A2946304B3148B8F1000F60
:1029000008BF1A4620F0D8F900232A46514630A8BD
:10291000C9F80030C9F80430C9F80830C9F80C30DB
:1029200033607360B360F36023606360A360E3604F
:10293000B8F1000F2ED0FEF7B3FF224B03EB0713C5
:10294000059310F1230F01D1C02D41D000289DD156
:1029500042F2107514AFB8F1000F40F01F810194DE
:102960004B4600941022414630A8FFF7DFFE0028B6
:102970008CD1013DEFD105991022204620F098F925
:10298000002840F05781BBF1000F24D00E4820F002
:1029900063F920E0FFF7A0F80C4B03EB0713059356
:1029A000CFE700BFA81C0020AC1C002038500260FC
:1029B0001C1D002068500260C41C0020A41C0020C4
:1029C000D41C0020C8500260CC1C0020985002602B
:1029D000994820F041F9049B0133062B049380D1E0
:1029E000BBF1000F40F00D8100277D1007F00106BC
:1029F00005F102084FEA8818BBF1000F08D08F4A92
:102A000041468F4B8F48002E08BF1A4620F054F9DC
:102A10008D4B0FCB89E80F008C4B4FEAD802504604
:102A200003EB451120F03CF900234246514630A803
:102A30000793FEF735FF10F1230F03D1B8F1C00F54
:102A400000F0A88000287FF421AF002E40F0C18064
:102A50007F4BA64603EB851503F1380805F5D475C1
:102A60000FCDAEE80F000FCDAEE80F000FCDAEE8F2
:102A70000F0095E80F008EE80F0002943146019494
:102A800007ABCDF80090402230A8FFF70DFB0028DF
:102A90007FF4FCAE41464022204620F009F9002890
:102AA00040F0C880BBF1000F40F0BC800137062F1A
:102AB0009BD1BBF1000F40F0B980654B00260DF1B2
:102AC00040090593751006F00108BBF1000F08D00E
:102AD0005A495B4B5F48B8F1000F08BF194620F018
:102AE000EBF84FEA051E059B5B49002273440792F1
:102AF0008E4403F51A73A1F526770FCB89E80F00F2
:102B00009EE80F008AE80F008022514630A8FEF7A9
:102B1000C7FE034600287FF4BAAE07EB85072046C0
:102B200005EB4505D7F8C8723A46B8F1000F6CD1ED
:102B30002D014A4B591990331D4420F0B1F814AAC5
:102B40004B4602943946009230A8019407AAFFF739
:102B500037FB034600287FF49AAE04903A46294694
:102B6000204620F0A5F8002864D1049BBBF1000F9B
:102B700053D10136062EA5D1BBF1000F3FF48FAE25
:102B80000A20049320F07CF8049B88E60A2020F0B9
:102B900077F8A1E6284820F05FF887E796E80F006D
:102BA00087E80F0094E80F0086E80F0097E80F0011
:102BB00084E80F00D3E639461022204620F078F84A
:102BC000C0BBBBF1000F3FF47EAE254820F044F8B7
:102BD00079E6DFF890E0A446BEE80F00ACE80F000D
:102BE000BEE80F00ACE80F00BEE80F00ACE80F0035
:102BF0000EF5A0789EE80F0008EB85188CE80F0012
:102C00003BE70A2020F03CF8EEE62901134B5D1863
:102C10009033194420F044F891E7114820F01CF853
:102C2000049BA6E70E4820F017F83FE70A2020F0A3
:102C300027F842E701232AE6C41C0020A81C002034
:102C4000A41C0020EC1C0020F85002600851026017
:102C5000C04F0260041D002058520260945202606E
:102C6000CC1C0020F84F02600368F0B5CD1A002D8F
:102C700043DD1C78260608D45E1C06601C781460B0
:102C8000891BA14239D30020F0BD04F07F04013C30
:102C9000032C35D8DFE804F02A201302042D2CDDA4
:102CA0009F785E1D93F801E03F041D79DC7847EAC8
:102CB0000E632B4343EA042414600660E0E7032D0F
:102CC0001BDD9C781E1D5D782402DB7844EA0544F8
:102CD0001C4314600660D3E7022D0EDD5C78DE1C19
:102CE0009B7843EA042414600660C9E7012D04D0F0
:102CF0005C789E1C14600660C2E76FF05F00F0BD58
:102D00006FF06300F0BD00BF70B404680E1B002EAE
:102D10000BDD26789E4204D10134046070BCFFF7BD
:102D2000A3BF6FF0610070BC70476FF05F00FAE7FF
:102D300070B5056882B04C1B002C06DD2C78012C88
:102D400007D06FF0610002B070BD6FF05F0002B09D
:102D500070BD0135164601AA04460560FFF784FFE1
:102D60000028F0D1019B012B09D1236813F8011B26
:102D7000003118BF01213160236002B070BD6FF0D7
:102D80006300E0E70368F0B5CC1A83B0002C06DDE1
:102D90001C78022C07D06FF0610003B0F0BD6FF01B
:102DA0005F0003B0F0BD0133174601AA0646036079
:102DB000FFF75AFF0028F0D1019B013B032B13D8EA
:102DC000316891F90020002A0EDB04463860019337
:102DD00011F8015B013B45EA04245A1C01933C6055
:102DE0003160F5D103B0F0BD6FF06300D5E700BFEF
:102DF000F8B50368CF1A002F05DD1F78032F05D023
:102E00006FF06100F8BD6FF05F00F8BD013304465C
:102E10000E460360FFF728FF0028F3D1136815461C
:102E2000002BF0D02268013B2B601278072A2A7110
:102E30000CD8226801322260AA60226813449E42A4
:102E400023600CBF00206FF06500F8BD6FF06300D9
:102E5000F8BD00BF70B505684C1B002C05DD2C7853
:102E6000032C05D06FF0610070BD6FF05F0070BD86
:102E7000013504460560FFF7F7FE0028F4D113681A
:102E80001646012B03F1FF32326005D923685A1C24
:102E900022601B78002BE7D06FF0670070BD00BF89
:102EA0002DE9F04399460368164683B0CA1A002AF2
:102EB00008DD1A78302A0BD06FF06108404603B065
:102EC000BDE8F0836FF05F08404603B0BDE8F083D3
:102ED000013301AA05460F460360FFF7C5FE804691
:102EE0000028EBD12A68019B13449F421FD19742CF
:102EF000A7EB020316D91178002B3160E2DD1378BD
:102F00009945D9D1541C3946321D28462C60FFF70B
:102F1000ABFED8B92B687268B3602B681A4497422D
:102F20002A6007D80023F3602B689F42C6D06FF059
:102F30006508C3E7102101201FF076FEF060064609
:102F400008B12A68D3E76FF06908B7E78046B5E7AC
:102F500070B5056882B04C1B002C06DD2C78022C65
:102F600007D06FF0610002B070BD6FF05F0002B07B
:102F700070BD0135164601AA04460560FFF774FED0
:102F80000028F0D1019A3046216801F037F9226813
:102F9000019B1344236002B070BD00BF2DE9F041D6
:102FA000066882B0C6EB010EBEF1000F0ADD96F88E
:102FB00000E0BEF1300F0BD06FF06106304602B07A
:102FC000BDE8F0816FF05F06304602B0BDE8F081E9
:102FD0000136904601AA044606600D461F46FFF7DB
:102FE00043FE06460028E9D12368ED1A002DE9DDED
:102FF000019D1A78002DC8F80020E3DD1A78062A12
:10300000DAD11D44013308F1040220462360294629
:10301000FFF72AFE06460028D0D12368D8F80420FE
:10302000C8F8083021688B189D4223601ED08E5C42
:1030300001333A462946204642F8046B2360FFF7E5
:1030400013FE70B922687B68BA60226813449D42FF
:1030500023600CBF00266FF06506304602B0BDE865
:10306000F0810646304602B0BDE8F08138460C21BA
:103070000EF08EFEA2E700BF10B584B0002401ABB5
:10308000029401940394FFF789FF48B9019B052B33
:1030900000D03BB9029B002B14BF6FF067000020EB
:1030A00004B010BD6FF06700FAE700BF70B50446CA
:1030B00070B10E46154601E0A4694CB16368AB429D
:1030C000FAD12A463146A0681FF0F2FD0028F3D15C
:1030D000204670BD68B110B5044680681FF0A8FD99
:1030E00060691FF0A5FD20462021BDE810400EF0CC
:1030F0004FBE704738B504685CB10546A3692046E9
:103100002B60FFF7E7FF20461FF092FD2C68002C94
:10311000F4D138BD7F2A0346F0B40AD80468611A96
:1031200000296ADD611E0120196004F8012CF0BC41
:103130007047FF2A10D80468611A01295DDD651EF9
:10314000812102201D6004F8012C1A68541E1C60A5
:1031500002F8011CF0BC7047B2F5803F1FD3B2F1FA
:10316000807F28D20468611A032946DD601E160A92
:10317000150C83211860042004F8012C1A68541ED1
:103180001C6002F8016C1A68541E1C6002F8015C95
:103190001A68541E1C6002F8011CF0BC70470468D9
:1031A000611A022929DD661E150A822103201E608C
:1031B00004F8012CE7E70068411A04291DDD441ECC
:1031C000160A150C84211C60140E00F8012C052031
:1031D0001A68571E1F6002F8016C1A68561E1E609E
:1031E00002F8015C1A68551E1D6002F8014C1A684D
:1031F000541E1C6002F8011C99E76FF06B0096E703
:103200000368591A002909DD012110B45C1E04600D
:10321000084603F8012C5DF8044B70476FF06B0112
:103220000846704738B505688D420CD36C1A9C422D
:1032300009D31C4603461146281B224618601FF07E
:103240002FFD204638BD6FF06B0038BDF8B5054640
:1032500010460E46174600F0CBFF2968B1422ED328
:103260008B1B044698422AD8091A02463846296020
:1032700000F0FAFFA0B93B68012B12D0224631467C
:103280002846FFF747FF00280ADB2B6801349E1B06
:10329000002E14DD591E02222044296003F8012C5F
:1032A000F8BD2B6893F90020002AE7DA9A1B002A60
:1032B00005DD5A1E01342A6003F8010CDEE76FF0C9
:1032C0006B00F8BD02680346501A002812DD00208A
:1032D00010B4541E1C6002F8010C1A68511A814285
:1032E0000BDD541E052102201C6002F8011C5DF854
:1032F000044B70476FF06B0070476FF06B005DF828
:10330000044B7047F8B50568A94202D86C1AA3426D
:1033100003D96FF06B042046F8BD0746E81A1C4637
:103320000E46386011461A461FF0BAFC002CF2DB3C
:10333000224631463846FFF7EDFE00280CDB3B689D
:103340000134991B0029E4DD591E0622044439602A
:10335000204603F8012CF8BD04462046F8BD00BF06
:10336000F8B5069D8DB90468661A002E27DD661E25
:10337000066004F8015C0468651A002D1FDD671EF5
:1033800005260225076004F8016C0C460646FFF787
:10339000B9FF002815DB0544214630462A46FFF7D1
:1033A000B9FE00280DDB336801351C1B002C06DD3F
:1033B000591E30222844316003F8012CF8BD6FF00B
:1033C0006B00F8BDF8B505686E1A002E1BDD131CE6
:1033D00005F1FF374FF00102044618BF01230760D3
:1033E0000E465B4205F8013CFFF794FE002809DB1E
:1033F0002368991B002906DD591E01220230216035
:1034000003F8012CF8BD6FF06B00F8BD036870B5D0
:103410005C1A002C1EDD5C1E002A046003F8012CDF
:1034200004DD036893F90020002A16DB01263246EA
:103430000C460546FFF76EFE00280ADB2B680136B6
:10344000191B002906DD591E02223044296003F8A9
:10345000012C70BD6FF06B0070BD5A1A002AF9DDA7
:103460005C1E00220226046003F8012CDFE700BF87
:10347000F8B50568A94202D86C1AA34203D96FF0C7
:103480006B042046F8BD0746E81A1C460E46386015
:1034900011461A461FF004FC002CF2DB224631468E
:1034A0003846FFF737FE00280CDB3B680134991BD8
:1034B0000029E4DD591E132204443960204603F834
:1034C000012CF8BD04462046F8BD00BFF8B50568DC
:1034D000A94202D86C1AA34203D96FF06B042046AC
:1034E000F8BD0746E81A1C460E46386011461A46D3
:1034F0001FF0D6FB002CF2DB224631463846FFF7A0
:1035000009FE00280CDB3B680134991B0029E4DD2F
:10351000591E162204443960204603F8012CF8BDD8
:1035200004462046F8BD00BF2DE9F84313F0070418
:10353000066818BF01248E4204EBD3042DD30F4636
:1035400004F10109711A494527D38046301B114601
:103550002246C8F800001D461FF0A2FBD8F8006004
:10356000C5EBC4034A46751E39464046C8F80050AC
:1035700006F8013CFFF7CEFD00280CDBD8F8003040
:103580000234DF1B002F08DD591E03222044C8F837
:10359000001003F8012CBDE8F8836FF06B00BDE864
:1035A000F88300BFF8B50568A94202D86C1AA34297
:1035B00003D96FF06B042046F8BD0746E81A1C4695
:1035C0000E46386011461A461FF06AFB002CF2DBEB
:1035D000224631463846FFF79DFD00280CDB3B684C
:1035E0000134991B0029E4DD591E0422044439608A
:1035F000204603F8012CF8BD04462046F8BD00BF64
:103600002DE9F04782B0074600681E46894690467D
:103610000A9DFFF74BFDF0B1036904469D4209D8AE
:10362000AEB12A46314660691FF03AFB204602B02F
:10363000BDE8F087294601201FF0F6FA074640B39F
:1036400060691FF0F5FA67612561002EE9D1204617
:1036500002B0BDE8F087202101201FF0E5FA044602
:10366000B8B1C0F80480414601201FF0DDFA82465F
:10367000A06080B1424649461FF012FB25612946F1
:1036800001201FF0D1FA606150B13B683C60A3613A
:10369000C6E70020CBE720461FF0CAFA5046C6E72F
:1036A000019050461FF0C4FA20461FF0C1FA019B5A
:1036B0001846BCE72DE9F04F099D4D4CA4FB05547D
:1036C000099D640804EB440B5D4518BF0134B4F157
:1036D000804F80F08580A400013400287BD08C428C
:1036E00094BF00210121002975D1BBF1000F6FD0DB
:1036F0008946DD1C041D3F4915F803EC09F1030957
:1037000015F8027C2B4615F8016C4FEA0E184FEAAB
:10371000870CCB4508F0300801EB961A0CF03C0CF6
:103720004FEAAE0E01EB171706F03F0611F80EE058
:1037300005F1030517F808708E5D1AF80C80A44691
:1037400004F8037C04F1040404F808EC04F8068C83
:1037500004F8056CD0D8099949451FD909F1010928
:10376000099C19784C4522D95B780E01214D8910AE
:103770009C0006F0300605EB13136F5C04F03C016F
:103780009C5D0CF10303695C8CF801408CF802101D
:103790008CF800703D2103F1010C1970C0EB0C0096
:1037A0000023106018468CF80030BDE8F08F0C0143
:1037B000104D89103D2604F030040CF103036F5CBA
:1037C000295D8CF800708CF801108CF80260E1E73C
:1037D000D9468446BFE714606FF02900BDE8F08F3A
:1037E0004FF0FF336FF029001360BDE8F08F00BF8A
:1037F000ABAAAAAAB453026030B4029C0CB130BC8C
:1038000058E72046146030BC704700BF2DE9F047F0
:10381000DDF820E09146BEF1000F00F09E8000220E
:103820009C46DFF85CA1904617461CF807300CEB6D
:1038300007053C46202B04D07DE015F8016F202EB3
:1038400004D10134A645A4EB0703F6D8A6451DD044
:10385000C4EB0E05012D1CF8045001D90D2D5BD0D1
:103860000A2D0FD0002B5ED13D2D60D02E065AD4EC
:10387000554495F840307F2B55D00AB13F2B52D993
:1038800008F10108671CBE45CFD8BE46B8F1000F4D
:1038900063D008F007034FEAD80803EB430308EBB3
:1038A00048085B00C2EB4808073308EBD303002845
:1038B0005DD08B4294BF00210121002957D1BEF178
:1038C000000F52D007460326E6440C46DFF8B080CE
:1038D0002A4D0EE04244013492F8403003F03F029A
:1038E000402B08BF013E042C42EA811125D0E64559
:1038F0000CD01CF8012BA2F10A03DBB2162BE9D87D
:1039000025FA03F3DB07E5D5E645F2D1381AC9F805
:1039100000000020BDE8F087671C1CF807600A2E35
:10392000B1D0002BA4D06FF02B00BDE8F08701329E
:10393000022A9DD9F7E7002388E766B10B0C012E18
:103940003B7007D00B0A022E7B700BD0B97000249D
:103950000337CCE701370024C9E70020C9F800008D
:10396000BDE8F08702370024C1E77046CFE7C9F809
:1039700000306FF02900BDE8F08700BF090040006B
:10398000B453026010B54024A4B058B92B4B03AA1D
:1039900004A800948021FFF78DFED8B101242046B1
:1039A00024B010BD26481FF087F903AA04A800948C
:1039B000224B8021FFF77EFE28B9582204A9214816
:1039C0001FF076F900B301241F481FF045F9204687
:1039D00024B010BD582204A91A481FF069F9002824
:1039E000DCD1582003AA174B8021009004A8FFF7D0
:1039F0000DFF0028D2D1224604A910481FF058F923
:103A000004460028CAD1CAE710481FF055F95821CA
:103A100003AA0C4B009104A88021FFF7F7FE0028B1
:103A2000D1D1224604A905481FF042F904460028D6
:103A3000C9D107481FF010F9B1E700BF7454026004
:103A4000241D0020B45402601C1D0020401D0020D5
:103A5000601D002050B30023F0B5A1F1040E1546FF
:103A60001E462F680136FC1A2C605EF8041F8C423B
:103A7000A4EB01042CBF4FF0000C4FF0010C45F8F3
:103A8000044B9F422CBF63460CF10103B042E8D1C6
:103A900002EB80024BB111689942A1EB030134BFE4
:103AA0000123002342F8041BF5D3F0BD704700BF8B
:103AB000F0B5864687B00020BEF10F0F0391029249
:103AC0000193059040F2D080F446ACF1100C0398BD
:103AD0000299059A019B50F8044B4FF000050E68BF
:103AE000E3FB0425B71845F1000241F8047B50F8C8
:103AF000044B4FF000050E68E3FB0425B71845F1B1
:103B0000000241F8047B50F8044B4FF000050E68AA
:103B1000E3FB0425B71845F1000241F8047B50F897
:103B2000044B4FF000050E68E3FB0425B71845F180
:103B3000000241F8047B50F8044B4FF000050E687A
:103B4000E3FB0425B71845F1000241F8047B50F867
:103B5000044B4FF000050E68E3FB0425B71845F150
:103B6000000241F8047B50F8044B4FF000050E684A
:103B7000E3FB0425B71845F1000241F8047B50F837
:103B8000044B4FF000050E68E3FB0425B71845F120
:103B9000000241F8047B50F8044B4FF000050E681A
:103BA000E3FB0425B71845F1000241F8047B50F807
:103BB000044B4FF000050E68E3FB0425B71845F1F0
:103BC000000241F8047B50F8044B4FF000050E68EA
:103BD000E3FB0425B71845F1000241F8047B50F8D7
:103BE000044B4FF000050E68E3FB0425B71845F1C0
:103BF000000241F8047B50F8044B4FF000050E68BA
:103C0000E3FB0425B71845F1000241F8047B50F8A6
:103C1000044B4FF000050E68E3FB0425B71845F18F
:103C2000000241F8047B50F8044B4FF000050E6889
:103C3000E3FB0425B71845F1000241F8047B50F876
:103C4000044B4FF000050E68E3FB0425B71845F15F
:103C5000000241F8047B059202910390BCF10F0F22
:103C60003FF633AF0EF00F0EBEF1070F68D90EF01E
:103C7000070E03980299059A019B50F8044B4FF0E8
:103C800000050E68E3FB0425B71845F1000241F872
:103C9000047B50F8044B4FF000050E68E3FB04254D
:103CA000B71845F1000241F8047B50F8044B4FF07F
:103CB00000050E68E3FB0425B71845F1000241F842
:103CC000047B50F8044B4FF000050E68E3FB04251D
:103CD000B71845F1000241F8047B50F8044B4FF04F
:103CE00000050E68E3FB0425B71845F1000241F812
:103CF000047B50F8044B4FF000050E68E3FB0425ED
:103D0000B71845F1000241F8047B50F8044B4FF01E
:103D100000050E68E3FB0425B71845F1000241F8E1
:103D2000047B50F8044B4FF000050E68E3FB0425BC
:103D3000B71845F1000241F8047B05920291039007
:103D4000BEF1000F15D003980299059A019B50F817
:103D5000044B4FF000050E68E3FB0425B71845F14E
:103D6000000241F8047B059202910390BEF1010E1E
:103D7000E9D10299059A0B68134441F8043B059A6E
:103D8000934234BF012200220592F4D307B0F0BD64
:103D9000F0B44E681EB38F68002307EB860656F812
:103DA000044D250CB742A4B245EA0343B3FBF2F538
:103DB00002FB153344EA0343B3FBF2F402FB143372
:103DC000EDD10968002903DB03600020F0BC7047D7
:103DD000002BF9D0D31AF0BC0360002070473346A3
:103DE000F2E700BF20B100230122836080E80C00CD
:103DF000704700BF80B110B50446806830B161687B
:103E000089000DF0C5FFA0681EF012FF00230122FB
:103E1000A36084E80C0010BD704700BF42F210732D
:103E2000994223D82DE9F0414668B14202D80020DA
:103E3000BDE8F0810C460546042120461EF0F4FE44
:103E40008046B0B1AF685FB1B600394632461EF069
:103E500027FF384631460DF09BFFA8681EF0E8FEAC
:103E60006C600020C5F80880BDE8F0816FF00F009D
:103E700070476FF00F00BDE8F08100BF2DE9F04101
:103E800046688E422ED9731E05460C460CD08168BA
:103E90009A0051F8230048BB0A4403E052F8040D8D
:103EA00018B90B46591EF9D101239C424FF0040169
:103EB00038BF1C4620461EF0B7FE8046C0B1AF6832
:103EC00057B1A20039461EF0EBFE3846B1000DF0A6
:103ED0005FFFA8681EF0ACFE6C600020C5F808808B
:103EE000BDE8F081BDE8F041FFF798BF3346DCE75D
:103EF0006FF00F00BDE8F08188423AD08A68F0B5D3
:103F00000E4683B0002A36D04D6807466B1E0BD094
:103F100052F823109C0041B9224403E052F8045D9A
:103F200005BB23465C1EF9D101257A683368AA4295
:103F30003B600FD3521BB868AD00002192002844AB
:103F40001EF07AFE2A46B168B8681EF0A9FE00206D
:103F500003B0F0BD29463846FFF760FF0028F7D1CF
:103F6000AD00EFE71D467A683368AA423B60E1D2B4
:103F7000F0E7002070470192FFF73CFF019A1046DE
:103F8000E6E700BFF0B585B005460C46006801AB1A
:103F90006968AA681E46D4F800C0D4F804E0A7688F
:103FA000C5F800C0C5F804E0AF6007C307CE2060C5
:103FB0006160A26005B0F0BD2DE9F0410C46496892
:103FC00016468046FFF72AFF98BB73422568D8F84B
:103FD000001046EA03026368C2F3C012C2F101078F
:103FE00005FB02F501FB0751C8F8001083B1A66874
:103FF000D8F80810043E01EB830E56F8045F0C68F5
:1040000005FB02F504FB075441F8044B8E45F4D13F
:10401000D8F804108B420CD2D8F8082002EB8303A6
:1040200002EB81011A6807FB02F243F8042B994264
:10403000F8D1BDE8F08100BF88423BD0F8B50C460E
:10404000496815460646FFF7E9FE00B1F8BD7168FC
:104050002046FFF7E3FE0028F8D16A423168206865
:1040600015437368C5F3C015C5F1010705FB01FED3
:1040700007FB01F100FB05113160226802FB07E23A
:104080002260ABB1A268B168043A01EB83060B6809
:1040900052F8040F07FB03F405FB03F300FB054094
:1040A00041F8040BB142106800FB07331360EED1F6
:1040B0000020F8BD0020704770B50E46012105466E
:1040C000FFF7ACFE044688B96A680146A86892000A
:1040D0001EF0B2FD002E86EAE671AA68B4BF4FF06A
:1040E000FF330123A1EBE67111602B60204670BD08
:1040F0004368B1EB431F0AD283684A0901F01F00ED
:1041000053F8223023FA00F000F00100704700203D
:10411000704700BF012A22D8F8B5436805464F0909
:104120001646B1EB431F0C4602D392B91046F8BDB8
:1041300004F01F01AD680124002055F8273006FA6D
:1041400001F204FA01F123EA01031A4345F827209A
:10415000F8BD791CFFF762FE0028E9D0F8BD6FF0CA
:104160000300704703464068A0B170B49D68002604
:10417000043D314655F8044F002203E0202A01F1A6
:10418000010108D024FA02F3013213F00103F5D043
:10419000084670BC70470136B042EBD11846F8E7CC
:1041A0004368DBB1013B1ED080689A0050F82310B1
:1041B000B1B9024402E052F8041D89B9013BFAD1B9
:1041C0000168202300204FF0004202E00130202847
:1041D00003D00A424FEA5202F8D01B1A1846704721
:1041E0005B012033EEE7826820231168EAE700BF15
:1041F00008B5FFF7D5FF0730C00808BDF8B50C4675
:1042000012F003014368174618BF0121064601EB6F
:1042100092059D420BD0FFF7EDFD002301222946B8
:10422000304673603260B360FFF7F8FDD0B900210B
:104230003046FFF741FFB0B99FB1B268E1190546BA
:10424000EB0011F8014DAE08013503F01803AF4241
:1042500004FA03F352F8264043EA040342F82630F6
:10426000EED1F8BDF8BDF8BDF8B514460D460746C9
:10427000FFF796FF0730C608B44217D32246002145
:1042800028461EF0D9FC7EB12A1900239808B96887
:10429000DC00013351F8205004F01804B34225FA31
:1042A00004F402F8014DF1D10020F8BD6FF00700D1
:1042B000F8BD00BFF8B50D460646FFF771FF7268FE
:1042C0002B186C0905F01F05B3EB421F34D8DCB185
:1042D00073689C423CD26FF04042B0681A4400EBD5
:1042E000840700EB8303121B00EB820252F80419CF
:1042F00043F8041DBB42F9D1234600EB830300229F
:1043000043F8042D9842FBD1A5B17068844211D2C4
:10431000B2680021C5F1200602EB840302EB8004A1
:10432000186800FA05F20A4320FA06F143F8042B54
:104330009C42F5D10020F8BD13F01F01304618BF94
:10434000012101EB5311FFF769FD0028BFD0F8BD33
:10435000002BD9D0B068D0E7F0B443684D099D4236
:1043600005D8CA0601F01F0605D09D4203D10021E1
:10437000F0BCFFF7A1BECDB15A1B0BD0846821461B
:1043800004EB850401EB820754F8045B41F8045BFD
:10439000B942F9D1934209D98168002401EB820224
:1043A00001EB830142F8044B9142FBD18EB183B102
:1043B0008468C6F12005002004EB830353F8041D34
:1043C00021FA06F29C4242EA000201FA05F01A6064
:1043D000F4D10020F0BC7047436870B473B16FF043
:1043E000404482681C4452F8245002EB84021DB100
:1043F0001BE052F8044DC4B9013BFAD14A68002AC7
:1044000046D06FF040448D68144455F8243005EBD5
:1044100084011BB13EE051F8044D94B9013AFAD140
:10442000181C18BF012070BC70474A684AB36FF06F
:1044300040448D68144455F8246005EB8401002E37
:10444000ECD09A421DD39A421ED8BBB16FF04044C3
:1044500081681C44A20051F8240055F824401144FE
:104460002A4484420DD307D90EE051F8044D52F886
:10447000040D844205D807D3013BF6D1184670BC21
:104480007047012070BC70474FF0FF3070BC704720
:104490001046C8E70023D6E72DE9F04F5C6887B0E7
:1044A0000134119DAC4272D8129C2668002E6ED049
:1044B0001F460C4693468246AA00304600210293CE
:1044C0001EF0BAFB2368D7F80480129A434512689D
:1044D00028BF434604920393B8F1000F54D008F16B
:1044E0000103002615469B00019602EB0309059384
:1044F000019E2A46DAF80830DBF8001053F826400F
:1045000033460F682E680133039807FB0467109E3B
:1045100001932346FFF7CCFA06FB07F702992A46D8
:104520003B4640468968FFF7C3FA002345F8044B31
:1045300049F8043F019B9845DAD1059B049A043B56
:104540001A440492059A0499DAF808001EF0A8FBB0
:10455000029C50462146FFF73FFF002809DB4046FA
:10456000DAF80820A168FFF775FA002007B0BDE867
:10457000F08F129B4046DAF808101A68FFF76AFAC3
:10458000002007B0BDE8F08F04230593DAE76FF051
:104590000300EBE7436870B473B16FF04044826886
:1045A0001C4452F8245002EB84021DB11EE052F864
:1045B000044DDCB9013BFAD14A6882B16FF0404446
:1045C0008E68144456F8243006EB84041BB150E086
:1045D00054F8045DBDB9013AFAD11BB91A46104628
:1045E00070BC7047026870BC104670474A68002A69
:1045F000F8D06FF040448E68144456F8245006EB0F
:104600008404002DE7D09A42ECD39A4225D8026860
:104610000968002A01DD002929DB002901DD002AC3
:1046200022DB002BDAD06FF0404480681C44A100EC
:1046300050F8245056F8244008443144AC42CED3BC
:1046400007D90FE050F8045D51F8044DA542C6D8D3
:1046500008D3013BF6D11A46C1E70A68524270BC42
:10466000104670475242BAE74FF0FF32B7E70122D7
:10467000B5E70023C9E700BF0B4610B583EAE37234
:1046800084B0002B4FF00104A2EBE37201A9B4BF88
:104690004FF0FF33234602940092CDF80CD00193E3
:1046A000FFF778FF04B010BD90422DE9F0410746B6
:1046B00064D08842144603D0FFF71EFC0646C8B9F2
:1046C000012365683B6075B16FF04042A3682A44DE
:1046D00053F8221003EB820319B10EE053F8041DC6
:1046E00059B9013DFAD138460021BDE8F041FFF744
:1046F00095BB06463046BDE8F08129463846FFF7AF
:104700008DFB06460028F5D1A068B6463446B96848
:10471000043800E0C6460B680EF1010850F8042F7B
:10472000E41814442CBF0123002341F8044BA24297
:1047300094BF1C465C1C45450A46EBD8002CD9D0DA
:104740000EF102054FEA88080BE01368013508F105
:1047500004082344A34242F8043B34BF012400244C
:10476000C8D26B1E79689942EFD829463846FFF7C0
:1047700055FB0028BDD1BA684244E6E70C469FE7E6
:104780002DE9F041884684B005461146404617465B
:10479000FFF722FE002838DB00230122AF4201AEE2
:1047A00001920293039325D0A84505D0414628469F
:1047B000FFF7A2FB0446B0B9012378682B6010B361
:1047C0006FF04043B968034451F8232001EB8303A1
:1047D0001AB104E053F8042D0AB90138FAD1AA68D5
:1047E0000024FFF737F93046FFF704FB204604B0FA
:1047F000BDE8F08139463046FFF77EFB04460028CD
:10480000F1D13746D0E7B968E9E76FF00900EEE784
:10481000F8B50E680746136803FB06F3002B04DBAC
:10482000FFF742FF00B93E60F8BD0D461146144641
:104830002846FFF7D1FD002807DB224629463846E7
:10484000FFF79EFF0028EED0F8BD2A4621463846E5
:10485000FFF796FF0028E7D176423E60F8BD00BF23
:10486000F8B50E680746136803FB06F3002B0EDD50
:104870000D46114614462846FFF7AEFD00280CDB16
:10488000224629463846FFF77BFF20B1F8BDFFF7E7
:104890000BFF0028FAD13E60F8BD2A462146384673
:1048A000FFF76EFF0028F1D176423E60F8BD00BFF1
:1048B000134630B5002B85B083EAE3744FF0010551
:1048C00001AACDF80CD0A4EBE374B4BF4FF0FF33D2
:1048D0002B46029500940193FFF79AFF05B030BD77
:1048E000134630B5002B85B083EAE3744FF0010521
:1048F00001AACDF80CD0A4EBE374B4BF4FF0FF33A2
:104900002B46029500940193FFF7AAFF05B030BD36
:104910002DE9F04F074689B0002301208F429146D0
:104920000290059003930493069307935ED002AB25
:10493000884601934F450DF1140B60D0D8F8045010
:104940007DB16FF04042D8F808302A4453F8221065
:1049500003EB820319B104E053F8042D0AB9013DB9
:10496000FAD1D9F804407CB16FF04042D9F8083050
:10497000224453F8221003EB820319B104E053F8E8
:10498000042D0AB9013CFAD129193846FFF746FA35
:10499000824648B15846FFF72DFA0198FFF72AFAE8
:1049A000504609B0BDE8F08F01463846FFF784FB5A
:1049B00082460028EED18CB16FF040462644B60006
:1049C000D9F808302846BA689B593244D8F80810FC
:1049D000FFF76EF8013CA6F10406F1D1D8F80020EB
:1049E000D9F8003003FB02F33B60D3E702A8019043
:1049F000FFF782FA824658B9DDF804809AE7394613
:104A00005846FFF779FA82460028C3D1D94695E780
:104A10000DF1140BBEE700BF8B1E0E2B00F2D380EE
:104A20002DE9F04F0C468BB04FF0000901260546EA
:104A3000104692460F460496CDF81490CDF8189083
:104A40001EF022F9102C804632D049462846FFF746
:104A500033FB014600283DD1B8F1000F00F0AD80D6
:104A600083460DF11009BBF1000F00F0AF801AF87A
:104A70000B20A2F13004A2F14101E0B2092888BF65
:104A8000FF240529A2F1610198BFA2F1370405298D
:104A900098BFA2F15704A7421FD86FF005014846FE
:104AA0000191FFF7A7F9019908460BB0BDE8F08F17
:104AB000B0F1804F80F084808100284611F01C0FF7
:104AC00014BF33464B4603EB5111FFF7A7F90146DC
:104AD000002831D00DF11009E1E703AB294607AA00
:104AE00048460796089609930397FFF711FF01467A
:104AF0000028D4D12B6807AA4946012B10D003AB5C
:104B000028460394079608960993FFF7A9FE0146E5
:104B10000028C4D10BF1010BD845A4D10021BEE778
:104B200007932846089303AB03940993FFF770FE9D
:104B300001460028EED0B2E72846FFF7BDFA01464D
:104B40000028C7D1B8F1000F37D00AEB0803019352
:104B50008300B8F1010F4FEAD00608F1FF3803F0E7
:104B60001C033CD0019A013012F801ED0192AEF124
:104B70003002AEF14109AEF1610C5FFA82FBBBF18C
:104B8000090F88BFFF22B9F1050F98BFAEF13702B8
:104B9000BCF1050F98BFAEF15702944202FA03F33D
:104BA00002D80DF1100978E7AA6852F826703B4345
:104BB00042F82630B8F1000FCAD10DF11009ADE767
:104BC0006FF0030071E76FF0030070479AF8002060
:104BD0002D2A7FF44CAF4FF0FF322A609AE79AF803
:104BE00000202D2ABED14FF0FF330DF110092B60AC
:104BF00055E700BF00B585B00123009201AA0193DB
:104C00000293CDF80CD0FFF783FE05B05DF804FBEE
:104C10002DE9F04FA7B04FF0010B0024814620AEE4
:104C20000191184623A91D4617462094CDF88CB053
:104C3000CDF890B02596FFF7ADFC00286FD029463F
:104C40003846CDF850B015941694CDF85CB0189451
:104C50001994CDF868B01B941C94CDF874B01E94D0
:104C60001F94CDF880B021942294FFF7B5FBA042A9
:104C700020DB0DF1500839460DF15C0A4046FFF784
:104C80003BF9044680B31AAB0DF1740B0093404618
:104C9000FFF7B0F85046FFF7ADF80098FFF7AAF815
:104CA0005846FFF7A7F83046FFF7A4F8204627B08C
:104CB000BDE8F08FB9F1000F05D021464846FFF757
:104CC000FBF9044638B9019B2BB339460198FFF72D
:104CD00013F90446F8B11AAB0DF150080DF15C0A56
:104CE0000DF1740B0093D2E729465046FFF704F903
:104CF00004460028C7D11AAB7968CDF85CB0023100
:104D000018460093CDF850B0FFF788F8044648B134
:104D10000DF1740BBBE7002027B0BDE8F08F6FF0FA
:104D20000B00C4E701460098FFF7C6F90DF1740BBC
:104D300004460028ABD102215846FFF76FF804461D
:104D40000028A4D103213046FFF768F80446002864
:104D50009DD15046FFF724FA00F01F001F2800F0F5
:104D6000C280C0F11F03404619460793FFF7A2FA1D
:104D7000044600288BD107995046FFF79BFA04465A
:104D8000002884D1159B5046189A0293013B039248
:104D9000013A04939B1A05925A010A93114606920E
:104DA000FFF788FA044600287FF471AF0A9B9B0046
:104DB0001C460BE0DDF870E05EF8043001334EF87D
:104DC0000430FFF74DFD002840F08F8051464046EB
:104DD000FFF7E0FB0028524641464046EADA0699D2
:104DE0005046FFF7B9FA044600287FF450AF059803
:104DF0006FF040426FF078438F4980000E94CDF8F9
:104E00003C900A90029810970244034401440A9887
:104E1000119504388900CDF808A00C9003980391EF
:104E2000121A1B1A92005B0114460693049B059A02
:104E3000934240F2AE80039B16990433199A0A9864
:104E40000D931258CB581C9D9342C0F085804FF0B3
:104E5000FF332B512B5913AF039A0133DDF83490F4
:104E6000043ADDF808A02B510B922DE0199B0C9A07
:104E70009A580A99026023AA5B5859461C9D4360C0
:104E800058462B5901252597239513932495FFF711
:104E90003FFD014658BB3046FFF70EF928BB049A88
:104EA000229BAA42169D01D00B9AA858039A31461C
:104EB00018605846AA585A6055F809209A60FFF7BA
:104EC00069FB002815DD1C9D2B5900215846013B2C
:104ED0002B51FFF7F1F840B9059B1F98002BC5D166
:104EE000059A199BC5E707944CE70446CFE60446AC
:104EF000CDE61C9B0125514623AA1B595846CDF8E7
:104F000008A02395139324952597FFF701FD00280A
:104F100040F08D8006995846FFF7CCF9002840F004
:104F200086805A4641464046FFF79AFC00287ED1CB
:104F3000139023A94046239524952597FFF72AFB34
:104F400000285FDB049B043C013B0493069B203B51
:104F500006930B9B039369E703982F190858AAB18E
:104F6000099300230893DDE9089A4B4649EA0009B2
:104F7000484651461DF090FE00234FF0FF328B4211
:104F800008BF824200D21046386063E74FF0FF301E
:104F9000FAE7DDF83C900E9C109F119DDDF808A00B
:104FA000B9F1000F0BD000994846FEF7A5FF002885
:104FB0009BD12B683A6803FB02F3C9F80030019BD0
:104FC000002B3FF464AE07994046FFF7C5F900286F
:104FD0008BD13B684146019F14933846FEF78CFF06
:104FE000002882D1012513AB139023A938462395BD
:104FF00024952593FFF7CEFA00287FF448AE3D6054
:10500000044644E602995846FEF776FF78B90699B9
:105010005846FFF74FF950B95A4641464046FFF708
:10502000F7FB20B91C9A1359013B13518AE7DDF8AD
:1050300008A004462BE600BFFEFFFF3F70B51C46EC
:1050400084B0012684EAE475002C01AB0296A5EB3E
:10505000E475B4BF4FF0FF343446CDF80CD0009562
:105060000194FFF7D5FD04B070BD00BF2DE9F041FC
:1050700084B00025012604468846104601A917463B
:105080000296CDF80CD08DE86000FFF783FAA842B5
:105090002ADB424628463B462146FFF7B9FD00BBC6
:1050A000054602E0FFF7B4FBD8B901A920460296F5
:1050B000CDF80CD08DE86000FFF76CFA00283A4676
:1050C00021462046EEDB02E0FFF7CAFB48B939462D
:1050D0002046FFF75FFA00283A4621462046F3DAD9
:1050E000002004B0BDE8F0816FF00900F9E700BFCF
:1050F000131E15D017DB012B30B4044604D0022B4D
:1051000006D030BCFEF744BE0020206030BC7047A3
:105110008B6800201B6803F00103236030BC7047DC
:105120006FF00B0070476FF0090070478B1E0E2B5D
:1051300044D82DE9F04186B0164607460C460A468B
:10514000014601A8FFF7D4FF20BB4FF0010802ADD4
:10515000014603AB3A4638460294CDF80C80CDF8B0
:1051600010800595FFF754FD034698B903A938460A
:105170000293CDF80C80CDF810800595FFF70AFA60
:10518000A0B9019B092B08D9326837330020511C84
:105190003160137006B0BDE8F08132683033002012
:1051A000511C3160137006B0BDE8F08121463846CD
:1051B0003246FFF7BBFF0028E3D0EBE76FF00300B8
:1051C000704700BF2DE9F0438C1E85B00E2C00F215
:1051D00082800C4680461D461646FEF7E1FF032CF2
:1051E00025DC431C033003F001031844A84275D8A2
:1051F000D8F800200023012100960132029301918A
:10520000039360D0102C17D001AF41463846FEF70B
:1052100073FE054600283FD1019B013358D021463B
:105220006A463846FFF782FF054658B334E0400827
:10523000102C08BF4008D4E7D8F8041009B36FF069
:1052400040400027DFF8A0E00844800004235D1EF2
:10525000D8F80820CC184FEAC50C135823FA0CF3E1
:1052600003F00F0C13F0FF034FEA23131BD1D7B940
:10527000022C18D02B46002DE9D10139A0F10400F1
:10528000E4D101AF009B0022591C154600911A7011
:10529000009B9E1B0C9B1E603846FEF7ABFD28460C
:1052A00005B0BDE8F083009A01271EF8033002EB39
:1052B00007091EF80C40CDF800901370009BDA1916
:1052C00000921C70D6E772182D230092337099E774
:1052D00001230193A3E76FF00300E1E70C9B186043
:1052E0006FF00700DCE700BF681D002083681B68C3
:1052F000DB0729D52DE9F04186B00546144F03247C
:105300000DF10808012608E0FFF7F2FEA0B9019BA5
:10531000ABB157F8044F002C0EDD03A928460294C8
:1053200003960496CDF81480FFF734F9002822463E
:10533000294601A8E8DC012006B0BDE8F0816FF045
:105340000D0006B0BDE8F0816FF00D00704700BFA2
:10535000105502602DE9F04FA7B04FF0000801256D
:105360009A4617AC0590079118461AA90692CDF8EF
:105370005C801A951B951C94FFF70CF94045309EF4
:1053800040F3E880DAF808301F68FA0740F1E2805D
:105390001AA90698CDF85C801A951B951C94FFF706
:1053A000F9F80028C0F2D680BD1C03236D0005F07B
:1053B00008053D4405FB07F2013BC2F1020202FB76
:1053C00005F5F7D14FF0010B194630221AA80F93BB
:1053D0001DAC10931293139315931693CDF838B018
:1053E000CDF844B0CDF850B01DF026FCDAF804300A
:1053F000059803EB0B084146FEF710FD8146F0B11E
:1054000011AF0DF150082046FEF7F4FC2046FEF7E0
:10541000F1FC3846FEF7EEFC4046FEF7EBFC2EB101
:10542000B3681BB1484627B0BDE8F08F0DF1380BCB
:105430005846FEF7DFFC484627B0BDE8F08F4146EE
:105440002046FEF7EBFC11AF814610B10DF150087C
:10545000D9E74FEA48013846FEF7E0FC81460028CC
:10546000F4D1079B0DF150081B680893013374D0E9
:10547000002E00F0B980B368002B7BD00DF1380B03
:10548000306871685B46B26807C3DDF81C9051460E
:105490004846FFF77FF80028C0F28180494652460F
:1054A0002046FFF7E3FD81460028ACD16B421298FD
:1054B00013A91A4607930291534600920FA901902F
:1054C00010AA2046FEF7E8FF814600289BD15946E6
:1054D0000598FEF711FD8146002894D113A926AA4C
:1054E000129B0DA8029101250799DDF814B00091D7
:1054F00018A942F8340D5846019353460B920D9566
:1055000017951895FEF7C8FF814600287FF47BAFFA
:105510005A46034606980832406809925A46CB46D6
:10552000A146043204460A92BBF1000F00F09780B6
:105530000BF1FF3B069A926852F8245025FA0BF5BE
:1055400005F0010585F00102002B63D1002A61D02E
:105550000023E9E76FF0030065E707994046FEF78F
:10556000CBFC814600287FF44EAFCDF81C80CDF8EF
:1055700050B07DE70DF1380B01215846FEF79CFD38
:105580008146A8B12046FEF735FC2046FEF732FCE6
:105590003846FEF72FFC4046FEF72CFC40E7079903
:1055A0002046FEF7A9FC814600287FF42CAF7DE75A
:1055B000DAF8041058468901FEF77CFE814600287F
:1055C0007FF421AF524659465846FFF74FFD8146BA
:1055D00000287FF418AF002E3FF457AF5B4607CB8F
:1055E00030607160B26050E70DF1380B0121584610
:1055F000FEF762FD81460028DAD02046FEF7FAFB6E
:105600002046FEF7F7FB3846FEF7F4FB4046FEF770
:10561000F1FB0DE7012B00D132BB129813AA0799B9
:105620005346029200910190099A0A990598FEF753
:1056300033FF38BB6900129A13AB059829440192D5
:105640001AAA079D0293534602EB8101009501F1CE
:1056500008020431FEF720FFA0B9012364E7A4B1DA
:10566000013C4FF01F0B65E7129813AA07995346A8
:10567000029200910190099A0A990598FEF70CFF91
:105680000028EAD04C468146BDE613A9129B4FF094
:10569000010E0DAD02914C460799019353460091BE
:1056A00018A90B9A05981995CDF834E0CDF85CE06F
:1056B000CDF860E0FEF7F0FE814600287FF4A3AE4F
:1056C000089B01337FF49FAE069A5368002B3FF48A
:1056D0009AAE93681B68DB077FF595AE059A08992B
:1056E000104611605146FFF793F881468BE600BFE4
:1056F000B1F5007F1BD870B5ADF5007D15460646A7
:105700000A460C4618466946A847054640B1684611
:105710004FF400710CF03CFB28460DF5007D70BD88
:10572000224630466946FEF769FD0546EFE76FF011
:10573000030070472DE9F04F00239BB0012405467C
:10574000099388460A9301460C9391460D9317AA34
:105750000F9308A81093129313931593169307AB06
:1057600008940B940E94119414940794179418941D
:105770001993FFF775F88346002837D1099F8FB139
:105780000A9E0146043E56F8044F002203E0202AF8
:1057900001F1010125D024FA02F3013213F00103D3
:1057A000F5D00F460BAE08A93046FEF7A5FB8346A1
:1057B00018B314AB11AC0DF1380A029308A8FEF728
:1057C00019FB3046FEF716FB5046FEF713FB20464A
:1057D000FEF710FB0298FEF70DFB58461BB0BDE824
:1057E000F08F0130B842CED11F46DBE714AB0BAED1
:1057F00011AC0DF1380A0293E0E739463046FEF766
:10580000ABFD83460028D4D12846FEF7C9FC40F200
:105810001353984216D840F25133984200F2C88090
:1058200040F28923984200F2C680B0F5AF7F80F045
:10583000CD80F92800F2CD80962834BF1B23122397
:10584000049301E002230493002311AC0397059312
:1058500069684B46424620468900FFF749FF834668
:10586000002840F09D8008A92046FEF793FE0028FE
:1058700010DB2046FEF794FC824608A8FEF790FC59
:105880000AF10101091A2046FEF766FD8346002849
:1058900040F08680139A4FF0200A039F136843F06C
:1058A0000303136069684B46424620468900FFF7B0
:1058B0001FFF002873D12046FEF772FC834608A81C
:1058C000FEF76EFC834563D8BAF1010A08A92046A9
:1058D0006BD0FEF75FFE0028E4DA012317A920460B
:1058E00007931793189307AB1993FEF753FE0028FD
:1058F000D8DD14AB039714AF3246009321462B46F4
:1059000020460297FFF726FD834600284AD108A9C2
:105910002046FEF73FFE002850D0012317A920465D
:1059200007931793189307AB1993FEF733FE0028DC
:1059300044D0039B012B50D94FF0010A039F19E07B
:105940000EA8FEF7E5FF2A460EA9002859D12046E9
:10595000FFF78CFB17A9002853D10123204607939A
:105960001793189307AB1993FEF714FE002833D052
:10597000574531D00EAB08A920460AF1010A03931E
:10598000FEF708FE224621460028D9D1039729E0D8
:10599000C0EB0B012046FEF7DFFC002894D08346C5
:1059A00014AB02930DF1380A08E76FF00D0015E70C
:1059B0000323049348E70423049345E7059B049AD3
:1059C00001339A4205937FF443AFEBE70823049336
:1059D0003AE70C23049337E7039708A92046FEF71C
:1059E000D9FD58B9012317A9204607931793189397
:1059F00007AB1993FEF7CEFD0028DFD16FF00D0B3A
:105A0000D0E7DDF80CA08346D8E600BF2DE9F047CB
:105A10008EB000230124074605A81546029405947C
:105A20000894039304930693079309930A93FEF74C
:105A300063FA70B1824608AC02A8FEF7DBF905A84C
:105A4000FEF7D8F92046FEF7D5F950460EB0BDE86E
:105A5000F08708AC29462046FEF74EFA8246002819
:105A6000EAD1DDF818E0BEF1000F00F0D780079E04
:105A70000146043E56F8045F002204E0202A01F1AA
:105A8000010100F09E8025FA02F3013213F00103B8
:105A9000F4D0099EC6B10A9B4FF0000CA3F1040E8E
:105AA00060465EF8045F002204E0202A00F1010055
:105AB00000F08D8025FA02F3013213F00103F4D0D7
:105AC000814228BF01460E46314605A8FEF744FC38
:105AD00082460028B0D131462046FEF73DFC824682
:105AE0000028A9D1012381460DF104081D46089321
:105AF00005930BA905A8CDF804900B950C95CDF84E
:105B00003480FEF747FD00287AD00699A1B1079BA3
:105B10004FF0000AA3F1040C50465CF804EF002299
:105B200003E0202A00F1010040D02EFA02F30132F6
:105B300013F00103F5D0014605A8FEF70DFC8246DF
:105B400000287FF479AF099991B10A9B8646A3F1A9
:105B5000040A5AF804CF002203E0202A0EF1010EB5
:105B60002AD02CFA02F3013213F00103F5D071466A
:105B70002046FEF7F1FB824600287FF45DAF214608
:105B800005A8FEF707FD002828DB05A922460846E0
:105B9000FEF7F6FD824600287FF44EAF012105A8EE
:105BA000FEF7DAFB82460028A3D045E70AF1010A96
:105BB0005145B2D11946BFE701308842C9D11946D3
:105BC000D6E7013086457FF455AF194661E70CF101
:105BD000010CB4457FF465AF1E4675E705AA214662
:105BE0002046FEF7CDFD824600287FF425AF012137
:105BF0002046FEF7B1FB824600283FF47AAF1BE750
:105C000031462046FEF756FB824600287FF414AF4B
:105C100038462146FEF770F982460DE7714638E7AF
:105C20002DE9F04FA5B001270E4614461EAD009099
:105C300021A910461E97219722972395FEF7AAFCCB
:105C4000002840F3148100232246314606A80A9317
:105C50000B930D930E931093119313931493079337
:105C600008931693179319931A931C931D931F93DC
:105C7000209309970C970F971297069715971897E7
:105C80001B971E97FFF7C2FE034660B30DF1240A6F
:105C90000CAE0DF154080DF160090FAA0DF1480B7F
:105CA00001921BAF50460093FEF7A4F83046FEF772
:105CB000A1F80198FEF79EF85846FEF79BF806A853
:105CC000FEF798F84046FEF795F84846FEF792F83A
:105CD0003846FEF78FF82846FEF78CF8009B1846EA
:105CE00025B0BDE8F08F05AB21A906A8059721973F
:105CF00022972393FEF74EFC10B16FF00D03C5E71A
:105D00000DF1240A314622460CAE5046FFF7AEF99B
:105D100003460028BDD151463046FEF7EDF80DF19F
:105D2000540803460028B6D121464046FEF7E4F861
:105D30000DF1600903460028AFD121464846FEF721
:105D4000DBF803460028A8D10FAB39460DF1480B0C
:105D500018460193FEF7B0F903460028A1D1014689
:105D60005846FEF7A9F91BAF034600289AD1014611
:105D70003846FEF7A1F90346002893D101212846B1
:105D8000FEF79AF9034600288CD10394019C0290F7
:105D90000E9B1B68DA0726D46CE0FEF7DDFA42465C
:105DA0003946002861D11D9B38461B68DB0703D4A8
:105DB000209B1B68DB070AD5FEF72AFD52462946C1
:105DC000002852D12846FEF74BFD00284DD1012175
:105DD0003846FEF7C1FA0121002846D12846FEF7D1
:105DE000BBFA002841D11A9B012148461B68DB07FA
:105DF000D3D549463046FEF7CDFB002864DB4A4642
:105E000031463046FEF72CFD00282ED13A46214679
:105E10002046FEF725FD40BB2A4659465846FEF768
:105E20001FFD10BB029B21A930460593012321933E
:105E3000229305AB2393FEF7ADFB0028A8D1039C6A
:105E40000290029B21A938460593012321932293B6
:105E500005AB2393FEF79EFB0028224639463846C1
:105E600024DAFEF7D5FC0028EBD003461AE76FF0E2
:105E7000030035E701213046FEF76EFA0028F4D121
:105E8000119B1B68D80735D4149B1B68D90731D4E4
:105E900001212046FEF760FA0028E6D1012158468C
:105EA000FEF75AFA00283FF473AFDEE72146384682
:105EB000FEF770FB002822463946384629DBFEF7FC
:105EC000CFFC0028F2D0D0E7324649464846FEF7DC
:105ED000C7FC0028C9D1224639463846FEF7C0FC27
:105EE0000028C2D15A4629462846FEF7B9FC0028A8
:105EF00098D0BAE7424621462046FEF789FC0028A2
:105F0000B3D1524659465846FEF7AAFC0028BFD0E6
:105F1000ABE70098FDF7F0FF0346C3E62DE9F0413B
:105F200088B0466880680124002301AD0F460490C4
:105F300005A902A89046039602940594069401933D
:105F40000795FEF727FB38B305A902A8019405942D
:105F500006940795FEF71EFBF0B1022305A902A8DF
:105F60000594069407950193FEF714FB18B90020D9
:105F700008B0BDE8F08102A8FFF7B8F920B1012808
:105F8000F5D008B0BDE8F0814246394602A8FFF7D7
:105F9000D1FB08B0BDE8F0816FF00D00E8E700BF6D
:105FA0002DE9F04F40F6FD77A1F1030E8DB0BE450F
:105FB000169E00F2C68011F01F0A02924FF00102F5
:105FC0001D464FF00003044618BF92468B460793C8
:105FD0000AEB511A0893DFF890914FEA8A0706926C
:105FE0004FEA4A1AA7F104080197C1EB0A03039389
:105FF00033462A4601992046FFF77AFBB0B9A368D9
:1060000053F808204A45F3D9D3451AD3D3F800E012
:106010003246029F29464EF0010C2046C3F800C0CC
:10602000BFB9FFF77BFF10F10E0FE1D0034606AFBB
:1060300038460193FDF7DEFE019B18460DB0BDE822
:10604000F08F03992046FEF787F90028EED1A36868
:10605000DCE74EF003070322214604A81F60FDF78A
:1060600097FE034600286AD1049B002B6CD0012BBD
:1060700055D006AF21463846FDF73EFF03460028BF
:10608000D6D101213846FEF767F903460028CFD163
:106090004FF00C0A4FF001080DF1140922E013F142
:1060A0000E0F09AA21462046C2D1CDF814A0CDF882
:1060B0002480CDF82880CDF82C90FEF7A9FB03466C
:1060C0000028B5D1062309AA394638460593CDF8EC
:1060D0002480CDF82880CDF82C90FEF799FB03465C
:1060E0000028A5D12046FFF701F903460028D6D1A4
:1060F0003846FFF7FBF803460028D0D13246294640
:106100002046FFF717FB03460028C8D13246294630
:106110003846FFF70FFB03460028C0D188E74FF051
:10612000040E05AF09AA2146204609930A93CDF82B
:1061300014E00B97FEF76CFB0346002899D006AFDE
:1061400076E76FF0030079E70820012305AF09AA7D
:1061500005902146204609930A930B97FEF758FBBA
:1061600003460028EBD184E733F304B52DE9F04F63
:106170009FB00023012482467E4A06A8102106947F
:1061800009940C940F9412941594189407930893FF
:106190000A930B930D930E931093119313931493EF
:1061A0001693179319931A93FEF736FC20B3834680
:1061B00009AC0CAD0FAE15AF0DF160080DF148093B
:1061C000BAF1000F2AD106A8FDF714FE2046FDF70C
:1061D00011FE2846FDF70EFE3046FDF70BFE484641
:1061E000FDF708FE3846FDF705FE4046FDF702FEC6
:1061F00058461FB0BDE8F08F09AC5F4A10210CADC6
:106200002046FEF709FC834640B30FAE15AF0DF1F3
:1062100060080DF14809BAF1000FD4D0594657482B
:106220001CF04AFD06A8FDF7E5FD2046FDF7E2FD5E
:106230002846FDF7DFFD3046FDF7DCFD4846FDF75B
:10624000D9FD3846FDF7D6FD4046FDF7D3FD0A20BF
:106250001CF016FD58461FB0BDE8F08F484A1021CB
:1062600028460FAEFEF7D8FB834628B115AF0DF1D7
:1062700060080DF14809A3E72A4606A9304615AF84
:10628000FEF746FB834620B10DF160080DF1480989
:1062900096E73C4A10213846FEF7BEFB83460028AD
:1062A000F2D1BAF1000F19D139463046FEF772F932
:1062B00038B10DF160080DF1480906A84FF0010B47
:1062C00082E70DF148092B4606AA30464946FEF7FB
:1062D0009FFC834620B30DF1600874E72A481CF048
:1062E000EBFC39463046FEF755F948B10DF1600830
:1062F0000DF1480925481CF0AFFC4FF0010B8DE76C
:106300000DF1480922481CF0A7FC2B46494606AA75
:106310003046FEF77DFC834608B30DF160087DE74B
:106320001C4A10213846FEF777FB83460028D2D15D
:106330000DF16008184A10214046FEF76DFB8346B8
:1063400000287FF43DAFBAF1000F40F0B18039462C
:106350003046FEF71FF908B34FF0010B33E70D4A43
:1063600010213846FEF758FB83460028E0D00DF197
:10637000600825E77C1D0020001E0020CC200020A6
:10638000841E0020E81E0020C81F00201C1D0020C5
:10639000CC1C0020E41F0020082000204146484675
:1063A000FEF7F8F8002888D1CDF800A02B46224649
:1063B00006A93046FEF7CEFF834600287FF403AFE0
:1063C000724A10213846FEF727FB834600287FF4E7
:1063D000FAAE39463046FEF7DDF800287FF46DAF9F
:1063E0002A4606A93046FFF71BFC834600287FF4A7
:1063F000EAAE674A10213846FEF70EFB83460028B6
:106400007FF4E1AE39463046FEF7C4F800287FF449
:1064100054AF604B0022C346B8462F4625461C4663
:10642000029254F8081C3046FDF746FE0346002849
:1064300040F0A58054F8041C4846FDF73DFE4A464E
:1064400003463146002840F09A8006A8FFF7DEFA9E
:106450001BA90346002840F0928022680123039084
:1064600006A882EAE27E002A1C9305ABAEEBE27E30
:10647000B4BF4FF0FF3201221D93CDF814E00C346D
:106480001B92FEF787F8039B00286BD1029A01321A
:10649000032A0292C5D12C463D464746D8469B4624
:1064A000BAF1000F3FF48FAE3B481CF0D5FBB9E6C4
:1064B0003A481CF001FC39463046FEF76BF80028DC
:1064C0007FF418AF41464846FEF764F8834600283B
:1064D0007FF410AF30481CF0BFFBCDF800B02B4666
:1064E000224606A93046FEF735FF834600287FF492
:1064F00095AE264A10213846FEF78EFA83460028CC
:106500007FF45EAE26481CF0D7FB39463046FEF7D6
:1065100041F800287FF4EEAE1F481CF09DFB2A4690
:1065200006A93046FFF77CFB834600287FF476AE51
:10653000174A10213846FEF76FFA834600287FF489
:106540003FAE18481CF0B8FB39463046FEF722F83B
:1065500000287FF4CFAE10481CF07EFB12481CF0E0
:10656000ABFB56E72C463D464746D846BAF1000FEE
:106570003FF4A3AE02990D481CF09EFBBDE62C46ED
:106580003D464746D8469B461AE600BFF420002009
:1065900054210020B8570260CC1C00206820002045
:1065A00084200020A0200020B8210020BC20002052
:1065B0002DE9F0030B680468496840686340214D89
:1065C0004840C3F3074705EB136155FA83F605EB23
:1065D00010682F4491F80011C3F3072C96F800625D
:1065E00098F8003355FA80F897F8009346EA016668
:1065F000C0F3072798F80011C0F3074846EA094698
:106600002F4441EA036115F8083015F80C0041EAFF
:10661000034197F8003246EA0020146841EA032358
:1066200080EA3361506883EA314381EA3321634071
:1066300080EA010583EA312182E82200BDE8F00307
:10664000704700BFD45702604FF48A7200211CF0DB
:10665000F3BA00BF18B14FF48A710BF099BB7047C1
:106660002DE9F04FC5B01646041D074601924022A1
:106670000D4600210DEB02001CF0DEFA20464FF41F
:10668000887200211CF0D8FAC02E00F01B82B6F5EB
:10669000807F00F01782802E04D06FF0230045B079
:1066A000BDE8F08F03234FF004094FF015081026C2
:1066B0003B60002302936A1E0DF13F01002301336A
:1066C00012F8010FB34201F8010FF8D3019BC02B60
:1066D00000F00382744904AD4FF0CC0C4FF07F0EF4
:1066E00066279E230020CDF80CC04FF08B0BF4469C
:1066F0004FF0900ABE463B222F46A026054608468C
:106700001946CC230CE0067A0830417890F802E074
:1067100090F803C00279437990F806A090F807B08A
:10672000090408371B0441EA066604A943EA026328
:1067300046EA0C0243EA0B0342EA0E2243EA0A232A
:1067400041F83520013547F8043C062DDBD14022C5
:10675000002120A81FAD1CF06FFA0DF161060DF1AC
:1067600041000378043010F8051C1B0410F8022CBB
:1067700043EA016310F8031CB04243EA020343EA10
:10678000012345F8043FECD120A924A851F8043B8B
:10679000CA68814283EA0203CB61F7D104A92AAA1D
:1067A00028A827ADFFF704FF2AA806A928AAFFF703
:1067B000FFFE29462BA851F8042F51F8203C8842AF
:1067C00083EA02030B60F6D12AAA08A928A8FFF7DA
:1067D000EFFE28AA2AA80AA9FFF7EAFE019B802B50
:1067E00012D923A951F8042F0B698D4283EA0203C1
:1067F0000B62F7D10CA92EAA2CA8FFF7D9FE2CAA60
:106800002EA80EA9FFF7D4FE029B0121219A0DF1BB
:10681000C00E4FEA031A254B0D46319203EB0A07CF
:10682000209B239A76463093229B33923293C5EB7A
:1068300005130135E1B103F01F033199309AC3F11B
:1068400020009A40C1404A403261319A32999A40C0
:10685000C1404A407261329A33999A40C1404A40DD
:10686000B261309A3399C24001FA03F35340F361A5
:10687000052D06F110060AD017F8011FC5EB051308
:1068800001350029D7D1052D06F11006F4D1029962
:1068900043AF8B001A4603937346511800224FEA08
:1068A000011B0349594407E0D45B0260045C0260A9
:1068B000245C026011F9012F561C02D0186844F8BC
:1068C00022009F4203F10403F4D1019B802B42D9A3
:1068D000249B0AF1040C8649764630930F25269BAB
:1068E0008C44259A3293279B3192339305F01F03F2
:1068F0001CF8012B0F35C3F12001C2B13098319A39
:106900009840CA40424032613198329A9840CA4019
:10691000424072613298339A9840CA404240B26114
:106920003398309A00FA03F3CA405340F3614B2D79
:1069300006F11006DAD10BF113016E4A44A8734632
:10694000114411F9012F551C02D01D6844F8225042
:1069500004339842F5D1289B0AF1090C644D0122B9
:10696000299976462A98AC44309315462B9B319151
:106970003393C5EB051332900135E2B103F01F03E9
:106980003199309AC3F120009A40C1404A403261A7
:10699000319A32999A40C1404A407261329A339991
:1069A0009A40C1404A40B261309A3399C24001FADC
:1069B00003F35340F361052D06F110060AD01CF8CD
:1069C000012BC5EB05130135002AD7D1052D06F1A2
:1069D0001006F4D10BF12802464973460A4401E03F
:1069E00012F9019FB9F1FF3F02D0196844F829104C
:1069F0009F4203F10403F3D1019B802B43D92C9BCD
:106A00000AF10C053A4977462D9A0F260D4430932A
:106A10002E992F9B31923291339306F01F0315F874
:106A2000012B0F36C3F12001C2B13098319A984042
:106A3000CA4042403A613198329A9840CA40424036
:106A40007A613298339A9840CA404240BA6133988A
:106A5000309A00FA03F3CA405340FB614B2E07F112
:106A60001007DAD10BF13B02224B44A81A4412F969
:106A7000013F591C03D0DEF8001044F823100EF13A
:106A8000040E7045F3D10298039A430011461A4A46
:106A9000034401441B0102EB810203F1D000803367
:106AA0002044234401E012F9018FB8F1FF3F02D0E6
:106AB00054F82810196004339842F4D1002045B0EE
:106AC000BDE8F08F0423019A4FF0FF394FF0190809
:106AD0003B600123D6080293EDE50DF14F030DF164
:106AE000570113F8012FD2438B421A72F9D1F1E505
:106AF000045C0260245C0260C45C02602DE9F04129
:106B0000C6B00C46154600214FF48A72804601A893
:106B10001CF092F82A46214601A8FFF7A1FD07467E
:106B2000002842D1019B02A808F1140E08F11C02B2
:106B3000A3F10406C8F80030B6FA86F67609F31C0D
:106B4000F6009B0106F1160100EB030CC358DCF8BC
:106B50000400ACF10805C8F80430ACF11003C8F823
:106B60000800DCF80840DCF80C00C8F80C40C8F855
:106B700010009C680139D86802F1080242F8104CF4
:106B8000A3F1080342F80C0CF3D17342153605EB60
:106B9000C3030EEBC606A3F1B800A83B07C853F821
:106BA000043CB060F1603261736101A84FF48A71F6
:106BB0000BF0EEF8384646B0BDE8F0812DE9F04123
:106BC00092F805C01D4692F804E084B0547A4FEA6A
:106BD0000C4792F8088000F1140647EA0E6C5178D1
:106BE000240492F807E0537B090444EA08674CEA5E
:106BF0000E0E94791B0492F800C092F80C804EEAB5
:106C0000042E41EA0C6C8168D47A43EA08638EEA68
:106C1000010ED17B3C43977A0B43D17844EA072499
:106C2000C7684CEA010192F80EC092787C4043EAB2
:106C30000C23076941EA022142687B40076881EA28
:106C4000020CCDF804E002940393CDF800C0002FAD
:106C50004BD03446B84619E0206B40340099019A75
:106C60000840039B82EAF072019254F80C0C104326
:106C700048400299009054F8042C1A434A4002926A
:106C800054F8081C0A4083EAF273039302AA2146CF
:106C9000684608F1FF38FFF78BFC6A4604F10801EB
:106CA00002A8FFF785FC02AA04F110016846FFF76D
:106CB0007FFC6A4604F1180102A8FFF779FC02AADA
:106CC00004F120016846FFF773FC6A4604F12801CD
:106CD00002A8FFF76DFCB8F1000FBDD106EB8716D7
:106CE000029C039B103E9DE800503268002084EA1D
:106CF000020702973C0E726853400393B168F26832
:106D00008CEA0101EB718EEA0202EF704FEA116E1C
:106D1000E9720E0CEA73090A85F808E06E724FEA10
:106D2000126E160CA972120A85F80CE0190E6E7319
:106D3000AA731E0C29711B0A390C6E713A0AAB71C9
:106D40002C706970AA7004B0BDE8F0812DE9F0479D
:106D5000160784B00C9C0D9D59D1174680468A4673
:106D60001E4669BB42B303F1FF392068EE466168F5
:106D7000A268E368AEE80F002B4600212246404699
:106D8000FFF71CFF6B1E494605F10F0E13F8010FAC
:106D900011F8012F734582EA00021A70F6D1EE460F
:106DA000103F04F1100405F11005BEE80F0030603B
:106DB0007160B260F360D8D1002004B0BDE8F08704
:106DC000002AF9D0013C03F1FF3949466A1E04F15B
:106DD000100E14F8010F11F8013F744583EA000307
:106DE00002F8013FF5D12B462A4651464046FFF7AF
:106DF000E5FE28686968103FAA6805F1100555F896
:106E0000043C30607160B260F360DED1D4E76FF0B3
:106E10002500D2E72DE9F047089E9A4681461C6876
:106E2000DDF824800A9FA9B17AB1013F15465CB311
:106E3000315D621C18F8013B013D83EA010307F84C
:106E4000013F335502F00F04F1D1CAF80040002091
:106E5000BDE8F087002AF8D0154674B1335D611C97
:106E600018F8012B013D83EA020307F8013B325574
:106E700001F00F04E9D0002CF0D133463246012155
:106E80004846FFF79BFEE9E7334632460121484674
:106E9000FFF794FECCE700BF2DE9F84FDDF828900E
:106EA000934614680B9FDDF8308089B182461E46F8
:106EB0000D4694B119F80420013D17F8013B04F187
:106EC000010483EA020304F00F0408F8013BF0D147
:106ED000CBF800400020BDE8F88F32464B46012138
:106EE0005046FFF76BFE06F1100212F8013D013328
:106EF000DBB21370002BDDD19642F6D1DAE700BF8A
:106F00002DE9F04F4FF0000AFDB0202206905146C7
:106F10001FA80DF12C0B0DF13C091BF08DFE4FEA63
:106F20006A06069B0AF00107B41C002B40F046815C
:106F30004FEA8418E30000240593B04B03EB861559
:106F4000C03303EB46130793059A29461FA81BF08D
:106F5000A7FE42461FA937A8002F40F00C81FFF77B
:106F6000CDFD079BDC46A64A234402EB040E1868BD
:106F700059684E469A681034DB682035ACE80F003B
:106F8000DEF80000DEF80410DEF80820DEF80C3031
:106F90000FC65A46394627AB37A8FFF70FFE102217
:106FA000494627A81BF084FE002840F06181202C70
:106FB000CAD1069B002B40F01C810AF1010ABAF1EC
:106FC000060FACD1069B002B40F070810023089384
:106FD000089B5C1003F001030593A51C069B002B86
:106FE00040F0FB80AE01874B0FCB8BE80F00854B49
:106FF0000FCB89E80F00844BEA001FA803EB441174
:107000001BF04EFE059B32461FA937A8002B40F00F
:10701000E180FFF773FD04EB440400267B4B03EB98
:107020000413344607937A4B5F46079A5D4603EB99
:10703000040C059B02EB040A4E46CDF82490002B6D
:1070400040F0A38013AD9BE80F0085E80F00DAF84D
:107050000000DAF80410DAF80820DAF80C300FC76C
:10706000DCF80000DCF80410DCF80820DCF80C3058
:107070000FC627AB1022059937A8019313ABCDF8A3
:1070800000B01034FFF762FE1022494627A81BF01B
:107090000FFE002840F0EC80302CC4D1069B054642
:1070A000002B40F0EC80089B0133062B08938FD116
:1070B000069B002B40F0068100274FF01009DFF8F7
:1070C00078B13C464E46DDF818A0059507F001085A
:1070D00050480137BAF1000F07D04F494F4BB8F174
:1070E000000F08BF19461BF0E7FD250100224C499F
:1070F0000DF15C0E0BEB05030A920D4403F5F163F1
:107100000FCB8EE80F0095E80F001FAD85E80F004C
:10711000294604EB4405802237A8FFF7A1FA414B2A
:107120002D01324627A87C105919B8F1000F40F004
:1071300085801BF0B5FD27AB1BAA3146029337A80B
:10714000019317AB00920AAAFFF7A6FE364B324610
:1071500027A859191BF0ACFD002840F08980BAF12E
:10716000000F40F09080062F0BEB840300F093801B
:10717000D3F80869AAE742461FA937A8FFF770FAB3
:107180001F4BDC46079A2344EFE699E80F0013AE45
:1071900086E80F00DCF80000DCF80410DCF80820BA
:1071A000DCF80C300FC5DAF800004D46DAF80410B0
:1071B000DAF80820DAF80C300FC55AE7174B4FEA17
:1071C0008418154A41461948002F08BF1A461BF07B
:1071D00073FDAFE6FFF744FA1DE70599AE010F4BCB
:1071E0000D4A1348002908BF1A4631461BF064FDBA
:1071F000F9E610481BF030FDDFE600BFEC5C0260F2
:107200000C5E02602C5E02603C5E02609C5E02606E
:107210002C5F026010220020A81C0020A41C00206B
:107220008C5F0260BC5F02604C600260D82100206D
:10723000F4210020CC1C0020D4570260234B32469E
:1072400027A859191BF02CFD27AB1BAA3146029326
:1072500037A8019317AB00920AAAFFF71DFE1C4B3B
:10726000324627A859191BF023FD00283FF477AFB9
:10727000069BFBB9012528467DB0BDE8F08F154877
:107280001BF0EAFC0FE713481BF0E6FC062F0BEBA4
:1072900084037FF46DAF069B059D002BEBD00A2085
:1072A0001BF0EEFC28467DB0BDE8F08F0A201BF0F5
:1072B000E7FC8BE6012508481BF0CEFC28467DB094
:1072C000BDE8F08F0A201BF0DBFCF5E64C600260A5
:1072D000BC5F0260CC1C00201C1D00202DE9F04F7B
:1072E0009BB007932A9B0390022BDDF89890289E71
:1072F00000F09981102B00F296812A9BDB0700F1A8
:107300009281249B073B062B00F28D81B9F57F4FBC
:1073100000F289812A9BB9F1000F9DF890409246B6
:10732000A3F102028B4608BF0023C4F10E0118BF6F
:1073300040235208C4F10F041AAF43EAC2030DF10F
:107340003900CAB20799E4B215460992249A2B4330
:10735000C5F10F05089407F8303D04951BF0A0FC1B
:10736000791912AA5346279D02F8013D8A424FEA35
:107370001323F9D12795002B40F055810DF13701EA
:107380001A4612AC9E46084606910DF1470112932B
:10739000139305911493159301E014F801EF10F87D
:1073A000013F01328EEA0303102A01F8013FF4D1B4
:1073B00012AB0DA8279500901946039800F0F4FC35
:1073C0000446002840F00C81B9F1000F71D04B4603
:1073D000C9F307280E940DF13A000E2B7C60BC60B7
:1073E00028BF0E23FC6025991A460A938DF8399020
:1073F0008DF838801BF054FC059B22463846279DAB
:10740000194601E010F8018F13F8014F013288EAA4
:107410000404102A01F8014FF4D10DAB2795039D08
:10742000009312AB2846194600F0BEFC002840F03D
:10743000D7800A9AB9EB020319463AD01346259A27
:10744000CDF828B004461344CDF82CA028960DF1B1
:1074500057089946AB46DDF818A00E46102E354663
:107460004946384628BF10253C607C602A46BC60EF
:10747000FC601BF015FC5046059911F8012F10F81F
:10748000013F414583EA02030B70F6D10DAB102298
:107490005846009312AB194600F086FC002840F0D5
:1074A0009F80761BA944D9D1DDF828B0DDF82CA047
:1074B000289E9DF824300DF1680907990DF15900B7
:1074C000249A09F8103D1BF0EBFB249B0021089A3D
:1074D000581C48441BF0B0FB01238DF86730BAF10B
:1074E000000F58D00DF15708279D5446102C28BF87
:1074F0001024BBF1000F21D1294622463846C7F897
:1075000000B0C7F804B0C7F808B0C7F80CB01BF05B
:10751000C7FB0698059911F8012F10F8013F414566
:1075200083EA02030B70F6D10DAB1022039800938F
:1075300012AB194600F038FC002851D10DAB1022D7
:107540004946039800933B4600F02EFC002847D1A3
:1075500003461AAA295C1A44013312F8302CDBB214
:107560004A409C4232541846F3D8BBF1010F3AD03E
:10757000049B26442544C4EB0A0A1AAA09EB03011A
:1075800012F8013D0133DBB213700BB99142F7D110
:10759000BAF1000FA9D1049B00224B4419461AAB43
:1075A00003F8012D9942FBD10DAB494603981022F7
:1075B00000933B4600F0F8FB90B90DF15701059B95
:1075C000069813F8014F10F8012F994282EA04023D
:1075D0001A70F6D12A9A12A929981BF061FB002093
:1075E0001BB0BDE8F08F00233146224638463B6091
:1075F0007B60BB60FB601BF053FB0698059911F89C
:10760000012F10F8013F414583EA02030B70F6D1C8
:107610000DAB10220398009312AB194600F0C4FB87
:107620000028A5D0DCE76FF00C001BB0BDE8F08FA0
:10763000402200211BF000BB2DE9F0410546174612
:107640000846012219461E4600F0A6FAA8B1436971
:107650000446102B11D1284600F0B6FA21462846E0
:1076600000F0C2FA08B1BDE8F0813246394628463A
:107670000123BDE8F04100F0E3BA6FF00C00BDE873
:10768000F08100BF10B5044600F09EFA402120466C
:10769000BDE810400AF07CBB30B589B0119D9DB1AA
:1076A00006951C460E9D13460A46109903950D9D9E
:1076B000059102950F990C9D049100218DE83000F1
:1076C000FFF70CFE09B030BD6FF00C00FAE700BF09
:1076D000F0B589B00F9E119C0E9F109D02960494E8
:1076E000139E129C009313460A46002101970395AE
:1076F00005940696FFF7F2FD09B0F0BD2DE9F041C3
:107700008CB088460121129F08AD139E159C0197ED
:107710000296149F179E00931346059542460397C1
:1077200004940696169DFFF7D9FD80B996B10146DF
:1077300003460CAA695C1A44013312F8102CDBB220
:107740004A409E42194640EA0200F2D820B90CB0E5
:10775000BDE8F0813046FAE7204641460AF018FBC2
:107760006FF00E00F3E700BFF0B50A9C05AD95E899
:10777000E0401CB1BDE8F040FFF7C0BF6FF00C0067
:10778000F0BD00BF2DE9F04FA5B040220021814699
:1077900014A81BF051FA14A88023534A0221FFF7C2
:1077A0004BFF00BB514F082304264FF0010A0893FA
:1077B00007F10C0307F130053446099307F118036C
:1077C0004FF0070BB8460A9307F124030B93B9F166
:1077D000000F67D196B9B9F1000F7FD1012420467F
:1077E00025B0BDE8F08FB9F1000FF7D00124404873
:1077F0001BF062FA204625B0BDE8F08F0CAF3D4B80
:107800000899224603933B19029114A83A4905931B
:10781000019100210696CDF800B00497374BFFF791
:107820005DFD0028D7D1A219294638461BF040FA41
:107830000028D0D12A19089805965B462E4E21467D
:10784000019014A80492A6F12402039702950096D1
:10785000FFF754FF0028BED122463846A6F1180192
:107860001BF026FA04460028B5D1B9F1000F31D13A
:10787000BAF1030F05F120051BD0099B0AF1010A9B
:1078800058F804BF1A4652F8043F08930A9B09921D
:1078900053F8044F0A930B9B53F8046F0B93B9F101
:1078A000000F97D0514616481BF006FA002E92D0D2
:1078B000A4E714A800F088F914A840210AF068FA97
:1078C000B9F1000F8BD00A201BF0DAF9204625B061
:1078D000BDE8F08F0B481BF0BFF9C9E70A48012447
:1078E0001BF0BAF97BE700BFE8600260F860026055
:1078F0002C22002094610260AC6102608861026009
:1079000040220020CC1C00201C1D0020891A0BD016
:1079100030B40024CDB2234601330444DBB2A55475
:1079200099421C46F8D830BC704700BF48B3F0B449
:10793000B2FA82F4640934BB431813F8016CB6FA46
:1079400086F38F1B5B091760B14238BF43F0010318
:1079500089B101382246974210F8014F02F1010225
:107960008CBF002501257440914214FB05F443EAC5
:107970000403DBB2EFD1002B044808BF0020F0BCA9
:107980007047034870470248F9E700BF009EFFFFB9
:10799000009FFFFF891A8023012983540BD930B43B
:1079A00001240025234601330444DBB2A554994247
:1079B0001C46F8D830BC704770B48D1A012D0AD916
:1079C0000124013A0026234601330444DBB2A654C5
:1079D0009D421C46F8D8084400F8015C70BC704712
:1079E00040B3F0B4B2FA82F464092CBB4D1E475D7B
:1079F000B7FA87F3CE1B5B091660B9422CBF194654
:107A000043F0010185B1013823469E4210F8014F31
:107A100003F101038CBF002201229D4214FB02F2FC
:107A200041EA0201C9B2F0D10029044808BF002090
:107A3000F0BC7047024870470148F9E7009EFFFF1D
:107A4000009FFFFF8A4206D202440144002302F84D
:107A5000013B8A42FBD1704728B1B2FA82F040095B
:107A600008B9116070470148704700BF009FFFFFD1
:107A700020B3F0B4B2FA82F56D090DBB1560D9B12F
:107A800046182F46802016F8014D0139002C0CBFF6
:107A90003C4647F0010484EA0703274601FB03F450
:107AA00025431560347814FB03F34340D8B2002912
:107AB000E9D108B9F0BC70470248FBE702487047BB
:107AC0000148F7E7009EFFFF009FFFFFE0B170B4A1
:107AD000B2FA82F56D09CDB9156091B108442E4610
:107AE00010F8013D002B0CBF334646F0010383EA3A
:107AF00006041E4601FB04F3013945EA030515603F
:107B0000EED1002070BC7047014870470048F9E78B
:107B1000009FFFFF094803686BB9094A09491378B8
:107B20002BB141F8043B12F8083F002BF9D1002299
:107B300001230A6003600348704700BF986D01206D
:107B400058AA02602075012070B578B1084C6568AC
:107B500055B1064601E0656835B13146A86808347C
:107B60001BF06EF80028F6D1284670BD0546FBE7ED
:107B700058AA0260074B5A6852B11978814204D161
:107B800006E013F8081F814202D0DA68002AF8D113
:107B90001046704758AA026030B4084C636853B16D
:107BA0009D6908342D788542F8D15D688D42F5D104
:107BB0005D789542F2D1184630BC704758AA0260F1
:107BC000402200211BF038B868B110B50446C06BE4
:107BD00018B123689B691B6A984720464021BDE87D
:107BE00010400AF0D5B87047E9B170B5B0FA80F42A
:107BF00006466409ACB90D46402221461BF01CF82C
:107C0000AB69DB699847F06378B16B783560022B1C
:107C100001D0204670BD064A2046064BF260336113
:107C200070BD054870BD04487047044870BD00BF72
:107C30000D7900602D790060009FFFFF809EFFFF9F
:107C4000F0B130B40468C4B12569AD0712D5012B79
:107C50004260037209D06578033D022D05D963B9EE
:107C6000A369C06B9B6930BC1847A369C06B5B6993
:107C700030BC184765689542E9D0024830BC70476F
:107C800000487047009FFFFF0346002827D0026886
:107C90005278022A23D1042923D8DFE801F0080E04
:107CA000141A03000020104AD8601A6170470F4967
:107CB00000200F4AD9601A6170470E4900200E4A11
:107CC000D9601A6170470D4900200D4AD9601A61C8
:107CD00070470C4900200C4AD9601A6170470B4864
:107CE00070470B48704700BF597A00600D790060FB
:107CF0002D79006095790060717A0060B979006033
:107D0000E1790060457A0060CD7A0060009FFFFF56
:107D1000809FFFFFC8B138B50368A3B199B1102A9D
:107D20000FD81C69E4070AD4DD68AA420BD30446C5
:107D30002A4628301AF0B4FFA563002038BD154646
:107D4000F5E7034838BD034838BD0248704700BF17
:107D5000809FFFFF009FFFFF28B103681BB1002336
:107D60004362184670470148704700BF009FFFFFFD
:107D7000B0B10368A3B15B78062B01D00020704737
:107D800030B5154683B00C46836B90F9081000F1AE
:107D90002802C06B8DE8300005F03CFC03B030BD1C
:107DA00000487047009FFFFF2DE9F04F85B00E9D02
:107DB000002800F082800F4604460168002D7CD028
:107DC0001646B1FA81F25209002A76D148782A6023
:107DD0000128D1F8149024D0062800F08780B9F14A
:107DE000000F00F0D0809F4298465ED0022826D037
:107DF000032800F08480052874D1896904F11402F5
:107E0000E06B04F12803CDF808808DE8840004F1CC
:107E100024020C693146A04700B92E6005B0BDE8C8
:107E2000F08F4E457ED189693A462E604D68E06BF1
:107E300094F90810AC4605B0BDE8F04F604794F9DE
:107E40000830002B3BD0012B606A03D1C0EB090343
:107E50009E423CD3002867D1002E45D0B6FBF9FAEC
:107E600009FB1A6ABAF1000F00F08480CAEB06061B
:107E7000524604F11400B9191AF012FF636A534410
:107E80006362002E30D094F90810226804F12803B0
:107E9000E06B946932468DE88001A468A047002811
:107EA000BCD12B681E442E60B8E7636A2BB9B6FBC1
:107EB000F9F309FB1363002B98D03448AEE7E3686D
:107EC000606A002BC2D0C0EB09039E42C2D8204496
:107ED0003246394614301AF0E3FE636A00201E442D
:107EE00066629BE72A4899E7002097E73A463146C1
:107EF000E06B2E6005B0BDE8F04F05F051BCD1F845
:107F000018E004F1280294F9081004F12403E06B4E
:107F10008DE884013246DEF80C40A04700287FF44B
:107F20007DAF7AE71B4879E7C0EB090A2044394660
:107F3000524614301AF0B4FEA64694F9081004F123
:107F400028035EF814CB4A46E06BDCF818C0CDF885
:107F500000E0CDF80480DCF808B0D84700287FF4B2
:107F60005DAF2B68C8445744CAEB06064B442B60F0
:107F7000606271E794F90810002986D1E368002B4C
:107F800083D0CA4672E7044848E700BF009FFFFF5E
:107F9000809FFFFF809DFFFF809CFFFF002872D025
:107FA0002DE9F041046882B0002A6ED0B4FA84F35F
:107FB0005B09002B69D165781360EB1E042B1DD97A
:107FC000A5F10903B3FA83F35B09BBB92678483EF0
:107FD000012E17D9012D3DD0022D52D10E4690F918
:107FE00008100746154601290ED06269436A9A4275
:107FF00038D0C268002A42D1002B40D1002002B004
:10800000BDE8F0811846FAE7C3681BB3816B00F145
:108010001408002931D07A6A404698473B68F86BCB
:1080200099695A698C6897F90810019607F1280335
:10803000CDF80080A0470028E1D197F90830BBB9FE
:1080400039683B6901B149692A46304602B0BDE84A
:10805000F0411847436A0E48002B08BF002002B0C9
:10806000BDE8F081A36907F11408C06B9C68DCE7E8
:108070003B6803B15B692B60C0E7E168CBE704486C
:10808000BDE70448BBE7044870470348B7E700BFB3
:10809000809DFFFF809FFFFF009FFFFFB8B130B4BE
:1080A00004688CB1B1FA81F35B096BB990F908509F
:1080B000012D09D16478062C02D0184630BC7047D7
:1080C000C06B30BC05F0E4BB024830BC70470148CF
:1080D000704700BF009FFFFF60B330B5046885B0F4
:1080E00034B390F908501DBB6478062C02D00020F0
:1080F00005B030BD102A1BD80C46C06B694615462A
:1081000005F0C6FB0028F3D1002DF0D021466C46C7
:108110004A1911F8015B14F8013B914283EA050307
:1081200040EA0300C0B2F4D10028E0D00248DFE703
:108130000248DDE701487047009DFFFF009FFFFFF9
:1081400030B585B01D460446FFF7E4FD60B9F4B1D3
:108150002368E3B10A9B2946606220460093089A8F
:10816000099BFFF721FE08B105B030BD0A9B2046F0
:1081700003AA1968099B1944FFF710FF0028F3D1DF
:108180000A9B1A68039B13440A9A1360ECE70148A0
:1081900005B030BD009FFFFF2DE9F0431D46036889
:1081A0009046079E5B78089F062B099CDDF828E027
:1081B0000B9ADDF830C0DDF8349016D0082B11D1C1
:1081C000C06B434614600A46CDF830902146CDF886
:1081D0002CC0CDF828E0099708960795BDE8F04334
:1081E000FFF75ABA0B48BDE8F083C06B0B4614602A
:1081F00001212246CDF834C0CDF83090CDF82CE0E6
:108200000A9709960895CDF81C80BDE8F04305F063
:10821000CDBB00BF809FFFFF30B51C46036887B011
:108220005B78062B1ED0082B19D113460E9AC06B13
:1082300015460C9A2A600A460D9D109903950B9DD0
:10824000059102950F990A9D04910C998DE83000D3
:10825000FFF78AFA10F10F0F1CD007B030BD0E489F
:1082600007B030BD13460E9AC06B15460C9A2A60B3
:108270000A46109D0D9903950F9D059102950B9946
:108280000A9D04910C998DE8300005F0B7FB10F1C0
:10829000120FE2D10148E0E7809FFFFF009DFFFF42
:1082A000FAF736BA10B45DF8044BFAF73FBA00BFDC
:1082B00030B430BCF9F7F8BE30B430BCF9F780BF49
:1082C000F9F70ABCF9F7ECBA13460A46022105F0A1
:1082D000F1B800BF13460A460221FFF7ADB900BF4F
:1082E000FEF76CBC10B45DF8044BFEF72FBD00BF69
:1082F00030B430BCFEF78EBD30B430BCFEF7CCBD20
:10830000FEF7FCBBFEF7ACB913460A46052105F0A3
:10831000D1B800BF13460A460521FFF78DB900BF4B
:1083200011461A4600F0EEB811461A4600F062BA3D
:1083300010B45DF8044B00F001BA00BF10B45DF852
:10834000044B00F0A9BC00BF00F0BCBE00F0B4BEFE
:1083500000F020BF00F00EBF00F072BF00F060BF61
:1083600010B5044600F090F82046BDE810401AF021
:108370005FBC00BF10B5044600F07AF82046BDE8A7
:1083800010401AF055BC00BF10B50446FFF77AF94B
:108390002046BDE810401AF04BBC00BF10B50446A3
:1083A00005F064FB2046BDE810401AF041BC00BF58
:1083B00010B50446FEF74EF92046BDE810401AF00D
:1083C00037BC00BF10B50446F9F764FA2046BDE893
:1083D00010401AF02DBC00BF10B54FF4C071012041
:1083E0001AF022FC044608B100F048F8204610BDFF
:1083F00010B5802101201AF017FC044608B100F0E6
:1084000033F8204610BD00BF10B5402101201AF0FE
:108410000BFC044608B1FFF70BF9204610BD00BF66
:1084200010B54FF4C47101201AF0FEFB044608B1E8
:1084300005F03AF8204610BD10B54FF48A710120BE
:108440001AF0F2FB044608B1FEF7FEF8204610BD14
:1084500010B54FF48C7101201AF0E6FB044608B108
:10846000F9F712FA204610BD802200211AF0E4BB71
:1084700010B1802109F08CBC704700BF4FF4C0726E
:1084800000211AF0D9BB00BF18B14FF4C07109F038
:108490007FBC7047431E0549073013F8012F52086F
:1084A00083428A5C1A70F8D1704700BF8CB10260B9
:1084B00010B4431E084C073013F8012F5108615CBB
:1084C000914205D19842F7D100205DF8044B7047E6
:1084D00001205DF8044B70478CB1026070B5084C08
:1084E000054604F1800608222046294614441AF065
:1084F000DFFB18B1B442F6D1002070BD012070BD81
:108500000CB202602DE9F04F91F805C000F11007A0
:108510004D7890304FEA0C4691F800E02D0491F828
:1085200004C0CC7946EA0C6C8E7845EA0E6ECD78A4
:108530004CEA040491F806C04EEA05057E4B44EA75
:108540000C2C45EA06258CEA151101F00F3185EA5D
:1085500001148CEA010C8CEA144189B28CEA010600
:1085600084EA014181EA960C0CF0333C81EA0C016B
:1085700086EA8C0C81EA1C2404F0FF148CEA042C9B
:1085800061404FEAFC7581EA050C0CF0AA3C81EAD7
:108590000C0185EA0C0C4FEAF17457F8101C1037E7
:1085A00057F81C6C8CEA010E57F8185C86EA3C16EA
:1085B00057F8141C0EF03F0BCEF3052906F03F0AC6
:1085C000CEF3054803EB8B0BCEF3056E03EB8A0A63
:1085D000B842DBF800B103EB8909DAF800A203EB3B
:1085E0008808D9F8009303EB8E0E8BEA0A0BD8F8B3
:1085F00000A4C6F30528DEF800E58BEA090BC6F3F4
:10860000054903EB8808C6F305668BEA0A0B03EB02
:108610008909D8F800A603EB86068BEA0E0ED9F876
:108620000087D6F800688EEA0A0E8EEA080E8EEAF7
:10863000060684EA060485EA040581EA3411C5F3D6
:10864000052905F03F08C5F3054AC5F3056503EBA9
:10865000890901F03F0E03EB8808C1F30526D9F81C
:10866000009303EB8A0AD8F8008103EB8505DAF85A
:1086700000A403EB8E0E89EA0808D5F80055C1F373
:108680000549C1F3056188EA0C0CDEF800E203EB52
:1086900081018CEA0A0803EB8606D1F800C803EBD7
:1086A000890988EA0508D6F80066D9F8005788EAEB
:1086B0000E0181EA060181EA050181EA0C0C7FF4D2
:1086C0006CAF4FEA7C0C002084EA0C0303F0AA3361
:1086D00084EA03018CEA030C4FEA71048CEA142348
:1086E00003F0FF1384EA03218CEA030C8CEA910364
:1086F00003F033338CEA030C81EA830383EA1C41E1
:1087000089B28CEA01444B4083EA141101F00F3125
:108710004B4084EA01110C0ED1701E0ED3710D0C6A
:108720001470090A16711C0C55701B0A9170547153
:108730009371BDE8F08F00BF8CB102602DE9F0436A
:10874000560783B00A9C0B9D51D101291646074656
:10875000994628D01AB303F1FF3820686B46616848
:108760002A4603C321463846FFF7CCFE6A1E43461D
:1087700005F1070E12F8010F13F8011F724581EA87
:1087800000011170F6D16B46083E04F1080405F1B2
:10879000080503CBC9F80000C9F80410DDD100209A
:1087A00003B0BDE8F083002AF9D0013C03F1FF38A3
:1087B00041466A1E04F1080E14F8010F11F8013F3A
:1087C000A64583EA000302F8013FF5D12A4629466F
:1087D00038460835FFF796FE55F8082C55F8043C46
:1087E000083EC9F80020C9F80430E1D1D7E76FF09E
:1087F0003100D5E72DE9F04F96464B794A7883B0A2
:1088000006460D78120401901B0400F1100A087945
:1088100042EA0565CA7806F1900C43EA0060CB791C
:108820002A438D780343887942EA0525AF4C43EA11
:10883000002383EA151101F00F314B4085EA011244
:1088400083EA124189B283EA010082EA014181EAA6
:10885000900303F03333594080EA830381EA132203
:1088600002F0FF1283EA022351404FEAF37281EAD9
:10887000020303F0AA33594053404FEAF1715AF80A
:10888000100C0AF1100A5AF81C5C58405AF8186C7F
:1088900085EA33155AF8142C00F03F0BC0F3052776
:1088A00005F03F08C0F3054904EB8B0BC0F30560EE
:1088B00004EB8808D445DBF800B104EB8707D8F84F
:1088C000008204EB8909D7F8007304EB80008BEA7F
:1088D0000808D9F800B4C5F3052988EA0708D0F8D4
:1088E000007504EB890988EA0B00C5F30548C5F358
:1088F000056580EA070004EB8808D9F8007604EBE8
:10890000850580EA0700D8F80077D5F8005880EA96
:10891000070080EA050081EA000181EA06004FEACB
:108920003115C0F3052800F03F06C0F3054782EA81
:10893000050204EB8808C0F3056004EB8606D8F84E
:10894000008304EB8707D6F8006104EB8000D7F8BA
:10895000009402F03F0788EA0608D0F80005C2F349
:10896000052604EB870788EA0303C2F30548D7F816
:10897000007204EB860683EA090304EB8808D6F844
:108980000066C2F3056283EA0003D8F8000704EB2F
:10899000820283EA0703D2F8002883EA060383EA07
:1089A000000383EA02037FF46AAF019A02F5887A32
:1089B00001E04FEA31155CF80C2C0CF1100C5CF85E
:1089C000200C55405CF8186C48405CF8142C05F0FD
:1089D0003F08E24500F03F0BC0F3052704EB880891
:1089E000C0F3054904EB8B0BC0F3056004EB87076C
:1089F000D8F80082DBF800B104EB8909D7F80073DE
:108A000004EB80008BEA0808D9F800B4C5F3052907
:108A100088EA0708D0F8007504EB890988EA0B009A
:108A2000C5F30548C5F3056580EA070004EB88082F
:108A3000D9F8007604EB850580EA0700D8F80077BE
:108A4000D5F8005880EA070080EA050083EA0003B1
:108A500083EA06004FEA3315C0F3052800F03F060D
:108A6000C0F3054782EA050204EB8808C0F30560FD
:108A700004EB8606D8F8008304EB8707D6F800617C
:108A800004EB8000D7F8009402F03F0788EA06085C
:108A9000D0F80005C2F3052604EB870788EA010138
:108AA000C2F30548D7F8007204EB860681EA090193
:108AB00004EB8808D6F80066C2F3056281EA00017B
:108AC000D8F8000704EB820281EA0701D2F80028F7
:108AD00081EA060181EA000181EA02017FF469AFBF
:108AE000019A1E4602F5C87004E000BF8CB1026016
:108AF0004FEA36155AF80C3C0AF1100A5AF8207C55
:108B00005D405AF8182C77405AF8143C05F03F099C
:108B1000504507F03F0BC7F3052804EB8909C7F35D
:108B2000054C04EB8B0BC7F30567D9F8009204EBF7
:108B30008808DBF800B104EB8C0CD8F8008304EB58
:108B400087078BEA090BDCF80094C5F3052CD7F8EE
:108B500000758BEA080BC5F3054804EB8C0CC5F3D4
:108B600005658BEA090B04EB8808DCF800C604EB0A
:108B700085098BEA070BD8F80057D9F800788BEAFB
:108B80000C0888EA050585EA070581EA050182EAFD
:108B9000010283EA3113C2F3052802F03F0CC2F34D
:108BA0000549C2F3056204EB880803F03F0704EBB4
:108BB0008C0CC3F30525D8F8008304EB8909DCF895
:108BC00000C104EB8202D9F8009404EB870788EA1D
:108BD0000C0CD2F80025C3F30548C3F305638CEAF7
:108BE0000606D7F8007204EB830386EA090C04EB4F
:108BF0008505D3F8006804EB88088CEA020CD5F8E8
:108C00000056D8F800278CEA070383EA050383EAB5
:108C1000020386EA03067FF46BAF4FEA7603002077
:108C200081EA030404F0AA3461405C404FEA710217
:108C300084EA122303F0FF1382EA03215C4084EAF2
:108C4000910303F033335C4081EA830383EA1442E7
:108C500092B284EA0241534083EA111202F00F32C9
:108C6000534081EA0212110E8EF803201D0E8EF879
:108C70000730140C8EF80010120A8EF80450190CEC
:108C80008EF801401B0A8EF802208EF805108EF82F
:108C9000063003B0BDE8F08F2DE9F043560783B0EE
:108CA0000A9C0B9D51D1012916460746994628D0AA
:108CB0001AB303F1FF3820686B4661682A4603C384
:108CC00021463846FFF796FD6A1E434605F1070E1A
:108CD00012F8010F13F8011F724581EA00011170AB
:108CE000F6D16B46083E04F1080405F1080503CBF4
:108CF000C9F80000C9F80410DDD1002003B0BDE8B8
:108D0000F083002AF9D0013C03F1FF3841466A1E86
:108D100004F1080E14F8010F11F8013FA64583EA8B
:108D2000000302F8013FF5D12A46294638460835A6
:108D3000FFF760FD55F8082C55F8043C083EC9F8CB
:108D40000020C9F80430E1D1D7E76FF03100D5E752
:108D50002DE9F04F91F801E008304A7900250F78AD
:108D60004FEA0E430C79120443EA076ECB79CF78B1
:108D700042EA04628C794EEA07071A4391F802E04E
:108D800042EA0424CB4E47EA0E2383EA141202F08F
:108D90000F32534084EA021283EA020101F01031DB
:108DA0004B405140C1F3436E0A0F03F00F04C3F36D
:108DB000036C06EB820206EB8E0ED2F8408906EBBE
:108DC000840406EB8C0CDEF840E95F0FD4F80099C0
:108DD000C1F34302DCF8004906EB87074EEA081CA2
:108DE000C1F3432E06EB8208C3F3032244EAC9040D
:108DF000D7F8009906EB8E0ED8F8407944EA0914AA
:108E000006EB8202DEF84099C1F3434E4CEAC708F4
:108E1000D2F80029C3F3034C06EB8E0E44EA820716
:108E200048EA8904DEF8408906EB8C02C1F3031E90
:108E3000C3F3431C44EA480406EB8E0ED2F8002923
:108E4000DEF8408947EA4202C1F3033E06EB8C0795
:108E5000C3F3433CC1F30351D7F80079C3F3435341
:108E600006EB8C0C06EB8E0E42EAC717DCF8009975
:108E700006EB8303DEF8402944EAC81406EB8101BF
:108E8000D3F800C944EA821447EA8913D1F840298B
:108E900043EA4C1344EA421223F0704322F070423A
:108EA000082D18BF012D40F3FA800F2D00F0F78038
:108EB0009C0E910E44EA830341EA820223F0704340
:108EC00022F07042D90302F400771E0102F4807987
:108ED0001C0701F0005C4FEA434B06F0105604F00B
:108EE00080544FEA833A0BF0805B4FEA8348264375
:108EF0009C024BEA0C0C0AF0006A04F0006E46EA91
:108F000009094CEA070C9F0549EA0A0908F00278AA
:108F10004CEA0E0C07F080664FEA930E49EA080807
:108F20004FEA831A4CEA06070EF000794FEA432B0A
:108F30005E000AF0807A47EA09074FEAC32C48EA44
:108F40000A0A06F0807E0BF400181E044FEA530B49
:108F500047EA0E0E4AEA080806F400160BF4801BD6
:108F600004F480244EEA060E4FEAC30948EA0B0BCC
:108F70000CF4801C4FEA830801F400314BEA040B27
:108F80004EEA0C0C08F4003609F4002E9F0A013555
:108F90004FEA93194BEA06084CEA0E0C07F48037A7
:108FA000560B09F4802948EA07074FEA12184CEAE1
:108FB000090906F400564FEA131C08F480583E4392
:108FC00049EA01010CF4803C4FEA821E970846EA08
:108FD00008080EF4006E41EA0C0107F40057560829
:108FE000140248EA0E0839434FEA923E06F48066BE
:108FF00004F4805440F608090EF4007748EA0606A7
:109000000C430EEA09094FEA52184FEA522C3E432C
:1090100044EA090108F02008970A0CF4806C4FEA32
:10902000C21E46EA080607F010074FEAD20941EAD5
:109030000C010EF4807E4FEAD21A46EA070841EA94
:109040000E0E09F00806970C0AF0200A48EA0608F6
:1090500009F0110907F00407960E4EEA0A0E940073
:1090600048EA070706F002064EEA090E04F0040477
:10907000510D3E434EEA0404C2F3006701F00201C1
:10908000102D46EA070600F1080041EA040140F805
:10909000106C40F80C1C7FF403AFBDE8F08FDC0EC1
:1090A000D10E44EA430341EA420223F0704322F026
:1090B000704207E78CB1026008B5FFF749FE002057
:1090C00008BD00BF38B50446FFF742FE04F1400575
:1090D0002046221D23469C6F083052F8041C083B92
:1090E00042F8044C0832D3F88440C3F8801050F89A
:1090F000041C40F8044CA842C3F88410EBD10020B3
:1091000038BD00BFF8B515460C4607461146FFF7B7
:109110001FFE05F1080104F18000FFF719FE3B4630
:10912000A646214638460022856FAEF1080E083863
:10913000083344F822500831D0F8845041F8045CD8
:10914000DEF8005153F8046C9D67DEF80451DD67CA
:1091500057F82250C3F8FC60C3F8F85054F8226066
:10916000023251F8045C202AC1F8F860C1F8FC50C2
:10917000DAD1F8BD00B5E1B00A466946FFF7C2FF93
:1091800068464FF4C07108F003FE002061B05DF83E
:1091900004FB00BF00B5E1B00A4601466846FFF790
:1091A000B1FF68464FF4C07108F0F2FD002061B0D5
:1091B0005DF804FB70B516460D4604461146FFF7F0
:1091C000C7FD05F1800006F10801FFF7C1FD06F1BA
:1091D000100104F58070FFF7BBFD29462046A4F17D
:1091E000800523460A46D3F87841083B0839083001
:1091F00014600832D3F8844142F8044CD1F800419D
:109200008467D1F80441C467D3F88040C2F8F840BD
:10921000D3F884409D42C2F8FC40E4D170BD00BF49
:1092200000B5E1B00A466946FFF7C4FF68464FF44F
:10923000C07108F0ADFD002061B05DF804FB00BF17
:1092400000B5E1B00A4601466846FFF7B3FF68463D
:109250004FF4C07108F09CFD002061B05DF804FB84
:10926000002180222DE9F04FADF5697D0E46824642
:10927000DFF82C9308A802ACDFF8288319F0DCFC97
:1092800028A84FF4C072314619F0D6FC771006F0CA
:10929000010BBAF1000F0FD07A1C002FBC48C2EBB3
:1092A000C2020CBF20213321BBF1000F0CBF4B4683
:1092B0004346D20019F000FDB64A731E92E803003F
:1092C00084E80300042B00F29080DFE813F08900AB
:1092D0007D0071000500400188AD28A9AE4A2846EE
:1092E000FFF768FF28464FF4C07108F051FD42F2C5
:1092F000107503E0FFF706F9013D0BD02246214629
:1093000008A8002FF6D02246214628A8FFF772FAB7
:10931000013DF3D1BBF1000F40F000819F490822CD
:10932000204601EBC70119F0C3FC002840F0098179
:10933000BAF1000F40F0F4800136062EA6D1BAF142
:10934000000F40F020814FF0000B0DF1180804AD24
:109350004FEA6B070BF00109BAF1000F10D07A1C2D
:10936000002F8F4BC2EBC2028E4E0CBF2021332147
:109370008D48B9F1000F18BF3346D20019F09CFC9C
:109380008A4A0BF1FF3392E80300503A88E8030061
:1093900085E8030092E8030084E80300042B00F250
:1093A000AC80DFE813F0A500AF0072002700E400F6
:1093B00088AD28A8784A2946FFF7A4FE28464FF42E
:1093C000C07108F0E5FC92E788AD28A9724A2846EA
:1093D000FFF798FE28464FF4C07108F0D9FC86E7E5
:1093E0006D4908A8FFF7B4FC81E76B4908A8FFF7AF
:1093F00069FE7CE788AE28A9674A3046FFF7DAFEA7
:1094000030464FF4C07108F0C3FCB9F1000F4AD1E7
:1094100042F2107604E00094FFF790F9013E0FD07D
:1094200043460822394608A80194002FF3D043464A
:1094300000940822002128A8FFF72EFC013EEFD15E
:109440005B490822204601EBC70119F031FC0028D6
:1094500077D1BAF1000F40F086800BF1010BBBF120
:10946000060F7FF475AFBAF1000F40F0A98008A88D
:10947000802108F08DFC28A84FF4C07108F088FC0A
:1094800050460DF5697DBDE8F08F88AE28A8424AA8
:109490003146FFF737FE30464FF4C07108F078FCD4
:1094A000B9F1000FB4D042F2107988AE11E0009407
:1094B000FFF744F9B9F1010995E8030086E80300D4
:1094C00094E8030085E8030096E8030084E80300BD
:1094D0002AD043460822012108A80194002FE6D093
:1094E000434600940822012128A8FFF7D5FBE1E7B5
:1094F000294908A8FFF72CFC87E7274908A8FFF7A8
:10950000E1FD82E788AE28A9234A3046FFF7FAFD3D
:1095100030464FF4C07108F03BFC76E72549FEE683
:10952000254819F099FB07E795E80300234B08222B
:1095300084E8030003EBC701204619F0B9FB0028BB
:1095400087D0BAF1000F41D14FF0010A8FE788AD03
:1095500028A8114A2946FFF72DFE28464FF4C0716E
:1095600008F016FCC3E6144819F076FB75E788AEE0
:1095700028A8094A3146FFF71DFE30464FF4C07156
:1095800008F006FC41E70A2019F07AFBDBE600BF91
:10959000DC2400200CBB026014BB02602CBB026008
:1095A000A41C0020A81C0020F42400205CBB026046
:1095B0007CBB026044BB0260CC1C002064BB026028
:1095C0000A204FF0000A19F05BFB50E702484FF009
:1095D000010A19F041FB4AE71C1D00200B6870B519
:1095E000D41A012C15DD1C789E1C5B78921B0E6032
:1095F00043EA042494420CDC0D4622463146FAF735
:10960000FDFD18B92B681C442C6070BDA0F54450BA
:1096100070BD014870BD00BF80CFFFFF70B586B040
:1096200006460D466846FAF7DDFB03A8FAF7DAFBB3
:1096300068460221FAF740FD044640B16846FAF751
:10964000D9FB03A8FAF7D6FB204606B070BD294621
:10965000022203A8FBF744F904460028EED169462C
:109660003046FAF797FF002805DB304603A9FAF7E2
:1096700091FF0028E2DD014CE0E700BF80CFFFFF53
:109680007C22002119F0D8BA2DE9F041061D0546CB
:109690000C4617463046FFF7A1FF18B1034618469F
:1096A000BDE8F0813A46214605F11000FFF796FF2C
:1096B0000028F3D105F134083A4621464046FFF729
:1096C0008DFF0028EAD140463146FFF7A7FF044648
:1096D00008B10346E3E73046FAF78AFD23462860DF
:1096E000DDE700BF2DE9F04F041D87B006468B462D
:1096F0002046002117469846FAF7BEFF00283DD0C5
:1097000006F11C094FF00C0A119B5946109A484665
:10971000FBF7EEFF18B129E0FAF71EFE30BB214639
:109720004846FAF737FF00284FF001014846F3DAC0
:10973000BAF1010A20D02146FFF770FF0028E3D1DB
:1097400006F14C0306F1280A06F1100B05460093BA
:109750004A46504659462346FBF7FCFD30B92146A0
:109760005046FFF75BFF58B1054601E0A0F54655AE
:10977000284607B0BDE8F08F264DF9E7264DF7E7FC
:10978000BB1C20460293FAF733FD81465846FAF790
:109790002FFD02905046FAF72BFD4A460390B91C64
:1097A0002046FAF761FD0028E0D1BB1C4FEA1922E0
:1097B00087F8019058464B443A70029A991C0593D9
:1097C0000491FAF751FD059B0028CFD10299BC1CEA
:1097D0000498039A00EB010B090A504604F809109B
:1097E0000BF1020A9DF8084051465C70FAF73CFD07
:1097F0000028BBD1039802998244020A049BC7EB5C
:109800000A075A548BF80100C8F80070C6F8009097
:10981000AEE700BF80CEFFFF80CFFFFF002A18BF5A
:109820000029F8B51AD0C8B1071D054616463846B6
:10983000FAF762FB044618B1A4F556542046F8BD69
:10984000314605F11000FAF757FB04460028F3D122
:109850003846FAF7CDFC28602046F8BD004CEDE70D
:1098600080CFFFFF68B162B110B50468A24206D88C
:109870003430FAF7C3FC18B1A0F5485010BD0248C7
:1098800010BD0148704700BF80CFFFFF2DE9F04FAA
:1098900083B0002853D0B3FA83F46409002C4ED16E
:1098A0000568AB424BD8051D06468846214628462A
:1098B0001F469346FAF7E0FE002840D006F11C044C
:1098C0004FF00C090D9B41460C9A2046FBF710FF08
:1098D00018B12EE0FAF740FD58BB29462046FAF7AA
:1098E00059FE00284FF001012046F3DAB9F10109D1
:1098F0002BD02946FFF792FE82460028E2D106F1DE
:109900004C0306F12808224606F110010093404658
:109910002B46FBF71FFD60B929464046FFF77EFE48
:1099200008B1824607E03A4659464046FAF79CFCA1
:1099300008B1A0F54A5A504603B0BDE8F08FDFF8F1
:1099400010A0504603B0BDE8F08FDFF808A0F2E7A2
:1099500080CFFFFF80CDFFFF2DE9F04F87B00028BB
:109960006ED0046894426BD8061D00F13409044699
:109970000F46484631469846FFF750FE20B1044650
:10998000204607B0BDE8F08F03A8FAF72BFA109B2A
:10999000002B00F0908004F11C0A04F17005504681
:1099A0002946FAF7F7FD00283CD104F158050121BA
:1099B0002846FAF761FE002840F0A5804FF00C0B16
:1099C0003046FAF715FC119B0146109A2846FBF722
:1099D0008FFE18B12BE0FAF7BFFC40BB314628469A
:1099E000FAF7D8FD00284FF001012846F3DABBF161
:1099F000010B00F0A880FAF73FFE0028E0DD04F13B
:109A0000640B324629465846FCF70AF978B904F146
:109A10004C0033465246594600905846FBF79AFC94
:109A200000B304E028465146FAF766FA50B1A0F5B3
:109A30004C5403A8FAF7DEF9204607B0BDE8F08FD2
:109A4000424C9DE704F1580501212846FAF734FB02
:109A50000028ECD104F1640B01215846FAF72CFBE5
:109A60000028E4D12A46494603A8FAF751FF002806
:109A7000DDD103A932460846FBF7F8FA0028D6D113
:109A800004F140054C34524633460094284603A95D
:109A9000FBF760FC0028CAD15A4629462846FAF747
:109AA00037FF0028C3D1324629462846FBF7DEFAA5
:109AB0000028BCD113E0494603A8FAF71DFA002894
:109AC000B5D104F14C0104F14005334604F11C0208
:109AD0000091284603A9FBF73DFC0028A7D12846A2
:109AE000FAF786FB024639462846C8F80020FAF7FE
:109AF000BBFB044603A8FAF77DF9002C3FF440AF06
:109B0000A4F54C543CE72A4629462846FAF700FFBC
:109B100000288CD1324629462846FBF7A7FA0028B0
:109B200085D104F1640B5A4659465846FAF7F0FEBF
:109B300000287FF47CAF324659465846FBF796FA28
:109B400000288FD073E7024C73E700BF80CFFFFF80
:109B5000F2CCFFFF10B504467030FAF74BF904F170
:109B60006400FAF747F904F15800FAF743F904F1F1
:109B70004C00FAF73FF904F14000FAF73BF904F121
:109B80003400FAF737F904F12800FAF733F904F151
:109B90001C00FAF72FF904F11000FAF72BF9201D39
:109BA000FAF728F920467C21BDE8104008F0F0B80B
:109BB0002DE9F0418EB006460C4608A8059205F046
:109BC000B7FF059919B1631813F8013C63B3214439
:109BD000302306AA07A80794F9F796F8B0B1A0F5C4
:109BE0004E5508A806F07AF94DB928460EB0BDE8E2
:109BF000F08110F5845F53D008A806F06FF9304665
:109C0000FFF7A8FF28460EB0BDE8F081079C371D7E
:109C1000069B07A83A461C442146F9F799F90546E0
:109C200098B1A5F54E55DCE705AA0193009308A865
:109C3000029223461B4A1C4905F080FF0546002876
:109C4000D7D10999089C0591C1E706F11002214678
:109C500007A8F9F77DF905460028E2D1079B9C4249
:109C600016D00BA8FAF7BEF80BAA214607A8F9F7F9
:109C70006FF980460BA8FAF7BDF8B8F1000F02D0D3
:109C8000A8F54E55ADE7079B9C4201D0074DA8E7CC
:109C90003846FAF7ADFA306008A806F01FF9A4E7D5
:109CA000059994E70C250020282500201ACCFFFFF9
:109CB00010B5A0B004467C22002101A818F0BCFF1A
:109CC0006CB9FB220F4901A8FFF772FF041C18BFF3
:109CD000012401A8FFF73EFF204620B010BD0A482E
:109CE00018F0EAFFFB22074901A8FFF761FF0446CD
:109CF00020B10648012418F0AFFFEAE7044818F045
:109D0000ABFFE6E794BB0260482500201C1D002045
:109D1000601D002002F09EB92DE9F0418CB016467E
:109D20000546884603A81F4601F074F931462846C7
:109D300001F0AAFD044630B103A801F093F92046D2
:109D40000CB0BDE8F081139B2846129A03A9019339
:109D5000334600923A4602F095F804460028EBD1CB
:109D600003A801F043FC28B9404603A9FAF7C4F858
:109D70000446E1E7004CDFE780B0FFFF4FF49A7242
:109D8000002118F059BF00BF08B310B5044601F018
:109D900079F904F1880001F065F904F1AC0001F0F3
:109DA00061F904F1E00001F05DF904F5827001F061
:109DB00059F904F17C00FAF71DF804F1D000FAF724
:109DC00019F804F59470BDE81040FAF713B870471D
:109DD0002DE9F04385B0002837D0856D0446002D6D
:109DE00033D000F1880699460D9B90460F463246C7
:109DF000009300F17C010C9B02F02CF9054618B190
:109E0000284605B0BDE8F0834B46424602A92046ED
:109E100001F014FD20B10546284605B0BDE8F083E9
:109E2000029B3146D4F8DC20204608EB0306C3EB46
:109E3000090403AB0194009601F0BCFC0028EAD1B0
:109E4000029A039B13443B60DAE7014DD8E700BF59
:109E500080B0FFFF70B515460A680C460646AA1A80
:109E600001F0C0FC00B170BD2368224606F1AC01D0
:109E70003046EB1ABDE8704001F082BC70B5144664
:109E800005460E4601F058F948B9012C10D0BCB96E
:109E900006F1880105F1880001F036F900B170BDC6
:109EA00006F17C0105F17C00BDE87040FAF724B8AA
:109EB00006F1880105F1AC00BDE8704001F024B95D
:109EC0000048ECE780B0FFFF2DE9F04182B01E466C
:109ED000DDF824E0089BE8B1876D0446D7B100F1B6
:109EE000880715468846CDF800E000F17C013A4627
:109EF00002F0B0F810B102B0BDE8F081D4F8DC2077
:109F00004346394620460996089502B0BDE8F0411F
:109F100001F050BC0048EEE780B0FFFF30B583B0E1
:109F2000019170B115460C46134600F1AC0101AA2F
:109F300001F026FC18B90199091B8D4201D103B02B
:109F400030BD0148FBE700BF80B0FFFF2DE9F041C5
:109F500082B0DDF820E0DDF824C040B300F1D00885
:109F60001D4617460E46CDF804C000F17C03CDF81F
:109F700000E0414600F1AC020446FFF7CDFE10B10F
:109F800002B0BDE8F0814046FAF732F9A8420ED897
:109F9000A26D3946404612F0070318BF012303EBB8
:109FA000D202326002B0BDE8F041FAF75DB9014873
:109FB000E6E700BF80B0FFFFF8B5C46D05460E466A
:109FC000084607341146E4089C4228BF1C46224636
:109FD000FAF714F90746C0B9E400E96D8C420DD8D0
:109FE0004C3530462946FAF7D5FA00280DDB2A46CB
:109FF00031463046BDE8F840FAF732BC611A3046C7
:10A00000FAF7AAF90028EBD007463846F8BD00BF9A
:10A010002DE9F04F456D97B0DDF88C80002D00F0F4
:10A02000CA800C4605460121184699469346FAF720
:10A0300023FB002845DB05F14C0648463146FAF77C
:10A04000A9FA00283DDA0C230DA8029300F0E2FFE4
:10A0500004A8F9F7C7FE07A8F9F7C4FE0AA8F9F79C
:10A06000C1FECDF88C80B046239E0C2702E0FAF7A3
:10A0700003FB50BB0DAA04A900962846229B01F0C1
:10A08000E9FF42460DA9D0B92046FAF7EFFFB0B973
:10A09000013F01462046EAD1484B0DA8029300F04B
:10A0A000E1FF04A8F9F7A6FE07A8F9F7A3FE0AA89E
:10A0B000F9F7A0FE029B184617B0BDE8F08F0346E3
:10A0C000EBE73F4817B0BDE8F08F219B07A9209A26
:10A0D0002846FFF771FF03460028DED14FF01F0A24
:10A0E000EF6D3346229A0AA80737FF083946FBF777
:10A0F000FFFA0028E3D1E96D0AA8C1EBC701FAF71E
:10A100002BF901210028DAD1BAF1010A0AA850D0AE
:10A11000FAF7B2FA002841460AA8E1DBFAF73AFA60
:10A120000028DDDA4A4621465846FAF7F1FB034695
:10A130000028B2D107A95A460846FAF769FB034638
:10A140000028AAD107A90AAA0846FAF7E1FB0346A4
:10A150000028A2D104A90AAA0846FAF7D9FB0346A7
:10A1600000289AD1424604A95846FBF759FD0346F8
:10A17000002892D107AA59465846FAF7C9FB034668
:10A1800000288AD1424659465846FAF76FFF0346DF
:10A19000002882D1029A013A02923FF47DAF014633
:10A1A00003905846FAF768FA039B00283FF45DAF26
:10A1B00073E7024880E703487EE700BF00B3FFFF74
:10A1C00080B3FFFF80B0FFFF2DE9F047B8B006462F
:10A1D000884691469DF808011F46F46D04F080F909
:10A1E000002841D00734824604A8E408F9F7FAFDB4
:10A1F0001FA803F0C5FE07A922463846FAF734F82F
:10A20000054648B11FA804F013F804A8F9F7F2FDB9
:10A21000284638B0BDE8F087419B04A9409A3046F3
:10A22000FFF7CAFE05460028ECD107AB224604A87A
:10A230001919FAF719F805460028E3D1630007AAAF
:10A2400051461FA803F0F4FE084C419A1FAB4099F9
:10A25000304603933B4601924A46009141460294A0
:10A26000FFF7D6FE0546CDE70148D2E71DE20060C4
:10A2700080B0FFFF2DE9F04399B005461F468846A0
:10A280000FA8914600F0C6FE03A8F9F7ABFD06A89B
:10A29000F9F7A8FD09A8F9F7A5FD0CA8F9F7A2FDA3
:10A2A0006B6D002B00F0878001212098FAF7E4F90C
:10A2B000002807DB05F14C0620983146FAF76AF9C9
:10A2C000002813DB3D4C0FA800F0CCFE03A8F9F7E3
:10A2D00091FD06A8F9F78EFD09A8F9F78BFD0CA8EA
:10A2E000F9F788FD204619B0BDE8F08301212198D7
:10A2F000FAF7C2F90028E5DB31462198FAF74AF966
:10A300000028DFDA3946284601F0BEFA0446002864
:10A31000D9D14B46424603A92846FFF74DFE0446D5
:10A320000028D0D13246219906A8FBF779FC0446D3
:10A330000028C8D106AA03A909A8FAF7E9FA044631
:10A340000028C0D109A932460846FAF78FFE044614
:10A350000028B8D106AA20990CA8FAF7D9FA044621
:10A360000028B0D10CA932460846FAF77FFE044611
:10A370000028A8D10CAA019705F1280328460092CD
:10A380000FA909AA01F0E2FD044600289BD10FA8FD
:10A3900001F02CF9002895D10FA932460846FAF7AA
:10A3A00065FE044600288ED120990FA8FAF7F2F82E
:10A3B000002888D086E7024895E700BF00B2FFFF7B
:10A3C00080B0FFFFF0B5A7B004460F4615461E4605
:10A3D00005A8F9F707FD08A8F9F704FD04F17C03C7
:10A3E00020460297019608AA009505A9FFF7ECFE02
:10A3F000044640B105A8F9F7FDFC08A8F9F7FAFCF6
:10A40000204627B0F0BD0DF1950326AD08AA0BA993
:10A4100045F8883D2846F8F719FF061E21DB05AAF6
:10A420000BA92846F8F712FF002818DB06440BA9F1
:10A4300028463246F8F76EFE071E14DB0BA92846A5
:10A440003022F8F7DDFE031E0FDB3E4404992C9802
:10A450001E44324618F024FC2D9B1E60CAE70446B9
:10A46000C8E73446C6E73C46C4E71C46C2E700BF1F
:10A4700070B584B000249DF82450089E00931346C4
:10A480000A462946019603940294FFF79BFF04B005
:10A4900070BD00BFF0B58BB004460E461746109D48
:10A4A00004A802931D44F9F79DFC07A8F9F79AFC4C
:10A4B000294602A8302303AAF8F726FC50B9029ACD
:10A4C000039B13449D4210D104AA294602A8F8F721
:10A4D0003FFD60B1A0F59F4404A8F9F78BFC07A8E5
:10A4E000F9F788FC20460BB0F0BD0E4CF4E702A84B
:10A4F00007AA2946F8F72CFD0028EBD107AB204628
:10A500003A463146019304AB009304F18803FFF708
:10A51000B1FE04460028DFD1029A034B954218BFD2
:10A520001C46D9E71AB0FFFF00B4FFFF70B582B038
:10A5300015461E46044602F06DFE10B1012002B021
:10A5400070BD00962B4604F1880204F17C01204680
:10A5500001F080FD003018BF012002B070BD00BFC7
:10A5600070B505460E4600F0E7FD044638B906F121
:10A570007C0105F17C00F9F7BFFC044620B12846B8
:10A5800000F0B2FD204670BD06F1880105F188009B
:10A5900000F0BAFD04460028F1D1F3E700F050BD09
:10A5A00000F0A2BD38B54B6E0446A3B303680D4658
:10A5B000002B29DB2046F9F7F3FDAB6DB0EB430F21
:10A5C00027D86B6E20469847E8B9043508E0FAF7BB
:10A5D00053F82A46214660B12046FAF719F990B996
:10A5E0002368002120468B42F1DB02E0FAF7C8F82D
:10A5F00048B929462046F9F7CDFF00282A462146CA
:10A600002046F3DA002038BD0021FAF735F800289B
:10A61000D0D0044838BD0A1D0146BDE83840FAF7DD
:10A6200025BD00BF80B0FFFF2DE9F0410E4686B08A
:10A630000746002106F118052846FAF71DF810B95B
:10A6400006B0BDE8F0816846F9F7CCFB03A8F9F73E
:10A65000C9FB68463A1D2946FBF7E2FA044648B1B1
:10A660006846F9F7C7FB03A8F9F7C4FB204606B014
:10A67000BDE8F0816A46694603A8FAF749F904463D
:10A680000028EDD1394603A8FFF78CFF04460028C7
:10A69000E6D1DFF8948003AA31463046D8F800307E
:10A6A0000133C8F80030FAF733F904460028D7D14F
:10A6B00039463046FFF776FF04460028D0D1D8F857
:10A6C00000300C3603AA013331463046C8F800305A
:10A6D000FAF71EF904460028C2D139463046FFF782
:10A6E00061FF04460028BBD1D8F800306A463146E5
:10A6F00030460133C8F80030FAF70AF9044600285A
:10A70000AED139463046FFF74DFF04460028A7D1A9
:10A71000D8F80030012128460B44C8F80030F9F77A
:10A72000CBFC04469CE700BF9C6A012070B584B056
:10A73000054601F10C04164601A8F9F753FB291D43
:10A74000224601A8FAF78CF8054668B9014620466A
:10A75000F9F792FF01A900280CBF002206F00102C0
:10A760002046F9F729FC054601A8F9F743FB2846DE
:10A7700004B070BD2DE9F04FBD4C8DB00646884643
:10A7800023686846154601332360F9F72BFB03A8BD
:10A79000F9F728FB06A8F9F725FB09A8F9F722FB2A
:10A7A000B369002B00F0FA802A46294603A8FAF77D
:10A7B000AFF8044678B16846F9F71CFB03A8F9F72F
:10A7C00019FB06A8F9F716FB09A8F9F713FB2046B1
:10A7D0000DB0BDE8F08F314603A8FFF7E3FE044655
:10A7E0000028E8D1DFF88C92032203A96846D9F843
:10A7F00000300133C9F80030FAF7FCF904460028AC
:10A80000D9D1371D04E0F9F7BBFF04460028D2D1A7
:10A8100039466846F9F7BEFE00283A46694668465A
:10A82000F1DA06F1100A00215046F9F725FF002859
:10A8300040F0328105F10C0A06A852465146FAF75B
:10A8400067F804460028B6D1314606A8FFF7AAFEED
:10A8500004460028AFD1D9F80030012106A80B44E6
:10A86000C9F80030F9F726FD044628B1A3E7F9F747
:10A8700087FF044600289ED1394606A8F9F78AFECC
:10A8800006A900283A460846F1DA0A4603A82946EE
:10A89000FAF73EF8044600288DD1314603A8FFF7A9
:10A8A00081FE0446002886D1D9F80030012103A892
:10A8B0000B44C9F80030F9F7FDFC044630B17AE7E3
:10A8C000F9F75EFF044600287FF475AF394603A808
:10A8D000F9F760FE03A900283A460846F0DA06AA0E
:10A8E00009A81146FAF714F8044600287FF463AF6C
:10A8F000314609A8FFF756FE044600287FF45BAFF7
:10A90000D9F80030012109A80B44C9F80030F9F743
:10A91000D1FC044630B14EE7F9F732FF0446002877
:10A920007FF449AF394609A8F9F734FE09A9002890
:10A930003A460846F0DA6A46694606A8F9F7E8FF9B
:10A94000044600287FF437AF314606A8FFF72AFEF9
:10A95000044600287FF42FAFD9F8003006A903AAD7
:10A9600001330846C9F80030F9F77AFF0446002899
:10A970007FF421AF069B002106A88B4280F2E9807C
:10A98000F9F77AFE3A4606A9002800F0E28006A808
:10A99000F9F73EFF04460028ECD00CE705F1180259
:10A9A00003A81146F9F7B4FF044600287FF403AF6B
:10A9B000314603A8FFF7F6FD044600287FF4FBAEFE
:10A9C000DFF8B09003AA294606A8D9F80030013371
:10A9D000C9F80030F9F71CFF044600287FF4EBAEFD
:10A9E000371D05E0F9F7CCFE044600287FF4E3AEFE
:10A9F000394606A8F9F7CEFD06A900283A460846CA
:10AA0000F0DA03AA294609A8F9F72AFF044660B13B
:10AA1000D1E6F9F731FE3A4609A958B109A8F9F784
:10AA2000F7FE044600287FF4C6AE099B002109A862
:10AA30008B42EEDB09AA06A903A8F9F769FF0446D1
:10AA400000287FF4B8AE314603A8FFF7ABFD0446FB
:10AA500000287FF4B0AED9F80030032203A968467D
:10AA60000133C9F80030FAF7C5F8044650B1A2E640
:10AA7000146401209C6A0120F9F782FE0446002834
:10AA80007FF499AE39466846F9F784FD00283A46C6
:10AA900069466846F0DACDE605F1180203A81146CA
:10AAA000F9F736FF044600287FF485AE314603A847
:10AAB000FFF778FD044600287FF47DAED9F800301A
:10AAC00003AA06A8DFF8E0B101331146C9F8003047
:10AAD000F9F71EFF044600287FF46DAE314606A844
:10AAE000FFF760FD044600287FF465AEDBF8003018
:10AAF000524606A903A80133CBF80030F9F708FF46
:10AB0000044600287FF457AE314603A8FFF74AFDFC
:10AB1000044600287FF44FAEDBF8003003AA6946F4
:10AB200068460133CBF80030F9F772FE044630B1C5
:10AB300041E6F9F725FE044600287FF43CAE39468D
:10AB40006846F9F727FD00283A4669466846F0DA74
:10AB500070E606A903AA0846F9F782FE0446002813
:10AB60007FF429AE069B002106A88B420BDAF9F789
:10AB700083FD3A4606A930B106A8F9F749FE044616
:10AB80000028EFD017E603A906AA0846F9F768FEE1
:10AB9000044600287FF40FAE039B002103A88B42DC
:10ABA0000BDAF9F769FD3A4603A930B103A8F9F7C2
:10ABB0002FFE04460028EFD0FDE503A96A460846AB
:10ABC000F9F7A6FE044600287FF4F5AD314603A848
:10ABD000FFF7E8FC044600287FF4EDADD9F800301B
:10ABE00003A909AA01330846C9F80030F9F738FE6D
:10ABF000044600287FF4DFAD039B002103A88B42AD
:10AC00000BDAF9F739FD3A4603A930B103A8F9F791
:10AC1000FFFD04460028EFD0CDE505F118025146AE
:10AC200009A8F9F775FE044600287FF4C4AD314643
:10AC300009A8FFF7B7FC044600287FF4BCADD9F89B
:10AC40000030012109A80B44C9F80030F9F732FBA4
:10AC5000044600287FF4AFAD394609A8F9F79AFCFD
:10AC600009A900283A46084605DBF9F789FD04469C
:10AC70000028F1D09FE506A94046F9F73DF90446C2
:10AC800000287FF498AD03A908F10C00F9F734F916
:10AC9000044600287FF48FAD08F1180009A9F9F7E0
:10ACA0002BF9044687E500BF9C6A01202DE9F04F8F
:10ACB000012A8DB0019140F2138180460C2110468B
:10ACC000144617F0B1FF05460090002800F00E81F1
:10ACD00003A8F9F787F806A8F9F784F809A8F9F79F
:10ACE00081F8019E284631681831F9F705F9834645
:10ACF000002840F0DC8005F10C0A7D4F012556F854
:10AD0000042FAAF10C01504601351832DFF8E0910A
:10AD1000F9F7FEFD41468346002840F0C8805046C2
:10AD20000AF10C0AFFF73EFC8346002840F0BF8082
:10AD30003A68AC4202F101023A60E0D104EB44050A
:10AD4000009B08F1040203A8AD00A5F10C01194411
:10AD5000FAF766FF8346002840F0A980A5F118069F
:10AD6000019A009B671E02EB840A4D461E44002F89
:10AD700000F09680324603A906A8F9F7C9FD83467C
:10AD8000002840F09480414606A8FFF70BFC83465C
:10AD9000002840F08C80D9F8003003A95AF8042C20
:10ADA000013308461832C9F80030F9F7B1FD83467F
:10ADB00000287CD1414603A8FFF7F4FB8346002816
:10ADC00075D12B6801332B6006AA09A81146F9F743
:10ADD0009FFD834600286AD1414609A8FFF7E2FBA0
:10ADE0008346002863D1D9F8003009AA5AF8041C18
:10ADF00001330846C9F80030F9F78AFD8346002878
:10AE000055D141465AF8040CFFF7CCFB8346002885
:10AE10004DD15AF8041C09AA2B680C31013308469D
:10AE20002B60F9F775FD8346002840D15AF8040CD1
:10AE300041460C30FFF7B6FB8346002837D15AF85D
:10AE4000041C06AA2B680C31013308462B60F9F765
:10AE50005FFD834658BB5AF8040C41460C30FFF79F
:10AE6000A1FB834618BB2B68D8F8081001335AF8A9
:10AE7000040C2B60F9F702F88346C0B95AF8040CA9
:10AE8000D8F808100C30F8F7F9FF834678B95AF86B
:10AE9000040D0C3E1830F8F7ADFF47B1013F66E7EF
:10AEA00003A906A8F9F728F8834600288CD003A840
:10AEB000009EF8F79FFF06A8F8F79CFF09A8002559
:10AEC000F8F798FF01353046F8F794FF0C36AC429E
:10AED000F8D1009817F0ACFE58460DB0BDE8F08FE1
:10AEE0000968FFF7A1FB0DB0BDE8F08F0148F4E75A
:10AEF0009C6A012080B2FFFF2DE9F84F0E4699466B
:10AF000082461546C3F3450701F10C084FF0000BCC
:10AF10005FFA8BF4294630460BF1010BE41BB4FABF
:10AF200084F464092246F9F747F805F10C0122463A
:10AF3000243570B94046F9F73FF850B9BBF1020F1C
:10AF4000E6D14FEAD91231465046BDE8F84FFFF737
:10AF5000EDBBBDE8F88F00BF0048704790BC0260B1
:10AF600070B40B4D2B6883B90A4E032204240A499E
:10AF7000304601E014460A7B013300F8014B0C31E6
:10AF8000002AF7D10121F2542960024870BC7047B1
:10AF9000806A01208866012090BC026004280CD0E1
:10AFA0000323074A02E0834205D0137B0C32002BB7
:10AFB000F9D118467047104670470148704700BFE6
:10AFC00090BC026018280DD00322074B03E05A887A
:10AFD000824205D01A7B0C33002AF8D11046704704
:10AFE000184670470048704790BC026038B5054667
:10AFF000064C074803E014F80C0F30B1A06829464E
:10B0000017F01EFE0028F6D1204638BD90BC026025
:10B010006025002068B110B50446F8F7E3FE04F19E
:10B020000C00F8F7DFFE04F11800BDE81040F8F757
:10B03000D9BE704718B17C22002117F0FDBD7047C2
:10B0400078B17C22002110B5044617F0F5FD04F11B
:10B050007C00F8F7C7FE04F18800BDE81040FFF758
:10B06000D9BF704768B110B50446F8F7C3FE04F1C4
:10B070000C00F8F7BFFE04F11800BDE81040F8F727
:10B08000B9BE704770B3036E012B70B5044612D081
:10B090000430F8F7AFFE04F11000F8F7ABFE04F14E
:10B0A0001C00F8F7A7FE04F12800FFF7DBFF04F10E
:10B0B0004C00F8F79FFE606F70B1A36F53B100258D
:10B0C0002E4628440136FFF7CDFFA36F2435606F6D
:10B0D000B342F6D817F0ACFD20467C21BDE87040A5
:10B0E00006F056BE704700BF68B110B50446FFF7C2
:10B0F000C9FF04F17C00F8F77DFE04F18800BDE88B
:10B100001040FFF7AFBF704738B504460D46F8F75B
:10B11000F3FE00B138BD05F10C0104F10C00F8F7A5
:10B12000EBFE0028F6D105F1180104F11800BDE886
:10B130003840F8F7E1BE00BF097802F06BB800BFF5
:10B1400010B501210446F8F7B7FF00B110BD012189
:10B1500004F10C00F8F7B0FF0028F7D1014604F124
:10B160001800BDE81040F8F7A7BF00BF2DE9F04F69
:10B17000DFF874E4164697B08046DEF8002006F14A
:10B1800018040F460021013220461D46CEF800204B
:10B19000F9F772FA002847D02B6A83B105F1180934
:10B1A00000214846F9F768FA002844D02B6A33B1E9
:10B1B00048460121F9F760FA002840F0DB8001A839
:10B1C000F8F710FE04A8F8F70DFE07A8F8F70AFE36
:10B1D0000AA8F8F707FE0DA8F8F704FE10A8F8F77C
:10B1E00001FE13A8F8F7FEFD2246214601A8F9F753
:10B1F0008FFB824630B301A8F8F7FCFD04A8F8F7EE
:10B20000F9FD07A8F8F7F6FD0AA8F8F7F3FD0DA871
:10B21000F8F7F0FD10A8F8F7EDFD13A8F8F7EAFD30
:10B22000504617B0BDE8F08F29463846FFF76CFF4F
:10B2300017B0BDE8F08F31463846FFF765FF17B00D
:10B24000BDE8F08F414601A8FFF7ACF9824600281F
:10B25000D1D1DFF89093224601A904A8D9F8003093
:10B260000133C9F80030F9F753FB82460028C2D1F8
:10B27000414604A8FFF796F982460028BBD1D9F8C9
:10B28000003001A92A4601330846C9F80030F9F711
:10B290003FFB82460028AED1414601A8FFF782F964
:10B2A00082460028A7D1D9F8003004A905F10C0284
:10B2B00001330846C9F80030F9F72AFB8246002816
:10B2C00099D1414604A8FFF76DF98246002892D132
:10B2D000D9F8003001A9324601330846C9F80030D8
:10B2E000F9F7BEFA8246002885D108F104050BE083
:10B2F000F9F7C2F92A4601A958B101A8F9F788FA65
:10B30000824600287FF477AF019B002101A88B4281
:10B31000EEDB04A906F10C0508462A46F9F7A0FA67
:10B32000824600287FF467AF08F1040B0BE0F9F7C1
:10B33000A3F95A4604A958B104A8F9F769FA824654
:10B3400000287FF458AF049B002104A88B42EEDB59
:10B35000002101A8F9F790F9014668B904A8F9F7A6
:10B360008BF9002875D1324639464046FFF702FA7C
:10B37000824640E79A4854E7214601AA13A8F9F704
:10B38000C7FA824600287FF436AF414613A8FFF77C
:10B3900009F9824600287FF42EAFD9F8003001AABF
:10B3A00007A8904C01331146C9F80030F9F7B0FAFC
:10B3B000824600287FF41FAF414607A8FFF7F2F846
:10B3C000824600287FF417AF236801AA07A90AA8BC
:10B3D00001332360F9F79CFA824600287FF40BAF13
:10B3E00041460AA8FFF7DEF8824600287FF403AF43
:10B3F000236807A93246013308462360F9F788FA23
:10B40000824600287FF4F7AE414607A8FFF7CAF846
:10B41000824600287FF4EFAE2368022207A901A824
:10B4200001332360F9F7E6FB824600287FF4E3AEA0
:10B4300008F10404214601A8F9F7ACF801A9002895
:10B44000224608460ADBF9F79BF982460028F1D02C
:10B45000D1E63846FFF774FE8246CCE604AA0DA872
:10B460001146F9F755FA824600287FF4C4AE4146EA
:10B470000DA8FFF797F8824600287FF4BCAED9F8F4
:10B4800000300DA901AA01330846C9F80030F9F7C8
:10B49000E7F9824600287FF4AEAE0D9B00210DA88F
:10B4A0008B420BDAF9F7E8F822460DA930B10DA866
:10B4B000F9F7AEF982460028EFD09CE60DA90AAA5A
:10B4C0000846F9F7CDF9824600287FF494AE0D9B2B
:10B4D00000210DA88B420BDAF9F7CEF822460DA910
:10B4E00030B10DA8F9F794F982460028EFD082E632
:10B4F00007A90DAA0846F9F7B3F9824600287FF498
:10B500007AAE079B002107A88B420BDAF9F7B4F853
:10B51000224607A930B107A8F9F77AF98246002830
:10B52000EFD068E607A904AA0846F9F7F1F98246C0
:10B5300000287FF460AE414607A8FFF733F8824643
:10B5400000287FF458AED9F800300AA92A46254DC4
:10B5500001330846C9F80030F9F7DAF982460028C5
:10B560007FF449AE41460AA8FFF71CF8824600283E
:10B570007FF441AE2B680AAA07A910A801332B60FB
:10B58000F9F76EF9824600287FF435AE109B002152
:10B5900010A88B420BDAF9F76FF8224610A930B1E8
:10B5A00010A8F9F735F982460028EFD023E60DA957
:10B5B0003846F8F7A1FC824600287FF41CAE10A99B
:10B5C00007F10C00F8F798FC824600287FF413AED0
:10B5D00007F1180013A9F8F78FFC82460BE600BFAD
:10B5E00080B0FFFF9C6A0120C09C002008B50021AC
:10B5F0001830F9F741F8B0FA80F0400908BD00BFF3
:10B6000038B504460D46F8F7C5FF70B905F10C01D1
:10B6100004F10C00F8F7BEFF38B905F1180104F188
:10B620001800F8F7B7FF00B938BD014838BD00BFB2
:10B6300080B0FFFF70B51E4604460D46F9F7ECF9E1
:10B6400000B170BD3246294604F10C00F9F7E4F967
:10B650000028F6D104F118000121BDE87040F8F788
:10B660002BBD00BF012A2DE9F843089FDDF8248097
:10B670002FD80D46814600211E4605F118001446BC
:10B68000F8F7FAFF38B9B8F1000F38D00123387055
:10B690003360BDE8F88309F10400F8F7A9FD81469D
:10B6A000D4B9430001339845336028D30423394685
:10B6B0000246284601F8013BF8F7D6FD50B909F1DA
:10B6C000010105F10C004A463944BDE8F843F8F79A
:10B6D000CBBD0C48BDE8F883431C984533600ED3BE
:10B6E000002105F10C00F8F703FD3946831C4A469A
:10B6F000284601F8013BBDE8F843F8F7B5BD02481C
:10B70000BDE8F88380B0FFFF00B1FFFF83B3F8B559
:10B71000147834B9012B19D10846BDE8F840FFF779
:10B720000FBD154604301C460E46F8F761FD2B7818
:10B730000746042B1ED1430001339C4206D102462A
:10B74000691C3046F8F75AFD10B1F8BD0A48F8BD3B
:10B75000791C3A4606F10C002944F8F74FFD002801
:10B76000F3D106F118000121BDE8F840F8F7A4BCB8
:10B77000014870470148E8E780B0FFFF80B1FFFF54
:10B78000012B12D970B414681646621C32602578F9
:10B7900045B15C1EA54205D854192B46346070BCD7
:10B7A000FFF7B4BF024870BC70470148704700BF44
:10B7B00080B0FFFFF0B583B0099C089E74B1013CD6
:10B7C000771C1D4601940097FFF74CFF20B92B68AA
:10B7D00033702B6801332B6003B0F0BD0048FBE7EA
:10B7E00080B0FFFF022A21D90A68531C0B6013782E
:10B7F000032B1BD130B4941CD51C0C6054780D6005
:10B80000927842EA0424182C0CD01946084B03E025
:10B810005A88A24207D0197B0C330029F8D1054879
:10B8200030BC7047042130BC01F0F4BC02487047C2
:10B8300090BC026080B1FFFF80B0FFFF30B405789C
:10B84000042D0CD003200E4C02E0854208D0207B52
:10B850000C340028F9D1A0F59F4030BC7047084C4B
:10B860000320022B086008D91070002063881B0A8F
:10B8700053706388937030BC70470248FBE700BF89
:10B8800090BC026000B1FFFF2DE9F0410C4686B08C
:10B890000646012104F11800F8F7EEFEB8BB336B41
:10B8A000CBB3F36BBBB3014605462046F8F7E4FE85
:10B8B00000282CDB04F10C0729463846F8F7DCFE9B
:10B8C000002824DB06F1040820464146F8F762FE12
:10B8D00000281CDA41463846F8F75CFE002816DAE4
:10B8E0006846F8F77FFA03A8F8F77CFA3A46394633
:10B8F0006846F9F70DF8054688B16846F8F77AFA10
:10B9000003A8F8F777FA284606B0BDE8F081474863
:10B9100006B0BDE8F081464806B0BDE8F08131468A
:10B920006846FEF73FFE05460028E6D1414F224615
:10B93000214603A83B6801333B60F8F7E9FF054661
:10B940000028DAD1314603A8FEF72CFE0546002870
:10B95000D3D13B68B26901333B60002A47D003A9C9
:10B9600006F110020846F8F753FF05460028C4D137
:10B9700004E0F8F705FF05460028BED1414603A8BC
:10B98000F8F708FE03A9002842460846F1DA03A9A1
:10B9900022460846F8F7BCFF05460028ADD13146DF
:10B9A00003A8FEF7FFFD05460028A6D13B6803A9C2
:10B9B00006F11C02013308463B60F8F729FF0546F3
:10B9C00000289AD102E0F8F7DBFE68BB414603A8E5
:10B9D000F8F7E0FD03A9002842460846F3DA684676
:10B9E000124DF8F7D7FD002808BF002585E703A909
:10B9F00003220846F8F774FF054600287FF47DAF60
:10BA00000CE0F8F739FE424603A90028BFD003A88E
:10BA1000F8F7FEFE054600287FF46FAF039B002178
:10BA200003A88B42EDDBB2E7054666E780B3FFFF74
:10BA300080B0FFFF9C6A01202DE9F04F8846CBB013
:10BA400019461E4691460546FFF71EFF044600288C
:10BA500040F09580286B00284ED0E86B00284BD032
:10BA600004A805F14C0AF8F7BDF907A8F8F7BAF9E8
:10BA700021465046F8F73CFB012840F08480EF6DEA
:10BA800024210220013717F0CFF8834601907F0868
:10BA900000287AD03146FFF737FB044600287CD1D6
:10BAA0000BF1240659463046FFF72EFB044678B9C1
:10BAB000002F76D0834601E05F4572D03246314692
:10BAC00028460BF1010BFEF755FE0028F4D0044682
:10BAD000019D2846FFF7C6FA3046FFF7C3FA28460D
:10BAE00017F0A6F804A8F8F785F907A8F8F782F97F
:10BAF0004046FFF7B7FA20464BB0BDE8F08FFEF79F
:10BB000039FE019A10A9002840F02A811BF807305D
:10BB10002846FFF7F1F910AB42464146002840F0B5
:10BB20001F812846FFF722FB002840F01981013FC2
:10BB30004246414628467B1CE1D110A8FFF792FA05
:10BB4000029A41462846FEF7F1FD04460028BFD17F
:10BB500041462846FEF768FD019D04462846FFF74A
:10BB600081FA3046FFF77EFA284617F061F804A8FC
:10BB7000F8F740F907A8F8F73DF9002CB8D12046AE
:10BB80004BB0BDE8F08FAC48B6E704A8AB4CF8F773
:10BB900031F907A8F8F72EF9AAE7019B03F124066B
:10BBA00096E70DF5947B012228464BF8C46D594663
:10BBB000FFF77CF8044600288AD13346019A3146C3
:10BBC0002846FFF7D3FA0446002881D101225946BE
:10BBD00028461996FFF76AF8044600287FF478AFE4
:10BBE00001464846F8F784FA4946029004A8F8F757
:10BBF00083F9044600287FF46BAF4A46514607A8F4
:10BC0000F8F72EFE044600287FF462AF029B07A9D6
:10BC100004A813F1FF3318BF01231A460293F8F763
:10BC2000CBF9044600287FF453AF01467A1C5846EE
:10BC300017F002F8002F3BD00395DA465D4695F8E1
:10BC40000090214604A8F8F753FA40EA0909391987
:10BC500001344FFA89F904A8F8F74AFAA74249EAE9
:10BC6000400005F8010BEAD1039D00234FF0010EBF
:10BC70009AF801100EF1010E9AF800C081EA030251
:10BC80000B40774502F0010154B281F001001CFB2A
:10BC900000F14CEAC0104AB204EA020182EA04024E
:10BCA00043EA01038AF801200AF8010BDBB2DFD274
:10BCB00010A8FFF7AFF94AAB019A41463B4428462A
:10BCC00013F8C43CFFF718F9044618B110A8FFF7A1
:10BCD000C9F9FDE608F1180901214846F8F7ECF921
:10BCE00004460028F2D1549B002B3FF420AFAB6DEB
:10BCF0002A1D0AA84FF00C0A07330392DB081C46E2
:10BD0000F8F770F80DA8F8F76DF8559B2146549A8E
:10BD10000AA8F9F7EDFC18B120E0F8F71DFBE8B927
:10BD200003990AA8F8F736FC00284FF001010AA889
:10BD3000F3DABAF1010A7CD0F8F79EFC0028E4DDC2
:10BD40000AAA49464846F8F7E3FD044650B10AA856
:10BD5000F8F750F80DA8F8F74DF8B7E70446F6E7FE
:10BD60000446B3E748462946FEF71CFC0446002873
:10BD7000EDD1DFF8D0900AAA0DA8D9F8003011460D
:10BD80000133C9F80030F8F7C3FD04460028DED1BE
:10BD900029460DA8FEF706FC04460028D7D1D9F89D
:10BDA00000300DAA414640460133C9F80030F8F78B
:10BDB000AFFD04460028CAD129464046FEF7F2FBF3
:10BDC00004460028C3D1D9F800300DA90AAA0133CE
:10BDD0000846C9F80030F8F79BFD04460028B6D1A4
:10BDE00029460DA8FEF7DEFB04460028AFD1D9F89E
:10BDF000003008F10C0A0DAA013351465046C9F82B
:10BE00000030F8F785FD04460028A0D150462946A9
:10BE1000FEF7C8FB0446002899D1D9F800300AA8DB
:10BE20000133C9F80030F7F7E5FF0DA8F7F7E2FF97
:10BE30007DE6034C4AE700BF80B0FFFF80B2FFFF02
:10BE400000B3FFFF9C6A012038B5036B93B1C36B4D
:10BE500083B10D46044601212846F8F70DFC002861
:10BE60000ADB04F14C012846F8F794FB002803DABA
:10BE7000002038BD014838BD014838BD80B0FFFF03
:10BE800080B3FFFF2DE9F04705460F4603F1180088
:10BE900001211C461646DDF82080DDF82490F8F7D5
:10BEA000EBFB88B931462846FFF7CEFF08B1BDE865
:10BEB000F087CDF824902346CDF8208032463946CD
:10BEC0002846BDE8F047B7E50048F0E780B0FFFF3F
:10BED000F0B5074683B00D461046012114461E46B4
:10BEE000F8F7CAFB58B34FF0FF312046F8F7C4FB10
:10BEF00078B14FF0000E2246334629463846CDF839
:10BF000004E0CDF800E0FFF7BDFF0446204603B093
:10BF1000F0BD31462846FFF7F7F804460028F5D172
:10BF20000C3501462846F8F7A7FB0028EED0391D4E
:10BF30002A46284603B0BDE8F040F8F791BC3146E8
:10BF4000284603B0BDE8F040FFF7DEB8F0B5046B5B
:10BF50008BB0B4B1C46BA4B115461E46044601A80B
:10BF60000F46FFF757F82A46334601A92046FFF748
:10BF7000AFFF054640B101A8FFF774F828460BB0A3
:10BF8000F0BD0D480BB0F0BD119B3946109A20460C
:10BF9000FFF79EFF05460028EDD13B4601AA394632
:10BFA0002046FFF7E3F805460028E4D1394620464D
:10BFB000FEF73AFB0546DEE780B1FFFF2DE9F04FC3
:10BFC000056B83B0DDF83080DDF83490B5B3C46B19
:10BFD000A4B3C76D144606461F25073700F14C0B66
:10BFE0000193FF0800914FEAC70A4B464246394683
:10BFF0002046F9F77DFB10BBF16D2046C1EB0A012D
:10C00000F8F7AAF90121D0B9013D20461AD0F8F776
:10C0100033FB002859462046E7DBF8F7BBFA002837
:10C02000E3DA009B224601993046CDF83490CDF8F2
:10C03000308003B0BDE8F04FFFF724BF034803B0E2
:10C04000BDE8F08F024803B0BDE8F08F80B0FFFF7D
:10C0500000B3FFFF10B582B0049C009313460A465C
:10C0600000F128010194FFF7A9FF02B010BD00BF45
:10C0700070B50C4682B00146154620461E4601F0BA
:10C08000C9F850B9019604F18803009504F17C02C7
:10C0900004F128012046FFF791FF02B070BD00BFF8
:10C0A0000378002B44D00A789A4241D12DE9F0431D
:10C0B00001F18807ABB00C46054639468830F8F7E1
:10C0C00069FA00283DD104F1940805F19400414635
:10C0D000F8F760FA002834D104F1A00905F1A000B6
:10C0E0004946F8F757FA054658BB264602A8FEF718
:10C0F00091FF7C2229460BA816F09EFD16F8281BFE
:10C100000BA801F087F804F17C02334601950095F5
:10C1100002A90BA8FFF7B6FE044658B102A8FEF725
:10C12000A1FF0BA8FEF7AEFF20462BB0BDE8F083C1
:10C130000C487047394602A8F8F72CFA28B1094C88
:10C14000ECE708482BB0BDE8F083414605A8F8F7B6
:10C1500021FA0028F3D1494608A8F8F71BFA00286D
:10C16000DCD0ECE780B0FFFF2DE9F04FA24EC1B06C
:10C17000054609AC0FCE0FC496E803007C2284E884
:10C180000300002121A816F057FD0FA8FEF742FF7B
:10C1900018A8FEF73FFF06A8F7F724FE21A8012103
:10C1A00001F038F80446D0B9002D44D1022106A888
:10C1B000F7F782FF0446002800F00F8121A8FEF760
:10C1C00061FF0FA8FEF74EFF18A8FEF74BFF06A869
:10C1D000F7F710FE204641B0BDE8F08F0446002C72
:10C1E00017DAB5B12146854816F066FD21A8FEF79D
:10C1F00049FF0FA8FEF736FF18A8FEF733FF06A881
:10C20000F7F7F8FD0A2016F03BFD204641B0BDE8E7
:10C21000F08F21A8FEF736FF0FA8FEF723FF18A81E
:10C22000FEF720FF06A8F7F7E5FD002DEAD120462E
:10C2300041B0BDE8F08F724816F03EFD022106A81D
:10C24000F7F73AFF04460028C9D12BAE01900090C1
:10C2500006AA334618A921A8FFF714FE04460028B1
:10C26000BDD10023DFF8A491DFF8A4811021654F30
:10C2700006A8654AC9F80030C8F800303B60F8F7F6
:10C28000CBFB04460028AAD101903346009006AAB1
:10C290000FA921A8FFF7F6FD044600289FD109AB9E
:10C2A000D9F800204FF0010A05939B4603923B68A2
:10C2B000D8F800200493029200235BF8042F102189
:10C2C00006A8C9F80030C8F800303B60F8F7A4FBB6
:10C2D0003346044606AA0FA9002880D1019021A860
:10C2E0000094FFF7CFFD044600287FF478AF474B5A
:10C2F000039A1B68934240F0B180454B029A1B6839
:10C30000934240F0AB803F4B049A1B68934240F04D
:10C31000A5800AF1010ABAF1060FCDD1002D7BD11B
:10C320003A4B1021384A06A81D60394B1D60354B29
:10C330001D60F8F771FB044600287FF43FAF0195BC
:10C3400018AB009506AA0FA921A8FFF79BFD04468C
:10C3500000287FF433AFD9F800300126DFF8ACA015
:10C360000393D8F80030DFF8A8B00293059C3B682F
:10C370000493002354F8042F102106A8C9F80030B4
:10C38000C8F800303B60F8F747FB00287FF426AF81
:10C39000019018AB009006AA0FA921A8FFF772FD23
:10C3A00000287FF41BAFDAF80030039A93425ED185
:10C3B000DBF80030029A9A4259D1124B049A1B685A
:10C3C000934254D10136062ED3D10446002D3FF4BA
:10C3D000F5AE104816F040FC08E72BAE0190009037
:10C3E00006AA334618A921A8FFF74CFD04460028E9
:10C3F0007FF4E4AE35E700BFF8030020CC20002036
:10C400006C2500209C6A0120A0250020C09C0020F3
:10C4100014640120CC1C0020194816F01DFC19489A
:10C4200016F04AFC184B194A10211C6006A8184B3C
:10C430001C60184B1C60F8F7EFFA044600287FF4E4
:10C44000CEAE019018AB009006AA0FA921A8FFF765
:10C4500019FD044600287FF4C2AE7CE70DB9012423
:10C46000ACE651460C4816F027FC0124BEE6002D30
:10C47000F5D03146084816F01FFC0124B6E600BF8F
:10C48000CC1C0020E4250020C09C0020A02500201A
:10C49000146401209C6A0120D42500202DE9F84372
:10C4A0000C210446F7F7BAFC002840F0C780A268C8
:10C4B0000746646802F1180C02F1200102EB8404C3
:10C4C000664656F8185C043656F8043C7D191D443F
:10C4D0002CBF0127002746F81C5CAB4288BF013700
:10C4E0008E42EED102F1280502F1300E0023A8465B
:10C4F00058F8286C08F1040858F8049C9B194B4420
:10C500002CBF0126002648F82C3C994594BF3346A1
:10C51000731CF045ECD13B4497684FF00008D66897
:10C52000DB1997692CBF4FF00109C1463B4419EB59
:10C53000060693602CBF4FF00109C146BB42D76984
:10C540002CBF002301231E449E422CBF4B4609F101
:10C5500001033E44BE4238BF0133D66051F8186C27
:10C56000043151F8047C18EB06063E442CBF4FF012
:10C5700001084FF0000841F81C6CB74288BF08F171
:10C5800001088D42EAD19844A946002159F8207C3F
:10C5900009F1040959F8043CC91919442CBF0126B2
:10C5A000002649F8241C8B4294BF3146711CF1458A
:10C5B000ECD116694144536902F110078919D2F888
:10C5C00020804FF0000E2CBF012600264144F318B6
:10C5D00011612CBF4FF001094FF000098845D2F8D6
:10C5E000248094BF0026012633449E4294BF4946CE
:10C5F00009F101014344434538BF013153613E68AD
:10C6000076443E602B68334447F8043B55F8048B6E
:10C6100043452CBF0023012376452CBF9E4603F1E2
:10C62000010E6745EBD102F11C0371449C429161FC
:10C6300004D9002243F8042B9C42FBD8BDE8F883C0
:10C640002DE9F04F93B0064601250D2405AB01906E
:10C6500034220021184604930295039416F0ECFA54
:10C6600030461821F7F7DAFB0090002840F02A82C4
:10C67000B3681C68D3F830A05D6D54441E6DD86D4E
:10C68000A24505EB04015A6894BF002401248D42A1
:10C6900088BF013471182CBF4FF0010E4FF0000E0F
:10C6A0000F1A74441F60884294BF2146611E4C1CBF
:10C6B00000F00C8252182CBF4FF0010E4FF0000E0C
:10C6C0004FFA8EFE596B9C6D0A449F68914288BF59
:10C6D0000EF1010E2244944288BF0EF1010E024475
:10C6E000904288BF0EF1010ECAEB020C924594BF36
:10C6F0007246AEF10102C6EB0C0E664588BF013AE8
:10C70000C3F804E052B2002AC0F25382BA182CBF18
:10C710004FF0010C4FF0000C4FFA8CFCD3F838901E
:10C72000DF684A44914588BF0CF1010C02449042F5
:10C7300088BF0CF1010CC1EB020E914294BF62461E
:10C74000ACF10102C5EB0E0C754588BF013AC3F888
:10C7500008C052B2002AC0F22282BA182CBF4FF091
:10C76000010E4FF0000E4FFA8EFED3F83CC01F6949
:10C770006244944588BF0EF1010E5244924588BF31
:10C780000EF1010E3244964288BF0EF1010E2A448A
:10C79000954288BF0EF1010EC9EB0208914594BF86
:10C7A0007246AEF10102C4EB080E444588BF013A5F
:10C7B000C0EB0E08704588BF013AC3F80C8052B236
:10C7C000002AC0F2E381BA182CBF012700277FB2EC
:10C7D0002A44D3F840E0D3F81480954288BF01374B
:10C7E0002A44954288BF01377244964588BF013775
:10C7F0000A44914288BF01375244924594BFBA46D9
:10C8000007F1010A3244964288BF0AF1010A224424
:10C81000944288BF0AF1010ACCEB020B944594BF05
:10C820005246AAF10102C0EB0B07584588BF013AF6
:10C83000C0EB070AB84288BF013AC3F810A052B251
:10C84000002AC0F2998118EB02022CBF4FF0010AB6
:10C850004FF0000A4FFA8AFA22445F6CD3F818802E
:10C86000944288BF0AF1010A2244944288BF0AF127
:10C87000010A3A44974288BF0AF1010A4A449145A5
:10C8800088BF0AF1010A0A44914288BF0AF1010AED
:10C890002A44954294BF51460AF1010182182CBFE7
:10C8A0004FF0010B4FF0000BCEEB020A5944C3F8D6
:10C8B00014A0964594BF0A464A1E52B2002AC0F2FE
:10C8C000538118EB02022CBF0121002149B202441E
:10C8D000D3F84880D3F81CA0904288BF01310244AD
:10C8E000904288BF01314244904588BF0131624483
:10C8F000944588BF01314A44914588BF0131A2184F
:10C900002CBF4FF0010B4FF0000BC7EB020959444D
:10C91000C3F81890974294BF0A464A1E52B2002AA2
:10C92000C0F218811AEB02022CBF4FF0010A4FF03F
:10C93000000A4FFA8AFAD96CD3F820900A4491423F
:10C9400088BF0AF1010A7244964588BF0AF1010ABC
:10C950006244944594BFD4460AF1010C82182CBF5E
:10C960004FF0010B4FF0000BC8EB020ADC44C3F898
:10C970001CA0904588BFACF1010C4FFA8CFCBCF1B7
:10C98000000FC0F2DD8019EB0C0C2CBF4FF0010939
:10C990004FF000094FFA89F9B4445A6A664588BFD6
:10C9A00009F10109BC44674588BF09F101091EEB83
:10C9B0000C0E2CBF4FF0010A4FF0000AC1EB0E0C19
:10C9C000D144C3F820C0714594BFCE46A9F1010EF1
:10C9D0004FFA8EFEBEF1000FC0F2A78012EB0E0CD4
:10C9E0002CBF012200224FFA82FEAC449A6A6545B0
:10C9F00088BF0EF1010EC444E04588BF0EF1010E60
:10CA000017EB0C072CBF4FF001094FF00009C6EBE4
:10CA1000070CCE44C3F824C0BE4294BF7746AEF1A3
:10CA200001077FB2002F76DB12EB070E2CBF01222D
:10CA3000002252B2A644DF6A744588BF01328E4498
:10CA4000714588BF013218EB0E082CBF4FF0010C66
:10CA50004FF0000CC5EB080E6244C3F828E04545D2
:10CA600094BF1546551E6DB2002D4BDB7A192CBFB5
:10CA7000012700277FB20244019D904294BF3846AF
:10CA8000781C32446D68964294BF0646461C89184D
:10CA90002CBF012200220F1B1644DF628C4294BF80
:10CAA0003446741E0D2D64B224EAE4721A6307D969
:10CAB00003EB85050022343343F8042B9D42FBD160
:10CAC000002C0BDB009813B0BDE8F08FB2FA82FEA9
:10CAD000013A4FEA5E1ECEF1000EF3E5039A6FF0C5
:10CAE0004043019E64421344049D324602A93046ED
:10CAF00045F82340F7F744FE0028E3D14FF0FF3319
:10CB00003360DFE7C5F1000EEA1977454FF0FF37D4
:10CB100028BF0027AFE7C7F1000C07EB020E624504
:10CB20004FF0FF3228BF002284E7CEF100090EEB60
:10CB3000020C4FF0FF3E4A4528BF4FF0000E54E76D
:10CB4000CCF1000ACC44D1454FF0FF3928BF4FF05B
:10CB5000000921E7C2F100095244CA454FF0FF3AEB
:10CB600028BF4FF0000AE6E65142424488454FF0A4
:10CB7000FF3128BF0021AAE6C2F1000A4244D04595
:10CB80004FF0FF3A28BF4FF0000A65E6C2F10008F7
:10CB90003A4447454FF0FF3728BF002718E6C2F157
:10CBA000000E3A4477454FF0FF3E28BF4FF0000E8D
:10CBB000DBE5C2F1000C3A4467454FF0FF3C28BF6B
:10CBC0004FF0000CAAE500BF2DE9F04F8FB00646EC
:10CBD0000125082406AB2022002103951846059361
:10CBE000049416F029F830460E21F7F717F9074696
:10CBF000002840F0C080B3681968D3F81C90DA6A46
:10CC00004945C9EB010458682CBF00210121A2420B
:10CC100088BF0131A41A49421C6049B2002940F082
:10CC2000AE803C46D3F82080196B804588BF013C1C
:10CC3000C8EB00009D68814288BF013C401A64B285
:10CC40005860002C40F0D9802046D3F824C05C6B9B
:10CC5000AC4588BF0138CCEB0505D3F80CA0AC423D
:10CC600088BF01382D1B40B29D60002840F0BD8078
:10CC70000190D3F828E0D3F810B0D645CEEB0905E3
:10CC800098BF0020554488BF0120A94594BF404269
:10CC9000C0F1010012EB0509019DC3F80C9045EBB2
:10CCA000000040B20028C0F297801BEB00002CBFB0
:10CCB0004FF0010B4FF0000B4FFA8BFB8242C2EB9F
:10CCC00008095D6994BF002201224844804594BF51
:10CCD000C2F10008C2F1010808184BEB08081861FE
:10CCE0004FFA88F8B8F1000F6DDB15EB08082CBF80
:10CCF000012500256DB2C1EB0C0041459A6994BF36
:10CD0000002101218044C44594BFC1F1000CC1F150
:10CD1000010C14EB080045EB0C0C58614FFA8CFC2D
:10CD2000BCF1000F46DB12EB0C0C2CBF01200020E5
:10CD300040B2C4EB0E0264457168624494BF0024A3
:10CD400001249A61964594BFC4F1000EC4F1010E0E
:10CD5000082986444FFA8EFE2EEAEE72DA6107D970
:10CD600003EB81022033002143F8041B9342FBD1E3
:10CD7000BEF1000F0ADB38460FB0BDE8F08F4C4221
:10CD8000A04234BFFF24002408444BE7049A6FF00C
:10CD90004044CEF10003059D144403A932463046B9
:10CDA00045F82430F7F7ECFC0028E4D14FF0FF33CE
:10CDB0003360E0E7CCF10000944482424FF0FF3052
:10CDC00028BF0020B5E7C8F10002A84495424FF003
:10CDD000FF3528BF00258EE745425844AB454FF04C
:10CDE000FF3B28BF4FF0000B68E74542AA4534BF20
:10CDF000FF250025824401953BE76042854234BF10
:10CE0000FF200020254420E72DE9F04F8FB0054694
:10CE10000126092405AB242200210296184604931A
:10CE2000039415F009FF28461021F6F7F7FF01904B
:10CE3000002840F09881AB681A68D3F82090D3F8A6
:10CE400024804A44D3F82CE01F6B914508EB020C78
:10CE5000586B94BF00240124CEEB0C029E6BE0457E
:10CE600088BF0134D11BE64588BF013C974294BF7F
:10CE70002246621E0C1A884288BF013AC6EB040C97
:10CE8000A64294BF1146511EC3F800C05A6800293B
:10CE9000C0F26D8151182CBF0122002252B24144D0
:10CEA000D3F828C0DC6B884588BF01326144D3F8D1
:10CEB00008A08C4588BF0132C7EB010B8F4294BF9D
:10CEC0001146511EC0EB0B02584588BF0139C6EB15
:10CED000020B964294BF0A464A1EC4EB0B015C4506
:10CEE00094BF9346A2F1010B59604FFA8BFBBBF143
:10CEF000000FC0F286811AEB0B0B2CBF0121002121
:10CF000049B2E344D3F80CA0DC4588BF0131F344B7
:10CF1000DE4588BF0131C0EB0B02584588BF01399F
:10CF2000C6EB020B964294BF0A464A1EC4EB0B01A5
:10CF30005C4594BF9346A2F1010B99604FFA8BFBBD
:10CF4000BBF1000FC0F254811AEB0B0B2CBF012177
:10CF5000002149B2F344D3F810A0DE4588BF013167
:10CF6000F344DE4588BF0131BB445F4588BF0131D2
:10CF7000BB445F4588BF01318344584588BF0131B8
:10CF8000C4EB0B025C4588BF0139C9EB020B91452C
:10CF900094BF0A464A1EC8EB0B01D84588BF013A28
:10CFA000D96052B2002AC0F219811AEB02022CBFDA
:10CFB0004FF0010B4FF0000B4FFA8BFB3A445969CD
:10CFC000974288BF0BF1010B3A44974288BF0BF19F
:10CFD000010B0244904288BF0BF1010B02449042C6
:10CFE00088BF0BF1010B3244964288BF0BF1010B55
:10CFF000C8EB020A904594BF5A46ABF10102CCEB54
:10D000000A0BD44588BF013AC3F810B052B2002AC7
:10D01000C0F2DB808A182CBF0121002149B20244F2
:10D02000D3F818A0904288BF01310244904288BFD3
:10D0300001313244964288BF01313244964288BF62
:10D0400001312244944288BF0131CCEB020B94455C
:10D0500094BF0A464A1ECEEB0B01DE4588BF013A5B
:10D06000596152B2002AC0F2A7801AEB02022CBF0B
:10D070004FF0010A4FF0000A4FFA8AFA3244D96998
:10D08000964288BF0AF1010A3244964288BF0AF1EB
:10D09000010A2244944288BF0AF1010A22449442C0
:10D0A00088BF0AF1010A3244964294BF56460AF1FB
:10D0B00001060244904288BF0136C9EB020A91453D
:10D0C00088BF013EC8EB0A02D04594BFB046A6F126
:10D0D00001089A614FFA88F8B8F1000F62DB11EB92
:10D0E00008022CBF0121002149B222446E689442FB
:10D0F00088BF01312244944288BF013122449442C6
:10D1000094BF0C464C1C4A44914594BFA14604F17F
:10D110000109CCEB0201944594BFCC46A9F1010C66
:10D12000CEEB01048E4594BFE646ACF1010EE11B47
:10D13000A74294BF7746AEF101070A1A884294BF0E
:10D140003846781EDA61092E40B220EAE0721A628F
:10D1500007D903EB86060022243343F8042B9E42B2
:10D16000FBD100280BDB01980FB0BDE8F08F4C42DB
:10D170001144A2424FF0FF3228BF00228FE6039AEB
:10D180006FF040444342049E144402A92A462846B4
:10D1900046F82430F7F7F4FA0028E4D14FF0FF33D3
:10D1A0002B60E0E7C8F1000608EB0102B1424FF046
:10D1B000FF3128BF002198E7514252448A454FF081
:10D1C000FF3A28BF4FF0000A58E7C2F1000B0A44AB
:10D1D00059454FF0FF3128BF002120E7C2F1000B75
:10D1E0005244DA454FF0FF3B28BF4FF0000BE5E615
:10D1F000CBF10001D3448A454FF0FF3128BF002115
:10D20000A8E6CBF10001D3448A454FF0FF3128BF97
:10D21000002176E6F8B50D460446FDF733FF6B1E98
:10D220002570032B65D8DFE803F0573A2D02334B06
:10D230000125334E0C2203F1300103F1600003F1AC
:10D240009007E360C03361626065201D2D4927634C
:10D25000E36366666560E561E564A5626563256410
:10D260006564A26022622265E262A263A164F6F7AD
:10D2700097FFA06504F14C00F6F792FF2566E06584
:10D280000020F8BD204B0125204E082203F120018B
:10D2900003F1400003F16007E3608033D3E71C4BE8
:10D2A00001251C4F082603F1200203F13C0103F184
:10D2B0005800E36074336262616507222063201DB9
:10D2C0001049E36367666560E561E564A5626563CF
:10D2D00025646564A660C5E70F4B01250F4E062245
:10D2E00003F1180103F1300003F14807E3606033F4
:10D2F000A9E72046FDF7C6FE0948F8BD74BE0260E6
:10D3000041C60060A8680020D4BD026009CE00605C
:10D3100044BD0260C9CB0060CCBC02609DC400600B
:10D3200080B1FFFF2DE9F04F8E460F2191B01EF81E
:10D330000FCF0F920CEA01044FEA1C1C00EBC4044F
:10D34000CDE900ABD4E93023D4E9104525E01EF83F
:10D3500001CD0E9A534B0CF00F04CDF828804FEA04
:10D360001C1C53F8323000EBC4041B04DDE90467D5
:10D370000B93D4E93023D4E9104556405F40324640
:10D380003B4656465F4666406F4034463D46DDE9C3
:10D390000A6756405F4032463B4626094FF0000878
:10D3A00017090139009604F00F06069700EBCC0C24
:10D3B000009F2C09CDF830804FEA027947EA0577C3
:10D3C0000194CDF820800097364F57F83660069FBD
:10D3D00047EA03771B09069707933304DDE90645FF
:10D3E000DCE930670D9374407D4026462F46DDE929
:10D3F0000CABDDE900238AEA060A8BEA070B42EA56
:10D40000080243EA090356465F46DCE910456240DC
:10D410004C1C4FEA161483EA05034FEA0675049480
:10D420004FEA12140995029402F00F04029D0E9423
:10D4300045EA03750295049D45EA0B7504954FEA8C
:10D44000131503954FEA1715DDE908AB0595DDE9DE
:10D4500002454AEA040A4BEA050B7FF478AF0F9CB9
:10D46000390E3D0CE7704FEA172E21702746300E1B
:10D47000E671310CE372E273360A65701D0E84F8B2
:10D4800002E01C0C3871180A7971130C110EBE7170
:10D49000120A3D727C72B87239737B73BA7311B021
:10D4A000BDE8F08F68BF02604FF4C472002115F030
:10D4B000C3BB00BF2DE9F04F04468BB0934608462E
:10D4C000012219461D46FAF767FB002800F09C80F0
:10D4D000D0F814A08046BAF1100F40F09580204695
:10D4E000FAF772FB41462046FAF77EFB10B10BB00B
:10D4F000BDE8F08F2A46594601232046FAF7A0FBE3
:10D5000005460028F3D105A906AB524620460091F6
:10D51000194605950695079508950995FAF744FC6F
:10D52000864600286CD1089B4FF0000A099D4FF0F9
:10D53000040E93FA83FB079B95FA85FC069A1DBAA5
:10D540005B4611BA4FF0000B40EA0C0228434FF043
:10D55000030C04F58075C4E92023C5E90001C4E982
:10D5600030ABC4E910AB02F0010AC7075B084FEA11
:10D57000320249084FEA30004FEA4A1B002604EB0A
:10D58000CE053B43CBEB0A0A32437040BCF1010CA1
:10D590004FEA0A694FEA6E0E81EA0901C5E91023D4
:10D5A000C5E93001DFD1022704F1C00304F1400CCA
:10D5B0004FF0030E3D460293EA00029E60460123AF
:10D5C0000CEB020132442F46D1E90089D2E900ABCD
:10D5D000F6E90245013384EA0A0485EA0B05BB42F9
:10D5E000E2E90245F0E9024584EA080485EA090512
:10D5F000E1E90245ECD1BEF1010E4FEA4305DBD172
:10D6000070460BB0BDE8F08F6FF013000BB0BDE8B3
:10D61000F08F00BF2DE9F04F00268DB00796DDF8A2
:10D6200058A0DDF85C80002B00F0B68005461C4653
:10D6300000F5B87B00F5B0730F469146002100F568
:10D64000A0720020C5F860610C2C5E609E60DE60F8
:10D65000C5F87061CBF80460CBF80860CBF80C60BB
:10D66000C5F88071C2E900012A46E2E9520103923D
:10D6700000F08480E20005F25F11CDF814B09B4603
:10D68000100E0F460491110C8DF82F20120ACDF8C0
:10D690005C80A846089609968DF82C008DF82D1010
:10D6A0008DF82E200A96102C26463D4609F1FF30B3
:10D6B00028BF1026394606F25F1EC64411F8012F16
:10D6C00010F8013F714583EA02030B70F6D15A4608
:10D6D00059464046B144FFF725FEA41BE3D12F462F
:10D6E0005B464546DDF814B0DDF85C8008AE049971
:10D6F000204601E016F8014F11F8012F0130624079
:10D70000102807F8012FF5D11A4619462846049328
:10D71000FFF708FE049B07A81946102205F5A87319
:10D7200000902846FAF740FB28BB039BC5F84881C8
:10D730005860B8F1000F1DD005F26F14464623461D
:10D740000AF1FF31102E28BF102606F26F172F4462
:10D7500013F8010F11F8012F9F4282EA00021A709C
:10D76000F6D15A4659462846B244FFF7DBFDB8EBDE
:10D770000608E3D100200DB0BDE8F08FD9F80040D5
:10D780000122D9F80400D9F80810C5F860415860A2
:10D79000996085F86F21BEE76FF01300EBE700BFDB
:10D7A0002DE9F04F9A4689B000231646924505466A
:10D7B0008846039303D9C2EB0A038B4264D32C46F9
:10D7C0004FF00F0C6FF01F0BF4E9500110EB080243
:10D7D00041F100039C4508BF934555D38B4208BFD8
:10D7E000824251D3C4E90023B8F1000F42D005F5BD
:10D7F000B07B05F5B87947464C4649461022102FB4
:10D8000028BF102711F8013D013A01330C2ADBB281
:10D810000B7001D9002BF5D003AB102259462846D6
:10D82000009304ABFAF7C0FA28BB3146D5F8802143
:10D830003E440DF10F0E0AF1FF301AB922780B7831
:10D84000534023700B7801311EF8012F534000F82C
:10D85000013FD5F88021012A10D0B14204F1010422
:10D86000EBD14A4649462846BA44FFF75BFDB8EB80
:10D870000708C0D1002009B0BDE8F08F94F800C0BF
:10D8800083EA0C032370E8E76FF01300F3E700BFAF
:10D890002DE9F04FD0F84C31161FD0F8447187B005
:10D8A0004FEAC308D0F84041FF00D0F848310C2EB1
:10D8B00047EA547748EA537875D88B464FEAC4094B
:10D8C00000F5A871064658464FEAC30A154615F0FA
:10D8D000E7F959EA070306D15AEA080303D1002001
:10D8E00007B0BDE8F08F4FEA184C8DF80B804FEA77
:10D8F0001A6E8DF80FA04FEA1A4206F26F144FEA23
:10D9000018638DF813704FEA18288DF817904FEAB6
:10D910001A2A8DF809C08DF80A804FEA176C4FEA71
:10D9200017488DF80CE03F0A8DF80EA04FEA196EEB
:10D930008DF80D204FEA194A8DF810C04FEA1929C9
:10D9400002A8214601948DF808304FF0000C8DF8A4
:10D95000118022468DF812708DF814E08DF815A014
:10D960008DF8169001E010F8013F12F8017F0CF1DC
:10D97000010C7B40BCF1100F01F8013FF3D106F51B
:10D98000B872013D30461146FFF7CCFC0BF1FF3079
:10D99000AB4410F8012F14F8013F584583EA020305
:10D9A0000370F6D19BE76FF0130099E72DE9F04380
:10D9B00083B01E4617460B9D32460C9C00950DAD5C
:10D9C000019404460A9BDDF8408095E86002FFF769
:10D9D00021FE10B103B0BDE8F08333462A46394634
:10D9E0002046FFF7DDFE0028F4D14A464146204696
:10D9F00003B0BDE8F043FFF74BBF00BF2DE9F04196
:10DA00008CB00E460021139C0DF1200E129D159F27
:10DA100001950294169D179C009313460395324678
:10DA200005970494CDF818E0149DFFF7BFFF88B95F
:10DA30009FB107F1FF386A1E0DF11F01454412F82E
:10DA4000017F11F8013FAA4283EA070340EA03007D
:10DA5000F5D120B90CB0BDE8F0813846FAE7204690
:10DA6000314604F095F96FF01100F3E710B5044664
:10DA7000FAF7AAF84FF4C4712046BDE8104004F04C
:10DA800087B900BF2DE9F04FBF4BADF50D7D4FF0CD
:10DA9000800A139303F5907308901493CDF824A093
:10DAA000099B0024139AA3F1C003A2460A92B3FA79
:10DAB00083F35B091593B54B1193149B98464FF470
:10DAC000C47200212AA815F0B7F8089B002B40F07B
:10DAD000D481AF4B02212AA803EB44131A460B93BF
:10DAE000099BFFF7E7FC10F1230F034603D1159ABA
:10DAF000002A40F0FA81002B40F0A381A54B16AC20
:10DB0000A5484FF0100B53F82A7003F55273A34E3B
:10DB10004FEA8A0953F82A1003F5D873069453F88C
:10DB20002A20A3F5587300EB811100F5D87053F843
:10DB30002A3000EB8212A0F5E47006EB831306F5A1
:10DB4000527650F82A0056F82A600E9135460F9604
:10DB50001AAE10920D900191012103923A46009065
:10DB60002AA80295CDF814B004960C93FFF71EFF77
:10DB70000346002840F0658112903A4641463046FF
:10DB800015F096F8129B002840F0CC815A460A996D
:10DB90002046129315F08CF8002840F0C3812AA883
:10DBA000FAF712F84FF4C4712AA804F0F1F8089AB1
:10DBB000002A40F069814FF4C47208992AA815F030
:10DBC0003BF8099B02210B9A2AA8FFF773FC034636
:10DBD000002840F036810F9A01460D9D4FF0100B42
:10DBE0000E980C9B02923A4601902AA8069404963D
:10DBF000CDF80C800095CDF814B0FFF7D7FE0346A2
:10DC0000002840F01E813A461099304615F050F831
:10DC1000002840F087815A460A99204615F048F8B6
:10DC20008346002840F07E812AA8F9F7CDFF4FF403
:10DC3000C4712AA804F0ACF8089B002B40F0358191
:10DC40004FF4C47208992AA814F0F6FF099B022128
:10DC50000B9A2AA8FFF72EFC0346002840F0F1801B
:10DC60000F9B01210E9A2AA8019300920D9B0C9AFA
:10DC7000FFF7D0FC0346002840F0E380202F40F25D
:10DC8000D680109D334620212AA82A46203FFFF740
:10DC900087FD0346002840F0D4802A4622AB39464F
:10DCA0002AA82032FFF77CFD0346002840F0C980F7
:10DCB000102221462AA8FFF7EBFD0346002840F07A
:10DCC000C080344B4146304653F809B05A4614F0F0
:10DCD000EFFF002840F0268110220A99204614F018
:10DCE000E7FF0746002840F01D812AA8F9F76CFFDE
:10DCF0004FF4C4712AA804F04BF8089B002B40F0A5
:10DD0000E4804FF4C47208992AA814F095FF119B7F
:10DD100002211F4D2AA81A68099B05EB4212FFF742
:10DD2000C9FB0346002840F08C8005F5816205F5AB
:10DD30001C7301462AA852F8097005F5227205F5F0
:10DD4000846553F8093002EB8717303A55F80950CB
:10DD500052F809200097114F019507EB8212FFF747
:10DD600059FC034600286CD1BBF1200F7BD9334608
:10DD7000424620212AA8FFF713FDABF120050346F8
:10DD800000285ED10CE000BFE8BF026040CB02601B
:10DD900088C5026048C6026010C8026060C60260A2
:10DDA00022AB294608F120022AA8FFF7F9FC034616
:10DDB000002846D1102221462AA8FFF769FD034614
:10DDC00000283ED15E4B304653F80910A3F59F63FF
:10DDD00053F8092003F55E7303EB811114F068FF1B
:10DDE000002840F09F80204610220A9914F060FF1E
:10DDF000002840F097802AA8F9F7E6FE4FF4C47196
:10DE00002AA803F0C5FF089B002B40F08780119BD8
:10DE10000AF1010A0A9A08F140080433BAF1060F20
:10DE200002F1100211930A9262D01C6847E6334651
:10DE3000109A39462AA8FFF7B3FC034600283FF49E
:10DE400037AF089A002A71D12AA80893F9F7BCFEC7
:10DE50002AA84FF4C47103F09BFF089B18460DF5E8
:10DE60000D7DBDE8F08F3346594642462AA8FFF79C
:10DE700097FC034600289DD0E3E7324B52460999B0
:10DE8000314814F019FF24E6304814F0E5FE129BE7
:10DE90004FF4C4722AA8194614F0CEFE2C4B5246F9
:10DEA0000999294814F008FF8BE6284814F0D4FE9D
:10DEB00059464FF4C4722AA814F0BEFE214B5246B4
:10DEC0000999244814F0F8FEC0E6204814F0C4FE76
:10DED00039464FF4C4722AA814F0AEFE1C4B5246C9
:10DEE00009991C4814F0E8FE11E71B4814F0B4FE31
:10DEF000139A099B603240331392149AB3F5A07FB2
:10DF0000099302F5C07214927FF4CAAD089B9BB9C5
:10DF1000002318460DF50D7DBDE8F08F0B4814F079
:10DF20009BFE74E7089A0123002A8DD00B480893C2
:10DF300014F092FE089B87E70A2014F0A1FEE7E7A1
:10DF400040CB0260A81C002040270020CC1C0020F1
:10DF5000A41C00205C270020C41C00201C1D0020E5
:10DF600070B5064D14460B462E6834448119184688
:10DF700014F096FE00202C6070BD00BFA86D01203B
:10DF80006422002114F058BE416570470165704756
:10DF9000816570472DE9F043884693B004460068D8
:10DFA000914600F009FB00230546B8F1000F3AD076
:10DFB000B9F1000F37D002278DF8043004F10C06B8
:10DFC00019E002A9204600F0B9FB2A4602A9204622
:10DFD00000F02AFB2A463146204600F09BFB3146E2
:10DFE000204600F0ABFB9DF804300133DBB2BB42AE
:10DFF0008DF8043014D2204600F0D6FB2A46314674
:10E00000204600F087FB012201A9204600F082FB98
:10E01000022FD6D14A464146204600F07BFBD0E78E
:10E0200013B0BDE8F08301278DF80430C6E700BFC8
:10E030002DE9F84317460122984605460E4600F0A2
:10E040007BFA0446B0B905F10C09304600F0B4FA89
:10E0500002464946284600F0E7FA304600F0ACFA9E
:10E0600001210246484614F0E7FD4246394628465B
:10E07000FFF790FF2046BDE8F88300BFB2F5807F30
:10E080002DE9F041E0B02BD8076DD319B3F5C07F6F
:10E0900026D804460E46154600214FF4C072684645
:10E0A00014F0CAFD3A466946E36D206E984707466C
:10E0B000E0B9D4F8508006B155B9424669462046C9
:10E0C000FFF768FF0123E364384660B0BDE8F081E4
:10E0D0000DEB080031462A46A84414F0E1FDECE7B8
:10E0E0006FF00407384660B0BDE8F0816FF00807B4
:10E0F000EAE700BF2DE9F041904601221F460446A1
:10E100000D4600F019FA08B1BDE8F081284604F187
:10E110000C0500F051FA064629462046324600F02A
:10E1200083FA32462846012114F086FD42F210732C
:10E13000142EC4F85C802766A3650CD8182310251C
:10E1400023652046079A0699FFF798FF0028DBD140
:10E150002565BDE8F0811C2E8BBF302324232025AC
:10E160001825EDE72DE9F84F1546064600680F46DD
:10E170009B46DDF828A000F01FFAB5F5806F49D85E
:10E18000BAF5807F42D8F36D814633B1736D012BB0
:10E1900034D0F26CB36D9A4230DCBBF1000F07D083
:10E1A000BAF1000F04D0524659463046FFF7F2FE4E
:10E1B000CDB106F10C084D4530462C4628BF4C46E3
:10E1C00000F0F2FA4A464146304600F0A3FA4146D2
:10E1D000304600F0B3FA38462246414614F060FD5E
:10E1E0002D1B2744E7D1304652465946FFF7D2FE51
:10E1F000F36C00200133F364BDE8F88F52465946B2
:10E200003046FFF73BFF18B98246D1E76FF00400B4
:10E21000BDE8F88F6FF00200BDE8F88F00B500236D
:10E2200083B00093FFF79EFF03B05DF804FB00BFCF
:10E2300048B110B5044600F065F964212046BDE8F8
:10E24000104003F0A5BD70472DE9F041B0B0044681
:10E25000042000F045F964220546002117A814F0B7
:10E26000EBFC7CB9694E2946019417A80094684BD1
:10E27000684A3460FFF73EFFE0B10125284630B020
:10E28000BDE8F08100276448604E14F015FD294672
:10E29000019717A800975E4B5E4A3760FFF72AFF89
:10E2A00000287FD001255D4814F0D6FC284630B008
:10E2B000BDE8F08103AF4FF0010E009423463946CC
:10E2C000502217A8CDF8B0E0FFF74CFF0028D4D1BA
:10E2D00000235022394617A80093FFF743FF002878
:10E2E0005DD150224E49384614F0E2FC80460028A9
:10E2F00055D117A800F006F9642117A803F048FDCE
:10E3000017A800F0FFF8642117A803F041FD002CC6
:10E3100058D16422214617A814F08EFC0194009471
:10E320002946404B17A83B4A3460FFF7E3FE00281C
:10E33000A3D12246214617A8FFF7A0FE00289CD1B2
:10E3400000235022394617A80093FFF70BFF03461E
:10E3500028BB00905022394617A8FFF703FFF0B9F9
:10E3600038465022304914F0A3FC0546B8B917A826
:10E3700000F0C8F8642117A803F00AFD17A800F000
:10E38000C1F817A8642103F003FD002C3FF476AF19
:10E39000264814F061FC0A2014F072FC6EE7002C91
:10E3A00080D16AE703AF4FF0010E00900346394673
:10E3B000502217A8CDF8B0E0FFF7D4FE00287FF474
:10E3C00071AF85E7194814F047FC194814F074FC44
:10E3D0006422414617A814F02FFCCDF80480CDF834
:10E3E000008029460F4B17A80A4AC6F80080FFF79D
:10E3F00081FE00287FF456AF0246014617A8FFF7BA
:10E400003DFE00287FF44EAF9AE700BFA86D0120C3
:10E4100058CB026061DF00607C2700201C1D0020BB
:10E4200090CB0260E0CB026008CC0260CC1C0020E4
:10E43000982700200048704758CC0260002833D04D
:10E44000014610B50446194814F0FAFB20B32146E2
:10E45000174814F0F5FBE8B12146164814F0F0FB1C
:10E46000C0B12146144814F0EBFBB8B12146134863
:10E4700014F0E6FBA0B12146114814F0E1FB88B18D
:10E480002146104814F0DCFB0F4C00280CBF20463E
:10E49000002010BD0D4810BD0D4810BD0D4810BD29
:10E4A0000D4810BD0D4810BD704700BFB4270020B7
:10E4B000DC2800200C44002000290020A83C00207B
:10E4C000D43C00207829002038CF0260F8CF0260C9
:10E4D00028D00260C8CF026098CF026068CF026087
:10E4E0000338C0B2052803D8024B53F82000704708
:10E4F00000207047AC050020002303604360836068
:10E50000704700BFB8B10368ABB110B504464068AE
:10E5100008B15B6A9847A06838B12368D968490098
:10E5200003F036FCA06814F083FB20460C21BDE804
:10E53000104003F02DBC7047C9B1C0B1F8B5054615
:10E540000B6A0C46164698470746686088B116B9AC
:10E550002C600020F8BDE168022014F065FBA86083
:10E560000028F5D13846636A98470348F8BD034848
:10E5700070470148F8BD00BF80AEFFFF00AFFFFF4E
:10E580000122FFF7D9BF00BF78B1026869B162B15B
:10E590000B6853B110B5D41A18BF01243CB9936A63
:10E5A000496840689847204610BD024870470148B6
:10E5B00010BD00BF00AFFFFF00B1007A704700BF81
:10E5C00000B10078704700BF00B14068704700BFDD
:10E5D00020B1036813B11B694068184700487047B1
:10E5E00000AFFFFF20B1036813B15B6940681847B3
:10E5F0000048704700AFFFFF20B1036813B19B696B
:10E60000406818470048704700AFFFFF40B130B482
:10E610000C46C56911461A4620462B4630BC1847A1
:10E620000048704700AFFFFF00286ED003682DE957
:10E63000F043054691B0002B65D08668002E62D06D
:10E640009046DA68894642450ED21B694068984771
:10E65000044600283ED06F463846402103F098FB20
:10E66000204611B0BDE8F08313466F461A463621A6
:10E670003046F41814F0E0FA2B6820465C21DA6882
:10E6800014F0DAFAB8F1000F15D009F1FF31601E6D
:10E6900006EB0802334693F800E011F8014F8EEACA
:10E6A000040403F8014B9A4210F801EF0C788EEA4B
:10E6B00004040470EFD12B6868681B69984704460E
:10E6C0000028C9D12B68314668685C69DA68A047C0
:10E6D0000446C1E72B684246494668685B696F4655
:10E6E000984704460028B7D12B68694668689B693B
:10E6F000984704460028AFD12B68E946AE68D3F8A6
:10E700000880DB68B2E70248ABE70148704700BF0A
:10E7100000AFFFFF68B103685BB110B4846824B137
:10E720005B6940685DF8044B184703485DF8044B8B
:10E7300070470148704700BF00AFFFFF00282FD08F
:10E740000368002B2CD0F0B5866891B0002E25D040
:10E7500004460D469A6969464068DF68904708B1EB
:10E7600011B0F0BD236860681B6998470028F7D195
:10E770002368F11960685E69DA68B0470028EFD154
:10E780002368694660685E699A68B0470028E7D1E7
:10E790002368294660689B699847E1E70148DFE7FD
:10E7A0000048704700AFFFFFA8B103689BB170B588
:10E7B000856875B104461B694068984700B170BD13
:10E7C0002368294660685C69DA682346BDE87040C2
:10E7D00018470248F3E70148704700BF00AFFFFF4A
:10E7E000002831D0F0B585B0002416460D46012230
:10E7F000014601A8029401941F460394FFF79CFE72
:10E80000044628B101A8FFF77DFE204605B0F0BD03
:10E810003246294601A8FFF707FF04460028F1D138
:10E82000019B7BB1039A6AB15B6939460A9A0298E7
:10E83000984704460028E5D10B9901A8FFF77EFF11
:10E840000446DFE7014CDDE70048704700AFFFFFFB
:10E8500020B1036813B1DB6A40681847004870476D
:10E8600000AFFFFF5822002114F0E6B910B1582183
:10E8700003F08EBA704700BF08B5582214F010FAA2
:10E8800008BD00BF70B403460022064E064D104678
:10E89000064C07499E60DD601C6159611A605A6030
:10E8A00070BC70470123456789ABCDEFFEDCBA9899
:10E8B000765432100369024600202DE9F04F1F46BE
:10E8C0001346526995B08E46D34E11461A46DB6800
:10E8D00010911C46119287EA01039168DEF800202E
:10E8E0000497234005922746049ACDF800E0964607
:10E8F0006240109CC94D2644009C12910D446468EE
:10E90000DFF888B32146109C06EB010C009E6340A3
:10E91000C34CB6680691744431462B44059E07915A
:10E920000C4400993344BF4DCE6807EB73633D44FC
:10E930003146009E1A4087EA030E366905EB010A4C
:10E94000089101960199B84D0D4400994E6905EB67
:10E9500003093146049E009D7240B44EAD69944453
:10E96000009A02950E4403EB3C5CD26909910EEAD1
:10E970000C0E1146AE4D66448EEA070E029A0A91BD
:10E980008B44A6440099154483EA0C020CEBFE3E2E
:10E99000009C139702EA0E020F6A646A8CEA0E0862
:10E9A00039465340A34F7544009A534403940F448F
:10E9B0000B91926A0399A04C0C4411460EEBB322C2
:10E9C0009E4B0C9108EA02088EEA020A93440B441B
:10E9D00088EA0C080099C844C96A02EB78680D916E
:10E9E0000AEA080C07EB080A8CEA0E0782EA080C10
:10E9F0003744934E08EB37570E440CEA070E04EBEE
:10EA0000070988EA07048EEA02021544009A07EB18
:10EA1000F535116B2C4087EA050E03EB050C894B8D
:10EA200084EA080400910B4411465C44DFF860B2AC
:10EA300005EBB4240EEA040806EB040E88EA070688
:10EA400085EA0408576B56443A4604EB76660E9204
:10EA500008EA06089F1988EA050384EA06087A4D41
:10EA60004B44DFF830921544CA6B06EB33530F92D8
:10EA700008EA03081D4488EA040486EA0308A4445B
:10EA80008C6B03EBFC3C08EA0C0883EA0C0188EA77
:10EA90000606B6446D4E0CEBBE2E264401EA0E016E
:10EAA0008CEA0E0866445940694B0F441344069A99
:10EAB0000EEB776773449144029A08EA07088EEADE
:10EAC0000701B94488EA0C0C654407EB3555294029
:10EAD00087EA050C81EA0E010E445E4905EBF63625
:10EAE00011440D9A0CEA060C29448CEA070C5A4F83
:10EAF00063441744059A06EBB32307EB060A574F06
:10EB000086EA030817440E9A08EA050507EB03088E
:10EB1000099F7540A944524D03EBF9693D4483EACE
:10EB2000090E0EEA060605EB090E4E4D5E40314415
:10EB30004D4E09EBF15189EA01071F400C9B87EA12
:10EB400009071D44574405EB010C0F9D01EBB74726
:10EB500081EA070303EA0909444B89EA01092B44C6
:10EB6000019DC84403EB070A2E44414D07EB38389A
:10EB700087EA0803464419407940714408EBF16183
:10EB800088EA01031F40039B87EA08071D44BC4431
:10EB900005EB010E374D01EBFC5C089F254481EA33
:10EBA0000C0305EB0C0903EA08034B4053440CEB40
:10EBB000B3438CEA030529402F4D81EA0C013D4403
:10EBC0002E4F0E4405EB03080B9903EB36360F442A
:10EBD00083EA0605374405EA0C055D40754406EBFB
:10EBE000F56586EA05010B40254973401144079AF3
:10EBF000994401EB050E234B05EBF9591344009A98
:10EC000085EA090103EB090C31401F4E694041447C
:10EC100009EBB14140E000BF56B7C7E878A46AD716
:10EC2000DB702024EECEBDC1AF0F7CF52AC687472E
:10EC3000134630A8D8988069AFF7448BB15BFFFFCB
:10EC4000BED75C892211906B937198FD8E4379A693
:10EC50002108B44940B340C0515A5E26AAC7B6E95C
:10EC60005D102FD653144402C8FBD3E781E6A1D828
:10EC7000E6CDE121D60737C3870DD5F4ED145A450B
:10EC800005E9E3A9F8A3EFFCD9026F67019546FDFA
:10EC900039D0D4D962251EF689EA01031D400A9BAA
:10ECA00085EA09051E442F44D74D0E4401EB373742
:10ECB0001544099A81EA070305EB070803EA0903EB
:10ECC0004B40734407EBF36387EA03052940CF4DBC
:10ECD00079401544019A8C4405EB030ECC4D03EBAF
:10ECE000FC5C83EA0C010F400B995F400D44C9495D
:10ECF0003E44654421440CEBB647C74E8CEA0709F5
:10ED000003EA090383EA0C0C0D9BE0441E44C34B49
:10ED100007EB383806EB070A89EA080987EA08078B
:10ED20004144CE4408EB3E7E87EA0E0788EA0E088F
:10ED30002F44069D0EEB77572B44B94D88EA070602
:10ED400073448EEA070E15445644059A3D4407EB7A
:10ED500036468EEA060987EA060CB24F89440A99BC
:10ED600006EB79290F448CEA090C86EA090EB919D9
:10ED70000C9F9C44AC4B09EB3C7C3B44AB4F8EEA74
:10ED80000C0E4B4489EA0C09AE440E9D0CEB7E5EE2
:10ED90002F44A74D89EA0E0967448CEA0E0C1544EE
:10EDA0008944A44975440EEB39498CEA090C8EEA72
:10EDB00009069C44089B09EB7C2C19449E4B86EA6F
:10EDC0000C06494489EA0C093E44029F0CEB367656
:10EDD0003B4489EA060903EB0C07039B8CEA060C0B
:10EDE0004D449B4406EB7555B3448CEA050386EA13
:10EDF000050A009E0B449149DFF880C205EB3343BE
:10EE000031448F4E8AEA030A85EA030901EB050EB5
:10EE10000F9DBA448B4916448B4F03EB7A2A294441
:10EE2000079D89EA0A0983EA0A081944874BD944ED
:10EE30002B44874D0AEB3979534488EA09088AEA5A
:10EE4000090A06EB090B0A9EF0443544814E09EB92
:10EE500078588AEA080A05EB080E89EA08098A4404
:10EE60007D49CDF814E008EB3A4A2144099C01EBB6
:10EE70000A0E89EA0A092744784CCDF824E099441F
:10EE8000009A089B0AEB79291644754A9E4669EA5E
:10EE900008081346069A88EA0A08734407EB090E25
:10EEA000704FD8440893704B09EBB868CDF800E078
:10EEB00019460C9B68EA0A0ADFF8C4E11C440B46B9
:10EEC0000F998AEA090A1344684ADFF8B8B1464440
:10EED00006930B9B1A44664B0B4466490D460299F8
:10EEE0000F440E994D1901990295634D4D190D99D5
:10EEF0008C44079901958E440599089D8A4403998D
:10EF000008EBBA5A8B4409996AEA0909554489EA17
:10EF10000809894400990AEB794969EA08084C44D0
:10EF200088EA0A088844069909EBF82868EA0A0A78
:10EF300041448AEA090AB24408EBBA6A6AEA090952
:10EF4000524489EA0809A9440AEBB95969EA080850
:10EF50004B4488EA0A08A04409EB784868EA0A0AA0
:10EF600047448AEA090A8A44029908EBFA2A6AEABB
:10EF7000090901EB0A06019989EA08099144129AE4
:10EF80000AEBB96969EA080801EB090588EA0A0889
:10EF9000984409EBB85868EA0A0A0CEB08048AEAB4
:10EFA000090ABA44119F08EB7A4A6AEA09090EEB8A
:10EFB0000A0189EA08094E440AEBF62666EA0808BF
:10EFC000B34488EA0A08454406EBB56565EA0A0ACF
:10EFD00053198AEA060ABB60109B544405EBB454EB
:10EFE00064EA060623446E407B613144139E04EBC1
:10EFF000714161EA05057218049E65403144AB44D5
:10F00000396102EBFB233FE08A4C2A8D4239FAFF3B
:10F0100081F671870C38E5FD22619D6D44EABEA43E
:10F02000A9CFDE4B604BBBF670BCBFBEC67E9B2833
:10F03000FA27A1EA8530EFD4051D8804E599DBE6BF
:10F04000442229F4F87CA21F39A093FC6556ACC475
:10F0500097FF2A43C3595B65A72394AB7DF4EFFF69
:10F0600092CC0C8F144301A3D15D84854F7EA86F91
:10F07000E0E62CFEA111084E827E53F735F23ABD30
:10F08000BBD2D72A91D386EBFB6015B0BDE8F08FD9
:10F090002DE9F8430368064614460D4603F03F0782
:10F0A00013449A42C7F14008036002D94368013310
:10F0B0004360DFB1A04519D806F118092946424638
:10F0C00009EB070013F0ECFD49463046FFF7F2FB71
:10F0D00080B9C8EB0404454407463F2C08D92946AB
:10F0E0003046403C4035FFF7E5FB18B93F2CF6D8D9
:10F0F00014B92046BDE8F88306F1180022462946D7
:10F10000384413F0CDFD0020BDE8F88302B1BFE71D
:10F1100010467047F8B50446006880220D4600F09E
:10F120003F0004F118062318013038281A764BD80E
:10F13000C0F138020021304413F07EFD23683146CF
:10F14000666820465A0FDB0042EAC6021F0A84F8AE
:10F150005030160A84F8542084F85170170C84F843
:10F160005560120E1E0C84F856701B0E84F8572042
:10F1700084F8526084F85330FFF79CFB18BBA368F7
:10F180002B70A3681B0A6B706389AB70E37AEB701A
:10F19000E3682B71E3681B0A6B71E389AB71E37B56
:10F1A000EB7123692B7223691B0A6B72638AAB7242
:10F1B000E37CEB7263692B7363691B0A6B73E38AED
:10F1C000AB73E37DEB73F8BDC0F140020021304426
:10F1D00013F032FD31462046FFF76CFB0028F2D1D8
:10F1E00001463822304613F027FDA7E730B400234C
:10F1F000054D064C0649074A8560C46001614261BD
:10F200000360436030BC70470123456789ABCDEF95
:10F21000FEDCBA987654321002B9704738E700BF66
:10F22000FFF778BFFFF746BB70B596B006460C46B1
:10F23000154600215822684613F0FEFC0E480F497F
:10F240000F4A104B02900391049205935CB9294632
:10F250006846FFF75FFF04466846582102F098FDB4
:10F26000204616B070BD224631466846FFF710FFB3
:10F2700004460028F0D1EAE70123456789ABCDEFCA
:10F28000FEDCBA9876543210FFF7CEBF2DE9F0437A
:10F29000DFF8A490804685B00125002409F11C0701
:10F2A00009F18C06B8F1000F1BD121466A463046A1
:10F2B0005136FFF7B9FF394604461037102220BBFC
:10F2C000684613F0F5FC0446F0B9B8F1000F0DD113
:10F2D000072D05F1010510D059F8044FB8F1000FC2
:10F2E000E3D02946114813F0E7FCDEE7104813F09D
:10F2F000B3FC072D05F10105EED1B8F1000F0ED1D9
:10F30000204605B0BDE8F0830124B8F1000FF7D026
:10F31000084813F0A1FC204605B0BDE8F0830A20A0
:10F3200013F0AEFC204605B0BDE8F083B8270020FE
:10F33000CC1C00201C1D002074CC0260FFF7A2BA78
:10F34000FFF7E4BEFFF7E6BEFFF796BAFFF7B2BAE3
:10F3500005F0D8B806F08ABA06F08CBA05F0CCB839
:10F3600005F0ECB8012106F0F3BB00BF07F0C8B808
:10F3700007F0CAB8012307F0AFB900BF06F0E2BB3F
:10F3800006F02EBC002106F0E3BB00BF002307F00F
:10F39000A3B900BF012107F01FBB00BF08F0C0BC2C
:10F3A00008F0C2BC012308F00BBE00BF07F00EBB83
:10F3B00007F0B6BB002107F00FBB00BF002308F029
:10F3C000FFBD00BF10B50446FFF750FA2046BDE868
:10F3D000104013F02DBC00BF10B5044605F086F8B0
:10F3E0002046BDE8104013F023BC00BF10B5044612
:10F3F00006F0A2FB2046BDE8104013F019BC00BF88
:10F4000010B5044607F0DCFA2046BDE8104013F0C2
:10F410000FBC00BF10B55821012013F005FC0446B5
:10F4200008B1FFF71FFA204610BD00BF10B55C21E0
:10F43000012013F0F9FB044608B105F053F820460B
:10F4400010BD00BF10B56C21012013F0EDFB044688
:10F4500008B106F06DFB204610BD00BF10B5D821E5
:10F46000012013F0E1FB044608B107F0A5FA20469D
:10F4700010BD00BF98B1092270B506464568084C1A
:10F48000084803E054F8140F40B16268AA42F9D169
:10F49000B16813F00DFC0028F4D1204670BD704710
:10F4A00058D00260CC2700202DE9F047566882B082
:10F4B0001EB9304602B0BDE8F087904692682A4BEC
:10F4C000074614788946294AA3FB04535B0903EBDA
:10F4D0008305A4EBC504E4B2009413F0CDFB00282F
:10F4E00037DB81458CBF0024012494BBD8F804E0AD
:10F4F0000744C0EB0906BEF1010FDBD9D8F808C0FC
:10F50000022512E013F0B8FB0028074421DBB042CB
:10F51000A6EB000634BF00240124D4B9D8F804E0D7
:10F5200075451BD2D8F808C001350CEB05033146F0
:10F530000F4A384613F8013C03F07F0A13F0800F9E
:10F540000AEBC4142346DDD0AE4507D914F07E4F34
:10F55000EAD06FF00A0002B0BDE8F087C6EB090000
:10F5600002B0BDE8F08700BFCDCCCCCCD8270020BE
:10F57000E0270020C0B10322F8B5064645680F46D3
:10F580000B4C0C4803E054F8140F50B16268AA42C7
:10F59000F9D1B16813F08CFB0028F4D123693B60EA
:10F5A000F8BD6FF02D00F8BD6FF02D00704700BF63
:10F5B00070D10260E4270020C0B10322F8B50646EE
:10F5C00045680F460B4C0C4803E054F8140F50B13B
:10F5D0006268AA42F9D1B16813F06AFB0028F4D13D
:10F5E00023693B60F8BD6FF02D00F8BD6FF02D0072
:10F5F000704700BFE8D10260E8270020C0B10922AF
:10F60000F8B5064645680F460B4C0C4803E054F825
:10F61000140F50B16268AA42F9D1B16813F048FBE7
:10F620000028F4D1237C3B70F8BD6FF02D00F8BDAD
:10F630006FF02D00704700BF78D30260EC270020E8
:10F64000012870B415D00C4C0C4D04E01E7C864291
:10F6500009D05C691D4605F11403002CF6D16FF04A
:10F660002D0070BC7047AB690C600020136070BC4B
:10F6700070470923024CF7E7F827002078D302608F
:10F68000EC270020C0B10822F8B5064645680F46B1
:10F690000B4C0C4803E054F8140F50B16268AA42B6
:10F6A000F9D1B16813F004FB0028F4D1237C3B703E
:10F6B000F8BD6FF02D00F8BD6FF02D00704700BF52
:10F6C000C8D3026000280020012870B415D00C4C6B
:10F6D0000C4D04E01E7C864209D05C691D4605F194
:10F6E0001403002CF6D16FF02D0070BC7047AB698D
:10F6F0000C600020136070BC70470823024CF7E7D1
:10F7000010040020C8D302600028002038B50D4640
:10F710001446FFF7AFFE30B10346027C00205B7C4D
:10F720002A70237038BD6FF02D0038BD10B50C461F
:10F73000FFF7A0FE18B1C3680020236010BD6FF072
:10F740002D0010BD70B40B4C01260B4D03E054F896
:10F75000145F5DB1667CB042F9D1267C8E42F6D151
:10F76000616800201560196070BC70476FF02D0053
:10F7700070BC704758D00260CC270020C0B108226E
:10F78000F8B5064645680F460B4C0C4803E054F8A4
:10F79000140F50B16268AA42F9D1B16813F088FA27
:10F7A0000028F4D1237C3B70F8BD6FF02D00F8BD2C
:10F7B0006FF02D00704700BF2CD402600C28002091
:10F7C000C0B10822F8B5064645680F460B4C0C48F8
:10F7D00003E054F8140F50B16268AA42F9D1B1683D
:10F7E00013F066FA0028F4D1237C3B70F8BD6FF06B
:10F7F0002D00F8BD6FF02D00704700BFB8D4026037
:10F8000018280020C0B10822F8B5064645680F4602
:10F810000B4C0C4803E054F8100F50B16268AA4238
:10F82000F9D1B16813F044FA0028F4D1E3683B60E1
:10F83000F8BD6FF02D00F8BD6FF02D00704700BFD0
:10F8400030D5026024280020032870B415D00C4C59
:10F850000C4D04E01E7C864209D05C691D4605F112
:10F860001403002CF6D16FF02D0070BC7047AB690B
:10F870000C600020136070BC70470823024CF7E74F
:10F88000302800202CD402600C280020C0B10522B2
:10F89000F8B5064645680F460B4C0C4803E054F893
:10F8A000140F50B16268AA42F9D1B16813F000FA9E
:10F8B0000028F4D1237C3B70F8BD6FF02D00F8BD1B
:10F8C0006FF02D00704700BFA0D5026038280020DF
:10F8D000F8B12DE9F04106461746456888460A22E8
:10F8E0000D4C0E4803E054F8140F70B16268AA4240
:10F8F000F9D1B16813F0DCF90028F4D1227C637CE3
:10F9000088F800203B70BDE8F0816FF02D00BDE865
:10F91000F0816FF02D007047DCD502604028002098
:10F92000F8B50C46164605460021204613F084F92A
:10F930005FEA460E22D0AE4429460BE0A2F137031F
:10F940004208C007A05C58BF1B01714543EA000391
:10F95000A35413D0481B11F8012BA2F13003A2F1DC
:10F960004107DEB2092EEBD9052FA2F16106A2F103
:10F970005703E3D9052EE3D90148F8BD0020F8BDAF
:10F9800000EEFFFF2DE9F0439BB080468946174605
:10F9900004A81E46FEF766FF04A8FEF773FF60B1D9
:10F9A00004466D4604A8FEF761FF2846102102F0C8
:10F9B000EFF920461BB0BDE8F083229A314604A837
:10F9C000FFF7A4FB044608B16D46EBE70822394671
:10F9D00004A86D46FFF79AFB04460028E2D104A86C
:10F9E0006946FFF797FB04460028DBD1B9F1100FF9
:10F9F00035D99DE80F0088E80F0004A8FEF742FF04
:10FA000004460028CED1102269460DEB0200FFF714
:10FA10007DFB04460028C5D13146229A04A8FFF791
:10FA200075FB04460028BDD13946082204A8FFF71B
:10FA30006DFB04460028B5D1694604A8FFF76AFBB0
:10FA400004460028AED1B9F11F0F08F11000694635
:10FA500094BFA9F11002102213F022F9A2E74A463E
:10FA60004046694613F01CF99CE700BF2DE9F041C0
:10FA7000E8B01C4605460F466E9E08A89046F8F76B
:10FA8000FDFC234600962A4602A81821FFF77AFFBC
:10FA9000044650B108A8F8F7F7FC02A8182102F0B4
:10FAA00077F9204668B0BDE8F08102A908A8F9F707
:10FAB000C7FB04460028EDD1014601972B4600976D
:10FAC000424608A8F9F7E8F80446E3E72DE9F041D3
:10FAD000D0B006460D461746579C0AA89846F1F73F
:10FAE000D3FE00943246569B294602A8FFF74AFFF0
:10FAF000044650B10AA8F1F7CDFE02A8294602F04B
:10FB000047F9204650B0BDE8F081EA0002A90AA8F2
:10FB1000F1F7E2FF04460028ECD101460197334695
:10FB2000009742460AA8F2F701FE0446E2E700BF4A
:10FB30000023036043608360704700BF002800F02B
:10FB400099812DE9F0478046AAB0184689461F469C
:10FB5000164613F08DF80546002800F01581314651
:10FB6000384613F085F80446002800F00D818542E0
:10FB700080F00A81484613F087F82B5C0544202B5F
:10FB800000F0A6800D2B00F0A0800A2B40F0FC8036
:10FB900030466E1C13F078F8235C2218202B00F0FE
:10FBA0009D800D2B00F097800A2BA4EB060334995F
:10FBB00008BF0132152BA2EB07020A6049DC0025C1
:10FBC000A946A64280F0E4800021A41B334603AA84
:10FBD00000940846F3F71AFE2C3072D0DDF80CA022
:10FBE0000120514613F020F80746002800F040811C
:10FBF0000094334603AA5146F3F708FE0446002852
:10FC000040F0CA80B9F1000F6BD0329B002B00F09E
:10FC10003381252D00F0E280212D00F0F880052DA4
:10FC200000F0C980062D00F0E580072D00F0058169
:10FC30000399022905D93B78302B02D17B78832B9D
:10FC400050D9384602F0A4F8384612F0F1FF934834
:10FC500038E016229249304613F02AF80028AED137
:10FC6000EB7D0D2B46D005F117090A2B40F0908053
:10FC700009F10106A71B162F40DD172289493046DE
:10FC800013F016F800283BD109F11800231A0F2BA6
:10FC900040F3D980082206A9FFF742FE002840F071
:10FCA000D28009F128062525A71B0D2F00F3ED8032
:10FCB00033780D2B7CD00A2B6AD101364FF0010925
:10FCC0007FE779482AB0BDE8F0876B7801355CE7BB
:10FCD0006B78013556E75378013265E75378013286
:10FCE0005FE703990020C8F80070C8F804102AB034
:10FCF000BDE8F08705F118092B7EB6E7112F16DD58
:10FD000012226A49304612F0D3FF80B909F113007C
:10FD1000231A0F2B40F39780082206A9FFF700FE55
:10FD2000002840F0908009F123062125BCE70D2F23
:10FD30003CDD0E225E49304612F0BAFF002835D174
:10FD4000152F33DD16225B49304612F0B1FF002833
:10FD50004ED016225849304612F0AAFF002874D01F
:10FD600016225649304612F0A3FFF8B9072506F1CE
:10FD70001600231A1F2B66DD102206A9FFF7D0FDFF
:10FD8000002860D1363693E74D482AB0BDE8F087A9
:10FD90004C482AB0BDE8F0870399384601F0F8FFD7
:10FDA000384612F045FFA4F588508BE7464889E7AE
:10FDB000737801367FE733993A46039B019110210E
:10FDC0003298009006A8FFF781FE0446002C3FF40D
:10FDD0002FAF384612F02CFF204673E7339906A860
:10FDE000039A00913946329BFFF740FE0446EDE747
:10FDF0000525BCE733993A463298019118210090C5
:10FE0000039B0DEB0100FFF761FE0446DEE70AA845
:10FE1000039DF8F729FB339B06AA04A80093082149
:10FE2000329BFFF7AFFD044688B10AA8F8F720FB24
:10FE300004A8082101F0ACFFC8E733993A46039BB8
:10FE400001912021BCE721483CE706258FE704A962
:10FE50000AA8F9F737F904460028E6D1019706AB5E
:10FE600000972A4600210AA8F8F768FC0446DCE758
:10FE7000174827E7174870470399384601F088FF6D
:10FE8000384612F0D5FE14481CE70E2208493046C9
:10FE900012F00EFF00287FF40BAF51E780ECFFFF5C
:10FEA000A4320020BC320020D4EEFFFFD432002068
:10FEB000E8320020F83200201033002028330020E0
:10FEC00080EFFFFF00EFFFFF80EDFFFF00EEFFFF81
:10FED00080EEFFFF80EBFFFF00EDFFFF10B5044653
:10FEE000006818B1616801F053FF206812F0A0FEAD
:10FEF000A06812F09DFE20460C21BDE8104001F0E4
:10FF000047BF00BF2DE9F04F8A4685B00021064665
:10FF10000093174608461D46134603AADDF838B07D
:10FF2000F3F76AFC304612F0AFFE8146504612F0FD
:10FF3000ABFE039C631C03EB941399440F9B484452
:10FF400098425CD8002C4AD1A146214600953B46F8
:10FF500003AA4846F3F750FC0446002848D130462F
:10FF600012F092FE31460246584612F099FE304693
:10FF700012F08AFE039D0BEB0006ADB14F464FF029
:10FF80000A08402D2C463946304628BF40242246D8
:10FF90002D1B12F085FE3219631C2744039582F84D
:10FFA00000801E44002DECD15046002412F06CFE5F
:10FFB00051460246304612F073FE504612F064FE7F
:10FFC00002464846531CB4541E44109BCBEB060615
:10FFD0001E6012F02DFE204605B0BDE8F08F2146D0
:10FFE000012012F021FE81460028AED10648F3E739
:10FFF000484612F01DFE204605B0BDE8F08F109B6C
:02000004600199
:1000000018606FF02900E7E780EEFFFF0138C0B20B
:10001000032803D8024B53F8200070470020704794
:10002000D405002010B1002303604360704700BF77
:1000300060B1036853B19B6A10B5044640689847A5
:1000400008212046BDE8104001F0A2BE704700BF65
:1000500070B169B170B5056845B904464B6A0E4682
:100060009847606030B12660284670BD024870BD78
:1000700001487047014870BD80C1FFFF80C0FFFF8D
:10008000F0B12DE9F0470568BDB9DFF848900446A6
:100090001F469046D9F824308A4698470646606045
:1000A00080B1089B2846C4F80090C6F800A0C6F8A6
:1000B0000480B760F360BDE8F0870448BDE8F087CE
:1000C000024870470248BDE8F08700BF80C1FFFFCB
:1000D00080C0FFFFE8D8026020B1036813B19B68BD
:1000E000406818470020704720B1036813B1DB68EF
:1000F00008461847002070472DE9F047DDF82080BA
:10010000DDF82490D8B104460068C0B10E46174609
:1001100063B10569B5B160683A46CDF824903146BF
:10012000CDF82080AC46BDE8F04760470846FEF7B2
:10013000D7F920B1FEF740FA03462068E9E7034803
:10014000BDE8F0870248BDE8F08700BF80C1FFFF2F
:1001500000C1FFFF2DE9F04F89B00DF14809DDF82E
:10016000548099E8000ED2B11568C5B11F46EB68FE
:10017000144607900E469847002845D0079A062A4D
:1001800011D066B953464A4639462046CDF84C80D0
:10019000CDF848B009B0BDE8F04FFFF7ADBF1B4840
:1001A00009B0BDE8F08F002EF9D0236833B19B6809
:1001B000606898470730B8EBD00F23D360680023FE
:1001C000CDF814B0D6F804E01A4635781946CDF8C3
:1001D0000890CDF804A00097CDF810E0039503F047
:1001E000DFF90028DCD1206820B183686068984777
:1001F0000730C008064B80458CBF1846002009B068
:10020000BDE8F08F0348CBE70348C9E780C1FFFF93
:1002100000C7FFFF80BCFFFF00C1FFFF2DE9F04FCB
:1002200081B00DF1280898E8000F00B3044600687B
:10023000E8B10E4617468BB14569E5B160683A46AC
:100240003146AC46CDF834B0CDF830A0CDF82C9086
:10025000CDF8288001B0BDE8F04F60470846FEF7B2
:100260003FF920B1FEF7A8F903462068E4E7034808
:1002700001B0BDE8F08F0248FAE700BF80C1FFFF80
:1002800000C1FFFFF0B5DDF820E050B1046844B1D3
:10029000A46924B1A4464068BDE8F0406047024824
:1002A000F0BD0248F0BD00BF00C1FFFF80C1FFFFED
:1002B000F0B5DDF820E050B1046844B1E46924B140
:1002C000A4464068BDE8F04060470248F0BD0248DF
:1002D000F0BD00BF00C1FFFF80C1FFFFB8B10268E1
:1002E000AAB1A1B10B6893B130B41C6A8CB11D786E
:1002F000052D06D09A4207D123464968406830BC94
:1003000018471378012BF7D0034830BC70470348D7
:1003100070470248F9E700BF00C1FFFF80C1FFFF3F
:1003200050B108B503684BB1DB6A1BB14068984710
:10033000002008BD024808BD02487047014808BDBA
:1003400000C1FFFF80C1FFFF18B103680BB15868FF
:1003500070470148704700BF4033002010B100686B
:1003600000B10078704700BF0048704700E1FFFF10
:100370002DE9F04FADF51B7DDDF894B20390BBF194
:10038000400F98BF402B029104929DF8980200F212
:10039000F6808029994694BF00240124002C40F067
:1003A000EE80FEF79DF88046002800F0EA8007A85E
:1003B000FEF7A2F82246414607A8FEF7BDF818B19D
:1003C0000DF51B7DBDE8F08F40463AADFEF7F4F821
:1003D00007469DF89C121AA8212FAA4634BF402335
:1003E00080231A461E46019312F026FCB3455C4654
:1003F0005046A49928BF34462246A24412F050FC2D
:10040000361BF3D15AAC0597CA46DDF804B027462F
:10041000DDF81090DA4556463846494628BF5E4614
:100420003246374412F03CFCBBEB060BF2D1029B88
:100430000AAE059F002B00F0A6807AABDDF8A0B2D3
:10044000049307A8FEF7C4F850BBDDF804901AA97E
:1004500007A84A46FEF7C6F810BB4A46294607A831
:10046000FEF7C0F8E0B94A46214607A8FEF7BAF8F9
:10047000B0B9314607A8FEF7BFF888B9BBF1010F44
:1004800027D94FF0010901E0D94522D033463A4639
:100490003146404609F10109FEF7B8F80028F3D0CB
:1004A00082462846802101F073FC2046802101F01D
:1004B0006FFC0498802101F06BFC3046402101F074
:1004C00067FC07A8FEF71EF850460DF51B7DBDE83A
:1004D000F08F029B3146DDF80CE0BB429946734633
:1004E000704628BFB9464B444A46039312F0D8FBE6
:1004F000029BB3EB0903029347D0049BCDF8148011
:10050000DDF804A098465745B9464046314628BF15
:10051000D1464A46C84412F0C3FBBAEB090AF2D1ED
:10052000049A019BDDF81480D0181946024600E0B9
:1005300039B112F8013D01390133DBB21370002BE0
:10054000F6D0019B8646E918002311F801CD1EF86C
:10055000012D8D42624413440B70C3F30723F4D181
:10056000019BE118002311F801ED10F8012D8C42D8
:10057000724413440B70C3F30723F4D161E70448BA
:100580001EE704481CE77AAB04934FF0000A88E7A3
:1005900080E0FFFF00E1FFFF2DE9F04F0027DBB017
:1005A0000546104607919A460897659CF7F7E2FAC8
:1005B000002800F0C080802C0646D0F80480D0F8D7
:1005C0000CB0099700F2B58039464FF4817219A832
:1005D0000A970B9705F108090C9712F02DFB2B6871
:1005E000AF686A68302B17445BD104230BAA3946E5
:1005F0004846F2F789FB002842D0A0F5F4500028C5
:100600003BD15CB1649B5A1E19AB03EB440012F85A
:10061000011F023303F8011C9842F8D10134099AF2
:100620004FEAD808012765000B9C049241460194CB
:100630002B460C9C11A8CDF808A019AA039700948A
:10064000FFF796FEC8B9BBF1000F2ED10DAF19A868
:10065000F7F7B6FA314619A8F7F7C6FA04460028A4
:1006600037D011A8202101F093FB3846102101F06A
:100670008FFB19A8F7F7A8FA20465BB0BDE8F08F0A
:10068000A96848460B9B09AA0C910B443946AB60FC
:10069000F2F778FB0028B0D1AB689F42B1D0274871
:1006A000EBE727485BB0BDE8F08F099802220DAF59
:1006B0000B9C2B460C9D0490594603923846CDF86E
:1006C00008A019AA01940095FFF752FE0028D4D182
:1006D000BDE79DF91C3011A94FEAC80219A8F7F728
:1006E000AFFA04460028BCD1F268394619A8F7F7DA
:1006F00011FB04460028B4D119A8F7F72DFB0446D6
:100700000028AED108AB66A919A800930EC9F7F767
:100710004BFB04460028A4D10899A4F5F054689B2B
:1007200008AA19A81944F7F739FC002808BF0024C3
:1007300097E70448A1E704489FE700BF1AE1FFFFDD
:100740001EE1FFFF80E0FFFF00E1FFFF2DE9F04F1A
:10075000A5B004460068904601930F46DDF8BC90B2
:10076000DDF8C0A0FDF728FF0022012303928DF8D9
:100770000F30BAF1000F67D0431E14AA064602EBF1
:10078000030B424639462046FDF74EFF00285CD158
:100790002E9A20460199FDF7BDFF002855D104226D
:1007A00003A92046FDF7B6FF00284ED114A9204624
:1007B000FDF7C4FF002848D1324614A904A812F05E
:1007C0006FFAB9F1010F23D9012542463946204677
:1007D000FDF72AFF002838D1324604A92046FDF74C
:1007E00099FF90BB04A92046FDF7A8FF68BB66B13E
:1007F0000DF14F010DF10F0011F8012F10F8013F1D
:10080000594583EA02030B70F6D10135A945DCD1C5
:100810005645354614A9319828BF55462A46C5EB9A
:100820000A0A12F03DFA319B04A804212B443193AB
:1008300010F8013D01390133DBB203700BB9002917
:10084000F6D1BAF1000F9CD1002025B0BDE8F08FA1
:100850002DE9F0438568BDB000244FF004090895E8
:100860000694079409948DF8169081C830282F4477
:1008700015D11D4614460E4610AB0AAA394608A8E3
:10088000F2F78CFB30B90B9A092A0CD068483DB0BE
:10089000BDE8F083A0F53C503DB0BDE8F08365486D
:1008A0003DB0BDE8F0830C99634812F001FA0028CE
:1008B000ECD1109A129B1199302A249303EB010872
:1008C000EDD14B4617AA414624A8F2F71DFA00289D
:1008D00045D0A0F53C500028D9D19DF81600FDF771
:1008E000FFFD80460028D1D0394608A813AB0DAAD9
:1008F000F2F754FB0028CDD10DA80DF11701FEF73A
:10090000C5FF0028C2D19DF81700F7F733F98146DB
:100910000028BBD04368139ADB08042A07934ED102
:10092000149AC3689A424AD119A8FDF7E5FD2CA88C
:10093000F7F746F9149A159924A812F0B1F941462F
:1009400019A80122FDF7F8FD0746002839D019A89B
:10095000FDF7D8FD2CA8F7F737F9384697E7249824
:1009600006AA179B41461890034424A82493F2F743
:1009700009FA0028ADD1249B9845AED007AA41467C
:1009800024A8F2F7FFF910F1620F01D00028A0D1DE
:10099000249B9845A1D0414624A82CAAF2F76CFBD1
:1009A000002896D12CA80DF11601FEF709FF0028AA
:1009B0007FF46CAF249B98458FD0204867E7204890
:1009C00065E707982A462146069D179C0DF1700899
:1009D000029019A8189BCDF80C8001950094FFF7A0
:1009E000B5FE07460028B2D149462CA8F7F7FCF817
:1009F00007460028ABD1079A73B241462CA8D20013
:100A0000F7F71EF907460028A1D1469A09ABA7F5CA
:100A1000385724A901922CA8459A02930092449B2E
:100A2000149AF7F78DFB002808BF00278FE700BF57
:100A300080D1FFFF9ED0FFFF4C3300209AD0FFFFF4
:100A400000D1FFFF2DE9F04F9FB083460BA8FDF7C3
:100A500053FD0420FDF744FD00285BD00146012230
:100A60000BA8FDF769FD002854D1DFF8EC8004469F
:100A70004FF01409012308F1180208F1600708F586
:100A8000907608F5F075059208F130024FF0040AEF
:100A9000069208F1480207920822BBF1000F2DD1FF
:100AA0000EA90193CDF800A02B4603910BA8314667
:100AB000CDF80890FFF74AFE0134283520368246EB
:100AC0004A460EA918BB3846203712F0F1F8F0B9A3
:100AD000BBF1000F27D1062C2AD0059B069953F8AD
:100AE00004AF58F8042F059351F8043F0691079975
:100AF00051F8049F0791BBF1000FD1D02146134854
:100B00000993089212F0D8F8099B089AC8E7BBF13C
:100B1000000F14D14FF0010A0BA8FDF7F3FC50466B
:100B20001FB0BDE8F08F0A4812F096F8062CD4D119
:100B3000BBF1000FF0D00A2012F0A2F8ECE7054854
:100B40004FF0010A12F088F8E6E700BF58330020A2
:100B5000CC1C00201C1D002018D602602DE9F0419D
:100B60008AB090463023054609AA0E46F2F7CCF823
:100B700000284ED12A68099B13449E4245D1022386
:100B800009AA31462846F2F7BFF8044620B1A0F57D
:100B90006C500AB0BDE8F08129680346099A4046C6
:100BA000069405940494039402940194009401F033
:100BB00099FA002832D12C6809AA099802233146F3
:100BC000044428462C60F2F79FF810BB2C680346BB
:100BD000099F024604900146039002900190009004
:100BE00040460697059401F07DFAB8B92A68404658
:100BF000099B13442B6001F0AFFA78B9404601F02D
:100C000081FC58B92B689E42C3D005480AB0BDE8A4
:100C1000F081A0F56C500AB0BDE8F0810148B8E75A
:100C20009AC4FFFF00C5FFFFF0B58FB00C46154614
:100C300006460BA8F3F7D6F8611909AA0AA83023CB
:100C40000A94F2F761F820B1A0F5745420460FB071
:100C5000F0BD0A9F08AA099B0AA81F443946F2F76B
:100C600091F80028F0D1089C002C40F0D480022399
:100C700009AA39460AA8F2F747F8054680B10BA839
:100C8000F3F7B8F84FF680732B4033B1654C30461C
:100C900002F0C6FD20460FB0F0BDA5F57454F6E78E
:100CA00003460695059530460495039502950195F2
:100CB0000095099A0A9901F015FA05460028DED137
:100CC0000A9D0223099809AA394605440AA80A95EB
:100CD000F2F71AF805460028D1D12B4609980A9D4B
:100CE00006901A46059519460493304603930293DD
:100CF0000193009301F0F6F905460028BFD10A9D43
:100D00000223099809AA394605440AA80A95F1F769
:100D1000FBFF05460028B2D12B4609980A9D049096
:100D20001A4603951946069330460593029301939C
:100D3000009301F0D7F905460028A0D10A9D0223AF
:100D4000099809AA394605440AA80A95F1F7DCFF73
:100D50000546002893D10022099D0A9B3046009544
:100D6000114606920592049203920292019201F0BA
:100D7000B9F90546002882D10A9D09AA09980223DB
:100D8000394605440AA80A95F1F7BEFF0546002832
:100D90007FF475AF2B4609980A9D02901A4601957B
:100DA000194606933046059304930393009301F08C
:100DB00099F9054600287FF462AF0A9A3046099BEC
:100DC00013440A9301F0C8F9054600287FF457AF91
:100DD0000BAA39460AA8F2F7BBF8054600287FF4AB
:100DE0004EAF0BAA39460AA8F2F7B2F8054600281A
:100DF0007FF445AF0AA80BAA3946F2F7A9F80546D1
:100E000000287FF43CAF0A9B9F4206D00BA8054CFC
:100E1000F2F7F0FF3BE7044C18E70BA8F2F7EAFF04
:100E200014E700BF00C3FFFF80C2FFFF0368062B6B
:100E3000F0B50D46C1B000F0A480044602A8FAF750
:100E4000F9F86846A36821AA666800931E443146F3
:100E5000F1F798FF002833D1219B013B022B00F2D0
:100E60003D8130233146684601AAF1F74DFF044623
:100E700028B102A8FAF706F9204641B0F0BD019961
:100E80000623009F01AA68460F443946F1F73CFF4C
:100E900004460028EDD1019A072A40F02181009CE8
:100EA0009349204611F004FF002840F019810734CF
:100EB0003946684603AA0094F2F74AF8002879D028
:100EC000A0F57454002CD4D121A8FAF7B3F8FAF79E
:100ED00047F80378064623B945E016F8013F002B92
:100EE00041D021A8FAF7CEF8317821A8FCF792F981
:100EF0000446002857D1189A379B9A42EDD1199A87
:100F0000389B9A42E9D122A903A8F3F743FB0028B2
:100F1000E3D125A906A8F3F73DFB0028DDD128A9D8
:100F200009A8F3F737FB0028D7D134A915A8F3F7A0
:100F300031FB0028D1D12BA90CA8F3F72BFB0028FB
:100F4000CBD131A912A8F3F725FB04460028C4D160
:100F500001460FA8F3F7CCF8074621462EA8F3F771
:100F6000C7F88742B9D121A8FAF78CF833788DF801
:100F700004303378002B00F0B98002A8FAF782F829
:100F800005E001A9FEF77EFB002840F0AB802B783E
:100F90009DF8041013B18B4240F09E802846FCF768
:100FA00039F941B0F0BD21A8FAF76CF833788DF823
:100FB00004305EE703A8F3F7F3F8009B18909F4214
:100FC00040F09280302301AA31466846F1F79CFE3A
:100FD000044600287FF44DAF01990423009C684625
:100FE0000DEB03020C442146F1F78EFE00287FF43E
:100FF00067AF019A06A80099F3F700F900287FF47B
:101000005FAF009F0423019821460DEB03020744C4
:1010100068460097F1F778FE00287FF451AF019AF7
:1010200009A80099F3F7EAF800287FF449AF009F78
:101030000323019801AA2146074468460097F1F767
:1010400063FE18B99DE80C0013440093009B9C427A
:101050004AD101AA042331466846F1F755FE00281B
:101060007FF42EAF02A80CA99DE80C00FAF74EFB06
:1010700008B310F59D4F31D1009B1B78023B012B2B
:101080002CD803A8F3F7B4F8019B411C02469942FF
:1010900024D100990CA80131F3F7B0F8F0B9009B06
:1010A0000FA819780239F3F707F8B8B9012112A887
:1010B000F3F702F890B9009A3146019B6846134451
:1010C00015AA0093F1F744FF00287FF4F9AE15A8A4
:1010D000F3F766F81990F7E60648CEE6054CC8E641
:1010E000054CC6E60548C8E6054CC2E6054CC0E618
:1010F0007033002000C3FFFF80C6FFFF00C6FFFF64
:101100009AC2FFFF80B1FFFF70B5002584B016467C
:101110001C461D6001AA5D609D60F1F73FFF18B19C
:10112000A0F56A5004B070BD01A83146FEF766FA1A
:1011300068B93378012BF5D12368052B00D043B96A
:1011400063680548002B08BF002004B070BD034849
:10115000E8E70148E6E700BF80C5FFFF80C3FFFF67
:10116000F0B589B00C4605461144302303AA04A803
:101170000494F1F7C9FD18B1A0F5745009B0F0BDA1
:10118000049E02AA039B04A81E443146F1F7FAFD0F
:101190000028F1D1029B012B4BD1042303AA314635
:1011A00004A8F1F7B1FD0028E6D105F17C07039A08
:1011B00004993846F3F722F8044600283BD1049AF4
:1011C000039B13449E42049319D0A02303AA3146E3
:1011D00004A8F1F799FD044698B310F1620F2AD1E3
:1011E000049B9E420BD03146A12303AA04A8F1F729
:1011F0008BFD0446002845D010F1620F1BD105F18C
:1012000088060024314605F128033A460194284611
:101210000094FAF737FE044668B939462846FAF7CB
:1012200013FE04460028A9D02846F9F75DFF2046A2
:10123000A4E72D48A2E72846F9F756FFA4F5745015
:101240009CE7039A049B002A03EB02044ADD1B7807
:10125000062B059301D0302B42D106AA214604A8C3
:10126000F1F752FD60BB049A069B079213449C421F
:1012700004932BD1294605A8FFF7D8FD0446002882
:10128000AED0D1E7049C03AA039B04A81C442146CA
:10129000F1F7E0FD00287FF46FAF049A039B13443D
:1012A0009C4211D105F18806A31A28463146FAF767
:1012B0002DFA68B1049410F59D4FA2D00B485DE75C
:1012C000B0F57454B0D1D5E7094857E7084CABE7FF
:1012D00031462846FAF7D8FA049400289DD0EAE768
:1012E000044CA1E7044C9FE780C2FFFF00C3FFFF4F
:1012F0009AC2FFFF9EC2FFFFA0C2FFFF70B50B4660
:1013000088B0002411440646049303AA04A830239D
:101310008DF80740F1F7F8FC20B1A0F57454204691
:1013200008B070BD049D02AA039B04A81D44294671
:10133000F1F728FD0028F0D1029C1CB1264C204674
:1013400008B070BD0DF10702294604A805ABFFF7F0
:10135000DBFE0028E1D103AA294604A80423F1F703
:10136000D3FC0028D9D1039B3BB39DF80700FEF7BF
:101370004DFE00B301463046FEF76AFEC8B99DF83F
:101380000730012B1BD0023B012B14D805A8716834
:10139000FFF74CFD034638B9039A04997068FFF7CC
:1013A000DFFE03460028BAD030461C46FEF740FE5A
:1013B000B5E70446B3E7094CB1E7094CAFE7039A38
:1013C00004997068FFF730FC044608B90024A6E7CA
:1013D0003046FEF72DFEA2E780C2FFFF80C3FFFF6D
:1013E000A0C2FFFFF0B591B0169C09911144002CEA
:1013F0002ED01E460546302308AA09A8F1F784FC22
:1014000018B1A0F5745011B0F0BD089A0DAB099F4A
:1014100009A817440AAA3946F1F7C0FD0028F0D1FF
:1014200008AA394609A80423F1F76EFC0028E8D180
:101430000AA80DF11E020DF11F01099FFEF748FADF
:1014400040B10B9A0A2A1AD0092A34D02548DAE783
:101450002548D8E701940146089C0DA80096099EEE
:101460009DF81F309DF81E20049703940296FFF705
:1014700093F8D0B110F5F05FC5D11C48C3E70C99C3
:101480001B4811F015FC01460028DFD123463246E7
:10149000099C0DA8089E02978DE85000FEF764FF96
:1014A0000028B0D13B78302BE7D139462846089A3E
:1014B000FFF724FFA7E70C990E4811F0F9FB01464E
:1014C0000028C3D123463246099C0DA8089E0297E6
:1014D0008DE85000FFF7BCF90028E6D010F5385F22
:1014E00091D1CAE780C6FFFF00C4FFFF80C4FFFFA1
:1014F00078330020843300202DE9F04188B0144671
:1015000005460E4605A81F46FEF712FB14B304F16C
:10151000FF3816F808300BB32146012011F084FB88
:101520008046002879D02246314611F0B9FB0E9B47
:1015300022464146009328463B46FFF753FF21468B
:101540000746404600F024FC404611F071FB67BBA3
:10155000002000E06E4808B0BDE8F0810E9B04AAB0
:10156000009705A80193334602926A496A4AFEF73A
:10157000E5FA002853D10120FEF748FD0146284630
:10158000FEF766FD044630B9069A05996868FFF7CC
:101590004BFB044610B12846FEF74AFD05A8FEF7AE
:1015A0009DFC204608B0BDE8F0812846FEF740FDCE
:1015B00017F56E5F2FD0224631462846FFF79EFE74
:1015C0000028C5D02846FEF733FD0120FEF71EFD9A
:1015D00001462846FEF73CFD30B922463146686890
:1015E000FFF722FB0028B3D02846FEF721FD02209A
:1015F000FEF70CFD01462846FEF72AFD30B92246CB
:1016000031466868FFF7ACFD0028A1D02846FEF7F8
:101610000FFD3F489FE741489DE741489BE710F594
:101620009C5FF8D010F5985F26D010F5845F92D1BA
:1016300016F80830002B7FF46FAF04AB0E9A05A8A4
:1016400000970293334601923649374AFEF776FAFD
:10165000A0B90220FEF7DAFC01462846FEF7F8FCA6
:101660000446002897D1069A05996868FFF778FD27
:10167000044600288FD191E72C486CE710F59C5F59
:10168000C9D010F5985FF7D010F5845F7FF463AF91
:1016900016F80820002A7FF43FAF04AB01920092B5
:1016A00005A802933346224A2249FEF747FA48B971
:1016B000069A28460599FFF721FE044600283FF4C4
:1016C0006DAF68E710F5845F7FF445AF16F808202A
:1016D000002A7FF421AF04AB0192009205A8029387
:1016E0003346154A1549FEF729FA60B90E9C3B4668
:1016F000069A284600940599FFF774FE04460028D0
:101700003FF44CAF47E710F5845F7FF424AF03E765
:1017100000C3FFFFB03300209033002080C4FFFFE0
:1017200080C0FFFFF0330020D033002000C4FFFF53
:10173000103400202C340020483400206C34002069
:101740002DE9F04387B000241646302302AA8DF815
:1017500007400546F1F7D8FA20B1A0F5745007B05C
:10176000BDE8F08302990DF107022F6803AB28460C
:101770000F443946FFF7C8FC0028F0D102AA3946C9
:101780002846F1F767FBE8B92A68029B13449F4299
:101790001BD19DF80700FEF739FC002843D0014615
:1017A0003046FEF755FC0028D9D19DF80730012BB3
:1017B0000DD0023B012B17D91C4C3046FEF738FCEC
:1017C0002046CCE7A0F56C50C9E71948C7E7726816
:1017D00039462846FFF7C2F904460028EDD12B68A8
:1017E0009F421ED0124CE8E703A87168FFF71EFB6A
:1017F00004460028E1D1D6F804802A6808F1880957
:101800004046BB1A4946F9F781FF044608B12F60EC
:10181000D3E749464046FAF737F82F6004460028D8
:10182000CBD100209BE7014899E700BF80C3FFFFB1
:101830009AC4FFFF2DE9F0418AB0154606460F46CF
:1018400007A8FEF775F985B907A8FEF747FB012041
:10185000FEF7DCFB00283AD001463046FEF7F8FBE5
:10186000002836D00AB0BDE8F08105F1FF3817F83E
:101870000830002BE8D106AA0193009307A8029232
:101880003B46314A3149FEF759F9044600283AD11E
:10189000079B01200593FEF7B9FBC0B10146304616
:1018A000FEF7D6FB0028DDD1059905A8089B7268D4
:1018B0001944FFF753F9044610B13046FEF7B8FB60
:1018C00007A8FEF70BFB20460AB0BDE8F0812048D0
:1018D000C8E70DF128083D44726848F8147D294690
:1018E0004046FFF73BF904460028ECD03046FEF7AF
:1018F0009FFB184B9C42E6D132462946404605974D
:10190000FFF71EFFAEE710F5845FD9D117F8082066
:10191000002A99D106AB0192009207A802933B4698
:101920000D4A0E49FEF70AF9044648B9079B3246AC
:10193000089905A805931944FFF702FF0446BFE77D
:1019400010F5845FBCD17FE794340020B4340020CC
:1019500080C3FFFF9EC4FFFFD4340020F03400207A
:10196000062818BF01280CBF01200020704700BFC7
:1019700008B500F0C5FDC00008BD00BF2DE9F0436B
:1019800085B00E4691461F460D9C804600F0B8FD7E
:10199000A04215D800230C9A0546CDF80890039272
:1019A000404601971A460096194601F0F7FE20B905
:1019B000A0F56450A54228BF002005B0BDE8F08323
:1019C0000048FAE780BCFFFF2DE9F04F81B0934655
:1019D00006460C460AAFDDF834801D4697E88006BF
:1019E00000F08EFDCDF830B05146C9F800004246F7
:1019F000304601230D970B950A9401B0BDE8F04FD6
:101A000001F038BD2DE9F04F144681B00F469946DC
:101A100006460A9DDDF82CB0DDF83080DDF834A0F4
:101A200000F06EFDA0420ED15246414630460123E1
:101A3000CDF834B0CDF830900B970A9501B0BDE8E1
:101A4000F04F01F0A3BB024801B0BDE8F08F00BF2A
:101A500080BFFFFF2DE9F04F81B0894617469B46B6
:101A60000BAC0A9D064694E8100500F049FDA04223
:101A700028600DD85246414630460023CDF830B09C
:101A8000CDF82C900A9701B0BDE8F04F01F0D8B91D
:101A9000014801B0BDE8F08F00BCFFFF00F08CBD35
:101AA00030B4012300F10804054D1430054A4D609F
:101AB0008C6048610A610B700B7330BC704700BFCB
:101AC0000C35002014350020023802288CBF00207D
:101AD00001207047806D704710B582B011461A46DC
:101AE000059C049B0094F8F7D5FC034B10F5984F28
:101AF00008BF184602B010BD00C7FFFF70B470BC2D
:101B0000F8F760BC70B5AEB0044615461E4603A893
:101B1000F8F744FD214603A8F8F722FD044668B90A
:101B2000339BA4F5645432462946009303A8329BA4
:101B3000F8F7B0FC10F5984F18BF044603A8F8F763
:101B40002FFD20462EB070BDF0B5B1B004460D4655
:101B5000164605A81F46F8F721FD214605A8F8F707
:101B6000FFFC30B1044605A8F8F71AFD204631B055
:101B7000F0BD399B389A3799369803933B460292C9
:101B8000324601912946009005A8F8F71BFC04464F
:101B9000E9E700BFFAF784BA88300222024B886076
:101BA0000A704B60704700BF1C35002002380128C6
:101BB0008CBF002001207047A0F10400B0FA80F033
:101BC00040097047A0F10100B0FA80F04009704769
:101BD00008B5C36800689847C00008BD2DE9F04FFC
:101BE00083B0934604460D461E460E99DDF83080BC
:101BF000DDF83490C36800680191DDF83CA0984797
:101C000027680123CDF838B05246C9F8000038469D
:101C1000CDF83C800D960C95A4680199A44603B0BC
:101C2000BDE8F04F604700BF2DE9F0471546044678
:101C30001E46C36800688946089FDDF824809847DF
:101C4000A8420BD120684B46CDF824803A4608962E
:101C500001216468A446BDE8F04760470148BDE83B
:101C6000F08700BF80BFFFFF10B5044601F0D8FD2C
:101C70002046BDE8104010F0DBBF00BF10B50446A1
:101C8000F9F732FA2046BDE8104010F0D1BF00BF8E
:101C900010B50446F8F784FC2046BDE8104010F06B
:101CA000C7BF00BF10B50446102100F071F82046F0
:101CB000BDE8104010F0BCBF10B5AC21012010F001
:101CC000B3FF044618B10022114600F0C5F92046C2
:101CD00010BD00BF10B5AC21012010F0A5FF0446D7
:101CE00008B1F9F7ADF9204610BD00BF10B5AC2121
:101CF000012010F099FF044608B1F8F74FFC204688
:101D000010BD00BF1021012010F08EBF2DE9F0435F
:101D1000CB68ADF50D7D074608680C46984705462B
:101D2000384600F0EDFBED00B5EBC00F28D104AD57
:101D300020222A2100262846904610F07DFFE368E5
:101D4000206898470CAA81460123206831460295F5
:101D5000A46803923246CDF804800096A04718B1DB
:101D60000DF50D7DBDE8F0830CAA0146CDF8049079
:101D70004346009238462A46FFF700FE0028EFD07F
:101D800002480DF50D7DBDE8F08300BF00BEFFFFEA
:101D9000024B0A4600211B68184700BFA0680020BC
:101DA0002DE9F04F93B00F46044690461C9E02A8C2
:101DB00040220021994610F03FFF00233068019334
:101DC000FCF7FAFBA7B38246BA453046554628BF12
:101DD0003D46FCF7FDFB834660BB4A464146304624
:101DE000FCF700FC834628BB042230460DEB0201C1
:101DF000FCF7F8FB8346E8B902A93046FCF7FCFB88
:101E00008346B8B965B10DF10702601914F8011BDA
:101E100012F8013FA04283EA010304F8013CF5D126
:101E20009DF807307F1B03F101038DF80730CBD1FC
:101E30004FF0000B02A84021FFF7AAFF584613B04D
:101E4000BDE8F08F2DE9F04F002683B091461C4687
:101E5000009605460196DDF8308018BB8B420F4690
:101E600002D35C1A0A2C04D8444D284603B0BDE8BE
:101E7000F08F43464FF0010EE61EFF2103F8020BE0
:101E80001846324688F801E010F0D6FE0346A01E40
:101E90003A469D554946184410F002FF284603B0C3
:101EA000BDE8F08FFCF71CFB06460028DCD0284676
:101EB0006A4601A9FDF7C8FC05460028D4D1304682
:101EC000FCF77AFB009B0646034403F108027F2AD5
:101ED000CAD810F10A01C7D203F10A029142C3D84D
:101EE0009442C1D3A4F10A07FF1A0A2FBCD9C346F2
:101EF000033F0123FF210BF8025B3A46584688F85E
:101F0000013010F099FEDDF800A00BEB07034FF055
:101F1000300E0AF108015FFA8AF20BF8075006202A
:101F20003144DF1D9A71043283F801E083F803E045
:101F30009970587138461A715246019910F0B0FEE6
:101F400007EB0A034FF0040E0522494603EB0E0B84
:101F500007F80A20DE7032465D70584683F802E0CA
:101F60005E4410F09DFE08EB04039E423FF47DAFFB
:101F700021464046FFF70CFF76E700BF80BFFFFF1A
:101F800052B138B50C468D1810F082FE04F8010BE2
:101F9000AC42F9D1002038BD00207047F8B500F1FF
:101FA0000805476804460E462846F2F721F987429D
:101FB00045D16368B3F5007F41D800212846F2F788
:101FC0005BFB00283BDD28460021F2F791F8B0B317
:101FD000BEB304F12C0500212846F2F74DFB002882
:101FE0002DDD28460021F2F783F840B304F13805CF
:101FF00000212846F2F740FB002820DD284600217A
:10200000F2F776F8D8B1002104F11400F2F734FBAE
:10201000002814DD002104F14400F2F72DFB002814
:102020000DDD002104F15000F2F726FB002806DD4B
:1020300004F15C000021F2F71FFB002808DC0548D2
:10204000F8BD314604F11400F2F716FB0028F6DD66
:102050000020F8BD80BFFFFF70B504460E46154650
:102060000021AC2210F0E8FDC4F8A460C4F8A85028
:1020700070BD00BFF8B5044615461E460F4619B19F
:102080000830F1F739FF30BB2DB1294604F12C009F
:10209000F1F732FFF8B92EB1314604F13800F1F70B
:1020A0002BFFC0B9069B2BB1069904F12000F1F774
:1020B00023FF80B9079B2BB1079904F11400F1F7B6
:1020C0001BFF40B95FB104F10800F2F791F800215D
:1020D00060600846F8BDA0F581410846F8BD394664
:1020E000FBE700BF70B504461D4661B100F108066C
:1020F0003046F2F783F810B1A0F5814070BD30464C
:10210000F2F776F860603DB12946049A04F12C009C
:10211000F2F774F80028EFD1059B3BB1069A04F161
:1021200038000599F2F76AF80028E5D1079B3BB122
:10213000089A04F120000799F2F760F80028DBD133
:10214000099B3BB104F114000A9A0999F2F756F879
:102150000028D1D1002070BD2DE9F04F044600F1D8
:10216000080A87B0002104F1140300F12C0700F1E4
:10217000380800F1200950460293F2F77DFA021C5C
:1021800004904FF0000118BF012238460592F2F783
:1021900073FA002103904046F2F76EFA00210546DB
:1021A0004846F2F769FA061C4FF000018346029890
:1021B00018BF0126F2F760FA039A0030049B18BF9B
:1021C0000120002A18BF002D14BF012100211BD0BF
:1021D00006EA00020025BBF1000F14BF002600F044
:1021E000010655EA060000D17AB14FF0010B33BB6E
:1021F00029B3424639465046F2F78AFBD8B1A0F5DA
:10220000814007B0BDE8F08F1AB1254807B0BDE89E
:10221000F08F059A002AF8D0B5FA85F506406D09C9
:1022200028403540BBF1000F14BF002200F001022E
:1022300052BB1646D5E75046F1F7DAFF6060C5B9E4
:102240002EBBBBF1000F0ED004F1500304F15C056E
:102250004A46414638468DE8280004F1440301F01F
:1022600075FF0028CBD15946204607B0BDE8F04F96
:1022700094E6CDF80080504602993B464A4601F06C
:10228000FFFD0028DDD0BAE7AB460E46AFE7029A65
:102290004B464146384601F0F1FE0028D1D0AEE76A
:1022A00080BFFFFF2DE9F04700F1080904468A4688
:1022B0000021484615461E46DDF82080099FF2F7AA
:1022C000DBF978BBB8F1000F08BF002E4BD1002D11
:1022D00049D1BAF1000F04D049465046F1F70CFE3F
:1022E000F0B92DB1284604F12C01F1F705FEB0BB81
:1022F0002EB1304604F13801F1F7FEFD88BBB8F18C
:10230000000F05D0404604F12001F1F7F5FD68BB50
:1023100077B304F114013846BDE8F047F1F7ECBD9E
:10232000BDE8F087002104F12C00F2F7A5F90028A0
:10233000C8D0002104F13800F2F79EF90028C1D07E
:10234000002104F12000F2F797F90028BAD000210B
:1023500004F11400F2F790F90028B3D0B9E7BDE812
:10236000F087BDE8F0870448BDE8F087BDE8F08756
:102370003846BDE8F08700BF80BFFFFF2DE9F04F72
:1023800085B01D4600F108070446109B8946384673
:10239000002101939246129BDDF838B00293139B03
:1023A0000F9E0093149BDDF844800393F2F764F9C9
:1023B000002838D1B8F1000F08BF002E50D1002DF1
:1023C0004ED1B9F1000F05D0524649463846F1F7D3
:1023D0004BFF28BB35B15A46294604F12C00F1F7D2
:1023E00043FFE8B936B1019A314604F13800F1F7FC
:1023F0003BFFA8B9B8F1000F06D0029A414604F19C
:102400002000F1F731FF58B9009B43B1039A04F162
:102410001400009905B0BDE8F04FF1F725BF18464C
:1024200005B0BDE8F08F002104F12C00F2F724F98B
:102430000028BFD0002104F13800F2F71DF9002870
:10244000B8D0002104F12000F2F716F90028B1D02D
:10245000002104F11400F2F70FF90028AAD0B0E728
:10246000014805B0BDE8F08F80BFFFFFF8B5044616
:102470000D460830002116461F46F2F7FDF808B950
:102480001B48F8BD002104F12C00F2F7F5F80028F4
:10249000F6D0002104F13800F2F7EEF80028EFD072
:1024A000002104F12000F2F7E7F80028E8D000212D
:1024B00004F11400F2F7E0F80028E1D02DB128462D
:1024C00004F14401F1F718FD78B92EB1304604F15A
:1024D0005001F1F711FD40B92FB104F15C0138460C
:1024E000F1F70AFD08B90020F8BDA0F58140F8BD5C
:1024F00080BFFFFFC0F8A410C0F8A820704700BF3D
:102500004068704770B500210446FFF747FDD0B919
:1025100004F1080605463046F1F742FE7F2812D93D
:10252000143429462046F1F7E3FD60B12046F1F767
:1025300037FE012807D931462046F2F72BF800284C
:1025400001DA284670BD014D284670BD00BEFFFF70
:10255000F0B585B00446FFF7D5FF40BB012120460A
:10256000FFF71CFD18BB04F12C0504F1380604F13B
:10257000200704F1140E02902946019032463B4692
:10258000CDF800E004F1080001F01EFE78B904F176
:10259000500304F15C0E3A46314628468DE8084067
:1025A00004F1440301F010FF08B905B0F0BD014883
:1025B00005B0F0BD00BEFFFF38B50C460546FFF77D
:1025C000A1FF90B92046FFF7C3FF70B904F10801DD
:1025D00005F10800F1F7DEFF38B904F1140105F147
:1025E0001400F1F7D7FF00B938BD014838BD00BF6E
:1025F00000BEFFFFF0B50E4687B000211746054626
:10260000FFF7CCFCD8B9044603A8F1F7EBFB314641
:1026100003A86A68F1F7F2FD38B1A0F5854403A874
:10262000F1F7E8FB204607B0F0BD05F1080603A866
:102630003146F1F7AFFF002803DB0F4CEFE70F4CFB
:10264000F0E705F1680003A905F114023346009094
:1026500008466D68F2F77EFE0028DED12A4639462C
:1026600003A8F1F701FE054603A8F1F7C3FB002D0F
:10267000D8D0A5F58544D5E77CBDFFFF80BFFFFF1F
:102680002DE9F04FADB00E461D4683460491012161
:102690000592FFF783FC002840F09D8004460EA8B9
:1026A000F1F7A0FB11A8F1F79DFB14A8F1F79AFB35
:1026B00017A8F1F797FB002E49D020AB0DF18C0A3B
:1026C0001AAF0DF1740818460393F1F78BFB5046CF
:1026D000F1F788FB26AE38460DF1A409F1F782FB2D
:1026E0004046F1F77FFB3046F1F77CFB4846F1F7B7
:1026F00079FB2946DBF804200EA8F1F77FFD05469B
:10270000002800F0BB8011A8F1F774FB14A8F1F7C2
:1027100071FB17A8F1F76EFB0398F1F76BFB5046BE
:10272000F1F768FB0EA8F1F765FB3846F1F762FB9D
:102730004046F1F75FFB4846F1F75CFB3046F1F7A6
:1027400059FB002D41D120462DB0BDE8F08F1AAFC6
:102750000DF1740826AE0DF1A4093846F1F742FBDD
:102760004046F1F73FFB3046F1F73CFB4846F1F7B6
:1027700039FB2946DBF804200EA8F1F73FFD05469A
:10278000002868D10BF108030EA819460693F1F74B
:1027900001FF002821DB11A86FF00305F1F72AFBE8
:1027A00014A8F1F727FB17A8F1F724FB0EA8F1F7FF
:1027B00021FB3846F1F71EFB4046F1F71BFB48466C
:1027C000F1F718FB3046F1F715FBA5F586442046D6
:1027D0002DB0BDE8F08F4D4CB5E70EA93046F1F7AE
:1027E0008BFB0546002838D10BF1440307930BF10E
:1027F00050030893049B93B1DBF8A030002B4AD020
:102800000BF18C0A524651465046F2F781F80546C4
:1028100000287FD020AB03930DF18C0A73E70BF1F6
:1028200074000BF12C03079A0EA900903846099307
:10283000F2F790FD054670B90BF180000BF13803FB
:10284000089A0EA9009040460593F2F783FD0546CD
:10285000002800F0008111A8A0E711A8F1F7CAFA3A
:1028600014A8F1F7C7FA17A8F1F7C4FA049B002BD4
:102870009CD020AB0DF18C0A03934DE70BF10803BC
:102880000EA819460693F1F785FE0028A5DB11A8CE
:102890006FF0030538E70BF198030B220BF18C0165
:1028A0000394CDF8248014460A960D46CDF82C905A
:1028B0001E460C97DDF81080DDF81490069F0D93EE
:1028C000DBF8041042464B4630460139AA46F2F77F
:1028D0000FFF3A463146002840F01C812846F3F7A6
:1028E00095F80121002840F015812846F1F7C4FE33
:1028F000002800F01C81013CE2D1039CDDF824801B
:102900000A9EDDF82C900C9F014D83E780BFFFFFEE
:1029100080BBFFFF069A51465046F2F7A7FB0546DB
:1029200000287FF477AF0BF198031A461946184632
:102930000393F1F7EDFF039B054600287FF46AAF90
:10294000069A19461846F2F791FB0546002D7FF4CA
:1029500061AF0EA952460846F1F7DAFF0546002896
:102960007FF458AF0EA9069A0846F2F77FFB05469A
:1029700000287FF44FAF0BF12C03012211A8194658
:102980000993F1F7ADFF054600287FF443AF0BF143
:102990003803012214A819460A93F1F7A1FF05464E
:1029A00000287FF437AF059B1C21049A17A8F2F783
:1029B0009FFE20AB0546039300287FF42DAF17AA96
:1029C00011A91846F1F7A4FF054600287FF424AFAB
:1029D0000398079A0146F1F71BFF054600287FF48C
:1029E0001BAF059B1C21049A17A8F2F781FE0DF17D
:1029F0008C0A054600287FF486AE17AA14A9504613
:102A0000F1F786FF054600287FF47DAE089A51460F
:102A10005046F1F7FDFE054600287FF474AE0BF139
:102A20007400099B039A0EA900903846F2F792FCB5
:102A3000054600287FF467AE0A9D0BF180005246E0
:102A40000EA92B46009040460595F2F783FC0546FB
:102A500000287FF458AE424639460EA8F1F700FF31
:102A6000054600287FF4F9AE0BF15C020EA938464A
:102A7000F1F74EFF054600287FF4EFAE099A39467C
:102A80000EA8F2F7F3FA054600287FF4E6AE059AA1
:102A90000EA93846F1F73CFF054600287FF4DDAE6D
:102AA0003A4641460EA8F1F7B3FE054600287FF4EA
:102AB000D4AE049B002B66D00EA90BF198020846F9
:102AC000F1F726FF054600287FF4A4AE0EA9069A6A
:102AD0000846F2F7CBFA054600287FF49BAE0BF1CF
:102AE0006800069B0BF114020EA900904846F2F70D
:102AF00031FC0546002836D020AB11A80393F1F72E
:102B000079F914A8F1F776F917A8F1F773F90DF12F
:102B10008C0A01E620AB039C0546DDF824800A9E62
:102B20000DF18C0ADDF82C900C9F0393EBE5284601
:102B30000D99069A039CDDF824800A9EDDF82C90FE
:102B40000C9FF3F76DF8054600287FF463AE0BF198
:102B50006800069B0BF11402514600905046F2F7B4
:102B6000F9FB0546F2E631464846F1F713FD00B39E
:102B700011A81E4DF1F73EF914A8F1F73BF917A87B
:102B8000F1F738F975E60BF16800069B0BF11402BA
:102B90000EA900904846F2F7DDFB054600287FF4B9
:102BA0005AAE31464846F1F7F5FC68B111A80F4D11
:102BB000F4E520ABDBF8042036990EA80393F1F777
:102BC00053FB054611A89AE7DBF804200EA83699B6
:102BD000F1F74AFB054611A8F1F70CF914A8F1F733
:102BE00009F917A8F1F706F99CE500BF80BCFFFFC3
:102BF0002DE9F04F012B83B0DDF830A0DDF834B0C3
:102C0000DDF838806AD0BBF1000F18BF002969D009
:102C1000B8F1000F66D044680AF10B07BC4261D3DB
:102C2000BA4594BF4FF0000E4FF0010EBEF1000FF9
:102C300058D1E71E16460D46019088F800E0CAEB11
:102C4000070743BB022208EB020988F8012097B16D
:102C5000642403E0013C3CD000283AD101224946DB
:102C60003046A84799F80020002AF3D088BB013FDE
:102C700009F10109ECD1484600235246594600F8B3
:102C8000013B10F00DF842464146019803B0BDE803
:102C9000F04FFFF7AFBC012208F1020388F80120D2
:102CA00017B3D819FF2203F8012B8342FBD100236D
:102CB0005246594600F8013B0FF0F2FF43463246B8
:102CC00029460198CDF8308003B0BDE8F04FFFF7FA
:102CD000D7BCA0F5894003B0BDE8F08FD0F8A44080
:102CE000002C90D00148F6E71846E0E780BFFFFFD0
:102CF000012B2DE9F04F8BB066D0002968D0044637
:102D000090F8A80017460D460393FBF7E9FB0290E5
:102D100000285DD0D4F804A0FBF74EFC169B06B249
:102D200080460233760033449A4551D3169A9A422C
:102D300094BF4FF000094FF00109B9F1000F47D1DE
:102D4000189B52464946184603F1010B0FF074FFD9
:102D5000189B5946424683F800903846A84720B150
:102D6000A0F589400BB0BDE8F08F0BEB0803159A76
:102D7000149902980493FBF749FC0028F2D1169BA2
:102D80004FF0010E0590AAF102001A461799C01AD9
:102D9000049B4044861B06EB0E0003F806E0184433
:102DA0000FF07EFF07A8FBF7A7FB059B029907A87A
:102DB0001A46FBF7C1FB814670B107A8FBF7A2FBDF
:102DC00048460BB0BDE8F08FD0F8A440012C94D059
:102DD0001A480BB0BDE8F08F189A0AF1FF3A08F1D3
:102DE000010607ABC8EB0A0A164400935A4643464D
:102DF00051463046FEF7D4FF81460028DDD107ABAF
:102E000032464146584600935346FEF7C9FF0646F0
:102E100007A8FBF777FB7EB9039B3BB1189B3A46AB
:102E2000294620460093FFF72BFC9BE7189A204683
:102E30001146FFF7DFFB95E7304693E780BFFFFFC2
:102E4000F0B587B0D0F8A4400CADE0CD74B1012C42
:102E500002D00A4807B0F0BD0024049703960295FB
:102E600001940094FFF744FF07B0F0BD0E970D9654
:102E70000C9507B0BDE8F040FFF7BABE00BFFFFFFA
:102E8000012BF0B5ADF5037D50D04668A6F11004D6
:102E9000B4F5F87F00F2998002AD002B3ED18999FC
:102EA0002A46FFF7A7FB044678BB6B78A6F1020E13
:102EB00095F800C0002283F001030DF10901AE4432
:102EC000174643EA0C0C11F8010FFF2818BF42F017
:102ED0000102714582F0010057FA80F7F3D10DF13C
:102EE0000A01072F07F10102CB5D8CBF00240124EA
:102EF00011444CEA03031C4364B2002C5DD14A1B0D
:102F00008B9BB21A9A425AD9314C28464FF4007121
:102F1000FEF73EFF20460DF5037DF0BD899B009531
:102F2000FFF7AEFB04460028EFD1BEE7D0F8A4308F
:102F3000002B4AD14668A6F11003B3F5F87F44D8B8
:102F400002AD899B0095FFF79BFB04460028DCD16E
:102F50006B78A6F1020C95F800E0204683F002039E
:102F60002746AC440DF1090143EA0E0E11F8013F6A
:102F70005A428C4542EA0302C2F3C01282F00102B7
:102F800040EA0200C0B2C0F1000242EA0002C2F30D
:102F9000C01282F001021744E8D10DF10A01072F97
:102FA00007F10102CB5D8CBF0024012411444EEADD
:102FB00003031C4364B2002CA1D0064CA5E7889BF8
:102FC0008A981A600FF06CFE9FE70348A3E700BFE2
:102FD00000BCFFFF00BFFFFF80BFFFFF012B2DE9FB
:102FE000F04FADF5197D65D04768A7F11004B4F531
:102FF000F87F63D8044690F8A80016468B461D4615
:10300000FBF76EFA0390002858D0FBF7D5FA00F1D1
:10301000010881464FEA480A57454FD3B5B918AD64
:103020002046A5992A46FFF7E5FA0446CCB108AE3A
:1030300028464FF40071FEF7ABFE30464021FEF704
:10304000A7FE20460DF5197DBDE8F08F18AD20468E
:10305000324659460095A59BFFF712FB0446002C0B
:10306000E5D105A8FBF748FA2246039905A8FBF726
:1030700063FA0446C8B97E1E05ABA8440DF1610091
:10308000C9EB06060093424649463346FEF788FEE2
:10309000044650B905AB314640460DF1610200933C
:1030A0004B46FEF77DFE044668B105A808AEFBF767
:1030B00029FABDE7D0F8A440012C95D030480DF591
:1030C000197DBDE8F08F08AE05A8FBF71BFA039841
:1030D0003346A39AA299FBF799FA04460028A7D190
:1030E0000DF161032A7803EB0901B9F1000F11D04A
:1030F00009F1FF380DF11F0001F1FF3EB04410F857
:1031000001CF1EF8013F40458CEA030342EA030267
:10311000F5D14944AAF10203FB1A022B2DD0033B3F
:103120004FF0000E01F1FF3C0B44F0461CF8010F7C
:103130004EEA000E6345CEF100004EEA0000C0F3F7
:10314000C01080F001008044F0D111F8083083F005
:103150000103134309D108F10108A79B41444A1B0D
:10316000BA1A9A4203D9074C62E7074C60E7A49B5E
:10317000A6981A600FF094FD5AE74FF00008E4E7B4
:1031800080BFFFFF00BCFFFF00BFFFFFF0B587B0AF
:10319000D0F8A4400CAD95E8E04084B1012C02D0F9
:1031A0000C4807B0F0BD0024CDF814E00497039656
:1031B000029501940094FFF711FF07B0F0BDCDF820
:1031C0003CE00E970D960C9507B0BDE8F040FFF778
:1031D00057BE00BF00BFFFFF2DE9F04782B0884611
:1031E000012B05460BA991469DF8280046C90ED033
:1031F0001C466B680096FEF725FE80BB84B9284606
:103200003246314602B0BDE8F047FFF7F3B9D5F8D2
:10321000A430002B48D16B680096FEF713FEF0B97E
:103220006C68012021460FF0FFFC074600283DD0C6
:10323000214601200FF0F8FC8246002839D0009783
:103240004A46414633462846FFF71AFA044648B133
:1032500038460FF0EDFC50460FF0EAFC204602B075
:10326000BDE8F087524639462846FFF7C3F90446C1
:103270000028EDD16A6892B15046751E0AEB020C27
:10328000234610F801EB15F8011F60458EEA010195
:1032900043EA0103DBB2F4D10BB1094CD8E7304665
:1032A00039460FF0FDFCD3E70648D8E76FF00F0072
:1032B000D5E738460FF0BCFC6FF00F00CFE700BF3A
:1032C00000BDFFFF80BFFFFF2DE9F04F012B9BB03A
:1032D0009DF890E02CD079B317460D4604469946E8
:1032E0004668BEF1000F1BD194F8A800FBF7F8F870
:1032F000834608B3FBF760F98046430002339E42E1
:103300001AD33246002127980FF096FC0AA94246AC
:103310003846A847A0B1A0F589401BB0BDE8F08FA2
:103320007046FBF7DDF838B1FBF746F92590DBE78F
:10333000D0F8A440012CCED04D481BB0BDE8F08F92
:1033400004F10803039018460493F0F729FF059051
:103350000FFA88F0279B4FF0010E4246A6EB400083
:103360000AA900F1FF3A18449A4400F802EC5046CA
:103370000FF096FC07A8FBF7BFF8039B594607A878
:103380001A46FBF7D9F8834630B107A8FBF7BAF81D
:1033900058461BB0BDE8F08F07A8FBF719F9834624
:1033A0000028F2D10AEB0803082207A81946039364
:1033B000FBF718F983460028E7D1259A07A8269934
:1033C000FBF710F983460028DFD142460AA907A877
:1033D000FBF708F983460028D7D1039907A8FBF724
:1033E0000BF983460028D0D1059B07A8711E039ACC
:1033F000013B0090C8EB0101279813F0070F4346EB
:103400000CBF4FF0010E4FF0000ECEEB01017044E7
:10341000FEF7C6FC83460028B7D10498F0F7C0FE3B
:10342000FF21C0EBC606279BBC220AA801361B78E9
:1034300041FA06F640211E40279B1E700AF818200C
:10344000FEF7A6FC07A8FBF75DF8B9F1000F09D05D
:10345000279B3A46294620460093FFF711F91BB0F7
:10346000BDE8F08F279A20461146FFF7C3F854E7CE
:1034700080BFFFFFF0B5D0F8A44006AE9DF8145011
:1034800096E8C04064B1012C08D1CDF820E0079740
:1034900006960595BDE8F040FFF716BF0548F0BD5C
:1034A000CDF820E0079706960595BDE8F040FFF7B8
:1034B00093BE00BF00BFFFFF2DE9F04F012B83B08B
:1034C00045689DF8304058D08A46804629460120FC
:1034D000934699460FF0A8FB0646002848D0294697
:1034E00001200FF0A1FB074600283AD000902B46A0
:1034F00020460E9A0D99FEF7A5FC0446F8B9B9F1DD
:10350000000F40D1404632460F99FFF773F804464A
:10351000ACB9A5B120463246791E06EB050E12F86D
:10352000014B11F8013F724583EA040340EA0300AE
:10353000C0B2F4D1002818480CBF00240446294624
:103540003046FEF725FC30460FF072FB2946384620
:10355000FEF71EFC38460FF06BFB204603B0BDE8BB
:10356000F08F30462946FEF713FC30460FF060FB23
:103570006FF00F0003B0BDE8F08FD0F8A460002E0C
:10358000A2D00648F6E700965A46514640460F9BA1
:10359000FFF776F80446BBE780BCFFFF80BFFFFF64
:1035A0002DE9F047012BADF5187D07469DF8808287
:1035B0009DF88C9251D04468A4F11005B5F5F87FC0
:1035C0005FD8002B53D118ADA5992A46FFF712F802
:1035D00000283ED1661EAB5DBC2B40F08480B8F164
:1035E000000F07D04046FAF77BFF002849D0FAF7D2
:1035F000E3FFA1904846FAF773FF8146002840D0C8
:10360000FAF7DAFF0023804607F1080003930493DA
:10361000F0F7C6FDE300471E2A78C3F108033B44D8
:1036200052FA03F32DD1790728D02646AA4608F18D
:1036300002039E4225D305A8FAF75EFF494605A876
:103640000022FAF779FF044600B305A8FAF75AFFFB
:1036500020460DF5187DBDE8F087D0F8A430012B89
:103660000FD14468A4F11003B3F5F87F09D818AD61
:10367000A59B38460095FFF703F8A9E70DF1610A0D
:10368000D5E736480DF5187DBDE8F0876FEA0801EB
:1036900005AB50463144009343460AEB01094A46C4
:1036A000FEF77EFB04460028CFD1C7EBC606FF27F6
:1036B0002B7809F1FF3147FA06F68A4506EA030638
:1036C0002E709AF8002047D212B145E09A4632B9DE
:1036D0000AF101039AF801208B42F7D10B46012A27
:1036E00003D01F4CB1E71E48B3E75D1CA49B5A1CD6
:1036F000C5EB090601D0B342F3D105A8FAF768FF7C
:1037000004460028A1D103A9082205A8FAF76AFFF8
:103710000446002899D1A19A05A8A299FAF762FF58
:103720000446002891D13246294605A8FAF75AFFE7
:103730000446002889D105A808A9FAF75DFF0446C8
:10374000002882D1424608A948460FF0B1FA054B3D
:10375000002818BF1C4678E75346C0E780BFFFFF2C
:1037600000BFFFFF80BCFFFFF0B5D0F8A84087B0D6
:103770009DF830500D9F7CB1E4B24FF0FF3E0F9E9C
:1037800003940E9C05960294CDF810E08DE8A000FD
:10379000FFF706FF07B0F0BD2C46EEE72DE9F04736
:1037A000D0F8A45086B09DF838E0DDF83CC0DDF8D4
:1037B0004080DDF8449015B3012D03D0174806B0C2
:1037C000BDE8F0879A46D0F8A83004460E46174662
:1037D00013BB754620464FF0FF3453463A463146F8
:1037E000CDF814900395CDF80880CDF804C0CDF83D
:1037F00000E00494FFF7D4FE06B0BDE8F087CDF8F2
:103800004490CDF84080CDF83CC0CDF838E006B00B
:10381000BDE8F047FFF750BEDDB2DBE700BFFFFFBA
:1038200010B504468C30F0F7E5FA04F19800F0F793
:10383000E1FA04F16800F0F7DDFA04F12000F0F796
:10384000D9FA04F13800F0F7D5FA04F12C00F0F7BA
:10385000D1FA04F11400F0F7CDFA04F10800F0F702
:10386000C9FA04F18000F0F7C5FA04F17400F0F72A
:10387000C1FA04F15C00F0F7BDFA04F15000F0F772
:10388000B9FA04F14400BDE81040F0F7B3BA00BF44
:103890002DE9F04F002918BF7F2B91B01A9D40F2FF
:1038A000B680022D40F3B380DC0700F1B0801746EC
:1038B00007AA039000F1140B10460E461C46F0F7C1
:1038C00091FA0AAA1046F0F78DFA0DAA1046F0F701
:1038D00089FA29465846F0F7EFFB024600287BD1CB
:1038E0004FEA5408C72C04F101030399A8F16302BD
:1038F00098BF4FF000094FEA530301F12C0401F186
:10390000380588BF9146049300973346002241460C
:103910002046F2F745FB002872D102460097334655
:1039200041462846F2F73CFB002869D12A46214649
:1039300007A8F0F795FF002862D107A8F0F730FC40
:103940008145E1D2079B002B5CDB0122214620460A
:10395000F0F7C6FF002853D1012229462846F0F788
:10396000BFFF00284CD12A46214607A8F0F7D0FF18
:10397000002845D107AA59460AA8F2F747F80028B7
:103980003ED101210AA8F0F777FE82460028BBD17C
:103990002A4621460AA8F2F739F8002830D1014614
:1039A0000AAB07AA0DA8F1F733F948BB039B0DAA90
:1039B0005946203318460593F2F732F900BB0598B3
:1039C000F0F7EEFB049B98429ED901222146204647
:1039D000F0F76EFF024600B307A80492F0F70AFA68
:1039E0000AA8F0F707FA0DA8F0F704FA049A03986A
:1039F000A2F5834AFFF714FF504611B0BDE8F08FDF
:103A00000246E9E729462046F0F7BCFA9DE7DFF8D1
:103A10007CA0504611B0BDE8F08F0122294628460F
:103A2000F0F746FF02460028D6D1039B2A462146DE
:103A300003F108063046F0F76BFF02460028CBD1B1
:103A40003046F0F7D5FB039F059A29463B46786040
:103A500007F1500620465C33009601933B46443301
:103A600000F074FB02460028B6D10398FEF770FD03
:103A7000049007A8F0F7BEF90AA8F0F7BBF90DA863
:103A8000F0F7B8F9049A002AB6D0B0E780BFFFFF7C
:103A900070B50D460A68044608316B68083084E842
:103AA0000C00F0F729FA064620B12046FFF7B8FED1
:103AB000304670BD05F1140104F11400F0F71CFA52
:103AC00006460028F1D105F1200104F12000F0F7AD
:103AD00013FA06460028E8D105F12C0104F12C0068
:103AE000F0F70AFA06460028DFD105F1380104F1A3
:103AF0003800F0F701FA06460028D6D105F1440156
:103B000004F14400F0F7F8F906460028CDD105F19C
:103B1000500104F15000F0F7EFF906460028C4D137
:103B200005F15C0104F15C00F0F7E6F906460028B7
:103B3000BBD105F1740104F17400F0F7DDF906461C
:103B40000028B2D105F1800104F18000F0F7D4F92A
:103B500006460028A9D105F1680104F16800F0F7D4
:103B6000CBF906460028A0D105F18C0104F18C00A8
:103B7000F0F7C2F90646002897D105F1980104F143
:103B80009800F0F7B9F9064600288ED1D5F8A420A0
:103B9000D5F8A830C4F8A420C4F8A83088E700BF3E
:103BA0002DE9F047E4B0054605A8F0F71BF9AC2273
:103BB000002139A80FF040F805A8A34A1021F0F71A
:103BC0002BFF044648B9019003460090024605A920
:103BD00039A8FEF74FFA044648B105A8F0F70AF9EC
:103BE00039A8FFF71DFE204664B0BDE8F087974A6C
:103BF000102105A8F0F710FF04460028EDD105A913
:103C000044A8F0F779F900283BD1914A102105A882
:103C1000F0F702FF04460028DFD105A947A8F0F716
:103C20006BF9002831D18B4A102105A8F0F7F4FE7A
:103C300004460028D1D105A941A8F0F75DF910B1DB
:103C4000B0F58144C9D1844A102105A8F0F7E4FEFB
:103C500004460028C1D105A93EA8F0F74DF910B1DE
:103C6000B0F58144B9D139A8FEF776FA04460028A8
:103C7000B3D1002D4ED139A8FEF744FC48B1012440
:103C8000ABE7B0F58144A8D1BFE7B0F58144A4D13A
:103C9000C9E739A8FEF75CFC0028F0D10DF1340922
:103CA0006E4F0DF164084FF0180A4E46CDF804909F
:103CB000CDF808800FCF0FC697E80300CDF800A01D
:103CC0002B462A4686E80300654939A8FFF7B8F86D
:103CD0000028D4D113AE04AFCDF80CA00123CDF849
:103CE00004802246029639A800975D49FFF74EFAF4
:103CF0000028C4D13A68304649460EF0D9FF002862
:103D0000BDD108AE51464846324601F04BFE68B17F
:103D1000012069E753480EF0CFFF39A8FEF7F2FB08
:103D200000B3514801240EF097FF56E70427CDF861
:103D30000C8002962A4601950123009739A848492C
:103D4000FFF798FB00289AD1CDF80C802346029605
:103D5000224601942146009739A8FFF71FFD00284D
:103D60008DD13AE739A8FEF7F3FB0028D9D10DF140
:103D700034083A4E3D4819AF0EF09EFF4546CDF847
:103D800004804FF018090FCE0FC596E80300029784
:103D90002346CDF80090224685E80300304939A833
:103DA000FFF74EF80028BCD113AD04AE30480EF03A
:103DB00083FFCDF80C9001970123029522460096CF
:103DC00039A82749FFF7E2F90028AAD13268284626
:103DD00041460EF06DFF0028A3D1264808AD0EF035
:103DE0003BFF25480EF068FF494640462A4601F051
:103DF000D9FD20B11C480EF02FFF0120F4E6042667
:103E000003970295012301942246009639A814498C
:103E1000FFF730FB002884D118480EF04DFF0397C0
:103E200002952346019422460096214639A8FFF7C1
:103E3000B5FC00287FF475AF0E480EF00DFF0A2088
:103E40000EF01EFFC9E600BF4035002044360020BA
:103E5000C83600204C3700205038002020040020B5
:103E6000811F0160583800201C1D00209038002060
:103E700070380020CC1C0020B0380020C83800204A
:103E80002DE9F0477C4C96B0864689469446984684
:103E900004F1300A1E9F08AE2068103454F80C1C40
:103EA000354654F8082C103654F8043C54450FC5D8
:103EB000F2D12068A3883060B380B8F1000F3CD005
:103EC000002F3AD0D8F80830BBBBB968A9BB704600
:103ED00064467646F0F7D0FB00282EDD012120460F
:103EE000F0F7CAFB002828DD31462046F0F752FBE8
:103EF000002822DA01214846F0F7BEFB00281CDD2D
:103F000031464846F0F746FB002816DA05A8EFF7D9
:103F100069FF02A8EFF766FF21464A4602A8F0F7BC
:103F2000F7FC044670B105A8EFF764FF02A8EFF7AD
:103F300061FF204616B0BDE8F0876FF0030016B0B1
:103F4000BDE8F08702A901220846F0F7C9FC044643
:103F50000028E8D102A8F0F705F91FFA80FABAF1B3
:103F6000000F02D16FF00304DDE7514602A8F0F71D
:103F7000F3F904460028D6D1B3681B6803F007099B
:103F8000A9F10109B9FA89F94FEA591916AB05A83F
:103F90004B4413F8381CF0F78FF8324605A9404619
:103FA000F1F734FD04460028BDD101214046F0F769
:103FB00063FB38B109F101091FFA89F9B9F1360F2C
:103FC000E4D1CFE705A90097334602AA0846F1F7E6
:103FD000C1F904460028A6D101251BE005A901224C
:103FE0000846F0F77DFC05AA0446114600289AD140
:103FF0001046F0F78DFC3246044605A9002892D100
:1040000008460135F1F732F8044600288BD1ADB2ED
:10401000AA452AD3012105A8F0F72EFB012205A904
:1040200018B305A8F0F744FC3246044605A9002859
:104030007FF479AF4046F1F7E9FC012104460028FE
:104040007FF471AF4046F0F717FB0128C6D1314627
:104050004046F0F79FFA0130C0D121464346324630
:104060003846F0F7D5FD04465DE7012105A8F0F7D5
:1040700003FB00289ED075E73C040020002B61D094
:104080002DE9F0410D4686B00446002118461F4632
:104090001646F0F7F1FA804638BB01212046F0F7CA
:1040A000EBFA002821DD01212846F0F7E5FA002887
:1040B0001BDD41463046F0F7DFFAB0B16846EFF756
:1040C00091FE03A8EFF78EFE214668460122F0F725
:1040D00007FC044670B16846EFF78CFE03A8EFF7C3
:1040E00089FE204606B0BDE8F0816FF0030006B0FF
:1040F000BDE8F0812946012203A8F0F7F1FB044650
:104100000028E8D103AA69463846F1F77FFC044647
:104110000028E0D103AA69466846F0F7F9FB044697
:104120000028D8D101463B466A466846F0F770FD44
:1041300004460028CFD1314638466A46F1F770FD73
:104140000446C8E76FF00300704700BF2DE9F04157
:1041500084B01D4606460F4601A89046EFF742FE82
:10416000ADB10122314601A8F0F7BAFB044630B1E7
:1041700001A8EFF73FFE204604B0BDE8F0812846D5
:1041800001AA4146F0F772FF04460028F0D10A9BCD
:104190007BB10122394601A8F0F7A2FB04460028B2
:1041A000E6D1414601AA0A98F0F760FF04460028CC
:1041B000DED10B9B33B1324639460B98F1F730FD17
:1041C0000446D5E71C46D3E72DE9F04F87B00E46ED
:1041D00080461746DDF844A0684699461AF1000566
:1041E00018BF0125EFF7FEFD16F1000B03A818BF5D
:1041F0004FF0010BEFF7F6FD15B1BBF1000F28D121
:104200003C1C18BF01240DB1002C34D118F1000A58
:104210000BEA040418BF4FF0010ABAF1000F3BD0BB
:10422000002C39D03A4631466846F0F771FB054616
:10423000002859D06846EFF7DDFD03A8EFF7DAFD57
:1042400015F5844F13D0A5F58445284607B0BDE881
:10425000F08F129A51463046F1F760FE0028CFD019
:10426000584D6846EFF7C6FD03A8EFF7C3FD284693
:1042700007B0BDE8F08F5146129A3846F1F74EFE6E
:104280000028EDD118F1000A0BEA040418BF4FF022
:10429000010ABAF1000FC3D1109B002B18BFB9F16E
:1042A000000F14BF01250025BAF1000F18D0BDB1D1
:1042B00001214846F0F7E0F90028D1DD01211098EE
:1042C000F0F7DAF90028CBDD41464846F0F762F90D
:1042D0000028C5DA41461098F0F75CF90028BFDAEB
:1042E00004B175B90025BCE701214046F0F7C4F9D7
:1042F0000028B5DD41466846F0F74CF90028AFD1FB
:10430000CAE701213046F0F7B7F90028A8DD0121FE
:104310003846F0F7B1F90028A2DD109A4946684600
:10432000F0F7F6FA0546002884D10122694668466E
:10433000F0F7D6FA054600287FF47CAF314601221B
:1043400003A8F0F7CDFA054600287FF473AF03AA5F
:1043500069466846F0F78AFE054600287FF46AAF92
:1043600001466846F0F788F900287FF479AF49469E
:10437000109A6846F0F7CCFA054600287FF45AAF49
:10438000012269466846F0F7ABFA054600287FF43B
:1043900051AF3946012203A8F0F7A2FA05460028DA
:1043A0007FF448AF03AA69466846F0F75FFE05460A
:1043B00000287FF43FAF01466846F0F75DF900281A
:1043C00090D04DE700BEFFFF2DE9F04186B01E46BC
:1043D00005460F4668469046EFF704FD03A8EFF741
:1043E00001FD9EB3CDB1012229466846F0F778FA67
:1043F0000446A0B114F5844F09D16846EFF7FAFCE2
:1044000003A8EFF7F7FC204606B0BDE8F08114F5ED
:10441000814F02D0A4F58444EFE7304CEDE73146FC
:10442000424603A8F0F71CFA04460028E2D103A98B
:104430006A460846F0F71AFE04460028DAD101461B
:1044400003A8F0F719F908B1254CD6E70C9BFBB18E
:10445000002FE2D0012239466846F0F741FA0446BF
:104460000028C7D142460C9903A8F0F7F9F9044691
:104470000028BFD103A96A460846F0F7F7FD0446B5
:104480000028B7D1014603A8F0F7F6F80028DBD1E1
:104490000D9B0BB3002DC0D0002FBED03A460D9916
:1044A0006846F0F735FA04460028A3D10122694690
:1044B0006846F0F715FA044600289BD12A4669465B
:1044C0006846F0F7D3FD0446002893D101466846BC
:1044D000F0F7D2F80028B7D100248EE780BFFFFFA5
:1044E00000BEFFFF5C2200210EF0A6BB10B15C21D4
:1044F000FDF74EBC704700BF08B55C220EF0D0FB44
:1045000008BD00BFF0B403460022074F074E104617
:10451000074D084C08499F60DE601D615C61996130
:104520001A605A60F0BC70470123456789ABCDEF34
:10453000FEDCBA9876543210F0E1D2C32DE9F04F88
:104540004B789BB00D781B0491F803E04C7943EA5B
:1045500005658E7891F80480240445EA0E0591F8EB
:1045600007C04B7A44EA086445EA06224E7B8F79FD
:1045700044EA0C0C91F808A0360491F80CE01B04F6
:1045800091F80FB04CEA072491F80B9043EA0A63C4
:1045900046EA0E6591F80A800B9443EA090945EA58
:1045A0000B064C7C4D7D49EA082391F810A02404A9
:1045B00091F814802D048F7B44EA0A64069345EA3F
:1045C0000865CB7C91F817A091F812E01C43049287
:1045D00045EA0A0A46EA07228F7D4B7E44EA0E240A
:1045E0004AEA072E0E7E0D921B047246019043EAA2
:1045F000066391F81B800F9202F1B54291F81AC040
:1046000043EA08034D7F02F51E320E9443EA0C2361
:104610000C7F2D0402F29912CF7F45EA04648E7F4D
:1046200014921A4644EA070591F821E002F1B547D1
:1046300091F820B091F8253045EA062607F51E3797
:104640004FEA0E4E91F823901B0407F2991791F848
:1046500024A01092324615974EEA0B6791F8295024
:1046600043EA0A6391F822C047EA090E91F827400D
:104670002D0491F828604EEA0C2E119202F1B542F9
:1046800091F82680234391F82DC045EA066502F58E
:104690001E3291F8316091F82C9043EA082891F885
:1046A000304002F299124FEA0C4C91F82BB03604CC
:1046B00091F82A7091F82FA04CEA096C199246EAF9
:1046C00004667246CDF81C8091F82EE045EA0B088E
:1046D00091F833304CEA0A0C91F832B048EA0728D6
:1046E0001E4391F835704CEA0E2E91F8345046EA8C
:1046F0000B2691F8369091F838A03F0491F8394094
:10470000002091F83BC047EA056791F83C3091F8EA
:104710003FB0CDF82080CDF824E091F8378091F8B3
:104720003AE00A9647EA080591F83D6091F83E1094
:1047300045EA0928129336041391019902948F686F
:10474000029C3B460F46C96824043D69169144EA21
:104750000A6405957D6944EA0C04CDF808804FEAA7
:10476000B3080C954FEAB105B96944EA0E2E1791CA
:1047700005990C9F01F1B5498A464F40069909F504
:104780001E39CDF80CE00C9C8AEA050E09F2991945
:104790001893A2460EEA030E8944169907EA010C03
:1047A0001799DC4F8CEA0404CF19049907EBF367DF
:1047B000129B129246EA03662744059B5446DFF893
:1047C00054A346EA0B0C8EEA030E0E46A2440C4696
:1047D000069985EA08033C44D64486EA01070B9E05
:1047E00013994FEAB40A2340DFF828B34CEA012CAE
:1047F0000EEB0601DFF81CE36B4001EBF46188EA85
:104800000A04AE44149DCDF810C099444FEAB10C8F
:1048100005EB0A060C400D9D09EBF163159984EA3E
:104820000804AE448AEA0C05C344A64488461D40E9
:104830000E994FEAB30457400EEBF36E8B44199B6D
:1048400085EA0A0902998CEA04059A46D9444FEA96
:10485000BE0305EA0E0509EBFE694F4002F1B54EB5
:1048600084EA03010B9AE04401EA090185EA0C0598
:1048700094460D9AA2444C408CEA020C079A3544A7
:1048800004EB080102F1B5444FEAB90605EBF969FA
:104890000EF51E3E04F51E3483EA06054FEAB908FC
:1048A0000EF2991E04F2991401EBF96105EA09056B
:1048B0008CEA020C04EB060986EA0804089A5D40BB
:1048C0000C400EEB030B55444FEAB10384EA060E8D
:1048D00002F1B54605EBF16588EA030A06F51E36D6
:1048E00009994FEAF777DE4406F299160AEA050BB2
:1048F000884C4FEAB50A0EEBF56E0B970C198BEA54
:10490000080706EB080183EA0A064F444FEABE098E
:1049100006EA0E0604EB030B07EBFE678AEA0904BE
:1049200073400A9D3C404FEAB70E5E18029984EA34
:104930000A0805F1B54501F1B54106EBF76789EACB
:104940000E03039E08EB0B0405F51E3501F51E3121
:10495000DFF8C0B13B4005F2991501F29911B3445B
:10496000069E4FEAB708554483EA090301EB090A9A
:10497000B1460E9E04EBF7648EEA0801F34489EA1F
:1049800006095E19039B4FEAB40706EBF466214063
:104990008CEA030C049C5F4B81EA0E0188EA070550
:1049A0004FEAFC7CE3180B9C5144354004F1B54EB2
:1049B0004FEAB60401EBF66103EB080A87EA040349
:1049C00085EA08050EF51E3E049E0B405D444FEA45
:1049D000B10B0EF2991E7B4005EBF16584EA0B08E2
:1049E000774453444FEAB50108EA050889EA020909
:1049F00003EBF5630D9D6246DFF818A1AE460F9DEF
:104A000089EA060992448BEA01068EEA050C88EAD7
:104A10000408099D1E404FEAF97EB8448CEA050C53
:104A20004FEAB3070AEB04050B9C08EBF3680D9201
:104A300081EA070372468CEA040C86EA0B0E109C8E
:104A40000E9E4FEAFC7CAE4403EA080574400A9BC4
:104A5000304E4FEAB8095C400F9B0E9296196246A1
:104A60009C46119B0EEBF86E0F9206EB0B088CEA3E
:104A7000030A85EA01030D9D87EA090C9346254A3E
:104A80006C400CEA0E0C029D5A444FEAF474109EDE
:104A900011448AEA050A06948CEA070C0E9D4344E9
:104AA000129C8C448AEA050A069986EA04081A4D83
:104AB000039C03EBFE664D194FEABE0E0F9988EA80
:104AC000040889EA0E034FEAFA7A88EA0108119984
:104AD0004FEAB60B52460CEBF66C8A4673400799C8
:104AE0000D4E4FEAF878049C8AEA0101109296195B
:104AF000129A6140CDF844803D449046089A069C45
:104B00008EEA0B0788EA02081D44614006EB0903A0
:104B100004E000BF9979825AA1EBD96E0B9E4FEA4F
:104B2000BC094FEAF171119C87EA0C07DFF8E0A499
:104B30000A46079988EA0608109E05EBFC65A24420
:104B40001F448C468BEA0903099988EA060807EB9B
:104B5000F5670D9ED6448CEA010C6B404FEAB50513
:104B6000DFF8ACA44FEAF8788CEA060C734489EAC3
:104B70000506CDF81C80924403EBF76311924FEACF
:104B8000B708089A7E40079FDA448CEA040C9646E0
:104B900007F1DD4B0A9A4FEAFC7C12940BF5B30B3C
:104BA0000E9C8EEA020E099A61468EEA040E0BF5FF
:104BB000D74B029C944685EA0807119A8CEA040CAC
:104BC0000BF1210B0F9C8EEA020ECB4487EA0309FE
:104BD0008CEA040C079C4FEAB3075644D9444FEAC9
:104BE000FE7E8CEA040CDFF828B40A9C724606EBC1
:104BF000F3668B4488EA0703A646039C5D4483EA78
:104C0000060B069B8EEA040E09EBF6694FEAFC7C64
:104C1000029C4FEAB6068EEA030302F1DD4ECDF8A0
:104C200020C04B400BEB050C0EF5B30E87EA060BCC
:104C3000049D0CEBF96C4FEAB90A0EF5D74E8BEADE
:104C4000090965404FEAF373089CDFF8C4B30EF11D
:104C5000210E0293A344109B039CF04414915D40E9
:104C600086EA0A01A6460B9C554015925F44029ABB
:104C70008EEA040381EA0C0E1299C8444FEABC097B
:104C80004B40774402F1DD4E4FEAF572089D08EB88
:104C9000FC680EF5B30E8AEA090B6B40049D0EF515
:104CA000D74E07EBF8674FEAF373AC460D9D8BEADE
:104CB000080B13934FEAB808D54B8CEA050C119DED
:104CC0000EF1210ED31812928CEA050C029A9A4426
:104CD000139B89EA0805764403F1DD438CEA020C54
:104CE0004FEAB70E7D405E4403F5B303A3464FEA97
:104CF000FC7C0E9C06EBF766AA4488EA0E0703F5D7
:104D0000D743CDF80CC08BEA040B079C4FEAB605DD
:104D100077400AEBF66A2133039E8BEA040B0D9C65
:104D20004B4406F1DD49129AA4460F9C09F5B309DC
:104D30003B448CEA040C149C09F5D749139F8CEA78
:104D4000040C8EEA050609F1210903EBFA638CEAEB
:104D5000070C8BEA020B86EA0A07C8444FEABA0A34
:104D60000E9C4FEAFC7C069A85EA0A064FEAFB7B1A
:104D7000B844CDF824C0CDF810B04FEAB30C08EB1E
:104D8000F36884EA020B7340159A099E039C8BEA30
:104D9000020B049F06F1DD468BEA040B0F9C07F122
:104DA000DD4706F5B306A146109C07F5B30706F5E7
:104DB000D746089A89EA040921364FEAFB7B07F5B2
:104DC000D747069CCDF834B089EA0209213735442B
:104DD000049E4C40BE448AEA0C0789EA0609029EFA
:104DE00073440D9A7440099E4FEAB80B87EA08078E
:104DF00003EBF86374404FEAF979109EDFF81082F4
:104E00008CEA0B0E3D444F469044B146119E8EEA0B
:104E1000030EC24405EBF36589EA0609129E4FEAC8
:104E2000B303F24489EA06098E46794E4FEAF474D8
:104E300007990AEBF56A0E97BE198EEA01088BEA0C
:104E40000307139989EA02090F944FEAB50488EA27
:104E500001087D401499B444119F4FEAF9790F9AE3
:104E600083EA040E4F406A4ECDF818908EEA0A0E7F
:104E700039460E9F96194FEABA0988EA0708039F38
:104E80006544B3447940069EDFF884C105EBFA65BA
:104E900084EA0907F344B44451400BEBF56B6F40CF
:104EA00063444FEAB5054FEAF171079E159A3B44FA
:104EB0000B9189EA05014FEAF87EDFF854A14FEA29
:104EC000BB0786EA020803EBFB630B9A81EA0B0B34
:104ED0000499CDF828E0F24488EA0108964614992E
:104EE00054444B4A85EA0706A3440A9C72448E4602
:104EF00008995E404A440BEBF36B8EEA010C06996D
:104F000032444FEAB30388EA01080999DFF80491B3
:104F100002EBFB628CEA010C4FEAF87E4BEA0301DC
:104F20004FEABB088CEA040C7646159C39404FEAE0
:104F3000FC7E1096DFF8DCA00BEA030BCDF844E012
:104F4000A646029CB24442EA080641EA0B0B8EEAEE
:104F5000040E119C0B995544A1440D9C06EA030ACA
:104F600002EA08068EEA040E089C4AEA06064F4446
:104F7000A446129C8EEA010E0E998CEA040C37446A
:104F80004FEAFE7E139C109E8CEA010C029905EB01
:104F9000F265CDF81CE08CEA060C81EA040E079E4F
:104FA0001C495D444FEAB20271184FEAFC7C0F9E27
:104FB0004FEAB50907EBF567CDF808C005EA020B23
:104FC0008EEA060E45EA02066546DFF848C00B4445
:104FD00006EA08061299AC44039D03EBF76347EA1F
:104FE000090A4D4046EA0B01119E07EA090B1944D4
:104FF000079B8EEA060E069E0AEA020AE044754006
:10500000049E4FEAFE7EDFF80CC05D4004E000BF66
:10501000A1EBD96EDCBC1B8F84EA06030A9C4FEA25
:10502000B7074AEA0B0AF4446340039C41EA0706C7
:10503000D0446244A446099C08EBF168CDF848E0EE
:1050400006EA09064FEAB10E8CEA040C3940029CCC
:1050500002EBF86248EA0E0B634031430B9C0BEA0B
:10506000070B11444FEAF37208EA0E0A4FEAF5758E
:1050700003928CEA040C049A4BEA0A0A0D9C4FEA4C
:10508000B808139505F10F4582EA040B039A05F55C
:10509000DD15129B02F10F4241EA080605F5E655BF
:1050A0008CEA030C02F5DD12109B1C354FEAFC7CE8
:1050B00002F5E65206EA0E064D44CDF810C01C3249
:1050C0004FEAB1095544DFF8C4A31744099A05EB28
:1050D000F165E24401EA080194460E9A8BEA030B5B
:1050E000D64445EA09038CEA020C46EA0102139908
:1050F00007EBF56705EA090603EA08038BEA010AEC
:1051000011993A44039F4FEAFA7A8CEA010C33432F
:105110004FEAB506CDF824A05146DFF870A38CEA1B
:10512000070B734442EA06078A4421460F9C4FEA64
:10513000FB7E03EBF26307EA090781EA0405D34922
:105140004FEAB20C32407144CDF834E03A43D044D7
:10515000089143EA0C0A079903EA0C0B089F0AEA34
:10516000060A4D400E994F4408EBF3688E460699A7
:105170004AEA0B0B02EB080A8EEA0101BE46049FC5
:105180000BEB0E097D40029F09EBFA694FEAF572BD
:105190007940099D08920A9A81EA05074FEAB3010E
:1051A000BA4D129B84EA0208089A88EA03084FEA7B
:1051B000F77355194FEABA024AEA0107069C3544CB
:1051C00003F10F4649EA020B0AEA010A06F5DD1669
:1051D0000E930BEA010B09EA020306F5E65607EA0D
:1051E0000C0705EBF9654BEA03031C36A64647EAB4
:1051F0000A070B9CB4440D9E2F448EEA040E88EAE5
:105200000606139C9C44A14B4FEAF6758EEA040EE9
:10521000089E4FEAB9090F95EB180A9D8EEA060E13
:105220000B449A49A846109D4FEAFE7E88EA05067F
:1052300047EA09050CEBF76C71444FEAB70B1540D0
:1052400007EA0907CDF828E006914CEA0B08039914
:105250003D43069F08EA090A4E400B9C3A440E9FC4
:105260000CEA0B08A6467E40119C03EBFC63049FEE
:105270004FEAF6768EEA04014AEA080805EB030ACB
:105280003346109D0F9E79400B9303F10F4381EA43
:10529000060E42440799A84603F5DD1302EBFA62B5
:1052A0004FEABC06099D4FEABA0788EA010803F5F0
:1052B000E6534FEAFE7E88EA050C42EA07014AEA15
:1052C00006051C33DFF8C4810AEA060ACDF818E0A7
:1052D000994405EA0B0502EA0703F0443140A6466B
:1052E000029C09EBF26945EA0A0519438EEA040EAD
:1052F0000D9BD8440A9C8EEA030E05EB09030B9D17
:1053000001EB080A8CEA040C4FEAB2088EEA050B9E
:10531000129A07994FEAFC7C4FEAFB7B43EA0809A3
:1053200081EA0205089A59464FEAB30E0AEBF36A7E
:1053300064465540DFF854C101F10F4210944AEA27
:105340000E0BA44402F5DD12029C1191B44406999F
:105350000BEA080602F5E652A346139C4D401C32A8
:1053600009EA07098BEA04010AEA0E0B3A4403EA48
:1053700008034FEAF57546EA0B0B0CEBFA6C49EAA9
:1053800003032F4693440E9D03EB0C09129A4FEA38
:10539000BA0A109E69409446039D714012978CEAA8
:1053A00005060F9D49EA0A0307F10F426E402546A4
:1053B000049C09EA0A0702F5DD120BEBF96B654064
:1053C0004FEAF17403EA0E0102F5E65202944FEA45
:1053D000B90C119C1C32029B4BEA0C0966400A9CDA
:1053E000424409EA0A096540284C02EBFB621C1999
:1053F00041EA07034FEAF671099E03EB02080BEA44
:105400000C0707917444129949EA070E204B4FEAA2
:10541000BB074D400399A6444FEAB8044E400B9990
:105420004FEAF5728CEA07054E40029903920EEBA3
:10543000F86E4E400499079A89464FEAF6760D9920
:105440001A44049689EA0109069E02EB0A0185EADC
:10545000080289EA0609099E0A440799B246089E8D
:1054600089EA010910998AEA060A039D87EA040875
:105470004FEABE068AEA010A02EBFE61049A1D4465
:1054800088EA0E089646039A654403E0DCBC1B8F4D
:10549000D6C162CA4FEAF97C8AEA020A0D9ACDF8AF
:1054A00024C0A8449E4484EA060594460E9A0EEB56
:1054B000070B4FEAB10785EA010E8CEA0202099D4B
:1054C00008EBF16C1199DE4405EB030B049D4A4097
:1054D0004FEAFA78A3444FEABC016A40089DCDF830
:1054E000348086EA0708A94613920F9D0EEBFC6EE6
:1054F0000D9A88EA0C0889EA050587EA010C02EB97
:105500000309139A8CEA0E0CC3444FEAF274129A00
:10551000B1444FEABE08089455400A9CCC440E9A08
:105520000BEBFE6B089E81EA080E5440099AB146C7
:105530000D9E5540029A99448EEA0B0E54404FEA54
:10554000F57A0B9A4F440F9D74400AEB030985EAE4
:1055500002064FEAF4750CEBFB620EEB070C0E959E
:105560004FEABB0B079D49444FEAB20788EA0B0498
:105570006E40089D0CEBF26C54406E400A9D8BEA25
:105580000702AE464FEAF676069D82EA0C020A96BC
:105590008EEA050E039E0E9D8EEA060E0B9E1D449E
:1055A000B146109EA844049D89EA06068EEA0A0EBA
:1055B00004EB01090A996E400E9D4FEAFE7E1944E4
:1055C0006E40069D09EBFC69CDF82CE04244AE46E6
:1055D000119D8B444FEAF6718EEA050E02EBF965D8
:1055E0004FEABC040F914FEAB50609990B9A87EA76
:1055F00004088EEA010E06960A9E88EA09084FEA18
:10560000B909D1188EEA060E109E84EA0902D84420
:10561000B446129E08EBF5686A408CEA060C0D9DB4
:1056200039444FEAFE7E0F9F8CEA050C119D114410
:10563000CDF840E01F44AE46029D069E4FEAB80BEF
:105640008EEA050E3D190B9C89EA0606109A01EBBD
:10565000F8618CEA040C089C86EA080790468EEAFA
:10566000040E069C98442F4484EA0B020F9C129D62
:10567000C1448EEA040E4A40079C4FEAFC7C4A442F
:1056800007EBF1676540029E11924FEAB101109A53
:1056900085EA0A050CEB030AB1465540069A039EBB
:1056A0008BEA01049244119A89EA06064FEAB70888
:1056B00002EBF7627C404FEAFE7E81EA0807069221
:1056C000A2440E9A0EEB0309069C56404FEAF5726F
:1056D000079D67400292D9442A46049D4FEAB40BC5
:1056E00086EA0C0655400A9AB94455400AEBF46222
:1056F000029C4FEAF67A85EA0E0E099EA44688EAD5
:105700000B04039D09EBF2699C44544075404FEA39
:10571000B20261440AEB03078BEA02064FEAFE7EFF
:1057200021444FEAB904B8440EEB030C039182EA1A
:1057300004070B99E3444D40039901EBF96186EAB4
:105740000909029EC8444FEAB10C7540049E4F40BF
:1057500008EBF161029584EA0C080D9DBB44109F93
:105760006E400F9D0BEBF16B6E40099DA946089DA5
:1057700086EA0A064FEABB0A89EA0509029D03EB9D
:10578000F67603EBF57589EA07092644154488EA9D
:10579000010289EA0E094FEAB1011544189A8CEA10
:1057A000010781EA0A08134405EBFB6587EA0B0B46
:1057B000019F03EBF979059B88EA05085E4403EB3A
:1057C000B5040C9BE14406EBF5651A46179B09EB03
:1057D000080C3C611944169B52442B440CEBF565B4
:1057E0007A61FB60BD60B9611BB0BDE8F08F00BF9E
:1057F0002DE9F8430368064614460D4603F03F07BB
:1058000013449A42C7F14008036002D94368013348
:105810004360DFB1A04519D806F11C09294642466C
:1058200009EB07000DF03CFA49463046FEF786FECC
:1058300080B9C8EB0404454407463F2C08D92946E3
:105840003046403C4035FEF779FE18B93F2CF6D87B
:1058500014B92046BDE8F88306F11C00224629460B
:1058600038440DF01DFA0020BDE8F88302B1BFE70F
:1058700010467047F8B50446006880220D4600F0D7
:105880003F0004F11C062318013038281A7755D838
:10589000C0F13802002130440DF0CEF923683146C2
:1058A000666820465A0FDB0042EAC6021F0E84F8E3
:1058B0005B30160E84F8572084F85870170C84F863
:1058C0005460120A1E0C84F855701B0A84F8562086
:1058D00084F8596084F85A30FEF730FE00282CD145
:1058E000E37A2B7063896B70A3681B0AAB70A368A3
:1058F000EB70E37B2B71E3896B71E3681B0AAB717F
:10590000E368EB71E37C2B72638A6B7223691B0A79
:10591000AB722369EB72E37D2B73E38A6B7363696C
:105920001B0AAB736369EB73E37E2B74638B6B743D
:10593000A3691B0AAB74A369EB74F8BDC0F1400204
:10594000002130440DF078F931462046FEF7F6FD8F
:105950000028F2D10146382230460DF06DF99DE75E
:1059600070B40023064E074D074C0849084A86606C
:10597000C5600461416182610360436070BC70472F
:105980000123456789ABCDEFFEDCBA98765432101F
:10599000F0E1D2C302B970472AE700BFFFF76ABF40
:1059A000FEF7CCBD70B598B006460C4615460021F2
:1059B0005C2201A80DF040F9124B1348039303F148
:1059C000B943124903F55B23114A049003F6EF63D0
:1059D0000591069207935CB9294601A8FFF74AFF93
:1059E000044601A85C21FCF7D3F9204618B070BD2D
:1059F0002246314601A8FFF7FBFE04460028F0D1FD
:105A0000EAE700BF0123456789ABCDEFFEDCBA981A
:105A100076543210FFF7C6BF2DE9F04F0024ADF2E7
:105A2000744D394D07465C2205A82146DFF8F4B0D5
:105A300005F13C08DFF8F0A0DFF8F0900DF0FCF87D
:105A4000002F3CD1314A0023022CCDF81CB00A9221
:105A50002F4ACDF820A0CDF824900B920593069301
:105A60003CD02C4B53F82420E2B905A86946FFF737
:105A700001FF0646E8B96846142229460DF018F9D8
:105A800050BB0FBB0134143508F13908032CD7D1B2
:105A9000F7B905A85C21FCF77BF930460DF2744D8F
:105AA000BDE8F08F414605A8FFF7A2FE0646002894
:105AB000DBD0002FEDD018480DF0CEF8E9E7611CDF
:105AC00016480DF0F9F8BDE715480DF0C5F8D9E70F
:105AD0000A200DF0D5F8DCE70126EAE74FF47A73E7
:105AE00061211CA81A461E460DF0A6F802E0731E9E
:105AF0001E46BAD04FF47A721CA905A8FFF778FEAB
:105B00000028F4D00646D4E7D8D902607654321083
:105B1000F0E1D2C3C0DA02601C1D0020E83800208A
:105B2000CC1C00200123456789ABCDEFFEDCBA9881
:105B30006C2200210DF080B810B16C21FCF728B95F
:105B4000704700BF08B56C220DF0AAF808BD00BF71
:105B50000023F0B40360436099B1124A124B826093
:105B6000C360124F124E134D134C144A144B07616D
:105B700046618561C4610262436281660020F0BCB7
:105B80007047104B104AC360A3F1BF438260A3F576
:105B9000DC230E4F0E4E0F4DA3F5B6730E4C0F4A7D
:105BA000E5E700BFD89E05C107D57C3617DD70300C
:105BB00039590EF7310BC0FF11155868A78FF964DA
:105BC000A44FFABE85AE67BB67E6096A72F36E3C06
:105BD0003AF54FA57F520E518C68059BABD9831FB8
:105BE0002DE9F04FD7B0031D24300DAA0D9353F8C3
:105BF000044F834242F8044FF9D1013115AD25AE6F
:105C00000878043111F8053C000411F8022C11F851
:105C1000034C40EA0363134343EA042345F8043F7B
:105C2000AE42EDD10022CB4B16A8DFF85CA3009268
:105C3000159A864606931446139A0A931746C64A3F
:105C4000149B0992C54A1D460F9B0892C44A1946E7
:105C5000CDF80CA0A2460792C24ADDF84880059212
:105C6000C14ADDF838900492C04ADDF840B0029293
:105C7000119BBF4A0B90019287EA05004FEAF82674
:105C8000009A0DF1580C86EAB81600EA08005CF894
:105C90002240083286EA78666840009288EA070C5B
:105CA0003044019A4FEA79360EF1200E20445EF816
:105CB0001C4C86EAB906504449EA010A86EAB956FC
:105CC0002C4410440AEA0B0209EA010A034442EA9E
:105CD0000A0A0CEA030C4FEAF325B24483EA0806E9
:105CE0008CEA070C85EAB31550440CEB040285EAF4
:105CF00073655EF8184C40EA090A4FEA703C2A4482
:105D00002744039C0AEA010A00EA090522448CEAB6
:105D1000B00C5EF8144C4AEA050593448CEAB05C7A
:105D200008EB040AAC4406EA0B044FEAFB265EF8D3
:105D3000105C944484EA080486EABB165D1940EAC4
:105D40000C02274486EA7B6600EA0C084FEA7C34A2
:105D500002EA09023744019584EABC06029C83EA00
:105D60000B053C4486EABC5642EA08075EF8082C5C
:105D7000214437445EF80C6C5E4427448C1802962C
:105D800005EA01064FEAF125039473404CEA070641
:105D900085EAB11503EB0A044FEA773285EA716AA6
:105DA00006EA0003049E82EAB70554440CEA070A97
:105DB0008BEA010285EAB755344443EA0A085EF8E3
:105DC000046CA144A844019D02EA090A4FEAF923A0
:105DD000A04409EB06048AEA0B0B83EAB913049486
:105DE00047EA080AAB4483EA7963059C4FEA7836B0
:105DF0005B440AEA0C0AA34607EA080586EAB806E5
:105E000081EA09029B444AEA050586EAB85300EB99
:105E10000B0A2B4402EA0A024FEAFA205B4489EAA1
:105E20000A04514080EABA10029A48EA030680EA5E
:105E30007A6011444FEA733508EA03023E40014498
:105E400085EAB3050798164385EAB35B01445E44CF
:105E50000CEB010506EB010B03992C404FEAF520F2
:105E600043EA0B0C8AEA050684EA090980EAB510C0
:105E70000CEA080C4FEA7B3409EB010280EA7560FA
:105E800003EA0B0184EABB0402444CEA010C0899C2
:105E900084EABB540A4404EB0C01049C17441144EB
:105EA0003E404FEAF7224FEA71394BEA010086EA99
:105EB0000A0682EAB7120BEA010C1840264482EA6D
:105EC000776289EAB10440EA0C001644099A84EA30
:105ED000B1541644009A2044102AB04400EB06093D
:105EE00040F0B9822A461495224D00260B980C9555
:105EF000A5F1D255DFF894E0A5F50D25CDF808A061
:105F0000CDF854A0BA46A5F6FE65CDF840B0CDF860
:105F100048800B95184DCDF838900A95A5F1E455B9
:105F2000CDF80080D846A5F53525CDF80490CDF8FC
:105F300014E09B46A5F63B050496119391460995FE
:105F40008E460E4D139708950D4D0F9107950D4DEB
:105F5000039531E0CCDA0260D55E1CABA4823F929F
:105F6000F111F1595BC25639A5DBB5E9CFFBC0B5DC
:105F7000982F8A42DA88F976AA84744ACCA10C2434
:105F8000C69DC10F8647BEEF91443771C1699BE43E
:105F9000069A136C05931346526C194603921A46DF
:105FA0009B6C0793D36C126D08934B6D09920A9307
:105FB0008B6D0B93CB6D0C9306990DF1580C009BD8
:105FC0002030203150F81C4C42684FEAF3260691ED
:105FD0004FEAB447816987EAF4174FEAF14504991B
:105FE00087EAD4075CF8213081691344826985EA25
:105FF00071458AEA090150F818CC85EA9225009A81
:106000002B44114086EAB2163B44049F86EA72662E
:1060100081EA090203620837C3693244C6694FEA5C
:10602000F3458368049785EA76412344066AC46988
:1060300032444FEABC4681EA9421029C86EAFC166F
:10604000019F2244059C86EADC060B441444026A44
:106050000099334402944FEAF244029A81EA0A0515
:10606000436202EB0B01026AC36884EA72440D408A
:10607000426A4FEAF1269C4485EA0A054A4486EAC8
:10608000B116019B47EA0E0986EA716615444FEA8C
:10609000733307EA0E02354450F8146C83EAB703F1
:1060A000076A4FEAB64609EA080984EA9724039F7B
:1060B00049EA02020591BB46A444AB4450F8145C83
:1060C0005F4686EAF516AB46019D83EAB5593B4625
:1060D00086EADB0643444A4466441D46009B8662CA
:1060E0001C462E464FEAF5254C40029903960A4479
:1060F0002640816A5E40019B01EB0A04039942EA53
:1061000003094FEA72383444466A8C4685EAB11175
:106110004FEAF64B466A81EA7C6109EA0E098BEA8E
:10612000764B50F8146C02EA030588EAB20833464D
:1061300006690C4488EAB25850F8101C49EA050573
:1061400003EB0609466A079B45448BEA96262344DF
:106150004FEAB14A06EB090BEC1903EB0E069C461D
:10616000059F8AEAF11A039B4FEAF62E8AEAD10AC2
:1061700087EA03092346019F1443029309EA0609AB
:106180004FEA73380BEB0A0304EA070B059C029DE8
:106190008EEAB61E89EA0409009C02EA050AC36277
:1061A0001C19836A8EEA766EA1444BEA0A044FEA10
:1061B000F34ACE4488EAB5088AEA734A089B88EA1B
:1061C000B5589E4450F80C3C44444FEAB3494369E7
:1061D0000EEB070564441944836A029F8AEA9328F8
:1061E00050F80C3C89EAF31CB94608EB010A274633
:1061F00049EA040B8CEAD30C4FEA743903990AEB91
:106200000C03009789EAB409029C036381EA06083B
:10621000036B04EA0701059F08EA05082C464FEACC
:10622000F52C1F44039B0BEA020B009D88EA030830
:10623000C36A8CEAB41A4BEA01014FEAF34CC36A11
:1062400089EAB55905948CEA734C50F8083C8AEAFF
:10625000746A494450F80C4C47444FEAB349836987
:106260005744714403EB040B009C099B4FEA713EB9
:10627000059D44EA01081F4423468EEAB10E0191B0
:1062800003EA010AC36A3A448EEAB15E8CEA932CAF
:1062900050F8083C1446029A89EAF319DC4408EAEB
:1062A000020886EA050289EAD30948EA0A088A460A
:1062B0000CEB090302EA0409039AF04443634FEA32
:1062C000F42C1A4408EB070B8CEAB41C50F8047C3D
:1062D000134689EA0602016B8CEA746C1A44036B5C
:1062E0004FEA7B384FEAF34E3B4662444AEA0B07DB
:1062F0008EEA714E0393C1694FEAB34C50F8083CE3
:106300000AEA0B0A88EABB0819440A9B88EABB58C8
:106310001A44009B1F40036B8EEA932E029B47EAB0
:106320000A0702949946039B8E4429468CEAF31C83
:1063300091446540B8448CEAD30C039C05EA0905F6
:106340004FEAF927F44490444D40416B664487EA94
:10635000B912019B4BEA080E2E444FEAF14582EA3E
:1063600079620BEA080A85EA7145016A16440EEA69
:10637000030E0C4401684FEA78374EEA0A0E4FEAE2
:10638000B1420B99234687EAB8070E44416B87EA6E
:10639000B857C0F838C085EA91250099BE44314409
:1063A0002B44029DB6448A46016885EA090748EAFB
:1063B0000E0682EAF1124FEAFA2407EA0A0782EA95
:1063C000D10206EA0B066F4084EABA151344059A17
:1063D00008EA0E0185EA7A65D4184FEA7E320E4348
:1063E0000C993C4482EABE02049F82EABE522C44CD
:1063F000302FC3630C441644019A2244009206EBEA
:10640000040201927FF4C4AD5A464D46C346029B36
:106410000D9C0EA915930023119222461495CDF8D8
:1064200040B0CDF84CA0CDF83CE09DE80003CDF89D
:1064300048804846CDF8389001E051F8040F52F8F2
:10644000045F01332844082B44F8040FF5D10020E1
:1064500057B0BDE8F08F0A9C226A0192626A0392EB
:10646000A26A0292E26A0492226B0592626B079220
:10647000A26B0892E26B099204F120020A92FFF7E4
:10648000FBBB00BF2DE9F8430368064614460D46E2
:1064900003F03F0713449A42C7F14008036002D952
:1064A000436801334360DFB1A04519D806F12809DC
:1064B0002946424609EB07000CF0F2FB49463046FC
:1064C000FFF78EFB80B9C8EB0404454407463F2C18
:1064D00008D929463046403C4035FFF781FB18B9C2
:1064E0003F2CF6D814B92046BDE8F88306F1280001
:1064F0002246294638440CF0D3FB0020BDE8F8833F
:1065000002B1BFE710467047F8B504460068802224
:106510000D4600F03F0004F128062318013038280A
:1065200083F8282075D8C0F13802002130440CF0DF
:1065300083FB23683146666820465A0FDB0042EA37
:10654000C6021F0E84F86730160E84F8632084F8A4
:106550006470170C84F86060120A1E0C84F8617075
:106560001B0A84F8622084F8656084F86630FFF7BF
:1065700037FB0346002858D1E27A2A7062896A7094
:10658000A268120AAA70A268EA70E27B2A71E28904
:106590006A71E268120AAA71E268EA71E27C2A7200
:1065A000628A6A722269120AAA722269EA72E27D1A
:1065B0002A73E28A6A736269120AAA736269EA73C9
:1065C000E27E2A74628B6A74A269120AAA74A269B2
:1065D000EA74E27F2A75E28B6A75E269120AAA758B
:1065E000E269EA7594F823202A76628C6A76226A38
:1065F000120AAA76226AEA76A06EB0B994F8273019
:106600002B77E38C6B77636A1B0AAB77636AEB7754
:10661000F8BDC0F14002002130440CF00DFB3146C2
:106620002046FFF7DDFA10B1F8BD1846F8BD014667
:10663000382230460CF000FB7BE700BF0023F0B4AB
:106640000360436091B1114A114B8260C360114FE6
:10665000114E124D124C134A134B0761466185616E
:10666000C461026243628166F0BC70470F4B104AFE
:10667000C360A3F1BF438260A3F5DC230D4F0E4E30
:106680000E4DA3F5B6730E4C0E4AE6E7D89E05C133
:1066900007D57C3617DD703039590EF7310BC0FF46
:1066A00011155868A78FF964A44FFABE85AE67BB71
:1066B00067E6096A72F36E3C3AF54FA57F520E51B8
:1066C0008C68059BABD9831F02B97047DAE600BF1F
:1066D000FFF71ABFFFF784BAF0B59DB01C46074616
:1066E0000D46164601A86C2200210CF0A5FA14BB39
:1066F000214B224A0493224B2249079303F12D6335
:10670000039203F51E33204A0591069203F29A2361
:106710001E491F4A089109920A931B9415BB3146E2
:1067200001A8FFF7F1FE044601A86C21FBF730FB3E
:1067300020461DB0F0BD1749174A184B059101F1CD
:1067400037210392049301F56701154A154BFA317D
:1067500006920793144A154B089109920A931B94C9
:10676000002DDCD02A46394601A8FFF78BFE0446EF
:106770000028D9D1D3E700BF85AE67BB67E6096AB9
:106780007F520E5172F36E3C3AF54FA58C68059B13
:10679000ABD9831F17DD7030D89E05C107D57C3675
:1067A00039590EF7310BC0FFA78FF964A44FFABE19
:1067B000FFF792BF2DE9F04F0121A5B081464FF4BC
:1067C00080600CF031FA002800F0B8800024074601
:1067D0006C2209A82146DFF8D881DFF8D8A10CF097
:1067E0002BFA8AFB0435022CA5EBE475CCBF0026FE
:1067F000012605EB4505651BB9F1000F40F08180CE
:106800000023022C09930A9344DD5749022D574A6D
:10681000574B0C91A1F1BF410B92A1F5DC21554AD8
:106820000D93554BA1F5B6710E920F93534A544BED
:10683000129110921193239649D0524B03EB85028B
:10684000D2F8C021002A64D109A801A9FFF75CFE93
:10685000834600284ED1C6F1080201A841469200A5
:106860000CF026FA002879D1B9F1000F62D1013479
:1068700008F12008062CB4D1B9F1000F65D109A8A0
:106880006C21FBF785FA38460CF0D2F9584625B052
:10689000BDE8F08F3C49022D3C4B0C9101F1794150
:1068A0003B4A01F574010B933A4B01F501610E92DD
:1068B0000F930D9101F13721374A01F56701374BED
:1068C000119201F1FA01129323961091B5D14FF470
:1068D0007A75612138462A460CF0AEF901E0013D97
:1068E000B2D04FF47A72394609A8FFF7CBFD0028E1
:1068F000F5D08346B9F1000FC1D029480CF0ACF9AE
:10690000BDE7C6F108016A1C264849010CF0D4F91C
:1069100076E7C5EBC50103F5E67309A805EBC101F0
:106920001944FFF7AFFD834600288DD0B9F1000F61
:10693000A5D0E2E71C480CF08FF998E7B9F1000FF9
:1069400007D1012025B0BDE8F08F0A200CF098F99E
:1069500095E716480CF080F9012098E74FF0010BFD
:10696000B9F1000F8BD0C8E785AE67BB67E6096A4F
:1069700072F36E3C3AF54FA57F520E518C68059B21
:10698000ABD9831FCCDA026007D57C36D89E05C10F
:1069900039590EF7310BC0FFA78FF964A44FFABE27
:1069A0001C1D002018390020CC1C0020FC380020C1
:1069B000CCDB026056555555D82200210CF03CB96D
:1069C00010B1D821FBF7E4B9704700BF08B5D82251
:1069D0000CF066F908BD00BF00220023F0B4C0E946
:1069E0000023C0E9022300292CD0C0F8D0102CA528
:1069F000D5E900452CA3D3E900232DA7D7E90067EB
:106A0000C0E90445C0E906232BA5D5E900452CA320
:106A1000D3E90023C0E90867C0E90A452AA7D7E9F6
:106A200000672BA5D5E90045C0E90C232AA3D3E9CB
:106A30000023C0E90E67C0E91045C0E91223F0BC8D
:106A40000020704726A5D5E9004527A3D3E90023F8
:106A500027A7D7E90067C0E90445C0E9062326A5B2
:106A6000D5E9004526A3D3E90023C0E90867C0E9BA
:106A70000A4525A7D7E9006725A5D5E90045C0E95E
:106A80000C2325A3D3E90023C0E90E67C0E9104514
:106A9000C0E91223C0F8D0100020F0BC704700BF3E
:106AA000D89E05C15D9DBBCB07D57C362A299A624D
:106AB00017DD70305A01599139590EF7D8EC2F155E
:106AC000310BC0FF6726336711155868874AB48EAB
:106AD000A78FF9640D2E0CDBA44FFABE1D48B547F5
:106AE00008C9BCF367E6096A3BA7CA8485AE67BBE1
:106AF0002BF894FE72F36E3CF1361D5F3AF54FA50C
:106B0000D182E6AD7F520E511F6C3E2B8C68059BE7
:106B10006BBD41FBABD9831F79217E1319CDE05B9F
:106B20002DE9F04FADF2E44D4FF0000A0DF5167B64
:106B300093907491DE46CDF8D8B174994FF0000867
:106B4000002301EBCA0711F83A20CDF838800AF18A
:106B5000010A78784FEA0269FC78BAF1100F4FEA1F
:106B60000041B878FA7943EA09030F914FEA00210E
:106B7000139442EA080211913C79CDF84080CDF897
:106B80004880DDE90E0141EA030140EA02000B46BC
:106B90004FEA142102464FEA04640B910A94DDE99E
:106BA0001001DDE9124540EA020041EA0301024614
:106BB000787945EA010544EA02044FEA0041224699
:106BC0004FEA10440C910D94BC79DDE90A67DDE9C8
:106BD0000C0146EA020647EA05074FEA146C40EA50
:106BE000060041EA07014FEA042B41EA0C0340EAA0
:106BF0000B02EEE90223A0D10DF5187E0DF52879E0
:106C00000DF53678DDF8D8B10DF5327CCDF848E0D9
:106C1000CDF82880CDF830905CF8081F0AF1010A01
:106C20005EF8084FDCF804208B09CD0C0093D300EC
:106C300045EA42351E46C8000295D50C46EA517613
:106C4000DEF8043040EA5270059645EA4131009E74
:106C500065084FEAD418049046EA826603919209C7
:106C6000009648EA4368019245EAC3724FEAD31995
:106C70000692220A42EA0362DDE90467DDE90201C5
:106C800008925A081B0A7040794042EAC47243EAEB
:106C90000463079209930C9BDDE9005645404E4082
:106CA000FBE9020137462E46F3E90245CDE90E0124
:106CB0000C93DDE90801DDE9062342404B40DDE9A4
:106CC0000E0182EA080283EA090300196941354688
:106CD0002D1847EB0106A81846EB03010A9BBAF1F1
:106CE000500FE3E902010A9396D1939AD2E9043452
:106CF0009946A24694ABC3E9009A1346D2E906121C
:106D00008B46944696AAD3E90801C2E900BC86AA3C
:106D1000C2E90001194688A8D3E90A23D1E90C4544
:106D2000C0E900238AAB6246C3E90045D1E90E56AB
:106D30008CAB5446C3E90056D1E910678EABC3E96A
:106D40000067D1E9127890AB5946C3E900784B4609
:106D5000CDE9003486ABCDE90412D3E9000188AB5C
:106D60000022D3E900AB8AAB1092D3E900458CAB8B
:106D7000CDE90A45D3E900568EABCDE90801CDE94E
:106D800006562CA2D2E90012D3E9006784A890AB82
:106D9000C0E90012CDE90C6728A2D2E90012D3E9BC
:106DA000007882A8224BCDE90E78C0E9001214A227
:106DB000D2E9001280A8C0E9001213A2D2E90012A1
:106DC0007EA8C0E9001212A2D2E900127CA8C0E994
:106DD000001211A2D2E900127AA80FF24409D9E9EF
:106DE0000089C0E9001210A2D2E9001278A8CDE90A
:106DF00002ABC0E900121A46129BCDE9128949E0A4
:106E000019D005B6F111F15938B548F35BC25639BE
:106E1000BCDB8981A5DBB5E92F3B4DECCFFBC0B5D1
:106E200022AE28D7982F8A42CD65EF23914437713F
:106E300048DD026018816DDAD55E1CAB9B4F19AF3F
:106E4000A4823F92D2E9100178AC4032CDE9120120
:106E5000D2E90201C4E90001D2E904017AACC4E933
:106E60000001D2E906017CACC4E90001D2E90801C5
:106E70007EACC4E90001D2E90A0180ACC4E900019A
:106E8000D2E90C0182ACC4E90001D2E90E0184AC64
:106E9000C4E90001DDE90AABDDE90C8951460DF5D5
:106EA000EC7E46464F46880B4033890C40EA8B40C7
:106EB000DDE90645149074407D40109E5F460BEA64
:106EC000050B083641EA87315D46BB4610965646AB
:106ED0000AEA040A16915946B80B5446B246464689
:106EE0004F4640EA8A4066408C0CC9056F405546C3
:106EF000159041EA5A2144EA8A301991E905179020
:106F000041EA5B21DDE91689DDE91445189159460E
:106F100084EA080485EA0905DDE906BCDDE90089A3
:106F20008AEA0B0081EA0C01DDE918ABCEE9000129
:106F30008AEA040A8BEA050B1AEB060453E91001EE
:106F40004BEB07050019444669414D46240FAF0736
:106F500044EA091EDDE90E56DDE904AB2D18CDF833
:106F600068E048EA0A044E4128464D4631462E0F55
:106F700049EA0B05DDE912AB1AEB000A4BEB010BFA
:106F800047EA98014746C8461D91DC46B907D346F3
:106F9000BA4646EA071712911B97DDE90801CDE9C9
:106FA0000EBC2040294074ACC4E90001DDE90201B7
:106FB000DDE9046710EB0B00C34641EB0C0104460E
:106FC0000BEA070940460D4676A90AEA06084FEA89
:106FD000943E4006CDE90245D1E90045DDE902676E
:106FE00034403D402646129C2F4644EA9B011C91AA
:106FF00074A9D1E90045DDE906BC44EA080445EA84
:1070000009058CEA070C8BEA060BDDE90289CDE95C
:10701000124541464F464EEA89454E46890CDA46AE
:10702000BF0B209541EA89314D46B60C229147EAC3
:1070300088412191E90546EA883541EA582123959E
:1070400025910299DDE91C78DDE91A56C9057D40D4
:10705000009F86EA0806A84640EAD7150398B1467D
:107060001F957E0641EA5021019F2491DDE92045CC
:10707000DDE922014D404440294646EAD7151E95D8
:10708000DDE9245665404E4028463146DDE91E457F
:1070900053E90E6784EA080485EA0905A046A94673
:1070A000DDE90C45A4197D4126462F46DDE9124550
:1070B00014EB080445EB090516EB0A06A04647EB5E
:1070C0000C07A946DDE902BCDDE90A4584EA0B04A8
:1070D00085EA0C05DDE90EAB1AEB080A4BEB090B50
:1070E00080194FEA1A7EDC467941D3464EEA0C1EDF
:1070F000DDE900784BEA07094CEA080A0DF5F0785B
:107100004E46D8E90089CDF898E018EB000849EB25
:1071100001096146CDE90E89D846E14689074FEA63
:10712000887E41EA98014EEA990E2991CDF8A0E0B7
:10713000DDE904BCDDE900010BEA060B0CEA0A0CF0
:10714000DDE90E67CDE912BCDDE908AB4FEA197C39
:1071500016EB0A064CEA081C47EB0B07B2464646FC
:10716000CDF89CC0BB464F4606400F4049463046CE
:1071700049060C913946DDE91267CDE908AB0643B3
:107180000F430AEA040A0BEA050B30463946544617
:107190005D46CDE91201DDE90A01DDE908AB604099
:1071A000694074AC5746C4E90001DDE9020176ACE0
:1071B000BE0B80EA0A0081EA0B01BD0CC4E90001A4
:1071C0000C9C414645EA8B3544EAD8142E952B9405
:1071D0004C0646EA8B4144EAD9142C912A945C4629
:1071E000DDE92801DDE92656CDE90C894E40454010
:1071F000D84637462E46A50BA40C45EA8A45DDE95C
:107200002A012D95794070400F4644EA8A3106469E
:107210005C462F91E405DDE912018019794157465A
:10722000DDE90E9AFE0519EB00094AEB010A44EA72
:107230005721DDE92C453191D346CA46DDE92E01BF
:107240004D4049464440080F46EA5821309159467E
:10725000DDE93089890788EA040840EA0B145846BA
:1072600089EA0509329441EA9A01040F50463591A2
:1072700044EA0A148507504633945C4645EA9B0568
:1072800064063495554644EADA14CDE90E89DDE901
:107290000C78379448EA0B08074341463846DDE945
:1072A000006706400F40304639466E06DDE9067835
:1072B00053E90C4546EADB1E3F1974ACCDF8D8E023
:1072C0000DF5F47E48EB0508DDE93456CDE9067886
:1072D000DDE932786F4088EA06083E464746D4E941
:1072E0000089DDE90645CDE906AB14EB080445EB62
:1072F0000905DDE9368988EA060889EA070946466C
:107300004F46DDE90E8918EB040849EB05094446B0
:10731000D0464D46D946DDE90CAB0BEA090B0AEA2B
:10732000080AD946CC46DEE9008918EB040849EB87
:10733000050944464AEA00084D464CEA0109404620
:107340004946DDE9048918EB040849EB05093618BC
:107350004FEA983E4F4176A94FEA984CD1E9000197
:1073600000EA080001EA0901824630198B4647EB22
:10737000050105460E464EEA89414FEA993E38918D
:10738000DDE902018AEA000A8BEA010B5046594600
:10739000CDE90E01CDE904890599DDE906AB4CEA9A
:1073A000813150464AEA05083A91594628404BEA4D
:1073B00006093140CDE906560F460646DDE90C01C7
:1073C000DDE9044500EA080001EA0901A046A946F2
:1073D00040EA06044EEA884ECDE912AB4FEA954BDF
:1073E000CDF8E4E04FEAC55A41EA070576A9C1E9BC
:1073F000004545464BEA8831DDE908783B914AEA89
:1074000055216F4088EA09083D91E905BB464F4682
:10741000C44641EA5721DDE93A9ADDE938453C9115
:1074200084EA090485EA0A05DDE9069A57464E46CC
:107430004846B907000FDDE93C9A40EA071E89EA91
:1074400004098AEA050A74AC3D46CDF8F8E0C4E9BF
:10745000009A34463E0F41EA940146EA041E4191E7
:107460007906A007CDF8FCE041EAD41140EA950E78
:10747000439140A9CDF800E14FEA446E42AC4EEA98
:10748000D515D1E90078DDE93E9A53E90A0189EA88
:1074900007098AEA080A42954E465746DDE90A9AE4
:1074A00019EB00094AEB010A48465146D4E9009A13
:1074B00076AC89EA06098AEA070A4E46DDE90E89B2
:1074C000D4E9004518EB000849EB0109A41945EB84
:1074D0000A05264674AC2F46D4E9004514EB08048F
:1074E00020467CAC45EB0905D4E9009A19EB00096C
:1074F0004AEB050A4846DDE9004514EB090445EB73
:107500000A05A0463418A9460BEA080B47EB0A0502
:1075100041460CEA090C880B890C40EA894E41EA85
:107520008931CDF810E14FEA994E4691CDE90045F9
:10753000DDE906675C466546DDE900BCDDE9120170
:107540004BEA060B4CEA070C5E466746DDE908BCD1
:10755000CDE90A678BEA040B8CEA050C4F4676AE40
:10756000DDE90645CDE90EBCDDE900ABCC46BF0B3D
:107570000AEA040A0BEA050B54465D46DDE90AAB4C
:1075800000EA0A0001EA0B01DDE904AB8AEA080A15
:107590008BEA090BC6E900AB41EA050A4E4674A91D
:1075A00040EA0409F60544A848ACC1E9009A47EA54
:1075B0008841E14645914EEA8831479146EA582193
:1075C000D0E90056499146A84146D0E900ABC9052B
:1075D00085EA0A0586EA0B0641EA5C2137464891AE
:1075E000DDE900ABCDE90A89594650468907000F0D
:1075F00041EA9A0140EA0B1E50464D915946CDF89A
:1076000028E180074906D4E900895C4641EADA119D
:1076100088EA050889EA0709240F4F914AA94646D6
:1076200044EA0A1E4F465D464EACCDF82CE140EAD6
:107630009B0ED1E900894CA9CDF830E14FEA4A6EA2
:10764000D1E900AB53E9080188EA0A0889EA0B0985
:107650004EEAD51EC246CB46CDF838E1DDE90289B7
:1076600018EB000849EB010940464946D4E9008976
:1076700089EA0B0988EA0A084D464446DDE90E9A74
:1076800019EB00094AEB010A19EB06007EAE4AEB42
:107690000701D6E90089DDE90C6718EB000849EB22
:1076A000010916EB0806404647EB09074946B14673
:1076B00074AEBA46D6E900784FEA9A3E3F193C4686
:1076C0004F4648EB0508BE0B271848EB0108494612
:1076D00046EA8A458C0C76A95095D1E900BCDDE9D3
:1076E00000560BEA090B0CEA0A0C3D4346EA080671
:1076F00058466146CDE902782F46B046DDE904568A
:1077000045404E4044EA8A31AB46B4465291DDE9E9
:107710000256DDE9000128403140DDE90656CDE999
:107720000C013D40514606EA08068C0C28463146BD
:1077300076AE5546DDE90A78ED0587EA090788EA5D
:107740000A08C6E90078DDE90C67C846D146064359
:107750000F4374A94EEA884E50A8CDF844E1C1E920
:10776000006744EA88314F464646539145EA58211E
:10777000D0E9004552A85591F105D0E9009A41EAB7
:10778000572184EA090485EA0A055491DDE9028952
:10779000CDE90E6740464946000F890740EA091EB9
:1077A00054A8CDF858E1D0E90067484666406F40DC
:1077B000000FCDE90C674746C84641EA970140EA09
:1077C000071E59914946BE07CDF85CE1490646EAD5
:1077D000990E58AE41EAD711CDF860E14FEA476EF5
:1077E0005B9156A94EEAD81ED6E9009AD1E900016C
:1077F000DDE9084580EA090081EA0A01CDF868E17F
:1078000006460F4653E90601DDE90C8924184D416F
:1078100020465AAC29461BEB000BD4E900455846DC
:107820004CEB010C74407D40264674ACD4E900ABAF
:1078300080AC1AEB060A4BEB050B564618EB00081A
:107840005F4649EB0C09D4E900ABDDE912451AEBC0
:10785000080A4BEB090B504614EB0A045946A246A2
:1078600045EB0B053418AB4647EB0105514627465F
:107870005E468C0B76A9A846554644EA8B4ED1E964
:107880000001CDE90878284055463140CDF870E137
:10789000AD0C7495DDE90256CDE90CAB3D4346EAEB
:1078A00008062F46B04676ADC5E90078DDE90A89BD
:1078B0005F4688EA000889EA0109BC0BCDE9128914
:1078C000D146DA46DDE908BCDDE902675846614683
:1078D0004FEA9A4E06400F4030463946CDE908013E
:1078E000749840EA8A315E91D5E90001DDE90056DD
:1078F00005400E40DDE90E012F4676AD80EA090015
:1079000081EA0A01C5E90001384631465546DDE9FC
:107910000867ED0506430F433046394674AEC6E9A5
:10792000000144EA894160465D914EEA8931800751
:107930005F9145EA592161914946CE055CA9D1E99B
:1079400000455EA946EA5A2E60AECDF880E140EAD5
:107950009B0E6046CDF894E14FEA4B6E40064EEA2E
:10796000DC1ED1E900785946CDF898E17C406746A5
:10797000090F85EA080541EA0C116291390FD6E931
:10798000006741EA0B1166406F40639166ACCDE938
:1079900008675F46BE0746EA9C01649140EADB1136
:1079A000679162A9D1E9006764A9D1E9009A53E916
:1079B000040186EA090687EA0A07DDE9049A19EB59
:1079C00000094AEB010A48465146D4E9009ADDE92C
:1079D000124589EA06098AEA070A24184E465746DC
:1079E000204674AC4D41D4E9009A82AC19EB0609EB
:1079F0004E464AEB070ADDE90889574618EB0008AE
:107A000049EB05094946D4E9009ADDE9064519EB39
:107A100008094AEB010A484614EB09045146A146FD
:107A200045EB0A053418AA4647EB01054946564678
:107A30004FEA9A4E880B76A9CDE90445D1E9007842
:107A40004D46494608EA0A0840EA8A402F40890C18
:107A500045463C4641EA8A31CDE908BCCDE9069A63
:107A6000DDE9047868904BEA070B4CEA080C6A9150
:107A700058466146DDE90E78DDE902BC674088EAD8
:107A80000508B40B0BEA000B0CEA010C76A9CDE952
:107A90001278DDE90856DDE904783D4006EA08067B
:107AA00037462E4655464BEA060B4CEA070CED05C9
:107AB000C1E900BCDDE904BC59460F0F61468E07E1
:107AC00044EA894169914EEA89314FEAC95E6B9176
:107AD00045EA59214EEA5A2E6D9168A9CDF8B0E1D8
:107AE000D1E900456AA9D1E90001DDE90A894440EC
:107AF0004D40204647EA0C1429466E946446270FF1
:107B000046EA9B0447EA0B1E71945C46CDF8BCE143
:107B10004FEA4B6EA507644645EA9C0564067095DE
:107B20006CAD44EADB14D5E90056739445404E40F1
:107B300074A9C1E900566EA9D1E9004570A9D1E93F
:107B4000000144404D404EEADC1126462F4672911A
:107B500072A953E9024518EB040849EB05094446AC
:107B60004D46D1E90089DDE9120188EA060889EA73
:107B700007090019694104460D4676A9D1E900BC00
:107B800074A91BEB080BD1E900014CEB090C00199F
:107B900084AC6941D4E90045109E24184D4120462B
:107BA0002946DDE9004524184D41CDE90A451BEB86
:107BB00000044CEB0105502ECDE900457FF442A9AD
:107BC00094ABDDE90012D3E90034DDE902AB5B18C8
:107BD0005441CDE9003496ABDDE90401D3E900233B
:107BE000DDE9084512184B41CDE9022386ABD3E904
:107BF000001288AB09196A41CDE90412D3E90001EA
:107C00008AAB10EB0A0041EB0B018246D3E90089F5
:107C10008B468CABDDE90A01D3E9006718EB00085D
:107C20008EAB49EB0109DDE90601D3E900453618C1
:107C300090AB4F41DDE90C0124184D41D3E900011F
:107C4000CDE90645DDE90E450019DDE9003469415D
:107C5000939DC5E90434DDE90223CDE90801C5E9B6
:107C60000623DDE904340020C5E90834DDE90623F4
:107C7000C5E90AABC5E90C89C5E90E67C5E910235A
:107C8000DDE90834C5E912340DF2E44DBDE8F08FAA
:107C90002DE9F84314460D4600210646D0E900239D
:107CA00002F07F0712194B41C7F180088B4208BFD1
:107CB000A242C0E9002306D2D0E90223013243F1F7
:107CC0000003C0E90223DFB1A04519D806F150092D
:107CD0002946424609EB07000AF0E2FF49463046D2
:107CE000FEF71EFF80B9C8EB0404454407467F2C0D
:107CF00008D929463046803C8035FEF711FF18B977
:107D00007F2CF6D814B92046BDE8F88306F1500060
:107D10002246294638440AF0C3FF0020BDE8F88314
:107D200002B1B5E7104670472DE9F84304460068F4
:107D300080220D4600F07F0004F150062318013028
:107D4000702883F8502000F21A81C0F170020021DF
:107D500030440AF071FFE1680023A0684FEAC109CE
:107D600067684FEAC008314649EA507926687A0FB9
:107D7000204643EA0903FF0042EA08024FEA136E75
:107D800084F8C33047EA567784F8C7204FEA134C8B
:107D900084F8C0E04FEA132E84F8CB70130E84F8F9
:107DA000C1C0F60084F8C2E084F8C4304FEA124E35
:107DB0003B0E84F8CF60120A84F8C5E04FEA174CF6
:107DC00084F8C83084F8C620330C320E84F8C9C059
:107DD0004FEA172E84F8CD30360A84F8CC2084F888
:107DE000CAE084F8CE60FEF79BFE0346002840F010
:107DF000D380E27D2A70E28A6A706269120AAA70F0
:107E00006269EA70E27C2A71628A6A712269120AE6
:107E1000AA712269EA71E27F2A72E28B6A72E269D0
:107E2000120AAA72E269EA72E27E2A73628B6A73AC
:107E3000A269120AAA73A269EA7394F827202A7425
:107E4000E28C6A74626A120AAA74626AEA7494F82A
:107E500023202A75628C6A75226A120AAA75226A20
:107E6000EA7594F82F202A76E28D6A76E26A120A81
:107E7000AA76E26AEA7694F82B202A77628D6A77EE
:107E8000A26A120AAA77A26AEA7794F8372085F8DC
:107E90002020E28E85F82120626B120A85F82220CC
:107EA000626B85F8232094F8332085F82420628EB5
:107EB00085F82520226B120A85F82620226B85F88A
:107EC000272094F83F2085F82820E28F85F8292084
:107ED000E26B120A85F82A20E26B85F82B2094F8D1
:107EE0003B2085F82C20628F85F82D20A26B120A8A
:107EF00085F82E20A26B85F82F20D4F8D00000281A
:107F00004AD194F8473085F83030B4F8463085F8D7
:107F10003130636C1B0A85F83230636C85F833307E
:107F200094F8433085F83430B4F8423085F8353071
:107F3000236C1B0A85F83630236C85F8373094F8AB
:107F40004F3085F83830B4F84E3085F83930E36C6E
:107F50001B0A85F83A30E36C85F83B3094F84B30D7
:107F600085F83C30B4F84A3085F83D30A36C1B0AE4
:107F700085F83E30A36C85F83F30BDE8F883C0F14A
:107F80008002002130440AF057FE31462046FEF7B9
:107F9000C7FD20B1BDE8F8831846BDE8F883014667
:107FA000702230460AF048FED5E600BFFEF714BD49
:107FB00002B970476CE600BFFFF7B6BEFEF7B0BD72
:107FC000F0B5B7B01C4607460D4616460021D8222C
:107FD00068460AF031FE21466846FEF7FDFC04467D
:107FE00028B95DB931466846FFF79EFE04466846EB
:107FF000D821F9F7CDFE204637B0F0BD2A463946E4
:108000006846FFF745FE04460028F0D1EAE700BFC6
:10801000FFF7D6BF2DE9F04F0121C7B081464FF4DD
:1080200080600AF001FE00286BD00025DFF8448153
:10803000DFF844A10746D82210A829460AF0FCFD23
:108040008AFB0534022DA4EBE574CCBF0026012683
:1080500004EB44042C1BB9F1000F33D1314610A8B6
:10806000FEF7BAFC8346002840D1022C50D03B4B8F
:1080700003EB8403D3F8002462BB10A86946FFF722
:1080800053FE834690BBC6F1040268464146120186
:108090000AF00EFE00285BD1B9F1000F2DD1013599
:1080A00008F14008062DCBD1B9F1000F47D110A837
:1080B000D821F9F76DFE38460AF0BAFD584647B0A8
:1080C000BDE8F08FC6F10401621C2548C9010AF021
:1080D000F3FDC3E7C4EBC403224910A804EB031467
:1080E0002144FFF7D5FD83460028C6D0B9F1000F23
:1080F000DDD01D480AF0B0FDD9E71C480AF0ACFD00
:10810000CDE7B9F1000F1ED1012047B0BDE8F08FD7
:108110004FF47A746121384622460AF08DFD01E061
:10812000013CAAD04FF47A72394610A8FFF7B0FD8F
:1081300083460028F4D0B9F1000FB8D0D9E70A205F
:108140000AF09EFDB3E70A480AF086FD0120B6E773
:108150004FF0010BB9F1000FA9D0CAE748DD02606A
:108160001839002054E102601C1D0020CC1C0020A6
:10817000FC380020C8DF026056555555DFF874C042
:10818000DCF8003073BB4CF6A840F0B5164C4CF64A
:10819000A945164E4CF2090704F5027EB84216D0E6
:1081A0004CF20A03124903E083420CD0136A1146D1
:1081B00001F12002002BF7D16DB174450BD2284696
:1081C00056F8045FEAE791F828302A2BF4D02060B3
:1081D0000434002DF1D10022012303482260CCF8A1
:1081E0000030F0BD004870478C6B01200CF302603A
:1081F000A8E202609C6D012078B138B50546074CB5
:10820000074803E054F8200F30B1606829460AF0AF
:1082100017FD0028F6D1204638BD7047A8E202605D
:108220002C3900204CF2090398420DD04CF20A037D
:10823000064A02E0834205D0136A2032002BF9D1AE
:10824000184670471046704700487047A8E2026021
:10825000837A0A2B0AD8012000FA03F313F08E0F59
:1082600003D113F4C06F03D0022070470020704781
:1082700013F0100F0CBF002004207047807A20B14B
:10828000032804D9042800D170470020704701203A
:10829000704700BF837A0A2B08D8012202FA03F341
:1082A00013F4E36F14BF104600207047002070479E
:1082B000807A053803288CBF00200120704700BF5A
:1082C0004CF2090398420FD04CF20A03074903E02D
:1082D000984207D0136A114601F12002002BF7D112
:1082E00003487047486A704702487047A8E2026036
:1082F000543900202C39002008B5FFF77DFF00B16C
:10830000006808BDC36B10B5044693F88000F2F70F
:1083100045FE50B1E36B204693F8801006F006F856
:10832000003018BF0120404210BD014810BD00BF01
:108330000094FFFF2DE9F047446984B0C56B002C21
:1083400005F254450CBF4FF000084FF002081D44E1
:1083500008EB0109B9F5205F56D8044600681746B6
:108360002B4690F8CC200E4690F8C910C2F340027C
:1083700090F8C80006F04AF823682E22A91CD3F80A
:1083800018A0D869D04750BBA16B3022E36BC86DF1
:10839000C3F81024002839D0BC300121F7F7A4FE1F
:1083A00080B32368C6F52050E26B2946C8EB000570
:1083B000A06BD2F810E4DA69C06D03927246D3F86C
:1083C00018E0BC30D4F8C030CDF808E000974B443A
:1083D0000195F7F76DFF10B9B8F1000F02D104B0A5
:1083E000BDE8F0873B68D4F8C0201B0A9355D4F849
:1083F000C0103B680E4473703B6802333B6004B0AE
:10840000BDE8F0870248EAE70248E8E70248E6E705
:108410000093FFFF0096FFFF0089FFFF4368102BCA
:108420002DE9F04F9DB000F0A684C36B0446002BED
:1084300000F0A18405F05EF9002840F0A6802368D2
:1084400093F8CC309D0705D5E36B93F8EC31012B05
:1084500000F00C8165680C2D00F09C80112D00F25D
:108460008A84DFE815F00A010D0134035C0361031F
:108470008A03DF0352030F04120057030604880423
:108480000B047F0483048804A200E26C00232046CE
:1084900015680B9304F0E2FE002876D1AB7A5A1FE0
:1084A000032A40F265830B2B00F06283D4F8D430AA
:1084B000002B00F05D83E26B2168002A01F0FB8154
:1084C000D2F8C031002B01F0F6811968002900F0C4
:1084D0004F835B68002B01F032840DF13008D2F835
:1084E00004342046414698476369032B01F06782B4
:1084F000E36B002B01F08782D3F8C031002B01F031
:10850000828258680421F7F7EFFD002841F0C0810E
:108510000646C446062124238146E06B27680028CE
:1085200001F0EB81D0F8C001002801F0E68140683D
:10853000FA690DF12C0ED4F8C05003926246BF695F
:108540000D44314602978DE82040F7F767FEE0B909
:10855000D4F8C03016250B9A0F214B442046120A3E
:108560001A71D4F8C0300B9A4B445A710B9BD4F853
:10857000C0200633C4F8C4504B44C4F8C83011704E
:1085800063680133636005F009F9054628461DB0AC
:10859000BDE8F08FE36BD3F8883623B9204607F0A7
:1085A00023FC0546F2E711236360204607F016F925
:1085B0000028EAD1A36F162B40F05887236F1A7852
:1085C000042A40F0B5872068D4F8A01090F8CC00B9
:1085D000800740F14984112940F2AA87587C03F1B1
:1085E0000C051E7C0C2293F80CB040EA062693F88A
:1085F0000EA0587B93F80F900490B31D134499423A
:1086000040F09687E26B4FF000080C23C2F8888692
:108610006360002E00F02B83A36B996E586EF9F700
:10862000B7FBA36B586E0AF003FBA76B3146012022
:10863000C7F86480C7F868800AF0F6FA0590002849
:1086400001F07583A91D32460AF02AFB049B4546BA
:10865000BE661A04059BC7F8088042EA0B627B6677
:1086600042EA090242EA0A22FA668FE7204605F04A
:10867000CFFF00283FF4EEAE87E70123636085E774
:1086800021688B69002B01F06B82A3682BB991F8EC
:10869000CA30236191F8CB30636191F8C80000289B
:1086A00000F0698391F8CC20D4F8C09091F8C910FB
:1086B000C2F3400209F1040305F0A8FE2368E66B4B
:1086C00093F8CC2006F21441900740F19B83D6F832
:1086D000DC21002A00F096830E684D688868CA681D
:1086E000C9F80660C9F80A50C9F80E00C9F8122086
:1086F00088690E694D69CA69C9F81660C9F81A50C7
:10870000C9F81E00C9F82220A16B8868A0F11003E7
:10871000102BA36800F28B83002B00F04D86002302
:1087200009F1270589F82630236893F8CC209207B1
:1087300016D5E36BD3F8DC21002A00F0148793F8F8
:10874000E0316E1C2B703046E36B93F8E021D3F8D8
:10875000DC110AF0A5FAE26B236892F8E051354487
:108760006269AE1C53F822703868002801F0A080BE
:108770004FF00008FFF756FD236893F8C910C0B109
:108780000269914215DB93F8CBE031468269964548
:108790000FDC93F8CC309B0702D5037F5A0708D42F
:1087A0003B6808F101081B1201F8023B3B6873703B
:1087B0000E4657F8040F0028DCD1A3683BB93246B7
:1087C000FF2108F1010802F8023B71701646236888
:1087D00093F8CE30DB0708D533465621002208F146
:1087E000010803F8021B72701E4601224FEAD811DD
:1087F0004FF0000B08FA02F3B04629706B70331D7E
:1088000008F8022B86F801B01D46D4F8C070D4F8E1
:10881000D800069307F52057002801F045800AF09C
:1088200033FABD4282462B4605D800F10905FB1AF2
:10883000AB4280F0F7855D460222A3684244012BDB
:1088400040F02385BA4294BF00230123002B40F05F
:108850001C85D4F8EC10B81A0531884219D30127C9
:10886000FF219370501D117004F1F0015770D4F87E
:10887000EC303B44D370D4F8EC301371D4F8EC20D6
:108880000AF00EFAD4F8EC30D4F8C070053307F5CE
:108890002057D4F800E01D449EF8C930032B00F0A7
:1088A000FA840022DEF878B015449BF80000002816
:1088B00000F003844FF0000A04E01BF8010F0028C9
:1088C00000F0FC830AF1020AF2F768FB0028F4D1F9
:1088D00000232B44D4F8C0709A1C07F5205742445B
:1088E000BA4240F22E842568002095F8CD2002F08F
:1088F000020103EB000E01F0FF03002900F0F182FA
:108900000EF1020095F8C9304044002B00F06C8550
:10891000B84294BF00230123002B40F06585391A2B
:10892000032940F2DE821622037083700421C37093
:1089300042702568D4F8C07095F8CD2007F520570F
:1089400002F004020EEB010302F0FF0AEAB19A1CE6
:1089500095F8C9104244002900F04285BA4294BFFC
:1089600000210121002940F03B85B81A032841F27B
:1089700047801720117091704FF0040AD170507029
:10898000D4F8C070256807F520575344D5F8A4A043
:1089900003F1020B049308EB0B030593BAF1000FEC
:1089A00000F07F87DAF80010002900F0C5874FF04B
:1089B000000B08460AF068F95AF8041FC0B20130EB
:1089C00083440029F5D10599B94200F261840BF185
:1089D00006027B1A9342C0F02285102300228D1DCF
:1089E0000A704B702368D3F8A470386890B10AF00D
:1089F0004BF92B465FFA80FA03F8010B18465246F2
:108A000039680AF04DF90AF1010A57F8040F554484
:108A10000028ECD1059FEB1BDAB2981F191F951F98
:108A2000000A043A090A38717D71FA70B970D4F8F5
:108A3000C070256807F52057049A1A4495F8CD3080
:108A4000901CDB090492404400F02284B84294BF99
:108A500000230123002B40F01B84A26B3F1A926E6F
:108A6000151DAF42C0F07C8503702321130AC2702C
:108A700041708370A36B596E002A00F0EF860029C5
:108A800000F0EC8604300AF00BF9049B5D1905D068
:108A9000069BF5702B4498462B0AB370C9EB08006F
:108AA000D4F8C03001221621C4F8C800C4F8C4109C
:108AB0001A7094E80C000133636092F8CC30980788
:108AC00000F17584204604F069FE05465EE5204607
:108AD000266F06F083FE054600287FF457ADA36F8E
:108AE000162B00F00582A368012B40F0BF8422689A
:108AF000E368D2F8B4200133002AE360C0F2E681D3
:108B0000934240F3E381BC4D40E5204605F05EFA18
:108B100005463BE5204605F0E5FA054636E52046E4
:108B200006F088FF054631E5E36C00201E680A90D8
:108B3000B37A012B00F0D081093B012B40F2A681D2
:108B4000204606F04BFE00287FF41FADA36F162BC6
:108B500040F08C84226F13780C2B00F0EE83B37AF4
:108B600003F0FD03052B40F081840123C4F8A830F5
:108B7000636800250133636008E5E36C1B689B7A3A
:108B8000013BDBB2092B00F20B81012540F20F32D1
:108B900005FA03F31A40002A00F00281204606F08D
:108BA0001DFE00287FF4F1ACA36F162B40F05E840D
:108BB0006368216F013363600B780D2B0CBF0123B9
:108BC0000023C4F8D43040F006842368D4F8A00011
:108BD00093F8CC3003F0020303F0FF05002B00F004
:108BE000A0840C2817D90A7B0C2313440333984222
:108BF00011D96369032B00F0C080002D00F0A08420
:108C000011440C254B7B897B41EA032153182B44EB
:108C1000033398422BD0204632220221774D05F0B3
:108C2000C7F8B3E4204606F0D9FD054600287FF4D6
:108C3000ADACA36F162B7FF466AF2268D4F8A010FA
:108C400092F8CC3013F0020F0CBF04230C2399428E
:108C500040F0D183236F1B780E2B40F0CC836368E8
:108C60000133636092F8CC309E0700F13C8100250F
:108C70008CE4204605F00CFC054687E4204607F00E
:108C80000BF982E4E36C1E68B37A022B00F0CA820F
:108C9000DA1E012A40F28980093B012B8CBF002596
:108CA0000125002D40F081803046FFF701FB0028B0
:108CB00000F0A5822368D3F89420002A01F03F80B9
:108CC000D3F89C20002A01F03A80D3F8A0309A1DF6
:108CD0000C93B2F5205F00F2AA86D4F8C020190ADE
:108CE0001171D4F8C02053712368D4F8C000D3F8B0
:108CF000A020D3F89C10063009F0D2FF2068B37A88
:108D0000D0F8A020052B02F1060700F0BD85072B47
:108D100000F0E586062B00F02886082B40F0AE8395
:108D2000C569C7F52053D4F8C0200CA90195856901
:108D30003A44E06B00958030F1F7C6F800287FF4E4
:108D400024ACB17A204605F0F7F900287FF41DAC79
:108D500016200C9BD4F8C0201021C4F8C4003B445A
:108D600020460AE40F23002563600FE42046002517
:108D700004F01CFA0AE4224D08E4002D00F04E86AF
:108D80008F184FF00C0E7E7BBB7B43EA0626D31C6C
:108D90007344334498427FF63EAF931C9A192CE7F4
:108DA000062300256360FFF7F1BB25684FF47A7353
:108DB000D4F8C0200CA9EE69E06B04320196AD69CD
:108DC00080300095F1F780F800287FF4DEAB25684D
:108DD0004FF40073E06BEE6900F2544200F58261DB
:108DE00001968030AD690095F1F7B0F800287FF466
:108DF000CCAB0427ACE700BF0089FFFF8085FFFFF5
:108E0000008FFFFF9D690422D869A84700287FF4DE
:108E1000BCAB236806F583611C229D69D869A8470D
:108E200000287FF4B2ABE16B01F2144154E4002B53
:108E30007FF475AC4B6E002B00F0408700208B6EEA
:108E4000002B40F00E8589F8260009F1270500283F
:108E50003FF46AAC0023A26B1A440133127B8342B5
:108E600005F8012BF7D35FE4092940F26183587AB2
:108E70001D1D1E7A93F804B040EA0626587993F82F
:108E800006A0049093F80790FFF7B7BBA36BD86DCB
:108E9000002800F00587BC300221F7F725F90028EB
:108EA00000F0B985A36B0122E06BDB6D8030D3F855
:108EB000C010F0F7E3FF002800F0A5820546204629
:108EC0002822022104F074FFFFF760BB0123D34D79
:108ED000C4F8A830FFF75ABB052305466360FFF7C7
:108EE00055BB19462CE5204605F06CFBFFF74EBB41
:108EF000236893F8CC2002F0020101F0FF00002962
:108F000000F075823378032B00F09C85E36BD3F877
:108F1000DC0109F08DFEE36B83F8E051C3F8DC510E
:108F20002368D4F8A01093F8CC2002F0020202F0DB
:108F3000FF00002A0CBF2A2232228A4200F2CA8392
:108F40003278022A40F0C683002893F8CC2004F13E
:108F5000140104F110000CBF4FF004084FF00C088E
:108F6000C2F34002B044434605F05AFA236822692E
:108F700093F8CA108A42C0F2E284616993F8CB0088
:108F80008142C0F2DC8493F8C800824200F3D784A7
:108F900093F8C930994200F3D2844346E76B53F803
:108FA000026F5D689868D968C7F83464C7F83854A8
:108FB000C7F83C04C7F840141E695D699869D9690F
:108FC000C7F84464C7F84854C7F84C04C7F85014AD
:108FD00098F82260202E00F27D832368D4F8A02028
:108FE00093F8CC30990740F1B48206F133039A42EA
:108FF00000F2AD840C2306F126010B449A4240F0A6
:109000006983002708EB060393F8235093F8242084
:1090100093F8253042EA0525002B40F02F8628469C
:10902000D4F84C90FFF7FEF8E36CC9F80000204636
:109030001968002900F0488605F066F8D4F83C90DD
:10904000D9F87836002B00F02A82002E00F0278213
:10905000A368002B40F02382A36B04931B689D42FE
:1090600000F0818508F1230A63684FF0000E049A2E
:109070005146013302F10C0032466360049BC9F88B
:1090800078E69E6083E8204009F00AFE2368626962
:1090900053F82230043B04E0A26B1268904200F0C7
:1090A000708253F8040F0028F6D120462F220221A7
:1090B0005B4D04F07DFEFFF769BA824605F1020BB5
:1090C00008EB0B03BB4204933FF602AC049A0AF18F
:1090D000060ABF1A5745FFF4FBAB2368D3F878B0F4
:1090E0009BF8000000283FF4F3AB9246002700E015
:1090F0000F46F1F753FF4388B91C0AF1020A1B0A15
:109100008AF8043043888AF805301BF8010F0028DC
:10911000EED100293FF4DCABCAB207F1040E4FEAEE
:10912000112C049907F108034FEA1E2708700A2042
:109130004A7102328F70CA7081F804C04870FFF71C
:10914000C8BBB91A05294FF000010DD90B2702251C
:10915000012011709170517106215770D5701071F6
:10916000D4F8C07007F5205725680B44B5F8CC201B
:10917000991C02F4E0724144002A00F0D585B942FE
:1091800094BF00220122002A40F0CE85781A0428DC
:1091900010D901200A708A7005224870C8702068B2
:1091A000B0F8CC00C0F382100871D4F8C070256804
:1091B00007F52057134495F8CD20991C12F0400F65
:1091C000414400F0BF85B94294BF0020012000282F
:1091D00040F0B885C1EB070EBEF1030F7FF687ABF9
:1091E000042208708870C87010464A702568D4F848
:1091F000C07095F8CD2007F52057FFF778BBB37AFC
:10920000012B40F03B8103460CAA04212046FFF7C6
:1092100091F800283FF4EDADFFF7B7B90095FFFFD7
:109220008086FFFFE36BD4F8C0205B68190A0C93BB
:109230001171D4F8C0205371E66B06F10800EAF70B
:10924000D7FF2568D4F8C0200146EF69301D0C9B7C
:1092500006320197AD690095F0F718FB00287FF4FE
:1092600094A925684FF40972E06BEE6900F58263FA
:1092700000F2544101960430AD690095F0F76CFBA3
:1092800000287FF482A9062762E50023FFF701BBCF
:109290000025FFF7FABBDEF874A0DAF8000000281A
:1092A00000F05B845246002352F8041F0433002967
:1092B000FAD105F1020B08EB0B02BA4204921146F7
:1092C00000F256810633BA1A9A42C0F00C83002885
:1092D00000F0DC840F464FF0000B04F0F7FF4FF076
:1092E0000303B8710BF1040BFB710437DAF80000CB
:1092F00004F0ECFF4FF0010338717B715AF8040F52
:109300000028EAD1049F5FFA8BF30BF102010020E1
:109310007B710233090A3870FB704FEA1B23B97066
:109320000D213B710BF106027970D4F8C070D4F8AE
:1093300000E007F52057FFF7B5BA2368D4F8A0502E
:1093400093F8CC10B37A154411F0020FA3F1080E74
:1093500003F0FD000CBF04210C21BEFA8EFE082B89
:1093600018BF062B0A444FEA5E1E0A9200F089805D
:10937000052800F0868003F0FB02022A00F0DB8360
:10938000033B012B02D9BEF1000F77D0E06B2A46D8
:109390000AA98030F0F75EFD002800F0AB8320467C
:1093A0002F220221CF4D04F003FDFFF7EFB8204636
:1093B00005F050F8FFF786BBE36BD3F87836002B47
:1093C0003FF438AD4B6E002B7FF439AD89F82600A1
:1093D00009F127053EE5C4F8A8500546FFF7D6B8C1
:1093E0004FF0000AFFF7D1BA0021FFF7A9BAD4F86D
:1093F000A0102A22A1E5204632220221BA4D04F013
:10940000D7FCFFF7C3B82046FEF77CFF05460028CF
:1094100040F0E283636801336360FFF7B7B800236D
:10942000FFF70ABB411DC2B2C31C86F804B0090A8B
:10943000571DD01C1B0AB1714FEA1A2132735246D4
:10944000F771707206F10D0086F805B086F80AB063
:109450003372F172D4F8D81009F022FCD4F8C0703D
:109460000AF10B0207F52057FFF7E7B920460A2259
:1094700002219E4D04F09CFCFFF788B89C4DFFF73D
:1094800085B8A91E8A428AD85178971C92F800C0E4
:1094900041EA0C22A91A8F4206D90A977FE7A36BEB
:1094A00008F1230A0493DFE53A4405280A927FF481
:1094B00062AF023B022B3FF65BAB2268636992F816
:1094C000CC20D4F870A012F0020FDDF828800CBF79
:1094D0004FF004094FF00C09032B00F0A883022B76
:1094E000CCDC3046FEF7B4FE0428064600F09D832F
:1094F00000270A9BAA1E93420BD893F800B09A1C2F
:109500005B780A9243EA0B2BCBEB0505AA4200F0ED
:109510006683204632220221724D04F049FCFFF797
:1095200035B804287FF677AB0A790423FFF75DBBD3
:109530002046322202216F4D04F03AFCFFF726B894
:10954000114404254E798B7943EA06231344FFF72F
:109550005EBB06F12B039A4200F2D98104234AE54F
:109560001D46FFF792BA2A7001352368FFF7F8B855
:10957000DEF878B09BF8000000287FF49BA9FFF785
:10958000A7B9FEF74FFE63691946069300283FF41A
:109590008CAD03699942FFF688AD836999423FF724
:1095A00084AD236893F8CC309B0703D5037F5D0718
:1095B0003FF57BADA26B06F1280311460492002211
:1095C00008EB03064A60002F00F09C82B578F17822
:1095D00018F8030041EA0521737801F1040943EA10
:1095E00000230D464F4575D3059204F1F002079212
:1095F00004F1FC020892102B00F0C6807EDD172BD0
:1096000000F0B38040F3A080232B00F0F5804FF6EC
:109610000172934248D1A368002B00F05A81D4F81C
:10962000ECC04FEA4C035A1CAA4240F085803279C4
:10963000934240F081804FF000038DF83030BCF150
:10964000000F00F03083079B06F1050E184603EB70
:109650000C081EF8013B10F8012B9DF83010534008
:10966000804543EA01038DF83030F2D19DF8303067
:10967000002B61D10CF1050E08988DF82C30844434
:10968000B6441EF8013B10F8012B9DF82C105340F6
:10969000604543EA01038DF82C30F2D19DF82C305F
:1096A000002B49D1012305937F1B4E447B1F043FB0
:1096B000022B46D9002F00F02682F378B578327855
:1096C00043EA0525737805F10409294643EA022394
:1096D000B94590D9204632220221074D04F068FB9B
:1096E000FEF754BF0085FFFF8084FFFF0089FFFF66
:1096F0000094FFFF0092FFFF8086FFFF042B00F025
:109700009F800B2B00F08480012BCDD12368B3F810
:10971000CC3003F4E07232B1012904D1C3F38213D7
:1097200032799A42C0D0204628220221C14D04F04D
:109730003FFBFEF72BBF5C4620462822022104F0A7
:1097400037FBBC4DFEF722BF162BADD1236893F833
:10975000CD309A07E7D5069B002BE4D00029E2D153
:10976000049B1A46012393679EE7236893F8CD3044
:109770005B07D8D5069B002BD5D00029D3D1E36B4E
:109780000122C3F88C268FE72368D3F8A480B8F1B0
:10979000000FD1D0032940F39C813179AB1E72793F
:1097A00042EA01229A4240F0948196F806A0EB1E0C
:1097B0009A4540F08E81D8F800B0BBF1000FBBD0C5
:1097C000F31D09955D46A3461C4603E058F8045F67
:1097D000002DB0D0284609F057FA8245F6D15246FE
:1097E0002946204609F064FA0028EFD15C46AB46D2
:1097F000099DC4F8DCB057E7236893F8CD30DB0946
:1098000091D000298FD1E36B0122C3F888264BE762
:10981000002900F05E8133795A1CAA4240F0598138
:10982000711D002B88D07279012A6CD91944B31D9F
:1098300003E013F8012B012A65D99942F9D17BE79E
:10984000236893F8CD3058067FF56DAF00297FF47B
:109850006AAF049B1A460123536725E70425FFF7E7
:1098600014B923680C3120229D69D869A8470028C3
:109870007EF48BAE2023A26B09F127059360184676
:1098800089F82630FFF7E6BA0C951946FFF75ABA61
:109890000621142304260DF1400C4FF00009FEF7B9
:1098A0003CBE5346FFF7C8B805460222FEF7C5BFC7
:1098B0008046FEF782BF896E00293FF459A90B68E4
:1098C000002B3FF455A9002A40F0E3810B46FEF738
:1098D00000BE01297FF430AF3379002B7FF42CAF29
:1098E000C4F8E810DEE6DEF878B09BF80000002847
:1098F0007EF4E0AF8246FFF7E9BBB86E00283EF485
:1099000017AEFEF714BEE36BC3F85C21CCE608EBA0
:10991000060393F8271093F8267041EA0727791E6B
:1099200002297FF6D7AE042106F12800384401440D
:109930008A423FF469ABCDE68B46FFF744B8204638
:10994000462202213C4D04F033FAFEF71FBE08EB1D
:10995000060393F8271093F8267041EA0727791E2B
:1099600002297FF6B7AE0C21DEE7E36B5B68991C3A
:109970000C933944B1F5205F59D8D4F8C0101B0AB4
:10998000CB5502F10807D4F8C0100C9B0A44D371E0
:10999000E56B05F10800EAF72BFC23680146281D5A
:1099A000DD69D4F8C02001959D693A440C9B00956F
:1099B000EFF76CFF00283FF4C4A9FEF7E6BDE36CA7
:1099C0001B685E7AD4F8C030072E00F0F9800422BC
:1099D00006261A71E36BD4F8C050002B00F0E98022
:1099E000D3F8C031002B00F0E480586804F03CFC50
:1099F0004FF00209C446687108210023FEF78DBDAF
:109A00008A46FEF7C2BF23689B6E002B7EF479ADB9
:109A10001846FEF777BD094DFFF751BA8F184FF082
:109A2000040E7E79BB7943EA0626FFF7B0B9044DF0
:109A3000FEF7ACBD8086FFFF8091FFFF0093FFFF24
:109A40000096FFFF256F0CA9C2F340020BA805F199
:109A50000C0304F0E5FC0B9902297FF770AF0C9B17
:109A6000012B7FF76CAF226892F8C80081423FF764
:109A700066AF92F8C92093423FF761AF226F05F1BC
:109A80000F08E36FAE7B1344C8EB0303B342FFF64A
:109A900021AEE36BD3F8DC0109F0CAF8E76B31467D
:109AA000012009F0C1F8C7F8DC01002800F00381AB
:109AB0004146324609F0F4F8012387F8E061204678
:109AC0006360002503F0B0FB204604F07BFDFEF749
:109AD0005DBD20463222022104F06AF931E60223FC
:109AE0000CAA39462046FEF725FC00283FF429A998
:109AF000FEF74BBD2046FEF705FC00287FF44FAC77
:109B0000B37AD6E40597D4F8E830002B5BD123680C
:109B100093F8CC3003F03003202B3FF404AEA2685E
:109B2000012A7FF4A4A8002B3FF4FDAD059B012B77
:109B30007FF49DA8F7E5E06B2A460AA90430EFF709
:109B4000A3FD00287FF42BACE26B23685268D3F8A6
:109B5000C430B3EBC20FD3D921E40346FFF7A9BB4E
:109B60007A4DFEF713BD049B5B68002B7FF47AAA45
:109B7000049B08F1230A9B689E427FF475AA049B0C
:109B80003246514603F10C0009F092F800287FF4A8
:109B90006BAA0C232046636003F060FB0546002897
:109BA0003FF474AA20465022022104F001F9FEF786
:109BB000EDBC23689B6E002B7FF417AF184615E7AA
:109BC00005221A7106E7A268012A7FF450A8059AB7
:109BD000002AACD0FFF74BB85D4DFFF770B90AEB28
:109BE0000902C2EB08030DF13008002F00F091804C
:109BF000414620468DE8880013460BAA06F038FA45
:109C000000287EF4C2ACA36BD86D002879D0314611
:109C1000BC30F6F769FA00285DD1204628220221DF
:109C20004C4D04F0C5F8FEF7B1BC074661E408F1FD
:109C300002039D42FFF4B3AB98F8000004F03AFB36
:109C4000074600283FF4ABAB0A9B587804F02AFB88
:109C5000834600283FF4A3AB3946204604F07AFB44
:109C600000287FF49CAB0A9B304602330A93FEF730
:109C7000EFFA58457FF493AB06463AE420462F228C
:109C80000221354D04F094F8FEF780BC8346FFF7BF
:109C900039BBD2F8C031002B08BF0B46FEF719BC08
:109CA0002E4DFFF70CB99DF83030002B7FF444ADFA
:109CB0008DF82C30F2E42A4DFEF768BC89F8263086
:109CC00009F12705FEF730BD50220221254D04F091
:109CD0006FF8FEF75BBCA36B42460A9D3946D86D10
:109CE0000B9BBC308DE82008F6F706FA05460028E5
:109CF0003EF43EAF20463322022104F059F8FEF72D
:109D000045BC204628220221144D04F051F8FEF7EC
:109D10003DBC2425414620460B9506F047F9002816
:109D20003FF471AFFEF731BC0022FFF743BA204683
:109D3000502202210A4D04F03BF8FEF727BC0A4DE1
:109D4000FEF724BC0020FEF7D2BD00BF008CFFFF51
:109D50000086FFFF0093FFFF808FFFFF0089FFFF5A
:109D60000081FFFF008FFFFF008AFFFF03682DE9DE
:109D7000F041DC6B82B0002C4DD00B68D41A012C62
:109D800058DD1D789E1C5C784FF6FE730E6044EA29
:109D90000524651E9D424DD8931B9C424AD80368FA
:109DA0000F460546D3F83C80B8F1000F15D0186C6B
:109DB000324623462946C04740B128467322022135
:109DC00003F0F6FF1C4802B0BDE8F0813E68344461
:109DD00000203C6002B0BDE8F081D3F8A02094429E
:109DE000EBD1D3F89C1030468DF8078001EB040CC2
:109DF00011F8013B10F8012B9DF807E0614583EA5B
:109E000002034EEA03038DF80730F1D19DF80730C5
:109E1000002BD2D1DBE7D3F894404CB1D3F89C406F
:109E200034B1D3F8A0401CB1D3F89830002BA4D1A2
:109E30000248C8E70248C6E78093FFFF008AFFFF99
:109E40000084FFFF70B50D68AB1C934213D82E78C9
:109E50006C780B6044EA06241D19AA420BD30068F3
:109E60000D46224619460430EFF7FCFC28B92B6852
:109E70001C442C6070BD024870BD024870BD00BF1C
:109E80000084FFFF8083FFFF2DE9F04704469EB06A
:109E9000FF209146E76B0D46984622688DF84900F1
:109EA0008DF84800002F00F09280D7F8C0010028FC
:109EB00000F08D8046680346002800F09480186802
:109EC000BC30F6F709F9636907304FEAD00A6BB185
:109ED000AB1C994579D3C0F3C7202A78824274D14C
:109EE00069785FFA8AF291426FD11D4605EB0A0349
:109EF00099456AD101213046F6F7F6F8002877D067
:109F00002368304629463025DE695246039605AE61
:109F10009B690096029312AB0195F6F7B3F90646DA
:109F2000226804ABE06B92F8CC20D0F88016C2F324
:109F30004002D0F87C0604F069FA20689DF8485089
:109F400030229DF8103006A99DF849C09DF811E017
:109F500085EA03098369C0698CEA0E05DDF814A05F
:109F6000984778BBB8F5097F44D8C8F509732F2BFB
:109F700040D949EA05058AF0300308F25341E26B03
:109F80002B43302539443343C2F810540DF11706E2
:109F90000DF147055F421F43FF176FEA070E4FFAA7
:109FA0008EFE16F8012F013015F8013F3A400EEAF7
:109FB0000303134301F8013FE36BD3F810348342EA
:109FC000EFD800201EB0BDE8F087104EA8E7916ED4
:109FD00029B98FB1D7F8C0318BB10E466FE74E6803
:109FE00087B90B466BE7936E002B3FF469AF66E7CA
:109FF000074E95E70748E5E73E46384660E71E46C8
:10A0000018465DE7D7F8C00155E700BF0084FFFFA1
:10A01000008AFFFF0094FFFF41648264C3647047BD
:10A02000036893F8CC30DB0716D570B515460446A7
:10A03000D0F8E0000E4608F0FBFD2946012008F0AC
:10A04000F3FDC4F8E00048B131462A4608F028FE86
:10A05000C4F8E450002070BD01487047014870BD4D
:10A06000008FFFFF0081FFFF4368102B00F0E084AA
:10A07000C36B2DE9F04F0446AFB0002B00F06584B0
:10A0800003F038FB002840F07C81226892F8CC3045
:10A09000980740F17981E16B91F8EC31012B00F0E8
:10A0A00056846368122B00F25084DFE813F0DF015E
:10A0B000D9010C04E301E70134033B025202E3023D
:10A0C0006702DF025602BD035A025E0262024E04BC
:10A0D0004E04DD019369002B01F03084D4F8C050A8
:10A0E00092F8CC2061692B1DC2F34002206904F074
:10A0F0008DF9AF1D2368042239469E69D869B0479F
:10A10000002840F03E8123681C2205F10A019E6967
:10A11000D869B047002840F03481D5F80660D5F8FA
:10A120000A00D5F80E10D5F81220D4F83CE0CEF88D
:10A130003464CEF83804CEF83C14CEF84024D5F878
:10A140002220D5F81660D5F81A00D5F81E10CEF8E2
:10A150004464CEF84804CEF84C14CEF85024E36B97
:10A16000D3F87826002A41F0E480A268A66B8AB969
:10A17000B2687AB12068026A62B13146806A90475B
:10A18000E36B002801F0D280D3F87826002A41F052
:10A19000D080A66B6268D3F8883601326260002BEB
:10A1A00001F07982002106F10C002022B16008F054
:10A1B00043FDA36B05F127069B68304685F82630E2
:10A1C000A16B8A680C3108F06BFDA26B1368926872
:10A1D0001B1206EB0209B354A36B09F1030709F143
:10A1E00005081B6889F80130A36B5B6889F80230A9
:10A1F000D4F8E820012A01F0868202200023A16B16
:10A2000091F87020002A01F04382391801220026BB
:10A210004FF0050A3E548E704A70CA70A26B92F8D5
:10A2200070200A71A16B4A6F53444AB19A1C0020F6
:10A230000426B918B85432468870C8704E70A16BA5
:10A24000666903EB020A8A6FB6FA86F67609002A77
:10A2500001F0DD81002E41F0DA810868FDF7E2FFB0
:10A2600038B1007AEDF786FC18B14378022B01F083
:10A27000DF8366690023B6FA86F67609E16B5344FC
:10A28000D1F88C26002A01F00082002E41F0FD81D9
:10A290009A1C1720B918BE548E70CE7004264870D0
:10A2A000E16BD1F888261E445AB1B31C00204FF050
:10A2B000230E0422F918F8548870C87081F801E060
:10A2C000E16BD1F88436164413F0010310D0B31CAF
:10A2D00000214FF00B0C4FF0020EFA18F954012038
:10A2E00006239170517182F801C082F803E0107169
:10A2F0001E44D4F8DC20B31C07EB030A002A01F04B
:10A30000F88200211022F9548AF80120D4F8DC00E8
:10A3100008F0BAFC02460AF1070002F1070B02F14D
:10A32000030E511C5FFA8BF34FEA1E2EA3F1040CAF
:10A33000090A8AF802E0A3F1060E073B8AF803C077
:10A340008AF805E08AF806308AF80410D4F8DC10A0
:10A3500008F0A6FC16EB0B0606D0330A08EB06073E
:10A3600089F8046089F803307D1B1621D4F8C030C9
:10A370000222C4F8C8502046C4F8C4101A7003F072
:10A380000DFA2FB0BDE8F08F6368122B00F2DD826A
:10A3900001A151F823F000BF6DA4016061A4016028
:10A3A000D5A0016075A401607DA4016015A70160BE
:10A3B00025A5016053A5016075A601607DA501601A
:10A3C0006DA601605BA5016027A8016063A501601F
:10A3D0006BA5016073A501604BA901604BA90160E9
:10A3E00069A401600521204604F02CFB0028C8D197
:10A3F000636E1A78162A40F0EA82226801330EA9A9
:10A400000DA892F8CC20C2F3400204F009F80D9B8D
:10A41000022B40F3DC82236893F8CC30990740F19B
:10A420001C83A368002B40F01A85236E1A78002A3B
:10A4300040F0CD825D78002D40F0C98253F8021FB4
:10A440002046D4F8B020C2F802109B88D38004F0D4
:10A45000D9FB002800F0FE82C4F88850C4F8805070
:10A46000A368002BC4D1BDE7A8488AE701230020D8
:10A47000636086E7204603F0A9FD82E7E16C0022D5
:10A480000D680D92AE7A721ED2B2092A08D8012048
:10A4900040F2513100FA02F21140002940F09D8251
:10A4A0000423062EC4F8C83000F00185082E00F001
:10A4B000FE84022E00F0DE84062E00F0DB840027EE
:10A4C000082E00F23E850123B34013F48C7F00F088
:10A4D000388522680023906F0F930178E9B1D4F892
:10A4E0003CE0DEF8B4713E68002E01F098823378CB
:10A4F000994201F066803A4603E01B788B4201F0F6
:10A50000608052F8043F002BF7D110F8011F00299A
:10A51000EAD11368002B41F053807D480023C4F832
:10A52000C8302EE7D4F8C0300E2204201621C4F81B
:10A53000C800C4F8C4101A7094E80C0001336360BA
:10A5400092F8CC309B0700F17782204603F026F981
:10A5500017E7204605F06EFA13E7204605F09CFC4D
:10A560000FE7204603F094FF0BE70F230020636002
:10A5700007E7204602F01AFE002002E7E36C1B68A2
:10A580009B7A5A1F032A40F224820B2B00F021826F
:10A59000A36BDB6D002B00F01C82204604F02EFC28
:10A5A00010F5CB4FF9D000287FF4EBAE204604F035
:10A5B00007FA10F5CD4FF0D010F5CB4FEDD00028B5
:10A5C0007FF4DFAE6368A26F0133162A636041F047
:10A5D000B080236F1A780F2A41F0AB80226861693E
:10A5E00092F8CC2002F00202002A15BF0E250625A3
:10A5F0000C270427032901F0F580A36B0421D86DF3
:10A60000BC30F5F771FD002841F08A8106464FF015
:10A6100024090DF13C08BD1CD4F8A0309D4201F284
:10A620008880226FD119D75D4A7842EA0727EA1954
:10A63000934241F07E80E36B0FA92046D3F80434A7
:10A640009847A26B216F4B46D06D42460D44314670
:10A65000BC308DE8A000F5F74FFD054600287FF4DB
:10A6600090AE204603F02CF828468AE6204605F0F6
:10A67000BBFB86E6E36C20461D6805F0AFF80028BA
:10A680007FF47FAE2268236F92F8CC20D4F8A060CC
:10A6900012F0020FA26F1E440CBF04210C21162AD7
:10A6A00019440F9140F04A841B78102B40F04684E7
:10A6B000AB7A022B00F05C87A3F10902012A40F279
:10A6C000B183DA1E012A40F2AD83052B01F07580BB
:10A6D000072B01F0B280062B01F0E980082B01F076
:10A6E0000B81012B41F06680324600232046FFF7A4
:10A6F000CBFB00287FF445AE204602F0AFFD0028DA
:10A700007FF43FAE6368013363603AE68095FFFFF4
:10A71000808CFFFFE16BD1F8C4310621E26C032B82
:10A72000D4F8C0701268616000F08A81927A511F7B
:10A730000B2A18BF032940F27D81B3FA83F35B092A
:10A74000002B40F0778102224FF0010A4021FE1DCC
:10A7500087F805A0B9713A716269032A00F066872B
:10A760004FF008084FF007092068B11C90F8CE3070
:10A7700003F0020303F0FF02002B00F0B385E36B4C
:10A78000D3F8CC51002D01F0DF80AB69002B01F034
:10A790008A8107F5205B6E6C8B45C1F03B81C1EB74
:10A7A0000B03B342C1F0368106F1020E4FF0000AEE
:10A7B0009E450ED901F099B9AB69D3B18B456E6C4A
:10A7C00017D3C1EB0B039E4213D806F1020E73455B
:10A7D0000FD30B46300A3246F24403F8020B1846F8
:10A7E0004E70A96C08F05CFAD5F830518119002D33
:10A7F000E2D1CAF307225FFA8AFAD4F8C030C91B43
:10A8000016200D26C4F8C810C4F8C40020461E70D7
:10A81000D4F8C03003F80920D4F8C03003F808A0F9
:10A8200002F0BCFFADE5E16BD1F88836002B00F0FB
:10A83000FB80D4F8C030162104220FAFC4F8C41036
:10A840000EAE1A702568D4F8C020A86DA16B02F571
:10A8500020530A328DE8C0002D6DA847002840F033
:10A86000DB820E9AC2F30726D1B20A320F9B002573
:10A87000D4F8C07020464FEA136E87F804E04FEA20
:10A88000134ED4F8C07087F805E04FEA132ED4F8C1
:10A89000C07087F806E0D4F8C070FB71D4F8C030FF
:10A8A0001E72D4F8C0305972E36BC4F8C820C3F8E4
:10A8B000885602F073FF64E5226892F8CC3099075D
:10A8C0007FF508ACE16B91F8E031002B3FF402AC6E
:10A8D000D4F8C0302069043361690F9392F8CC201A
:10A8E000C2F3400203F092FD0F9D2068AB1C0F9352
:10A8F000466C002E00F05E87D4F8AC7042F64D1224
:10A9000005F103092EA93A44D4F8E47041F87C9D7E
:10A91000D4F8E030C06C0097B04700287FF431AD28
:10A920000F9B162703261221C9EB03032046AB70A9
:10A930000F9BD4F8C020C4F8C4709B1AC4F8C83068
:10A940001670616002F02AFF1BE5404819E52046B9
:10A9500003F05EFE00287FF414AD6368122BF4D878
:10A9600001A252F823F000BF6DA4016061A4016050
:10A97000B9A8016075A401607DA4016015A70160FC
:10A9800025A5016053A5016075A601607DA5016044
:10A990006DA601605BA5016027A8016063A5016049
:10A9A0006BA5016073A501604BA901604BA9016013
:10A9B00069A40160099B53F8044F0993002C40F0EF
:10A9C000D7863C4620467822022103F0F1F9204840
:10A9D000D7E40A2300206360D3E4A6F10902012A28
:10A9E0001ED8E36B002B00F09284D3F8C031002B0B
:10A9F00000F08D8458680221F5F776FB78B1E36B9F
:10AA000003F18000002B00F08A84D3F8C031002BC2
:10AA100000F085845B6800225968EFF72FFA6368BD
:10AA2000013300206360ACE4204603F05BFBA8E444
:10AA3000064870470020A4E4204603F00BFD84E59F
:10AA4000236893F8CC30C3F381036FE6008FFFFFD8
:10AA50000087FFFF204604F043F9A26EA16810783A
:10AA6000537843EA0023002940F0F981B3F5205FD1
:10AA7000ADDC22681F46204692F8CC3013F0020F5E
:10AA80000CBF05210D21394403F0DCFF00287FF4C1
:10AA900078AC236893F8CC3003F0020303F0FF0294
:10AAA000002B00F0858507F10D03C4F88830266F70
:10AAB0003A46E36B20463146D3F800349847256880
:10AAC00095F8CC3003F00203002B0CBF04220C22BB
:10AAD00003F0FF039742FFF47AAF3278012A7FF444
:10AAE00076AF7278002A7FF472AFB278002B40F014
:10AAF000F081F37843EA022304339F427FF467AF87
:10AB0000331D05930423FF1A252F7FF660AF95F8B8
:10AB1000CC2004F11401059B04F11000C2F34002A3
:10AB200003F07EFC22692368E16B6069C1F87C2632
:10AB3000C1F8800693F8CA50AA42C0F2188793F869
:10AB4000CB50A842C0F2138793F8C850AA4240F3F2
:10AB5000CC83256193F8C9306361DDF814C0634686
:10AB600053F802EF5E689D68D868C1F814E4C1F834
:10AB70001864C1F81C54C1F820049D69D3F810E092
:10AB80005E69D869C1F824E4C1F82864C1F82C547E
:10AB9000C1F830049CF82250202D00F2638105F1A9
:10ABA00024084745C0F05E81A06B2022002185600B
:10ABB0000C3008F041F8A06B059E82680C3006F15D
:10ABC000230108F06DF8206890F8CC309B0740F125
:10ABD00092832335725D1544EB1C9F42C0F0C08701
:10ABE000D0F848C0BCF1000F03D0A368002B00F0E0
:10ABF000A680002A7FF4EBAE6B1C08930598089D95
:10AC000003460646425D2B445B7843EA0223012B50
:10AC100019460A9340F32681EB18DA1C9742C0F0DC
:10AC2000218111F0010140F01D819A1C835C581EA6
:10AC30000F2800F2178113445A1C9742C0F012816A
:10AC4000A06B416040F27F83DD1CAF42C0F00A81FF
:10AC500033443046B65C9B7843EA0626731E022BCB
:10AC600040F20081AB199F4240F0FC800544002E69
:10AC700000F06983032E40F2F580EB7895F802909E
:10AC80002A7843EA09296B7809F10407CB4643EA9D
:10AC90000223BE42C0F0E68000220692079231E015
:10ACA000042B00F0048200F39180002B00F07082EE
:10ACB000012B42D1B9F1010F40F021832B79042BF4
:10ACC00000F21D83A26B3D4482F87030CBEB060688
:10ACD000731F043E022B40F2C580002E00F0368325
:10ACE000032E40F2BF80EB7895F802B02A7843EA51
:10ACF0000B2B6B780BF10407D94643EA0223B742CA
:10AD000000F2B0800D2B00F00F82C9DD172B00F090
:10AD1000D18226DC102B00F0D981162B0DD1B9F190
:10AD2000000F40F09F80206890F8CD309A0704D53E
:10AD3000636913B1A36B01229A673D44C6E7059B83
:10AD4000D4F8E46003EB0801D4F8E0300096C06C5E
:10AD5000E047E36B002800F04A86012283F8E021F7
:10AD60004AE7232B00F061814FF601729342E4D150
:10AD7000A368002B00F04E84D4F8EC305A1C5A45DE
:10AD800040F0D5852A79934240F0D185002204F124
:10AD9000FC008DF8332083B105F1050E00EB030CA8
:10ADA0001EF8013B10F8012B9DF8331053408445E9
:10ADB00043EA01038DF83330F2D19DF83330002B94
:10ADC00040F0B58501233D4406937FE70A2B00F050
:10ADD00021820B2BB1D1E06BD0F8843643F0010314
:10ADE000C0F88436B9F1000F3CD02B795A1C5A4573
:10ADF00038D1691D002BA0D06A79012A40F258840D
:10AE00001944AB1D04E013F8012B012A40F25084D1
:10AE10008B42F8D13D4459E700230A2219460E938C
:10AE20001E4623E5E06B721A8030EFF777F80028B2
:10AE300040F0738525684FF40073E06BEE6900F213
:10AE4000544200F5826101968030AD690095EFF7BC
:10AE50007DF800283FF450ACBC48FFF792BAD4F814
:10AE6000A07024E620463222022102F0A1FFB84859
:10AE7000FFF787BA21680022D1F884300F92002BA7
:10AE800000F01B84D1F89030002B00F01684E06BAA
:10AE900001F188027C310430EEF7C0FC002800F09C
:10AEA0000F8410F5CA4F7FF439ABFFF76ABAD4F8B4
:10AEB000C03005210022C4F8C8101A71D4F8C83077
:10AEC000D4F8C010581CC4F8C800CA54AE7AFFF7B2
:10AED000F0BAF37843EA02230C339F427FF477AD54
:10AEE000A368206F012B00F0278401794379E26B7E
:10AEF00043EA0123591CC2F8D431C2F8D81183792E
:10AF0000002B40F01E85C379002B40F01A85037A90
:10AF1000002B40F0168500F109010322013007F0F3
:10AF2000C7FE002840F00D8595F8CC309A077FF5D4
:10AF3000E7AD06F10C0305930C23E4E58548FFF724
:10AF400020BAD4F8C030B21E022A47D8D4F8C8209C
:10AF50000021284613440E91C7EB0309FDF778F949
:10AF600063698046032B00F0FB84A87A042800F074
:10AF70006E850FAE24254B463A46314620460E9547
:10AF800005F014F800288CD105466369032B00F006
:10AF9000B685E16B2768002900F09585D1F8C031AE
:10AFA000002B00F090855A68002A00F08085D4F8C4
:10AFB000C80032462946D4F8C060851C5868731909
:10AFC000FD6903950DADBE698DE868000E9BF5F730
:10AFD00025F900287FF465AFD4F8C0300D9ABAB1D6
:10AFE000D4F8C810120A481CC4F8C8005A54D4F83F
:10AFF000C830D4F8C020581C0D99C4F8C800D154EA
:10B000000D9AD4F8C810D4F8C0300A44C4F8C82047
:10B0100016210C222046C4F8C4101A70636801334C
:10B02000636002F0BBFBFFF7ACB90FA801F0A2FD13
:10B030002068D0F85480B8F1000F3FF47EAE036D65
:10B04000002B3FF47AAEE36B0122C3F88826B9F1F6
:10B05000000F3FF472AEA368002B7FF46EAE806DDC
:10B060005B462A1D0FA9C047002840F0DB84D4F8B6
:10B07000388012A83D44D8F8083008F10C011A466F
:10B08000119307F00DFE404601F078FD7C220FA9D8
:10B09000A06B07F005FE7C210FA8F6F779FEE36BA5
:10B0A00000220121C3F88826C3F878160EE6B9F10C
:10B0B000000F7FF4D7AE206890F8CD3059067FF5A9
:10B0C0003CAEA36B01223D445A67FFE52068D0F8EF
:10B0D000A4300993002B00F03F84B9F1030F1DDD6C
:10B0E0002979ABF102036A7942EA01229A4215D129
:10B0F000AB1D2F44BB42184600F02E83EA1DAB79EE
:10B10000B91A8B420AD8002B7DD013449F4200F01D
:10B1100023835A1C1B78B91A8B42F4D92046322259
:10B12000022102F045FE52E4B9F1010F2F44F5DD92
:10B130002A796B7943EA02239A1C5A45EED1D80743
:10B14000ECD40635AF420BD8C8E000BF0083FFFF48
:10B150000087FFFF0084FFFF0235AF4240F2BE8050
:10B16000687803F09FF880460028F5D0287803F02F
:10B17000A1F881460028EFD00146204603F0EAF806
:10B180000028E9D14A464146E06B01F077FDE3E74C
:10B190002068D0F82C80B8F1000F3FF4CEADB9F1A3
:10B1A000010FBBDD6B7995F804E043EA0E2E0EF13A
:10B1B00002035B45B2D1BEF1020F05F106021EDDAE
:10B1C000E9792B7A43EA012303F1030CE645A5D381
:10B1D000A97961B943E35178937843EA012303F1F4
:10B1E000030CF4459AD81178002900F038836FF0E9
:10B1F00002016244C91A8E44BEF1020FEBD8BEF1BF
:10B20000000F3FF49AAD20462F22022102F0D0FD1C
:10B21000FFF7DDBBB9F1010F7FF724AE6B7995F82D
:10B22000049043EA092909F102035B457FF41AAE51
:10B2300019F0010F7FF416AED4F83C80D8F8B43181
:10B24000002B7FF40FAE4FEA590A04210AF1010ADC
:10B25000BAF10C0F28BF4FF00C0A504607F0E4FC7F
:10B26000002800F07584BAF1010FC8F8B4017FF628
:10B2700064ADB9F1000F3FF460AD099405F1080821
:10B28000044602E0BAF1010F11D918F8020C18F8BF
:10B29000012C42EA0020EFF795FE18B120600AF178
:10B2A000FF3A0434B9F1020908F10208EAD1099C15
:10B2B0003D440BE5B9F1000F7FF4D4AD206890F860
:10B2C000CD305B077FF539AD6369002B3FF435ADB9
:10B2D000E36B01223D44C3F88C26F7E401233D468D
:10B2E0000793F3E49246FFF788BA93F8C93098427F
:10B2F000C8BF636131E405F1230308937EE420466F
:10B300002F22022102F054FDAB48FFF73AB8236820
:10B310009B6E002B7FF46EAB1846FFF76CBB236867
:10B320009B6E002B7FF476AB5B68FFDE0122C3F8D7
:10B3300078260C232046636001F090FF00283EF43D
:10B3400038AFFFF71EB8002306930793089D00212E
:10B35000059B02350A982B449E1C1D46334603E08C
:10B360000231023388420ED913F8022C562AF7D143
:10B3700013F8017C002FF3D12068636990F8C9109D
:10B380008B42C0F2DE83079B002B00F0708300230A
:10B390000A9916F8022C22B916F8012CFF2A00F09F
:10B3A000EE82023302369942F3D8D4F8E820012A1B
:10B3B00000F0BF83206890F8CC3003F03003202BDE
:10B3C00000F06983A168012900F05D83636950F88A
:10B3D00023603068002800F080830A9B0021A0468B
:10B3E0005F1E6B1C47F0010705932F44059D03E08A
:10B3F000BD427BD00235306815F8012CC0F307231D
:10B400009A42F5D12A78C3B29A42F1D1FCF70AFFE9
:10B410008146002800F0CE81D8F8143002699A42A3
:10B4200000F38280826993427EDCD8F8003093F882
:10B43000CC309C0702D5037F580775D44846FCF7EB
:10B4400029FF40B1D8F83C30D3F8B431002B6BD091
:10B450001B68002B68D04846FCF72AFF20B1D8F8BB
:10B460000030DA6B002A52D0D8F81430032B00F0E9
:10B4700031824846FCF7ECFED8F83C308346D3F8DE
:10B48000C841002C00F0A982002800F00E824FF085
:10B49000000A20685946BC30F4F726FE002845D142
:10B4A000A46853460CB19A46F3E7BAF1000F3BD0BB
:10B4B0004446D046E36BC3F8C08163683568A06B2F
:10B4C00001332268E16C0560C1F80090636092F876
:10B4D000CC3003F0020303F0FF00002B3EF451AF29
:10B4E000204603F06FF80020FEF74BBF56F8040F1C
:10B4F00000287FF47BAF4446002900F0EE824046EE
:10B500002822022102F054FC2C48FEF73ABFD3F85F
:10B5100094204AB1D3F89C2032B1D3F8A0201AB1BC
:10B52000D3F89830002B9FD1012161E70FAB0122A6
:10B530004946206802F022FF0028B1D1BBF1040F78
:10B5400000F09F81D8F81430022B00F39681236815
:10B5500093F82831042B00F09081BAF1000F14BF4A
:10B5600053462346A468002C9DD144469A46A0E742
:10B5700032460FA904F13C00FEF764FC00287EF47B
:10B5800000AF0F9B9E427FF4D9AC25684FF409723F
:10B59000E06BEE6900F5826300F2544101960430DD
:10B5A000AD690095EEF7D8F900283FF4A5A853E45B
:10B5B000C4F88020FFF77BBA0087FFFF8096FFFF6B
:10B5C00019780EF18000F1F725FE00287FF469ACB0
:10B5D00020680FA9D4F8C820C669D4F8C070C2F595
:10B5E0002053019686693A44E06B00968030EEF76E
:10B5F000EFFB00287FF455ACD4F8C8700F9AD4F84C
:10B60000C0303A44AE7A1F44C4F8C8209BE40023FB
:10B61000FEF734BEB9F1010F40F089812B79002B80
:10B6200040F08581C4F8E890FFF7CCBB2168D1F8E1
:10B630007480D8F80000E0B11D46914602E058F849
:10B64000040FB8B102F042FE83460028F7D001464D
:10B65000204602F045FE0028F1D173192A1D83F817
:10B6600002B0154683F803A006F802B083F80590EF
:10B67000E5E705462A0AAB1C3D7205F10909FA7196
:10B680001E4405F10A08FFF76FB80026FEF709BE51
:10B690009246FEF7C8BD2368202206F10C01B26075
:10B6A000D8699E69B04700283EF483ADFEF769BEB5
:10B6B000C0F85C213D44FFF709BBCF48FEF72EBF21
:10B6C000E76B07F10800E8F793FD2668D4F8C0E0BF
:10B6D0000146F369381DD4F8C82001930FABB66951
:10B6E00072440096EDF7FEFF00287FF4DAABD4F841
:10B6F000C8700F9AD4F8C0303A44AE7A1F44C4F8E8
:10B70000C820FEF7DDBEFF2389F8062089F8053042
:10B71000A168002940F03C8109F10A0389F807106B
:10B7200089F8082089F80910C8EB0303981CFEF774
:10B7300066BDB248FEF725BEE16B90F804E04379A0
:10B74000D1F8D82143EA0E2393427FF440A9013374
:10B75000C1F8D831FFF7D3BB099BD3F80090B9F1FA
:10B76000000F3FF42FA90B963E4627464C468146D4
:10B77000204607F089FAB14582463FF41BA94D46A1
:10B7800003E04544AE423FF415A995F80080013529
:10B79000C245F6D152462146284607F089FA0028CC
:10B7A000EFD1A1463C4637460B9EC4F8DC903D469F
:10B7B000FFF78CBA9248FEF7E4BD32460FA9204647
:10B7C000FEF7D4FA00287EF4DCAD0F9B9E427FF496
:10B7D000B5ABA97A204602F0AFFC00283EF48CAF4E
:10B7E000FEF7CFBDD4F8A020AA42A2D3D85D02F0C4
:10B7F00061FD064600289CD0236F2046D95D02F0EB
:10B800006FFD002895D1236F042E3B4414BF0DF12A
:10B810003C080DF14C08587802F044FD0146002820
:10B8200087D0A36BD86DBC30F4F75EFC002880D0C5
:10B830002F464FF00009FEF7EEBE32460FA9204614
:10B84000FEF794FA00287EF49CAD324602230F994D
:10B850002046FEF719FB00287EF493ADB9E70332CA
:10B86000006B2146C04700283FF467AA204670229B
:10B87000022102F09DFAFFF7AAB84346A0461C46F3
:10B8800018E6D8F83C202368D2F8B421D3F8C010C9
:10B89000136809782BB903E652F8043F002B3FF4F4
:10B8A000FFAD1B788B42F7D14CE6444605E63246A5
:10B8B00020460FA9FEF75AFA00287EF462AD0FA9C0
:10B8C000324604F13C00FEF7BDFA00283FF47DAF9C
:10B8D000FEF757BD4846FCF7D1FC014600283FF46F
:10B8E000C8ADD8F83C0001F0BFF900287FF4C1AD25
:10B8F0001AE69346FEF72EBD32460FA92046FEF704
:10B9000035FA00287EF43DAD0F99E06B721A803055
:10B91000EEF704FB00283FF45CAF3A48FEF731BD78
:10B9200004264FF014090DF14C08FEF774BE2046B2
:10B930002822022102F03CFAFFF749B83248FEF70C
:10B9400020BD3248FEF71DBDC56E002D7EF41DAF33
:10B95000AA462A46FEF751BF2F443D46FFF7B6B927
:10B96000B8F1000F40F0A6802548FEF7D7BD20466D
:10B970004622022102F01CFA2548FEF702BDA36808
:10B98000012B00F0888001232068C4F8E8301DE511
:10B99000002209F10A0304F1FC0189F80720184686
:10B9A000D4F8EC205200013289F80820D4F8EC20B9
:10B9B000520089F80920D4F8EC2007F071F9D4F886
:10B9C000EC20034604F1F0011344184607F068F92F
:10B9D000D4F8EC2003461344A6E600283FF465AFF4
:10B9E000D8F800309C6E002C7FF451AD9CE583F8B4
:10B9F000E001FFF701B900BF008FFFFF8082FFFF6A
:10BA00000094FFFF8083FFFF008CFFFF808FFFFF0C
:10BA10008091FFFF4FF0000A5246FEF7EEBE3A4615
:10BA2000FEF773BD0FA83D4401F0A8F8FFF74EB92B
:10BA30000AF102031621FA18FE5404239670D670F8
:10BA400051706669B6FA86F67609FEF717BC0546A8
:10BA50000FAE0195CDF800903B4631460EAA204628
:10BA600004F006FB00283FF490AAFFF71ABA04215D
:10BA7000204602F06FFC0028E06B0CBF042100217F
:10BA800001F00AF983E4002A7FF4A0AC1BB1069B05
:10BA9000002B3FF49BAC20462822022102F088F9BB
:10BAA0003348FEF76EBC9A461A46FEF7A6BE3148EA
:10BAB000FEF734BD4146E06B01F0D6F8054600289C
:10BAC0003FF452AFC4E7BA6E002AF0D05368002B9F
:10BAD000EDD069B91346FFF76ABA20462822022141
:10BAE00002F066F92448FEF74CBC5246FEF785BECC
:10BAF000D1F8C031002B08BF1346FFF758BAD4F86D
:10BB0000C8702846D4F8C0907B1CC4F8C83002F036
:10BB1000DDFB09F80700D4F8C8704046D4F8C080AF
:10BB20007B1CC4F8C83002F0B1FB08F80700FFF72F
:10BB300030BAA368012B02D1069B002BABD0206842
:10BB400044E42046022102F033F90948FEF719BC0B
:10BB500020465022022102F02BF90848FEF711BCC2
:10BB600020464622022102F023F90148FEF709BCD3
:10BB70000087FFFF008AFFFF808CFFFF0081FFFF2F
:10BB800070B50446C06B0D46164600F50270F3F71B
:10BB9000BDFAE06B3246294600F51870F9F766FEEB
:10BBA000E06B3246294600F52F70FAF7A9FCE06BEE
:10BBB0003246294600F54A70BDE87040FCF7B0B83F
:10BBC00070B50446C06B0D46164600F50270F3F7DB
:10BBD0009DFAE06B3246294600F51870BDE87040CA
:10BBE000F9F744BE30B5AFB005460C4601A8F2F7F0
:10BBF00039FE17A8F8F776FCE96B01A801F5027188
:10BC0000F2F73AFEE96B17A801F51871F8F774FC22
:10BC1000214601A8F3F77EFA04F1100117A8F9F7FD
:10BC200029FE01A8F2F722FE17A8F8F75FFC2FB053
:10BC300030BD00BF2DE9F043866BBBB0044688469B
:10BC40009146002E3BD00DA81E4DF2F70BFE23A807
:10BC5000F8F748FCE16B0DA8242701F50271F2F713
:10BC60000BFEE16B23A801F51871F8F745FC164BA4
:10BC700004A90DA8B9F1000F08BF1D46F3F74AFA51
:10BC800008A923A8F9F7F6FDE46B0C232A46302116
:10BC9000CDF80480029306F12C0004AB0097D4F891
:10BCA0000C44A0470DA8F2F7E1FD23A8F8F71EFC0D
:10BCB000394604A8F6F76CF83BB0BDE8F083466B54
:10BCC000C1E700BF744C0020644C0020C06B00F53D
:10BCD0002F70FAF715BC00BF30B59DB005460C4675
:10BCE00001A8F9F725FFE96B01A801F52F71F9F714
:10BCF00029FF214601A8FAF707FC01A8F9F71CFF64
:10BD00001DB030BD2DE9F043866BA9B004468846CE
:10BD100091465EB30DA8164DF9F70AFFE16B0DA829
:10BD2000202701F52F71F9F70DFF124B05A90DA87A
:10BD3000B9F1000F08BF1D46FAF7E6FBE16B0C23D3
:10BD40002A46CDF80480029306F12C0005AB00973B
:10BD5000D1F80C443021A0470DA8F9F7EDFE394683
:10BD600005A8F6F715F829B0BDE8F083466BD1E7D2
:10BD7000744C0020644C0020C06B00F54A70FBF747
:10BD8000CFBF00BF30B5B7B005460C466846FAF7DE
:10BD900013FEE96B684601F54A71FAF717FE214672
:10BDA0006846FBF7C1FF6846FAF70AFE37B030BDB8
:10BDB0002DE9F043876BC7B00446884691465FB3D0
:10BDC00010A8164EFAF7F8FDE16B10A8302501F522
:10BDD0004A71FAF7FBFD124B04A910A8B9F1000F44
:10BDE00008BF1E46FBF7A0FFE16B0C233246CDF8DF
:10BDF0000480029307F12C0004AB0095D1F80C44A9
:10BE00002946A04710A8FAF7DBFD294604A8F5F754
:10BE1000BFFF47B0BDE8F083476BD1E7744C00200B
:10BE2000644C002000487047808FFFFF0048704737
:10BE3000808FFFFF70B504460E4601200C21154689
:10BE400006F0F2FE80B10023216806604560836041
:10BE500009B906E019468B68002BFBD188601846AB
:10BE600070BD2060084670BD004870BD0081FFFFB6
:10BE700060B138B504462068E56806F0D9FE204672
:10BE800006F0D6FE2C46002DF5D138BD704700BF18
:10BE9000C26B0346416CD2F8FC01814226D0F0B45B
:10BEA000D3F8B05002F5007682B05864C2F8FC11A5
:10BEB0006C46376828686A46696876682F606E60E5
:10BEC000DD6B03C403CAC5F80002C5F804125A6C3E
:10BED0006AB1596901290ADDD1681269D3F8BC0039
:10BEE0008A1A0244C3F8C02002B0F0BC7047D3F8ED
:10BEF000BC20C3F8C020F7E72DE9F04FB7B00446E7
:10BF00009346994603A80191429E439DF2F7F4FAA5
:10BF10002046F2F7E5FA002800F089808246F2F721
:10BF20004BFB0446484606F0AFFE419B04EB00087D
:10BF300007464344802B73D816AB4946024603EBB1
:10BF40000409484606F0ACFE16AB419A03EB080024
:10BF5000409906F0A5FE5146012203A8F2F7ECFA3B
:10BF6000804610B137B0BDE8F08F419B5A46019929
:10BF700003A81F44F2F758FB494603A83A46F2F7D4
:10BF8000C9FB16A903A8F2F7D9FB002D4CD0274412
:10BF90000DF118096FEA040A03A8F2F705FC3A4606
:10BFA00016A903A8F2F7B6FB494603A8F2F7C6FBA9
:10BFB00003A8F2F7F9FB224616A903A8F2F7AAFB99
:10BFC00016A903A8F2F7BAFB04EB080E754525D2B3
:10BFD000B5FBF4F104FB115171B108F1FF300AEB2C
:10BFE0000E030DF1170201443344701812F8011FBB
:10BFF00003F8011F8342F9D17545F046CCD803A858
:10C00000F2F780FA16A88021F5F7C2FE48464021D3
:10C01000F5F7BEFE002037B0BDE8F08F2146DBE724
:10C02000044837B0BDE8F08F0DF11809E7E7024882
:10C0300098E700BF008FFFFF0094FFFF70B584B04A
:10C04000089E099D0A9C009313460A4601460196E4
:10C05000062002950394FFF74FFF04B070BD00BFA8
:10C0600070B584B0089E099D0A9C009313460A4649
:10C0700001460196072002950394FFF73DFF04B0A7
:10C0800070BD00BF2DE9F04FADB090469A468B468B
:10C09000019004A8379D389CF2F72EFA404606F02E
:10C0A000F3FD369B00EB030909F11406802E00F224
:10C0B000D88007460246414611A806F0F1FD0CABB8
:10C0C00007F114005146369A184406F0E9FD0320A2
:10C0D000F2F706FA0146002800F0CC80012204A8FD
:10C0E000F2F72AFA074618B138462DB0BDE8F08FAE
:10C0F0000BF1010A019904A84FEA5A031A46029368
:10C10000F2F792FA11A94A4604A8F2F703FB0DA927
:10C1100004A8F2F713FBACB3BA4604F00F0309F11D
:10C12000100807AF039304A8F2F73EFB42460DA99F
:10C1300004A8F2F7EFFA394604A8F2F7FFFA04A8C8
:10C14000F2F732FB10220DA90DEB0200F2F7E2FA32
:10C150000DA904A8F2F7F2FA0AF1100E7445C0F026
:10C16000848010200AF1FF320DF11B0100232A44C4
:10C17000013311F801CF984202F801CFF8D8744585
:10C18000F246D0D804A8F2F7BDF90420F2F7A8F9D6
:10C19000014600286ED0012204A8F2F7CDF9074627
:10C1A0000028A1D1029A04A8019BC2EB0B010B4409
:10C1B0001946F2F739FA11A94A4604A8F2F7AAFA81
:10C1C0000CA904A8F2F7BAFA002C5AD02E4BB946A3
:10C1D00007AFA3FB04384FEA181808EB8808A4EB54
:10C1E000880804A8F2F7E0FA32460CA904A8F2F78E
:10C1F00091FA394604A8F2F7A1FA04A8F2F7D4FAA2
:10C2000014220CA904A8F2F785FA0CA904A8F2F7E5
:10C2100095FA09F1140C64452ED34FF0140E09F170
:10C22000FF320DF11B0000212A4412F8019F013159
:10C2300010F8013F8E4589EA03031370F5D8644571
:10C24000E146CED804A8F2F75DF90CA88021F5F7F5
:10C250009FFD38461421F5F79BFD00202DB0BDE869
:10C26000F08F0A482DB0BDE8F08F039B1846002BD5
:10C2700085D077E7064838E7B8F1000FDFD0C6462B
:10C28000CDE707AFDEE700BFCDCCCCCC008FFFFF02
:10C290000094FFFF022906D049420238C9B2C043C8
:10C2A0005170107070470238FF21C04351701070F8
:10C2B000704700BF4FF48472002106F0BDBC00BF80
:10C2C00090F8CC3061F3000380F8CC30704700BFA9
:10C2D00090F8CC3061F3410380F8CC30704700BF58
:10C2E00090F8CC3061F3830380F8CC30704700BF06
:10C2F00041638263704700BF8161C261704700BFC4
:10C3000001614261704700BF10B4019C81624462C8
:10C31000C26103625DF8044B704700BFC0F8A8100B
:10C32000704700BF83650165426542B1084610B49D
:10C3300014460022234611465DF8044B1847704707
:10C340000165426583657047C1650266704700BF3D
:10C3500090F8CD3061F3C30380F8CD30704700BF53
:10C36000C0F8C010704700BFC0F8AC10C0F8B020D3
:10C37000704700BF816202624362704701604160A2
:10C380008160C160704700BF032A03D1032B98BFAF
:10C3900040F82310704700BF41667047C1660267CE
:10C3A000704700BF683045E5002B18BF00292DE914
:10C3B000F047089E4BD0202A49D8340C47D1B6F517
:10C3C000205F94BF4FF000084FF00108B8F1000F54
:10C3D0003DD10446D0F894001F468A46154658B110
:10C3E000D4F89810F5F7D4FCD4F8940006F020FCAB
:10C3F000C4F89480C4F89880D4F89C0030B106F05A
:10C4000017FC0023C4F89C30C4F8A0302946012052
:10C4100006F00AFC8146C4F8940050B3314601206E
:10C4200006F002FC8046C4F89C0098B12A465146AA
:10C43000C4F898504846C4F8A06006F031FC324673
:10C440003946404606F02CFC0020BDE8F0870A483B
:10C45000BDE8F0870546484606F0EAFB284606F0A8
:10C46000E7FB00230548C4F89430C4F89C30BDE8CD
:10C47000F087D4F89C50EEE7008FFFFF0081FFFFAC
:10C48000A1B32DE9F041C46B54B3202A94BF4FF0FF
:10C4900000084FF00108B8F1000F21D10646D4F88A
:10C4A000B8010F46154658B1D4F8BC11F5F770FC29
:10C4B000F36BD3F8B80106F0BBFBF46BC4F8BC8196
:10C4C0002946012006F0B0FBC4F8B80158B1C4F801
:10C4D000BC512A46394606F0E3FB0020BDE8F08156
:10C4E0000348BDE8F0810348BDE8F081004870478B
:10C4F000008FFFFF0081FFFFC1630264704700BF30
:10C50000F8B500F17C06044617460A46304610216D
:10C51000E8F782FA48B1054688343046E7F76AFC06
:10C520002046E7F767FC2846F8BD88343A461021D4
:10C530002046E8F771FA05460028EED12846F8BDF6
:10C54000F8B500F17C0604461F463046E7F756FE74
:10C5500048B1054688343046E7F74CFC2046E7F7FB
:10C5600049FC2846F8BD88343946069A2046E7F744
:10C5700045FE05460028EED12846F8BDF8B500F185
:10C580007C0604460F4604313046E7F7B5FC48B157
:10C59000054688343046E7F72DFC2046E7F72AFCAD
:10C5A0002846F8BD883407F110012046E7F7A4FCBF
:10C5B00005460028EED12846F8BD00BFC0F8C410DB
:10C5C000704700BF8167704741677047F8B50546FF
:10C5D00019B308460E4606F057FBFF2804462ED82E
:10C5E000D5F8D87057B1384606F04EFB01463846AC
:10C5F000F5F7CEFBD5F8D80006F01AFB611C012038
:10C6000006F012FB0746C5F8D800D0B131462246E5
:10C6100006F046FB00203855F8BDD0F8D84054B19C
:10C62000204606F031FB01462046F5F7B1FBD5F870
:10C63000D80006F0FDFA0020C5F8D800F8BD024881
:10C64000F8BD0248F8BD00BF008FFFFF0081FFFF6B
:10C65000C06B00F5E470FFF7EDBB00BFC36BC3F820
:10C66000CC11C3F8D0217047C36BC3F8C411704715
:10C67000C1620263704700BF2DE9F041804608683F
:10C680000F4678B10D4600244FF6FF7606F0FCFA0F
:10C69000431E0444FE2B0AD8B44208D855F8040FB0
:10C6A0000028F3D1C8F8A4700020BDE8F08101484B
:10C6B000BDE8F081008FFFFFD0F8DC00704700BFBD
:10C6C00080F8C81080F8C920704700BF80F8CA10F1
:10C6D00080F8CB20704700BF90F8CE3061F30003A4
:10C6E00080F8CE30704700BF90F8CD3061F3410341
:10C6F00080F8CD30704700BF90F8CD3061F38203F1
:10C7000080F8CD30704700BF90F8CE3061F3410320
:10C7100080F8CE30704700BF0429034610D84A1E67
:10C72000032A07D9B3F8CC20002061F38812A3F8BC
:10C73000CC207047034850F82220B2F5205FF1D991
:10C7400001487047E4050020008FFFFF90F8CD30CE
:10C7500061F3861380F8CD30704700BF90F8CD307C
:10C7600061F3041380F8CD30704700BF90F8CD30EE
:10C7700061F3C71380F8CD30704700BF90F8CD301B
:10C7800061F3451380F8CD30704700BF90F8CC308E
:10C7900061F3051380F8CC30704700BFC0F8B410C7
:10C7A000704700BF0A684B68C0F8B820C0F8BC30BA
:10C7B000704700BF0346D0F8A800012816D01A68B9
:10C7C00092F8CC20920705D5D3F88010D3F88820B2
:10C7D00091420AD8D3F8A02012B1D96F8A4204D36B
:10C7E000586F003018BF012070470120704700BF0C
:10C7F000436F0BB1C06F704718467047436B0BB166
:10C80000186E7047836B002BFAD14FF0FF307047E2
:10C8100020B1436B13B11868FBF752BD002070477D
:10C82000036893F8CC309B0708D54269022A0ED0E2
:10C83000084B0948032A08BF184670474369032B71
:10C8400003D8064A52F82300704705487047054848
:10C85000704700BF904C00209C4C00209C0500209D
:10C8600054390020844C0020436CCBB11A6DAAB11E
:10C87000517802290ED011D3063902290ED89A68B0
:10C88000036893F8CC3013F0020F0CBF05230D237F
:10C89000D018704752695B691A44F1E70548704740
:10C8A000036893F8CC3013F0020F0CBF05200D2065
:10C8B000704700BF0094FFFF0368B3F8CC30C3F3A8
:10C8C0008213013B032B10D80D4A52F82320036B2F
:10C8D0004BB193F87030013B032B09D9B2F5205FBF
:10C8E00028BF4FF42052104670474FF42052EEE715
:10C8F000034951F823309A4228BF1A461046704720
:10C90000E405002010B1406B00B1C06D704700BF5E
:10C91000A0B1026892B110B592F8CC300446DA07A3
:10C9200004D52046BDE81040FDF79EBBFBF776FD21
:10C93000236893F8CC30DB07F3D410BD0048704770
:10C94000008FFFFF78B1036810B504461BB908E0FB
:10C95000FFF7DEFF30B963682046102BF8D10020C6
:10C9600010BD024810BD0148704700BF008FFFFF97
:10C97000D022002106F060B9F0B51F4690F8CC3007
:10C98000C5B0044661F300030D46164662F3410349
:10C9900080F8CC3000294BD1D9B2022390F8CD20B9
:10C9A0004FF47A7E63F3830190F8CE30A0F8B8504C
:10C9B00042F09E0243F00203494884F8CC104EF640
:10C9C000602184F8CD20102284F8CE304FF0FF3360
:10C9D00060644448C4F8ACE0A064C4F8B010C4F883
:10C9E000B420C4F8BA30A4F8BE30022F5CD00122C3
:10C9F0000323964284F8CA3084F8C83084F8C930DA
:10CA000084F8CB2068D0FBF7B9FB374A374B626616
:10CA10006367E060A06060602060EEF7A1FA4FF409
:10CA200080620023A067C4F8C420184645B0F0BD5A
:10CA300090F8CD204FF47A7190F8CE304EF6602EFB
:10CA4000C0F8AC1042F01E0243F00203244884F800
:10CA5000CD20102184F8CE3000224FF0FF336064E7
:10CA6000012D2048C4F8B0E0A064C4F8B410A4F8C4
:10CA7000B820C4F8BA30A4F8BE30B6D14FF48072F2
:10CA80001B4904A806F00CF94FF0020E04A900950A
:10CA900003AB4FF4807220468DF80CE0FFF750FD99
:10CAA0000028A2D00346C0E7002312480321124AFF
:10CAB000124E134DA067184684F8CA1084F8CB10A4
:10CAC00084F8C81084F8C910E260A2606260226035
:10CAD0006666656745B0F0BD022384F8CB3092E707
:10CAE00025BE01602DBE0160F0F60260B468002032
:10CAF00074040020D8680020CC68002000F7026091
:10CB0000DC68002038B505467C30E7F773F905F19D
:10CB10008800E7F76FF9D5F8940060B1D5F8981060
:10CB2000F5F736F9D5F8940006F082F80023C5F839
:10CB30009430C5F89830D5F89C0060B1D5F8A010B5
:10CB4000F5F726F9D5F89C0006F072F80023C5F831
:10CB50009C30C5F8A030A86E28B1846806F068F84B
:10CB60002046002CF9D12846D021BDE83840F5F701
:10CB70000FB900BF7C22002106F05EB888B110B565
:10CB80000446C06D20B105F005F8E06D06F050F8E0
:10CB9000606E06F04DF820467C21BDE81040F5F7A8
:10CBA000F7B8704770B50C460646FFF7E7FF7C22E2
:10CBB0002146304606F074F8E36D83B14FF49A7164
:10CBC000012006F031F8F065F8B104F0DDFFE36D07
:10CBD000F06D5A68996805F049F8054670B9606EBD
:10CBE00058B1A56E0120294606F01EF8706660B1A6
:10CBF0002A46616E06F054F8002070BDF06D06F014
:10CC000017F800232846F36570BD014870BD00BFCA
:10CC10000081FFFF98B191B1836B83B1026892F8F4
:10CC2000CC20D2070BD410B504461846FFF7BAFF44
:10CC300020B9E36B0122C3F8782610BD10BD01486E
:10CC4000704700BF008FFFFF0B4648B141B1416BF9
:10CC500031B1026892F8CC20D20701D41846A1E77E
:10CC600000487047008FFFFF012905D0042901D13A
:10CC7000407870470020704700787047012906D03F
:10CC8000042903D1437803B9427070477047037891
:10CC9000002BFAD10270704701704170704700BFDD
:10CCA000B0B110B504465030EAF78EFF04F19000A1
:10CCB000EAF78AFF04F13800F1F724FC04F144009C
:10CCC000F1F720FC2046D021BDE81040F5F760B810
:10CCD000704700BF38B5C56B002D41D005F5027017
:10CCE000F1F7C4FD05F51870F7F700FC05F52F7096
:10CCF000F8F722FF05F54A70F9F762FE281DECF7F8
:10CD000029FF05F18000EDF73FF8D5F8B40105F0F3
:10CD10008FFFD5F8B80138B1D5F8BC11F5F738F860
:10CD2000D5F8B80105F084FFD5F8C80128B18468AA
:10CD300005F07EFF2046002CF9D1D5F8DC0105F086
:10CD400077FFD5F8E40105F073FFD5F8F001FFF7A0
:10CD50008FF828464FF4D261BDE83840F5F718B88F
:10CD600038BD00BF2DE9F0410446C06C08B1FFF7A3
:10CD700097FFA06B08B1FFF701FFE56B1DB12046DF
:10CD8000FFF7A8FFE56BE36C002B00F08980A36B35
:10CD9000002B76D0002D7AD0E36C002B00F086803B
:10CDA000A06B002800F082807C22002105F044FF67
:10CDB000E56CD0220021284605F03EFF05F1500029
:10CDC000EAF7FEFE05F19000EAF7FAFE05F13800F9
:10CDD000F1F792FB05F14400F1F78EFBE56B4FF4A0
:10CDE000D262002105F5027805F51876284605F58A
:10CDF0002F7705F021FF4046F1F734FD3046F7F775
:10CE000071FB4046F1F73EFD3046F7F77BFB05F539
:10CE10004A763846F8F78CFE00213846F8F798FE37
:10CE20003046F9F7C9FD01213046F9F7D5FD002359
:10CE3000264A281D2B70C5F800246B70ECF720FCE7
:10CE400005F18000ECF79AFF03222368C5F8C4219E
:10CE500093F8CC20920711D5E26B616CC2F8FC11FB
:10CE600093F8CC3013F0010318BF022382F8EC31A1
:10CE7000636D1BB10022206D114698470020BDE86C
:10CE8000F0817C21012005F0CFFEA06382E74FF402
:10CE9000D261012005F0C8FEE06338B105467BE7AA
:10CEA000D021012005F0C0FEE06470E7284605F0BF
:10CEB000BFFEE06C05F0BCFEA06B05F0B9FE0023E0
:10CEC0000348E363E364A363BDE8F08181BB0160D1
:10CED0000081FFFFF8B504460F46012042F64D11D0
:10CEE000276005F0A1FEE06500284FD0054642F618
:10CEF0004D11012005F098FE0646C4F8AC0000284C
:10CF000040D097F8CC309B071ED400F1080E00F1FA
:10CF10000B0700F10D0205F10D0305F1080005F105
:10CF20000B01C4F8B060606620462566C4F8B4E022
:10CF3000C4F8B870C4F8BC20C4F8C020A166E36689
:10CF40002367BDE8F8400DE700F1030E00F10B0781
:10CF500000F10D0205F10D03E81C05F10B01C4F809
:10CF6000B460206620466566C4F8B0E0C4F8B870C6
:10CF7000C4F8BC20C4F8C020A166E3662367BDE8FE
:10CF8000F840EFE6284605F053FEE6650048F8BD98
:10CF90000081FFFFF8B50022436D04460D46426054
:10CFA00013B11146006D9847E26D00230D32A36066
:10CFB000E360C4F8EC30C4F8F030C4F8F430C4F8DE
:10CFC000F830C4F8FC30C4F80031C4F80431C4F8B7
:10CFD000E8306367A367E36722670DB9C4F8805040
:10CFE000D4F8AC0000230026002700F10D0194F9CD
:10CFF000D020C4F88830A4F88430C4F8C010C4F835
:10D00000A030C4F8A430C4F8A830C4F8C430C4F8C0
:10D01000C830C4F8CC30C4E92467C4E926670AB133
:10D0200084F8D030002342F64D122364194663641D
:10D0300005F002FECDB1A06C30B1FFF731FEA06C5F
:10D0400005F0F6FD0023A364606B30B1FFF796FD99
:10D05000606B05F0EDFD002363630023C4F8DC3052
:10D0600055B12046BDE8F8407CE642F64D1229460F
:10D07000E06D05F0E1FDDEE7D4F8E00005F0D8FD55
:10D08000C4F8E050C4F8E4502046BDE8F84069E632
:10D0900000217FE710B50446FFF764FE80B92368DE
:10D0A00093F8CC309A0702D5A268032A09D000224F
:10D0B000012320466260A360BDE81040FFF742BC38
:10D0C00010BD13F0010F4FF00102E36B14BFC3F862
:10D0D000D421C3F8D821EAE7002850D038B5044657
:10D0E000D0F8AC0038B142F64D11F4F751FED4F847
:10D0F000AC0005F09DFDE06D30B142F64D11F4F746
:10D1000047FEE06D05F094FDA06C20B1FFF7C8FD6F
:10D11000A06C05F08DFDE36B8BB12046FFF7DAFDC7
:10D12000E06CFFF7BDFDA06BFFF728FDE06B05F09D
:10D130007FFDE06C05F07CFDA06B05F079FD606B78
:10D1400020B1FFF71BFD606B05F072FDD4F8D850DD
:10D1500055B1284605F098FD01462846F4F718FE1B
:10D16000D4F8D80005F064FDD4F8E00005F060FDC7
:10D1700020464FF48471BDE83840F4F709BE70478B
:10D1800010B50446FFF7A6FDE06B05F051FD002346
:10D19000A06CE36320B1FFF783FDA06C05F048FDB0
:10D1A000E26C0023A264E36410BD00BF38B583685D
:10D1B0000446C26B012BD2F878562CD0606B38B184
:10D1C000826FA36B9A67FFF7D9FC606B05F030FDA7
:10D1D00023680020A16B5A6A6163A06312B188685A
:10D1E00000B1EDB193F8CC309B070DD5E36BD3F8CC
:10D1F000F0314BB1636D1BB10022206D1146984791
:10D2000063680133636038BD2046FFF7B9FF636888
:10D210000133636038BD022200238260C360CDE722
:10D22000986A90472368DDE710B50446C06B00F5A7
:10D230000270F1F727FBE06B00F51870F7F762F961
:10D24000E06B002100F52F70F8F782FCE06B012104
:10D2500000F54A70BDE81040F9F7BEBB2DE9F04F6C
:10D26000836BD9B0C66C054604933368C46B187AD7
:10D27000EAF780FC002800F0F08133688046587A95
:10D28000F1F72EF98246002800F0E7816B69022B46
:10D290002FDC934B934AC4F80C34934BC4F804240A
:10D2A000C4F80834D4F8783653BBEB6BD3F88C262B
:10D2B000012A00F0F080049B302204F2544904F269
:10D2C000144B2C33D4F810140292184606934023C2
:10D2D000864A0190484600935B46D4F80C74B847E0
:10D2E00058B918AB05934FF409714846F4F750FD4F
:10D2F0000FE0032B00F07A817D4859B0BDE8F08F34
:10D30000049B04F2144B04F254492C33069318ABDB
:10D3100005935F460DF1200C3868103757F80C1C48
:10D32000E64657F8082C0CF1100C57F8043C4F4512
:10D33000AEE80F00F0D110AF0DF1200E0FCFCBF8FB
:10D340000000CBF80410CBF80820CBF80C300FCF3E
:10D35000CBF810004027CBF81410CBF81820CBF8EE
:10D360001C30BEE80F00C4F83404C4F83814C4F804
:10D370003C24C4F84034BEE80F00C4F8440408A8B4
:10D38000C4F848143946C4F84C24C4F85034F4F7AF
:10D39000FFFC4FF48072059B3021029201935B46A3
:10D3A00000970698D4F80C44524AA0470028A4D10C
:10D3B00039465846F4F7ECFC98F80120D8F80440B8
:10D3C00002F0FD03E408082B746000F09780062A41
:10D3D00000F094800122514606F13800F1F7ACF8D4
:10D3E00000288AD10122514606F14400F1F7A4F841
:10D3F000002882D15046F1F7DFF8049B81465B6F2D
:10D400007061012B00F03581024698F80130D8F8A0
:10D410000C10072BF16000F02281049B9B6F012B05
:10D42000D8F8143000F03881B2FBF3F203FB02327B
:10D43000B2606B69012B40F22D81023B012B3FF65C
:10D440005BAF03B2B268059C0A445B0005992044B7
:10D450003769746801EB030BB2602A6892F8CC203C
:10D46000D20700F11C8104EB030A059B07909A4444
:10D4700007B9F768059B3A460AEB040106F1180064
:10D48000049305F00DFC39193A4606F12800514481
:10D4900005F006FC68E018AAD3F8043428461146C3
:10D4A000059298476B69032B00F0AE802422049B01
:10D4B00004F25449D4F810142C3300920E4A184642
:10D4C00006933023019048460293059BD4F80C74D0
:10D4D000B84700287FF411AF04F2144B03E700BFF4
:10D4E00085C00160E5BB016035BC0160C44C002013
:10D4F0000094FFFFD44C0020AC4C002000230C27EC
:10D500000A2A7361F76000F0968004220823174608
:10D51000326131682A68097F11F0020F0CBF1021B7
:10D5200008210B44B36092F8CC9019F0010900F087
:10D530008E80059A002392469946049204EB030BD1
:10D54000059B9B44002F67D0059B3A460BEB0401DB
:10D5500006F12800079305F0A3FB39193A4606F1B6
:10D560001800594405F09CFB6B69002B7FF7C4AE93
:10D57000B9F1000F52D12B68DC6D3CB1186E4B46EF
:10D58000019775680699059A0095A04706F1500421
:10D5900041462046EAF728FB00287FF4AEAE9036DD
:10D5A00041463046EAF720FB00287FF4A6AE5946F4
:10D5B0000123D8F804202046EAF742FB00287FF434
:10D5C0009CAE03465146D8F804203046EAF738FBB3
:10D5D00000287FF492AE98F80130022B4CD00598C9
:10D5E0004FF48071F4F7D4FB002086E633685B7A51
:10D5F000072B22D02B4B2C4AC4F80C342B4BC4F8ED
:10D600000424C4F808344DE6EB6C1B685B7A072BE6
:10D6100014BF202230224AE7F76895E704994A466A
:10D6200006F13800F1F700F84A46079906F1440080
:10D63000F0F7FAFF9FE737616BE71D4B1D4AC4F80F
:10D640000C341D4BC4F80424C4F808342AE6059AA7
:10D6500002EB040A079293460CE718484DE603B222
:10D66000B26005995B0074680844376901EB030BED
:10D67000F3E60A227261C8E620460421EAF704FBB9
:10D6800000287FF43AAE30460421EAF7FDFA00287C
:10D69000A5D032E603B2E4E71344B360C9E60490D0
:10D6A000DA464BE73DC00160D9BC016005BD0160B1
:10D6B00061C0016085BD0160B1BD0160008FFFFFE9
:10D6C0004368102B10B5044607D0C36B8BB1D3F859
:10D6D0000034D0F8A020016F9847236893F8CC302D
:10D6E0009B0706D5E36B23B1D3F8D8210132C3F8E9
:10D6F000D82110BD70B5C569002D47D00446D0F8BB
:10D70000CC0050B936E0D4F8CC108142A1EB000037
:10D7100032D3C4F8CC00A8B1E56923680246D4F836
:10D72000C81093F8CC30091AD4F8B46013F0020F83
:10D73000A06A0CBF05230D2319443144A8470028D3
:10D74000E1DC70BD082107E0D4F8B050AB5C0133D8
:10D75000DBB2AB5493B9D1B223684A1E93F8CC30F4
:10D7600003F00203994203F0FF05EDD805B1022052
:10D77000814209D0002070BD054870BD236893F830
:10D78000CC309B07F6D5F2E7024870BD024870BD69
:10D790000094FFFF8094FFFF008FFFFF03682DE9D7
:10D7A000F04F93F8CC309DB00446D0F8C8609A078B
:10D7B00043D5C76B002F00F0FA8197F8EC31D0F811
:10D7C000C450012B2ED0162D2CD1D4F8C0301D788A
:10D7D0001DB1E26B002A00F09E80321F100C110A6E
:10D7E0005870D4F8C0309970D4F8C030DA7023681B
:10D7F00093F8CC309B0700F19F81002D00F0A582AB
:10D80000E36B3246D4F8C0102046D3F80034984772
:10D81000236893F8CC309F0740F19782E76BD4F8E8
:10D82000C45047B197F8EC31012B04D025F0020326
:10D83000142B00F0D281EBB204E0D0F8C430162BE8
:10D84000C3D0DBB2D4F8B42013702368206993F8F6
:10D85000CC3061699D07D4F8B42000F1AE815070DE
:10D860009170D4F8B830320A1A70D4F8B8305E70BB
:10D87000656C002D00F0AC80216B00294BD02A6D27
:10D88000D4F8C830002A00F0A281B3F5205F92F8E6
:10D8900001801E4600F29F81B8F1070F00F0AB80B7
:10D8A000B8F1020F00F08D8108F0FD03082B40F065
:10D8B0007981002310AF0A932A68BE46D4F8B030AD
:10D8C000127F1868596812F0020FEB68226808BFCF
:10D8D0004FF01008099318BF4FF0080894F8C430AF
:10D8E000D5F81090AEE803008DF8483092F8CC20BF
:10D8F00020699307616900F1BD81DDF824E08DF8AE
:10D9000049008DF84A10320ABEF10C0F8DF84C60B8
:10D910008DF84B2003D0C9481DB0BDE8F08FD5F875
:10D9200010A0BAF1040F00F0B681BAF10C0FF2D1D9
:10D930002A46D4F8B0100DAB0DF1370E52F8180F7F
:10D9400001F1FF3C0B930DF13F0B5168926807C347
:10D95000099B1EF8011F1CF8012FF34582EA010202
:10D960008EF80020F5D10993099B0DF1300CD4F805
:10D97000C0E005F15000C9EB0303CDF818800EEBB1
:10D98000060B02969A193B460D270B99C4F8C8203E
:10D990005246CDF80CE0CDF804E0CDF814B0CDF847
:10D9A00010C00097EAF7F8FB0028B5D10C9BB342F2
:10D9B000B1D1D4F8C8300A9A4344C4F8C830002A18
:10D9C000A9D1D4F8B820190A1170D4F8B82053702E
:10D9D00023682046D4F8C82093F8CC3013F0020F07
:10D9E0000CBF05230D231344C4F8CC30FFF782FE8F
:10D9F0001DB0BDE8F08F6369002B8CDD05F13800A8
:10DA00000822D4F8B01010AFF0F784FE606C032247
:10DA1000D4F8B4103830F0F77DFE606C0222D4F8F0
:10DA2000B8103830F0F776FE606CD4F8C820D4F81F
:10DA3000C0103830F0F76EFE606C39463830F0F7C1
:10DA40007DFE606C3830F0F7AFFED4F8C820636C10
:10DA50003946D4F8C00010445A6905F021F9656CC4
:10DA6000D4F8C86008F0FD026B69082A3344C4F892
:10DA7000C8301E4600F06681B8F1060F00F06281E2
:10DA8000B8F1020F7FF447AF01260022581C0D9217
:10DA9000ED68B0FBF5F105FB1100281A854200F096
:10DAA000C780C5B201E0D4F8C830D4F8C0100B4428
:10DAB0009D5401329042F6D2D4F8C85063690135C2
:10DAC000012B0544C4F8C85040F3D0802268636C31
:10DAD0009569D06903F11801DA68A84700287FF436
:10DAE0001BAF616CD4F8BC00CA68183105F0D8F8D7
:10DAF000606CD4F8C850C268D4F8C0302A44C4F866
:10DB0000C8200DA9C2680193029100F11801009587
:10DB10005030EAF715FB00287FF4FEAE0D9B9D42C6
:10DB20007FF4F9AE6369012B40F3AD80002E00F065
:10DB3000CA80D4F8C83044E7D4F8C830C3F52053BD
:10DB4000072B48D9D4F8C0000836011D0C3005F069
:10DB50008BF8D4F8C8300833C4F8C830002D71D021
:10DB6000E36B0022D4F8C010D3F8D4311B0A0B7138
:10DB7000E16BD4F8C030D1F8D4115971E06BD4F80E
:10DB8000C010D0F8D4310133C0F8D431CA800A7241
:10DB9000D4F8C0301A4632F8011F9278A3F8091061
:10DBA000DA722DE6B8F1060F3FF483AEB3E6D0F893
:10DBB000C450162D3FF409AE3DE60132FEF76AFB74
:10DBC0004FE68A6F002A3FF416AF00265DE7B3F5F3
:10DBD000205F7FF6A0AE1A489EE61021012005F0D6
:10DBE00023F88046002800F0AB80D4F8C8900120CC
:10DBF000494605F019F8C8F80000002800F09D809B
:10DC00004A46D4F8C01005F04BF80022EBB2C8F831
:10DC10000490C8F80C2088F80830D7F8F01109B93A
:10DC20004EE01146CA68002AFBD1C1F80C8009E613
:10DC3000D4F8C0101046CA543EE700BF0094FFFF5E
:10DC4000008FFFFFD4F8C0301D71D4F8C0305D7173
:10DC5000D4F8C030DD801D72D4F8C0301A4632F8D6
:10DC6000011F9278A3F80910DA72D1E5D4F8C03018
:10DC7000606C46E70DF14902FEF70CFBD5F80CE0AD
:10DC8000D4F8C8603FE6606CC26800F178011830D3
:10DC900005F006F84AE7D4F8B0200EAEA8690DAB3F
:10DCA0000D90106851680B9303C6D4F8BC1010682F
:10DCB000526808604A60D4F8C860D5F80CA053E6F2
:10DCC000C7F8F081BEE5D4F8B01010ABD4F8B4605A
:10DCD0000D220868D4F8C8504968676C03C32B0A42
:10DCE000B6F800E0B67810A907F13800ADF848E0C2
:10DCF0008DF84B308DF84A608DF84C50F0F70AFDE6
:10DD0000606CD4F8C820D4F8BC103830F0F702FDAD
:10DD1000D4F8C830D4F8BC10606C19443830F0F72F
:10DD20000DFD606C3830F0F73FFD626CD4F8C83000
:10DD300052691344C4F8C83043E6404604F078FF03
:10DD40000348E9E501230A93B6E594F8C43079E580
:10DD50000081FFFF02680146D2F8B430002B10B4F6
:10DD60000EDB04201624D1F8C0300022C1F8C80010
:10DD70000846C1F8C4401A705DF8044BFFF70EBDA9
:10DD8000D2F8B030D2F8AC20B3FBF2F201324FF04F
:10DD9000010303D001335208DBB2FBD1CA68013260
:10DDA0009A42CA60DDDD00205DF8044B704700BF79
:10DDB000A0B170B4046874B1D0F8C0401526022533
:10DDC000C0F8C460C0F8C8502170D0F8C0305A7094
:10DDD00070BCFFF7E3BC024870BC70470048704756
:10DDE000008FFFFF28220221FFF7E2BF20B3026865
:10DDF00012B392F8CC20D20714D54268102A1BD156
:10DE00000321D0F8CC208160A2B9D0F8C01030B482
:10DE100004251624C0F8C850C0F8C4400A7030BCAD
:10DE2000FFF7BCBC8268012A08D04368102B03D1DD
:10DE3000FFF730B9FFF75EBC01487047FEF782BDBF
:10DE4000008FFFFF90E80A00102B91F8CC2001D042
:10DE5000002070478368032BFAD091F8CD309B06E1
:10DE6000F6D5B8312DE9F04102F002060446006E05
:10DE7000C6F108078D1930443A46294604F018FFC8
:10DE80008046D4F8B00029463A46304404F010FFEA
:10DE9000B8F1000F04DC002802DC0020BDE8F081AE
:10DEA0002046BDE8F041FFF7A1BF00BF70B51446A2
:10DEB0000E460546FEF700FDA04205D22B6893F8FA
:10DEC000CC309B071BD40446D5F8CC3083B917233C
:10DED000C5F8C84031462246C5F8C430D5F8C00060
:10DEE00004F0DEFE2846FFF759FC38B9204670BD25
:10DEF0002846FFF7FFFB0028F8D070BD70BD014831
:10DF0000FBE700BF008FFFFF002846D0036870B515
:10DF10000446E3B116460D46FFF794FFC0B96368A7
:10DF2000102B04D02046FEF70DFD002834D12368C5
:10DF300093F8CD30DB0604D5012E02D96369012B9D
:10DF400007DD324629462046BDE87040AEE714485A
:10DF500070BD636C13F1500FF3D01B6D002BF0D02C
:10DF60005B78022BEDD194F9D0304BB901222946D0
:10DF70002046FFF79BFF0028EADD012384F8D0301C
:10DF8000721E691C2046FFF791FF0028E0DD002388
:10DF9000013084F8D03070BD70BD0148704700BFBB
:10DFA000008FFFFF70B1026862B1D0F8CC2022B9B7
:10DFB0004368102B03D010467047FFF79BBB01212D
:10DFC000FFF7F6BE00487047008FFFFFF8B5C36C3F
:10DFD0001B689A7A0B2A3BD90268064692F8CC3025
:10DFE000DB0740D5C36B002B6ED0D3F8C051002D9A
:10DFF0006AD02B68002B69D02D68002D40D06C684A
:10E0000042F2F6739C4220D80723D6F8C020210C98
:10E01000200ADF1CD1542246D6F8C010194448709B
:10E02000D6F8C0100B449C70D6F8C000A9683844DC
:10E0300004F036FE42F2FD723B19D5F83051D21A87
:10E04000002D3AD06C689442DFD9244A1046F8BDBE
:10E050004FF41663D340DA07BED54368002201337C
:10E0600043601046F8BDD0F8D430002BF5D0C36B18
:10E070001BB1D3F8C051002DBED1956E002DBBD180
:10E0800007232F462846D6F8C02016240B211071EE
:10E090003046D6F8C0205771D6F8C0209571D6F812
:10E0A000C020C6F8C830C6F8C44011707368013388
:10E0B0007360BDE8F840FFF771BBDD1FC5F3074093
:10E0C000C5F30727EDB2DEE7956E0DB9044AC8E740
:10E0D00029680029FAD0002BCBD18DE7008BFFFFF8
:10E0E000808AFFFF10B401221424D0F8C010C0F8B9
:10E0F000C440C0F8C8200A7042685DF8044B013281
:10E100004260FFF74BBB00BF4369022B08DD4B7A2F
:10E11000072BC36B0CBF054A054AC3F800247047A0
:10E12000C36B044AC3F80024704700BF79BD016087
:10E13000CDBC0160C1BB01602DE9F047C56B84B067
:10E1400007688046D5F8B89105F2544305F5CF66C7
:10E15000D7F89420D7F89840B9F1000F7BD0D5F8C4
:10E16000BC4105293AD007294ED0062958D00829A4
:10E1700073D1FB6905F2564A03A905F180000193AA
:10E180005246BF69CAEB06030097EBF7DFFE10BBF0
:10E19000039B190A0AEB030285F8553485F85414D9
:10E1A000B31A012B53DD1346210A03F8021B9E42CA
:10E1B00054704CD3F61AB44249D822461846494600
:10E1C00004F06EFDD8F83C200444002002F25443D1
:10E1D000E41AC2F8104404B0BDE8F087F31A012B2A
:10E1E00035DD05F25647230A85F85544BE4285F8C9
:10E1F00054342CD3F31B9C4229D8224600213846A4
:10E2000004F01AFD3A19CBE7F31A012B1FDD0021A8
:10E21000302305F2864285F8541485F85534BFE75B
:10E22000FA6905F2564A03AB281D01925146BF69AF
:10E23000CAEB06020097EBF78FFB0028CBD1039ABD
:10E24000130A85F85524524485F85434A8E7044845
:10E2500004B0BDE8F087914683E70248BBE700BF02
:10E26000008FFFFF0094FFFF10B501210446F1F776
:10E270003BFF08B1012010BD20460421F1F734FF17
:10E28000002814BF0320002010BD00BF022807D0C3
:10E29000042805D0A0F10100B0FA80F040097047D1
:10E2A00003207047012803D003280CBF042000205E
:10E2B000704700BF0138C0B2052802D8024B185C75
:10E2C00070470020704700BFC405002003380528B0
:10E2D00002D8024B185C704700207047CC05002024
:10E2E0004369032B05D104290BD0052903D002294A
:10E2F0000DD00A487047C36B0020094AC3F80424B4
:10E300007047C36B0020074AC3F804247047C36BEF
:10E310000020054AC3F80424704700BF009AFFFF9D
:10E3200085BD0160D9BC0160E5BB016003689A6FDF
:10E3300052B1137843B1994202D108E08B4206D022
:10E3400012F8013F002BF9D14FF0FF307047002049
:10E35000704700BF03685A6F52B1136843B19942C6
:10E3600002D108E08B4206D052F8043F002BF9D1CD
:10E370004FF0FF3070470020704700BF012A70B592
:10E380001D46064611D0802103F090F9C0B12B68DC
:10E390004FF0FF341B4943F400632B6030460822E2
:10E3A00003F08EF9F8B9204670BD897A0A290AD996
:10E3B0000021304603F07AF9E0B904461249EDE74E
:10E3C00004461049EAE78A4012F0820F07D112F49E
:10E3D000C06F06D112F01C0118BF8021E9E720218F
:10E3E000E7E70821E5E72B684FF0FF3443F480535B
:10E3F0002B60D8E72B684FF0FF34034943F40063E8
:10E400002B60CBE7342D002024280020012A04D0E3
:10E410001870597030B430BC70471A46FDF73ABFD7
:10E42000012A04D01A7802605B780B60704710B440
:10E4300040F201121C78121B02605A78C2F58073F8
:10E44000012B03D00B605DF8044B704740F20113C1
:10E450009B1AF7E7026838B5D2F8AC200446C36BC4
:10E46000456DC3F8E8211DB19108006DA847E36B25
:10E47000A26F162A03D0022283F8EC2138BD226F46
:10E480001278142AF7D1032283F8EC2138BD00BF9B
:10E490004369012B70B5044640F38D80C26CD0F8FF
:10E4A000BC001169D3685B1AC118C4F8C010226897
:10E4B0000431E36B204692F8CC20D3F8083402F004
:10E4C000010298476369D4F8C05004F1F000002BB2
:10E4D00005F1040115BF0C22242210262826C4F8B9
:10E4E000EC2004F0DDFB16221423C4F8C860C4F845
:10E4F000C4202B70E26BD2F878362BB3216891F8E8
:10E50000CC30DD0705D40F23636091F8CC30D807F9
:10E5100020D50A23636091F8CC3003F0020303F0A6
:10E52000FF01EBB9D4F8B03019605960E16CA26B0F
:10E5300023686164226393F8CC309B0733D4204670
:10E54000BDE87040FFF72AB994E80A000133636020
:10E5500091F8CC3003F0020303F0FF01002BE1D06F
:10E56000D4F8B0100023606CC2F8FC010868496858
:10E57000C2F80002C2F80412D4F8B020C2F8023087
:10E58000D380D4F8B02053780133DBB25370002B22
:10E59000CCD1D4F8B02013780133DBB21370002B48
:10E5A000C4D1074870BD2046FFF754FF2046BDE8A0
:10E5B0007040FFF7F3B8D0F8BC10C0F8C01076E791
:10E5C0008094FFFF38B5C36B0446D3F8F001FDF724
:10E5D0004FFCE36B0022D3F8D811C3F8F021C3F845
:10E5E000F421656DC3F8F8111DB11146206DA847DF
:10E5F000E36BA26F162A03D0002283F8EC2138BD0A
:10E60000226F1278142AF7D1032283F8EC2138BD47
:10E6100038B5C36B054693F8EC21012A1FD0D3F817
:10E62000F021C3F8F421FDF733FCEB6B012283F8F2
:10E63000EC21EB6B13E06268D5F8C00004F030FB0E
:10E640006368E2682846C5F8C830EB6B217AC5F8E4
:10E65000C410C3F8F421FFF7A1F880B9EB6BD3F82D
:10E66000F4416CB1237A2168162BE4D10B78142B7A
:10E67000E1D12846FDF70CFC2168DCE7184638BDDF
:10E680006A68102A0DD0022283F8EC216B6D002BF2
:10E69000F4D0EA6B286DD2F8E8219108984720461B
:10E6A00038BD0322204683F8EC2138BD01682DE9EE
:10E6B000F04791F8CC30C76F9C0703D50B2F3AD9A0
:10E6C0000C2402E0032F36D90424056FAA786B7856
:10E6D0001202EE7842EA034333431E19C0F8A060E9
:10E6E00091F8CC3099071FD52A7904466B79D0F878
:10E6F0003C8043EA0223B8F1000F00F0F480426846
:10E70000102A1ED0D8F8D82193421DD0D8F8F8216D
:10E71000013A934212D12B78032B0FD02046FFF7FA
:10E7200077FF58B1BDE8F0879F4BB74234BF18461A
:10E730000020BDE8F0879D48BDE8F0879C48BDE813
:10E74000F0872A78012AE1D1B74280F01B81A6F137
:10E750000C07D8F8E491B9F1000F00F0E88004222A
:10E760002946484604F0A4FA0028E4D1EA7909F1E0
:10E770000C00AB7A95F806A012026E7A1B0242EAF0
:10E780000A4295F808A043EA0643EE7A42EA0A0AEA
:10E7900000EB07091E430AEB0603BB42CBD806F188
:10E7A0000C08E36F9845C6D8324605F10C01504479
:10E7B00004F076FA0AF00702C2F10803002A76D0C4
:10E7C0009E424FEADA0064D866B19E1B19F8002019
:10E7D000012505FA06F101360A439E42D2B2F8D16C
:10E7E00009F80020F8080ED099F80030FF2BA5D1C9
:10E7F00009F1010309EB000103E013F8012BFF2AE3
:10E800009CD18B42F9D117F007070FD019F80010EF
:10E81000CB0993D0C7F10707062301E0D2078DD5B6
:10E82000BB4241FA03F203F1FF33F7D1E36F98459E
:10E830007AD3D4F88020D4F888108A4216D9266F6B
:10E84000521AD4F8A00042F64D15636E3044E66DBE
:10E850001944C71A9B1BED1AD319C4F88870AB4230
:10E86000C4F8803000F2978004F0FEF9E36BD4F82E
:10E87000A020D3F8E411206F04F012FAE36BD3F870
:10E88000E40104F0D5F9E36B0020C3F8E401BDE82E
:10E89000F0879A44F61A19F800200125013B05FA81
:10E8A00003F10A43D2B2002BF8D109F8002016F088
:10E8B000070311D006EB0A05C3F10802F61A01207E
:10E8C000ED0819F8053000FA02F101320B43082A6D
:10E8D000DBB2F8D109F80530F208FF2109EBDA00C4
:10E8E00004F0AAF97EE7B7421ED303223149A81DDE
:10E8F00004F0DEF9C0B90322691C05F1090004F037
:10E90000D7F958B9B8F1000F3FF40CAFD8F8E4913B
:10E91000B9F1000F42D0A6F10C0720E7A6F10C07D1
:10E92000B8F1000F7FF415AF1F48BDE8F087B6F5CA
:10E93000205FF9D817F007034FF0010006EBD7016D
:10E9400018BF0346194404F06FF90346C8F8E40100
:10E9500030B328681860AA889A80D8F8E431A3F800
:10E96000069083F80890E36BD3F8E4311A4632F846
:10E97000011F9278A3F80910DA72E36B256FD3F8C0
:10E98000E491F3E603220B49A81D04F091F9002855
:10E990007FF4DDAEAFE70848BDE8F087BDE8F0875B
:10E9A0000648BDE8F08700BF808FFFFF008EFFFFA5
:10E9B000809AFFFF740500200096FFFF0081FFFF93
:10E9C000836F162B10B5044622D0152B0ED023686A
:10E9D00093F8CC3003F0020303F0FF002BB1E06B9F
:10E9E00018B16368102B19D0002010BDE36F022B03
:10E9F00019D1226F1378022B17D0012B01D00D48AB
:10EA000010BD53789BB1642B0A4808BF002010BD8D
:10EA1000FFF74CFE0028E8D1A36FD6E72046FEF7AB
:10EA2000AFFB002010BD044810BD044810BD0448D1
:10EA300010BD00BF8099FFFF008EFFFF8088FFFFA1
:10EA40008087FFFF036A2DE9F041002B00F0BC80B6
:10EA5000456E42F64D13C26DAA1A9B1A8B42C0F046
:10EA6000B78003680F46044693F8CC309A072FD43A
:10EA7000D0F88060B14230461FD880E0D4F8806082
:10EA8000D4F82480B8F1000F00F08B8023682A4668
:10EA9000616ED3F8A8303144A06AC047002800F066
:10EAA00089807CDB8542C0F09680D4F88060304459
:10EAB0008742C4F88000064661D9A36D3D1A002B39
:10EAC000DED0206D98470228D8D14948BDE8F081B2
:10EAD000436D002B7CD0836D002B79D0D0F888104B
:10EAE000D0F8802049B1914275D8521AC0F88020E0
:10EAF000002A62D10023C4F8883097423FD9002A07
:10EB000069D1A36D13B3206D984702281ED1636DA0
:10EB10001BB10022206D114698476368102B31D03D
:10EB2000E36B2168D3F8E821D1F8B0108A42CCD247
:10EB3000500081425AD3824258D8C3F8E801204697
:10EB4000FFF766FD58BB2B48BDE8F0816368102BCA
:10EB500044D0E36BD3F8E831616E42F64D12E06DBC
:10EB6000656A081A121A002D3CD0A06AA84708B39B
:10EB700010F5D04FCBD0002811DBC4F88000002066
:10EB8000BDE8F081236893F8CC30DB079DD5A368FE
:10EB9000032B9AD12046FFF7DDF80028D3D0BDE83B
:10EBA000F081616E2A46236A3144A06A98470028A2
:10EBB0007FF477AF1048BDE8F0812944284604F07F
:10EBC00053F8D4F8802095E7436A002B7FF440AFD8
:10EBD0000A48BDE8F0810A48BDE8F0812368D3F80F
:10EBE000A830B9E7236AA06A9847C0E70846A4E7B7
:10EBF0000098FFFF0097FFFF808DFFFF008FFFFF52
:10EC00000094FFFF036893F8CD3003F00803002B56
:10EC10005FD0016E00222DE9F00F8C7884B00025C2
:10EC200016462302CC7991F804A01643CF784FEA18
:10EC30000A684FEA1A2991F805A01F43CDE9024559
:10EC4000DDE9024534433D4344EA080445EA090549
:10EC5000A0464FEA1A44A94601944FEA0A4491F8A3
:10EC600006A000944FEA1A674FEA0A26DDE900453C
:10EC7000D0E924AB45EA090544EA080445EA070956
:10EC800044EA0608CB4508BFC2451DD3BAEB0806C7
:10EC90006BEB0907002F08BF402E1ED2D0F89C4016
:10ECA000C6F12001D0F89830A6F1200204FA01F153
:10ECB00023FA06F024FA02F20843104340F300005E
:10ECC00004B0BDE8F00F7047104604B0BDE8F00F87
:10ECD000704703F0FF02104670474FF0FF30EFE738
:10ECE000036893F8CD301B0761D5016E00232DE931
:10ECF000F00F8A7884B0CF7800241502CA7991F891
:10ED000004A026462F434FEA1A2926434FEA0A68F1
:10ED100091F805A0CDE90223DDE902233B4332430C
:10ED200043EA090342EA080299464FEA1A43904629
:10ED300001934FEA0A4391F806A000934FEA1A673D
:10ED40004FEA0A26DDE90023D0E924AB43EA0903B0
:10ED500042EA080243EA070942EA0608CB4508BF2F
:10ED6000C24525D2B8EB0A0A69EB0B0BBBF1000FC9
:10ED700008BFBAF1400F3BD2D0F89830AAF1200674
:10ED8000D0F89C20CAF1200103FA06F603FA0AF42F
:10ED900002FA0AF523FA01F144F0010435430D4368
:10EDA000C0E92645C0E9248904B0BDE8F00F7047EA
:10EDB000BAEB080A6BEB090BBBF1000F08BFBAF105
:10EDC000400FF1D20121AAF12005CAF1200401FA75
:10EDD00005F301FA0AF221FA04F42343D0E92645A7
:10EDE00022432B43C0E9262304B0BDE8F00FDEE741
:10EDF00001220023C0E92623D4E700BFD0F8A010E9
:10EE00002DE9F04F04469DB0C9B1456F002D40D1AA
:10EE1000C26F91423FD3C567C0F8A0502368204617
:10EE200093F8CC3013F0020F0CBF05210D21FFF732
:10EE300009FE58B1054628461DB0BDE8F08F436F66
:10EE40002BB3002528461DB0BDE8F08F636EA26E7F
:10EE50001E782068A6671578527842EA0525E5678E
:10EE600090F8CCE01EF0020F40F0CF8159789F78E7
:10EE7000A6F11402032A1AD91EF0020F00F0A9818C
:10EE80000023724DC4F88830C4F88030DAE7C367D5
:10EE9000C4E76F4DD6E7521A006FE267014403F0F2
:10EEA000E3FEE36FC4F8A050002BCAD1B6E7236994
:10EEB0008B4240F0D58190F8C930BB42C0F2D0817E
:10EEC000E76D42F64D12216FC91B521A954200F2AE
:10EED000C7810EF0020202F0FF03002A40F0BC805E
:10EEE000226C002A00F0428292689542C0F0438270
:10EEF0006169002904DD02F52452954200F23B824B
:10EF0000002B20460CBF05210D212944FFF79AFD57
:10EF100000288FD1226892F8CC3003F0020303F06E
:10EF2000FF01002B00F06E81E36F0D33C4F88830D1
:10EF3000256C002D00F05D81E06A002800F025823C
:10EF4000D5F89030002B00F01B82E76FAE6859783F
:10EF5000B742C0F0798101F0FD03082B00F0638116
:10EF6000A1F10603B3FA83F35B09002B40F05B8148
:10EF7000022940F00A8261690B93012940F30E8255
:10EF8000EB68194619448F42C0F05E8169694E1CD6
:10EF900033449F42C0F05881836FD4F87080012BB6
:10EFA00000F07C8338464FF00009EA68B0FBF2F6C7
:10EFB00002FB1606002E40F017826369012B11DD5B
:10EFC000801ABF1AE0676AB130463146E36E0D44DD
:10EFD00001311B5CC9B285F82830256C0846EA6807
:10EFE0009142F3D30BA9434605F19000029105F13C
:10EFF00028018DE88001E9F7A3F8002840F0B381EB
:10F000000B9B9F4200F006822268114D92F8CC3093
:10F010009E0740F11B8125F0800313F5E44F7FF438
:10F0200011AF63680B2B00F011810D2B00F00E81E6
:10F03000D2F8C020002A3FF423AFA36901339A42DB
:10F04000A3613FF61DAF034DFCE600BF809AFFFFB2
:10F050000094FFFF808EFFFF216EB4F884C091F80A
:10F0600000804A7842EA0822624500F099811EF049
:10F07000010F00F014816368102B08BF162E40F0BA
:10F080000E81002A40F00B81D4F880300D2B40F225
:10F0900006817A7B012A40F00281D0F84480856C99
:10F0A000B8F1000F00F0F882002D00F0F5823C2B43
:10F0B00040F26D813A78162A40F06981FA78002A88
:10F0C00040F065813A79002A40F06181FA7C002A9B
:10F0D00040F05D813A7D002A40F059817A7D002A16
:10F0E00040F0558197F83B10A3F13D02914200F2A8
:10F0F0004E817A183C3B92F83C209A4200F24781BC
:10F10000D0F84CA03D31D4F8E0B0D4F8E4903944C4
:10F1100050465B46CDF80090D4F8AC60A847002874
:10F1200000F0A68039685B467A685046FD684FF06B
:10F13000030AD7F808B04FF0FE0CF5604FF0FF0E51
:10F14000316006F11C057260C6F808B039697A6949
:10F1500031611CA9726106F520523F7E86F80DA030
:10F16000377686F819C086F81AE0CDF8009041F895
:10F17000305DC047002840F03481109A9F4D921BAB
:10F18000D1B2A2F11903A2F10D07A1F11C0EA1F158
:10F1900019000D393F0AC0B286F81BE03173C3F382
:10F1A0000741C3F3072330763074B175B173F3753B
:10F1B000F373F772E369D4F8AC10A06A9847236838
:10F1C00093F8CC3003F00203DBB2002B3FF43AAEED
:10F1D00056E60A2202212046894DFEF7E9FD236802
:10F1E00093F8CC3003F00203DBB2002B3FF42AAEDD
:10F1F00046E692F8CC309B077FF523AE2046FFF71A
:10F200006FFD1EE6C4F8801092E69A7840F2011174
:10F210005B78C2F58077C91A012F7FF429AE40F2DE
:10F220000117BF1A24E62968EB68087F296910F0E6
:10F23000020FA3EB01030CBF4FF010084FF00808BA
:10F2400003EB08018F4230D26E4DDFE615F5E34F38
:10F250007FF4F8AD204614220221FEF7A9FDF1E566
:10F260000EF00203664DDBB2002B3FF4EBAD07E678
:10F2700001212046FDF78EFE002800F063822368FE
:10F2800093F8CC309F077FF5D5AD10F5CF4F0546ED
:10F290003FF4D8AD15F5CE4F7FF4F2ADE56F05F133
:10F2A0000D03594DC4F88830CCE5FE1A216E0DF1DE
:10F2B0004009A76FC8EB06064B46E6670868496831
:10F2C00003C38DF8487092F8CC30276F9B072069F4
:10F2D000616900F18C8033468DF849008DF84A1041
:10F2E0001A0A8DF84C308DF84B20EB680C2B7FF40C
:10F2F0008BAE2B69042B00F028820C2B7FF484AE9C
:10F3000055F8280F0DF1300C236E6968E246AA68A3
:10F3100003F1FF3E0DF13B050DF13303AAE80700B1
:10F3200013F8011F1EF8012F9D4282EA01021A7094
:10F33000F6D1206C0BAA07EB060E0D2504924B4666
:10F34000CDF8188061460397903002960C22019701
:10F35000CDF814E00095E8F75FFF002800F0EA819F
:10F3600010F5C64F40D0054622684FE66A1EB2F53A
:10F37000205FFFF4C5AD224D002B3FF463AD7FE568
:10F38000AB68E76F9F42FFF45FAF204D3EE6204D34
:10F3900090F8CC3098077FF555AD7BE7E968F1E54B
:10F3A00020460993FFF72EFC00287FF478AF142E37
:10F3B000099B0ED0172E7FF493AD6268102A3FF49C
:10F3C0008FADA16801297FF46AAF022A3FF488ADAE
:10F3D00065E762680C2A3FF483AD0A2A3FF480ADEA
:10F3E0005DE70A4D2068D3E72268064D0EE60DF171
:10F3F0004902FCF74FFFE36F72E700BF8095FFFF04
:10F40000008EFFFF808EFFFF809AFFFF0094FFFFBA
:10F410000087FFFF6269012A40F3A181D4F87CE0F4
:10F4200089F00109206F216C00EB0E03D1F814A0C4
:10F4300013F8017C013707EB0A039E4580F08081B9
:10F44000B9F1000F00F07C8100231F46002A7FF7EE
:10F45000DBADBE4534BF4FF0000803F00108C7EB39
:10F460000E020AF52053002507F1FF3C01219A42C4
:10F470008CBF4FF0000808F001082B4608FB020281
:10F48000501E10F8012FBB422CBF002101F00101DA
:10F490000133CCEB0202B3F5807FB2FA82F24FEA7D
:10F4A000521201FB0255ECD1AF4214BF002508F007
:10F4B00001056B025B1B1F40C7EB0E03E367B9F14D
:10F4C000000F00F0A280CAEB0303A26E190AE367E3
:10F4D0001170A36EE26F5A706369002B40F3708164
:10F4E000206CE36F026807EB0308527AB8F5807F5F
:10F4F000A2F1030288BFA8F58076042A00F2608199
:10F50000DFE812F0C300C3005E01C30005001D3335
:10F5100008F11D02DB09C3EBD2134FEA052A0822CA
:10F52000216E4430C5EB0A0A0AEA030AEFF7F2F843
:10F53000206C0322616E4430EFF7ECF8206C02225D
:10F54000A16E4430EFF7E6F8206CE26F4430216F93
:10F55000EFF7E0F8226FE36F1344002F00F01881FB
:10F560001F44002213F8011BBB4282EA0102F9D1B9
:10F570000DF14009206C8DF830200AF1010A49464E
:10F5800044309DF83030EFF7D9F80027206C013770
:10F59000216F4430EFF75CF95745F7D1206C4430C8
:10F5A000EFF702F9236C206F5A69811908EB020307
:10F5B0009B1B07D0CE18002311F8017B7B40B14282
:10F5C000DBB2F9D100218DF82C30E36F9DF82C606F
:10F5D0008DF82B1082B11A44C618024416F8011B8C
:10F5E00019F8010B9DF82B70964281EA000141EA5F
:10F5F00007018DF82B10F1D19DF82B20D2B2002DF0
:10F6000000F0C380002A40F0C080002B40F0B080A2
:10F610006269032A00F0CA80D4F8A4200132032AC8
:10F62000C4F8A4203FF7E0AE206890F8CC20920701
:10F6300019D4082208E0216E4B5D0133DBB24B5533
:10F64000002B40F09980EAB22068551E90F8CC104B
:10F6500001F002018A4201F0FF03ECD89A4200F067
:10F66000AC80E36F2068B3F5205F02467FF6C1AD42
:10F6700090F8CC30990705D563680D2B02D00B2B81
:10F680007FF4D6AC4F4DFFF7DDBB153308F1150203
:10F690009B09C3EB921340E74B4D79E67F1A216E2D
:10F6A000626E0CABE7673E0A0868496803C393784B
:10F6B0000CA9B2F800E005F144000D228DF83A30B3
:10F6C000ADF838E08DF83C708DF83B60EFF722F82C
:10F6D000206CE26FE16E4430EFF71CF8206C10A94B
:10F6E0004430EFF72BF8206C4430EFF75DF8256CD1
:10F6F0000021E26E6B698DF82A10E06F93B103442C
:10F7000010AE111802EB030E11F8013B16F8012B95
:10F710009DF82AC0714583EA02034CEA03038DF881
:10F720002A30F1D19DF82A30002B7FF45DAE4FF0E6
:10F7300001093AE40B9B9E427FF466ACE36F64E7F9
:10F74000012383E6214DFFF77DBBA86A0DABE26E76
:10F750000DF1300C0C901068516803C3E9E5206C82
:10F76000C26800F1B801283003F09AFA626955E6E0
:10F770000022C4F8A42057E7206890F8CC309B07FB
:10F7800001D4E36F6FE7022368E7114D22683DE47F
:10F790000DF14009206C8DF830700AF1010A4946DC
:10F7A00044309DF83030EEF7C9FFEEE6A26F172A1D
:10F7B0003FF432AF2268034D28E40246054D25E4AC
:10F7C000054DE3E7008EFFFF008FFFFF8098FFFFEE
:10F7D000808EFFFF8094FFFF0094FFFF38B5D0F8C4
:10F7E000A850044675B10025C0F8A850284638BD79
:10F7F0002046F3B9FFF7E4F810F5CD4F02D010F52D
:10F80000CB4F0ED12046FFF7F9FA10F5CB4F034648
:10F81000EED12046FFF7F2FA10F5CB4F0346F1D0B8
:10F82000E6E748B9A36F162BE0D12046FDF748FF65
:10F83000DCE71D46284638BD0546284638BD00BFD2
:10F84000002800F0E880036870B50446002B00F043
:10F85000E48093F8CC3015460E469B0709D5FDF79A
:10F8600049FF68B9E36B23B193F8EC31012B00F049
:10F87000BE802046FEF7E6FA10F5D64F01D000B163
:10F8800070BD6368102B07D02046FDF75BF810F5BC
:10F89000D64F01D00028F3D1616F002940F090804D
:10F8A000A36D1BB1206D984701305ED02046FFF755
:10F8B00095FF002840F09580E36F23BBA36F172BC3
:10F8C0001CD0162B22D0A268032A43D0152B00F09F
:10F8D0009D80172B25D16368226F102B62674ED055
:10F8E000236893F8CC30DB07D6D5A368032BD3D19C
:10F8F0002046FEF72FFA0028CED0C1E72046FFF7BA
:10F900006DFF00287ED1A36F162BDCD12268216FFA
:10F9100092F8CC300978D80705D501290BD0990782
:10F92000BAD4404870BD0029F9D19807D4F8A01086
:10F9300042D40429F5D192F8CD20920627D46369E8
:10F94000002B6CDD642201212046FEF731FA0028ED
:10F95000A2D070BD2268D2F8B4100029B6DBE268EC
:10F9600001329142E260B1DADBE7636D002B9DD09A
:10F970002268206DD2F8A8209108984796E7636D19
:10F98000002BADD00022206D11469847A8E7D4F88F
:10F99000E82012B913F0300FD1D003F00303022B8B
:10F9A00036D02046FDF776FB10F5D64F3FF474AF06
:10F9B00000287FF465AF6FE70C297FF46DAFBAE7DD
:10F9C000E26F3046954228BF15462A4603F068F993
:10F9D000E36F5B1BE3678BB1636F2B446367284660
:10F9E00070BD10F5E54F7FF44BAF002070BD204691
:10F9F000FEF70EFE00283FF43CAF70BD6367C4F80D
:10FA0000A830ECE710F5E54FEFD070BD064870BDAB
:10FA10000323A360C5E705487047044870BD044848
:10FA200070BD00BF0089FFFF0097FFFF008FFFFF41
:10FA30000094FFFFC26C03462DE9F047166884B0BE
:10FA4000B17A0B291BD91A68072992F8CC2002F049
:10FA5000010000D1C0B9D96BC2F38102D1F8C471E1
:10FA6000032F08BF1746B7B9A8B15A688024996B0D
:10FA7000002001320C665A6004B0BDE8F0874FF4F4
:10FA80001662CA40D007DED55A68002001325A609B
:10FA900004B0BDE8F08718461C46FFF79FFE0546F8
:10FAA00008BB94E80C000133636092F8CC30DA07AD
:10FAB0001DD56269DAB103F0020AD4F8A090BAF158
:10FAC000000F0CBF07220F220AF0FF0191450ED153
:10FAD000A36F162B00F0228120460A220221FEF796
:10FAE00067F9B748D4E7284604B0BDE8F087A26FAD
:10FAF000162AF1D1D4F8708098F800200B2A7DD115
:10FB000003F0020AD4F8A090BAF1000F5ED0B9F168
:10FB1000110F73D998F80D1098F80E3098F80C2042
:10FB200043EA0123002A69D14FF00C084344033310
:10FB3000994563D1D4F83890D9F85C0038B102F017
:10FB400029F8A36BD86D03F073F8D4F838904FF40C
:10FB50009A71012003F068F8C9F85C00002800F0F1
:10FB6000168108F10308DFF86C9202F00DF8D4F862
:10FB7000A00008F1030E804547D270453ED3236FA5
:10FB800003EB080203EB0E0113F80830B3BB557802
:10FB9000937843EA05237F2B1A460EEB03082DD9F1
:10FBA00040452BD3A36BD86D02F060F8484505465D
:10FBB000DDD01ADD10F5165F1CD12B222046022164
:10FBC000FEF7F6F8284604B0BDE8F087B9F1090F52
:10FBD00014D998F8051098F8063098F8042043EAEC
:10FBE00001235AB94FF00408A0E710F5225F03D1B2
:10FBF0005022E3E70028BAD02A22DFE7204632224B
:10FC00000221FEF7D5F86F4842E7D4F8009099F842
:10FC1000CC30DB0702D4A368012B69D0002F3FF45E
:10FC200062AFE36BD3F8CC81B8F1000F00F0C18074
:10FC3000D3F8D021A36B4146D9F83850D86D03F1E1
:10FC4000600ED9F864300395D9F834C0D4F8D85090
:10FC5000CDF808C08DE8204001F07EFDA36B05467D
:10FC60000221D3F85C9009F1BC00F0F73DFAD4F81A
:10FC700000E078B1D9F8C030DEF878201978002A91
:10FC800067D0137823B964E012F8013F002B60D0ED
:10FC90009942F9D19EF8CC203146A06B02F00102C6
:10FCA00000F16003C06D82F00102FEF767FB0028DF
:10FCB00063D0002D61D1012F49D0B8F1000F7DD163
:10FCC000022F7BD1404DA36B1B6EDF0566D45E0710
:10FCD00092D413F4DC3F7FF470AFD80700F180803A
:10FCE00099077BD413F0080F0CBF2E22302265E752
:10FCF000636BDB6D5BB1A16B5A68C96D486882426A
:10FD000005D18968986802F0D3FF002886D0204684
:10FD100031220221FEF74CF82A48B9E6D4F8708067
:10FD200098F800300B2B7FF469AF00294FF00302E5
:10FD300026490CBF04200C20404402F0B9FF0028E3
:10FD40007FF4E2AEA36B4022012F1A6644D100205B
:10FD50009EE6A36B31461B4E1A6ED86D002D08BF70
:10FD6000354642F4803243F8602F9EF8CC2002F0F2
:10FD7000010282F00102FEF701FB012F10D0B8F161
:10FD8000000F01D1022F9DD0002DE0D09BE720462F
:10FD900050220221FEF70CF80D4879E631220DE7DA
:10FDA00015F51C5FD3D015F5F44FD0D0002DCED073
:10FDB00089E7D9F86C80D9F870203BE7014D82E7DC
:10FDC0000089FFFF0086FFFF8089FFFF7405002088
:10FDD0000081FFFFD2D9FFFF024859E62C22EDE651
:10FDE0002D22EBE6808BFFFF10B50446FFF7F6FCF3
:10FDF000002832D1A36F142B40D1E36F012B36D1F1
:10FE0000236F1B78012B32D1A26BE16C2368E26275
:10FE1000216493F8CC3003F0020303F0FF02EBB14E
:10FE2000B4F884300020002101339BB2C4E92401DE
:10FE3000A4F88430C4E9260173B16369012B13DD92
:10FE4000E16CE06ECA680B69D31A034423676368E8
:10FE500000200133636010BD0C4810BD236E1A6092
:10FE60005A606369012BEBDCE36E2367EFE7204602
:10FE700032220221FDF79CFF054810BD20460A22D0
:10FE80000221FDF795FF034810BD00BF8094FFFFDE
:10FE90000082FFFF0089FFFF0268C36BF0B592F894
:10FEA000CC2085B00546D3F80834D24301A902F02E
:10FEB000010298472846FFF791FC00284CD1AB6F10
:10FEC000162B67D12E6F3378142B5CD12F68D5F8A1
:10FED000A02097F8CC30980740D4102A53D10421A1
:10FEE00001F10C030022314401A81E448DF80320C7
:10FEF00011F8013B10F8012B9DF80340B14283EA51
:10FF0000020343EA04038DF80330F1D19DF8033076
:10FF1000002B38D10C2201AB05F1FC04C5F8EC2014
:10FF200007CBC5F8FC006160A260EB6BD3F87836B4
:10FF3000C3B197F8CC30D90705D40A236B6097F882
:10FF4000CC30DA0713D50F236B6097F8CC3003F071
:10FF5000020303F0FF0083B905B0F0BD182A12D1E7
:10FF60000C21BDE76B6801336B6097F8CC3003F070
:10FF7000020303F0FF00002BEED02846FEF722FB21
:10FF8000002005B0F0BD284632220221FDF710FF07
:10FF90000448E1E728460A220221FDF709FF02484A
:10FFA000DAE700BF8081FFFF0089FFFF2DE9F04104
:10FFB000AEB005468846164601A81F46EEF752FC2D
:10FFC00017A8F4F78FFA01A8EEF75CFC044670B1AD
:10FFD00001A8EEF74BFC17A8F4F788FA2846502240
:10FFE0000221FDF7E5FE20462EB0BDE8F081E96B69
:10FFF000402201A801F21441EFF788F804460028D6
:02000004600298
:10000000E6D13A46314601A8EFF780F804460028C9
:10001000DED1414601A8EFF77DF804460028D7D18C
:1000200017A8F4F76FFA04460028D1D1E96B4022F3
:1000300017A801F21441F5F719FC04460028C7D1AE
:100040003A46314617A8F5F711FC04460028BFD1FF
:1000500008F1100117A8F5F70DFC044601A8EEF70A
:1000600005FC17A8F4F742FA002CBCD0B6E700BF95
:100070002DE9F04184B01546064688469DF82C00CF
:100080001F46EEF72DFA0446EEF796FA286001A80F
:10009000EEF732FA214601A80022EEF74DFA0446A7
:1000A00058B101A8EEF72EFA304650220221FDF792
:1000B0007FFE204604B0BDE8F08101A8EEF788FA83
:1000C00004460028EDD1F16B402201A801F2144151
:1000D000EEF788FA04460028E3D139460A9A01A8C7
:1000E000EEF780FA04460028DBD1414601A8EEF77E
:1000F00083FA044601A8EEF705FA002CD9D0D3E71D
:100100002DE9F04FC3B00024924680460DF1080956
:100110008B464FF4807221464846019402F08CFDD4
:10012000BAF1000F70D055465F463F26AB68002BF2
:1001300055D0AA450ED0354B3946354A4046002C9D
:1001400018BF1A4602F098FD002857DBB84255D276
:100150003F1A804401A92846EFF72EFA002846D11D
:10016000019B39462B4A404602F086FD002845DBBC
:1001700087428CBF00240124002C3FD12B693F1AF9
:100180008044002B3ED049460BE07F2B10D01E2A26
:100190000ED90B7001342B690131A3420ED9FE2C0C
:1001A0000CD86B691B5D03F17F021F2BD2B2ECD818
:1001B0000E7001342B690131A342F0D84FF0000ECC
:1001C0004B46154A3946404609F804E002F054FD12
:1001D000002813DB874211D93F1A80442C7FAD6978
:1001E000002DA3D1C7EB0B0043B0BDE8F08F0B4A45
:1001F0003946404602F040FD0028B9DA084843B0CD
:10020000BDE8F08F1C46D9E75046F8E7044D0020C2
:10021000084D00200C4D00201C4D0020104D0020EA
:1002200080D6FFFF2DE9F04F576885B0904606460F
:10023000202F03913BD94FF001091C27039D002477
:10024000DFF894B0DFF894A0D8F8083024B9B9F1F9
:10025000000F01D01A78A2B107F1FF3E1B5D3046B6
:100260001A4AA64594BFDE46D6462946CDF800E098
:1002700002F002FD0028064421DBA842A5EB0005A0
:100280001DD20134BC42DFD3D8F80430BB4209D0C0
:1002900030460F4A294602F0EFFC00280FDB85426A
:1002A0000DD92D1A039B581B05B0BDE8F08F57B12F
:1002B000012F94BF4FF000094FF00109BEE7054838
:1002C00005B0BDE8F08F3846EEE700BF184D0020BE
:1002D000204D002080D6FFFF08280020144D00206C
:1002E000002070470020704770B5ADF5207D53ADFC
:1002F00068B9284601F048FC314A324B284612685A
:10030000196802F025F8C0B10DF5207D70BD2E48AA
:1003100002F0D2FC284601F037FC2A4B284A284636
:100320001968126802F014F8044638B3274802F03E
:1003300093FC20460DF5207D70BD06AE304601F0E1
:1003400023FC234A234B30461268196802F000F858
:100350000028D9D105AA02900190034600923146A7
:100360000246284601F000FC0028CDD1304601F0BD
:1003700011FC284601F00EFC0020C5E706AE304611
:1003800001F002FC134B124A30461968126801F062
:10039000DFFF04460028C9D10F4802F08DFC05A9F3
:1003A000029423460194224600912846314601F0EA
:1003B000DBFB04460028B9D1084802F04DFCD5E724
:1003C000E01000209C680020284D00201C1D00200B
:1003D000DC10002098680020444D0020601D0020A3
:1003E0002DE9F041044682B0884615463B4F312343
:1003F0006A4641462046E2F787FC002868D1266815
:10040000009B1E44302301AA31462046E2F77CFCC3
:1004100008BB2368F21A002A56DD18782A460623FC
:10042000314642F8040B2046E2F76EFC98B9236887
:10043000D5F804E0AB60D4F800C00CEB0E03F21A60
:100440002360002A40DD1CF80E201E2A13D9244800
:1004500002B0BDE8F081A0F50E500028F8D1236865
:100460009E4223D001202021287702F0DDFBA861E5
:1004700030B30546C6E727FA02F2D207E7D50133C3
:1004800005F110023146204623601CF80E30EB6067
:10049000E2F7EAFB0028DED122682B696A61226854
:1004A00013442360A86123689E42DBD1B04512D07B
:1004B0002021012002F0B8FBA86108B1054696E7AB
:1004C000084802B0BDE8F081074802B0BDE8F081FD
:1004D000A0F50E50BCE70020BAE700BF0810585046
:1004E0001EDCFFFF80D7FFFF20DCFFFF08B5E2F72F
:1004F000C3FD08B1A0F50C5008BD00BF08B5E2F778
:100500004DFD08B1A0F50C5008BD00BF2DE9F0432A
:10051000042414258FB00C7014701D600468302CF6
:1005200061D18768446801973C44A74240D01D468A
:1005300016468846A023214602AA01A8E2F7E4FB5A
:10054000002839D010F1620F04D0A0F50C500FB084
:10055000BDE8F083019B9C422AD0A12302AA214638
:1005600001A8E2F7D1FB00283FD010F1620FECD1D7
:10057000019B9C421CD0A22302AA214601A8E2F7BB
:10058000C3FB002844D010F1620FDED1019B9C42D6
:100590000ED002AAA323214601A8E2F7B5FB00284A
:1005A00000F0888010F1620FCFD1019B9C4218D1DE
:1005B00000200FB0BDE8F083019F01A8029B05AAAF
:1005C0001F443946E2F758FD10B1B0F50C50BED1CA
:1005D000414605A8EFF7D2F80028B6D1019B9F420B
:1005E000B9D03F48B3E73F48B1E7029908AB019F54
:1005F00005AA01A80F443946E2F7D0FC20B9069AB3
:10060000092A13D03848A2E7B0F50C509FD1F6E77D
:1006100001992A46029B01A8CD182946E2F7B2FBB0
:10062000002892D1019B9D42B1D0DAE707992F486B
:1006300002F03EFB0028E5D1089B302BD3D10A9B6A
:10064000099A039303EB0208434547D293F800E06D
:100650000DF13809062303A80CAA414649F80CED10
:10066000E2F752FB48B1A0F50C5000287FF46FAFC1
:10067000019B9F423FF47DAFB3E7039A31460C9B49
:1006800048460D9213440393EFF778F80028EAD117
:10069000039B9845ECD003A8052304AA4146E2F742
:1006A00033FB0028DFD1049B002BDCD1039B984552
:1006B000DED096E7019D01A8029B0BAA1D442946A6
:1006C000E2F760FB00287FF440AF019B9D4288D198
:1006D0000B9A012A3FF46AAF054838E7054836E728
:1006E0009ADCFFFF9EDCFFFF52DFFFFF684D00201A
:1006F00000DDFFFFA0DCFFFF036870B5CE1A82B0FB
:10070000002E14DD154601AA04461E78E2F7A2FB6E
:1007100048B92368019AAB6023682E6013446A606D
:10072000236002B070BDA0F5125002B070BD014848
:10073000F7E700BF20DBFFFF2DE9F041069E34689C
:10074000CCB917460D461A461C463946EEF7DEFF71
:1007500068B92378062B11D02B68052B00D033BB4A
:100760006B681648002B08BF0020BDE8F081A0F59B
:100770001850BDE8F0811248BDE8F0810821012041
:1007800002F052FA8046A8B13946284608F104031F
:100790004246FFF7BBFE044618B9C6F80080BDE824
:1007A000F081404602F044FA2046BDE8F08103485B
:1007B000BDE8F0810348BDE8F08100BF00DDFFFF28
:1007C00000D8FFFF80D7FFFF03682DE9F043CD1A63
:1007D00083B0002D40F31F811D78172D00F0D280CB
:1007E000182D40F0D18004260133144601AA054695
:1007F0000360E2F739FA20B1A0F5105003B0BDE86C
:10080000F083019F06F108039F42C0F0B080296881
:10081000206088190B780131303B092B00F2A7804A
:100820002368814203EB83034FEA4303236029607B
:1008300011F8012CA2F1300213442360EAD1022EF8
:1008400000F099800023811C024663601378013216
:10085000303B092B00F28B806368914203EB8303EA
:100860004FEA430363602A6012F801ECAEF1300EE8
:1008700073446360EAD1002200F1040EA2600A789A
:100880000131303A092A72D8A2688E4502EB820201
:100890004FEA4202A260296011F801CCACF1300CA1
:1008A0006244A260EBD1002100F1060CE1609EF8E9
:1008B00000100EF1010E3039092958D8E168E645DB
:1008C00001EB81014FEA4101E160C5F800E01EF84B
:1008D000018CA8F130084144E160E8D14FF0000EEE
:1008E00000F10808C4F810E09CF800E00CF1010CDD
:1008F000AEF1300EBEF1090F39D8D4F810E0C4457E
:100900000EEB8E0E4FEA4E0EC4F810E0C5F800C094
:100910001CF8019CA9F13009CE44C4F810E0E3D1E1
:10092000BF1BA7F10806012E21D9002600F10A0CF1
:10093000666108F1010698F800003038092816D8D9
:100940006069B44500EB80004FEA400060612E60B2
:1009500016F8019CA9F130094844606116D0B046F0
:1009600098F8000008F1010630380928E8D9334822
:1009700003B0BDE8F083312BD8BF643303F26C734E
:1009800023605FE702262FE72D4837E7A7F10A0625
:10099000012E35D0002EEAD1246842F20F75AC4208
:1009A000E5D81729E3D8BEF13B0FE0D83B28DED8C5
:1009B0000C2BDCD8012141F2AA5001FA03F31840B4
:1009C00058BB13F4256F2AD15907D0D5A30728D0D7
:1009D000E3171C494FF4C87081FB0451C3EBE113CA
:1009E00000FB1344002C14BF1C231D23002ABEDD72
:1009F0009A42D4BF0020012000283FF4FFAEB6E7A2
:100A000098F801605A2EB2D108F10208A7F10B063E
:100A1000C5F80080BEE70C48F0E61F23E6E71E237A
:100A2000E4E70849E317642081FB0451C3EB61113B
:100A300000FB11410029CCD01D23D7E700DCFFFFCC
:100A40009EDBFFFF1F85EB51A0DBFFFF036870B546
:100A5000CE1A002E1ADD1D7805F07F05022D13D168
:100A60005E1C1546044606601B7842F8043BE2F71C
:100A7000FBF830B922686B68AA60226813442360CF
:100A800070BDA0F50A5070BD014870BD014870BD31
:100A90001EDDFFFF20DDFFFF70B5056882B08D42CF
:100AA0001CD02D78144643F0A003064642F8045BA0
:100AB000E2F72AF908B102B070BD306830236168EE
:100AC00001AAA060304634680C442146E2F71CF9C4
:100AD00038B93268019B13449C4206D1002002B011
:100AE00070BDA0F5145002B070BD0148E3E700BF2F
:100AF0009ADAFFFF2DE9F04385B0002607460C4641
:100B000004AD104698469DF8309045F8046D29468E
:100B1000EEF70CFE90B1244A2146384602F0ACF8BC
:100B20000546002D38DBAC4236D9B8F1060FA4EBF0
:100B300005060BD0A01B05B0BDE8F083039B214642
:100B40001A4A384602F098F80546EAE74846EDF7B3
:100B5000C7FC0D9B81461878EDF7C2FC8046B9F1C1
:100B6000000F1DD04846EDF72FFD8146B8F1000F6C
:100B700014D04046EDF728FD0D9B31465A684B4690
:100B80000090781901920A4A02F076F8002803DBF7
:100B9000864201D9361ACDE70648CCE70248EBE792
:100BA000DFF80490E2E700BF744D00201C4D0020E8
:100BB000784D002080D6FFFF10B51346064A0C463C
:100BC00002F05AF8002805DB84428CBF0020012087
:100BD00000B910BD0148FCE7904D002080D6FFFF12
:100BE0002DE9F043044695B090F828010D46EDF745
:100BF00077FC226904AB61690646EDF707FDF8B999
:100C0000304694F82971D4F82C9194F82881EDF7A6
:100C1000D3FCD4F8206105F1BC02D4F8244104AD22
:100C20000190494643463846009503960294EFF7F3
:100C300091FA003018BF0120404215B0BDE8F083A2
:100C40004FF0FF30F9E700BFF0B5044683B00D4622
:100C500021B9061C18BF0126002E35D095B38CB3E0
:100C60002A6823689A422DD162686B68934229D121
:100C7000A968A06802F01CF8064618BBE768EB6894
:100C80009F423CD00C2F01D0132F1BD10C2B01D035
:100C9000132B17D123692A69934213D162696F69B3
:100CA000BBB1013F02EB030E12F8013B17F8010F35
:100CB00023F020014340A1F1410108D0202B01D1B4
:100CC000192904D94FF0FF36304603B0F0BD9645E0
:100CD000EAD1227F2B7F9A42F4D1A469AD690CB985
:100CE000002DF1D0002CEDD0002DEBD022682B6828
:100CF0009A42E7D162686B689A42B9D0E2E722690A
:100D000029698A42BED169696069019301F0D0FF07
:100D1000019B0028B6D1DCE770B5054610461446A5
:100D20000E46EFF71BFB012812D0062810D0023820
:100D3000C0B2022816D86368012229681B78013BDB
:100D400002FA03F30B420CBF4FF0FF30002070BDDE
:100D50002046EFF7C1F9336898424FF0FF3028BFC3
:100D6000002070BD4FF0FF3070BD00BF70B5066849
:100D70008E420CD03678154643F0A003044642F864
:100D8000046BE1F7C1FF20B110F1620F07D1002021
:100D900070BD22686B68AA6022681344236070BD2E
:100DA000F8B5466896423AD0044608460F4601F028
:100DB0006BFF022E14D9A5682B782A2B10D16B78E3
:100DC0002E2B0DD160B13B782E2B09D03A46002353
:100DD00003E012F8014F2E2C05D001339842F8D1D0
:100DE0004FF0FF30F8BD002BFAD0C01A013EB042E0
:100DF000F6D12C463B44002514F8012F013513F899
:100E0000016B22F020017240A1F1410103D0202AA0
:100E1000E6D11929E4D8A842EED80020F8BD8268AE
:100E2000AEB102F1FF3C0D468B1915F8012B1CF8F1
:100E300001EF22F0200492EA0E02A4F1410403D053
:100E4000202AB1D1192CAFD89D42EED1E5E730462A
:100E5000F8BD00BFD0F804210B4B184613400840E2
:100E60000B4098420ED148F201000A43074B10B4E0
:100E7000044610400C40844214BF184600205DF820
:100E8000044B704701487047FE7FFFFF00D8FFFF0B
:100E90002DE9F8430C46002947D01546089A8146AB
:100EA00000F14C069B1A002703F1010818E0A36922
:100EB000022B1EDCD4F80031002B01DD43450CD39E
:100EC00021464846FFF78CFE38B904F1A400FFF72D
:100ED00007FA20B3002F08BF2746D4F830412CB3BF
:100EE00004F16C013046FFF7AFFE0028F5D1002D6C
:100EF000DDD1D4F8FC30002BEFD0D4F8F8305B070C
:100F000017D4D4F80031002B01DD4345E5D3002D83
:100F1000D6D104F1A400FFF7E3F90028DAD104F1F7
:100F20008C00FFF7DFF90028D4D127463846BDE80A
:100F3000F88304212046FFF78DFF0028E1D0CCE79D
:100F40002DE9F04F89468DB0002B00F052819C694D
:100F500016461D46134600940746B24A01F08CFE21
:100F60000028C0F24D81814540F24A81C0EB09045E
:100F700007443346AC4A2146384601F07DFE00283E
:100F8000C0F23E81844240F23B81241A074405F1BD
:100F90001C0221463846FFF745F90028C0F230818F
:100FA000844240F22D81241A074433469F4A214649
:100FB000384601F061FE0028C0F22281844240F2EE
:100FC0001F81241A074405F14C0221463846FFF7D9
:100FD00097F80028C0F21481844240F21181241A4B
:100FE00007443346924A2146384601F045FE002820
:100FF000C0F20681844240F20381241A074405F1BD
:101000006C0221463846FFF77BF80028C0F2F880D2
:10101000844240F2F580D5F8A02007EB0008241A9E
:10102000334605924046D5F89C702146814A049784
:10103000D5F898700397D5F894700297D5F890700A
:101040000197D5F88C70009701F016FE0028C0F2C9
:10105000D780844240F2D480D5F8B820241A804446
:10106000334605922146D5F8B4704046724A04973B
:10107000D5F8B0700397D5F8AC700297D5F8A87082
:101080000197D5F8A470009701F0F6FD0028C0F292
:10109000B780844240F2B480241A80443346674AC1
:1010A0002146404601F0E8FD0028C0F2A9808442B4
:1010B00040F2A680D5F82C21241A95F829318044D5
:1010C0000192214695F82871404605F128020097C3
:1010D000FFF710FDB0F1000AC0F29280544540F2D3
:1010E0008F8005F1BC0B5846EFF72EF9122102460E
:1010F00007A8FFF761FD002840F083805846CAEB3F
:101100000404EEF7E9FFD04407AB019021464046C6
:10111000009333464A4A01F0AFFD002870DB844259
:101120006ED9D5F8F830271A08EB0004DA0528D56F
:10113000D5F8FC203346DFF834C13946DFF830E11A
:101140002046002A18BFE6463E4ACDF800E001F0EE
:1011500093FD002854DB874252D9D5F800313F1A5D
:101160000444002B0BDD013B374A3946204601F091
:1011700083FD002844DB874242D93F1A0444D5F856
:10118000F830980676D4D90300F1AD805A0700F103
:10119000D9801B0538D533462C4A3946204601F004
:1011A0006BFD00282CDBB8422AD23F1A044405F517
:1011B0008475274EDFF8A48011E0069B0093394622
:1011C0003346244A2046244E01F056FD002817DB02
:1011D00087420444A7EB000712D9ED68A5B106A920
:1011E0002846EEF70FFB1D4B0028E6D0CDF81880FF
:1011F000E4E71B4A01F040FD002801DB814500D8EF
:1012000018480DB0BDE8F08F2046174A394601F066
:1012100033FD0028F4DB8742F2D9381AC0EB09000D
:10122000EFE700BFCC4D0020E84D0020004E00202D
:10123000184E0020304E0020684E0020A04E0020A6
:10124000B84E0020CC4E0020EC4E0020585000201C
:101250000828002070500020084D0020744D002008
:10126000AC4D002080D6FFFFF02C00209C4D0020CC
:10127000A44D00203346C84A3946204601F0FCFC04
:101280000028BDDBB84234BF00230123002BB7D1B7
:101290003F1A044405F1E802DFF804E35168C81876
:1012A000874240F287803F1A4BB19EF80010022B14
:1012B000217002D19EF8011061701C44516841B147
:1012C00000239168C95C013304F8011B51688B420B
:1012D000F7D3D2680223DFF8D8E2002ADED12270E9
:1012E000D5F8F8304FE73346AC4A3946204601F08E
:1012F000C3FC002884DBB84282D295F818813F1ADB
:101300000444A74B18F0800F40F0728118F0400F92
:1013100040F0818018F0200F6ED118F0100F5CD1D2
:1013200018F0080F4AD118F0040F40F0838018F02D
:10133000020F40F09C8018F0010F40F08A80D5F831
:10134000F83023E73346974A3946204601F094FCAB
:101350000028FFF655AFB842BFF452AFD5F804816C
:101360003F1A04448E4B18F0800F40F09E8018F016
:10137000400F40F08B8018F0200F40F0B48018F040
:10138000100F40F0A18018F0080F40F0CA8018F04C
:10139000040F40F0B78018F0020F40F0EE8018F014
:1013A000010F40F0DB8018F4004F40F0C980D5F801
:1013B000F830EEE600237C48237022E77B4A39466A
:1013C000204601F059FC0028FFF61AAF87427FF64D
:1013D00017AF3F1A0444764BA5E7764A39462046B4
:1013E00001F04AFC0028FFF60BAF87427FF608AFFA
:1013F0003F1A04446E4B93E76F4A3946204601F08A
:101400003BFC0028FFF6FCAE87427FF6F9AE3F1AA0
:101410000444674B81E7694A3946204601F02CFCB9
:101420000028FFF6EDAE87427FF6EAAE3F1A04448D
:101430005F4B6FE7624A3946204601F01DFC0028E9
:10144000FFF6DEAE87427FF6DBAE3F1A0444584B10
:101450006DE75C4A3946204601F00EFC0028FFF695
:10146000CFAE87427FF6CCAE3F1A044467E7564AB8
:101470003946204601F000FC0028FFF6C1AE874245
:101480007FF6BEAE3F1A0444494B54E74F4A3946F3
:10149000204601F0F1FB0028FFF6B2AE87427FF64E
:1014A000AFAE3F1A0444424B65E73946484A2046EE
:1014B00001F0E2FB0028FFF6A3AE87427FF6A0AE64
:1014C0003F1A04443A4B52E7424A3946204601F05B
:1014D000D3FB0028FFF694AE87427FF691AE3F1A09
:1014E0000444334B4FE73C4A3946204601F0C4FBE5
:1014F0000028FFF685AE87427FF682AE3F1A04448D
:101500002B4B3CE7354A3946204601F0B5FB002815
:10151000FFF676AE87427FF673AE3F1A0444244B43
:1015200039E72F4A3946204601F0A6FB0028FFF68E
:1015300067AE87427FF664AE3F1A04441C4B26E731
:10154000284A3946204601F097FB0028FFF658AE9E
:1015500087427FF655AE3F1A044428E7224A3946AF
:10156000204601F089FB0028FFF64AAE87427FF64D
:1015700047AE3F1A04440E4B15E71C4A3946204635
:1015800001F07AFB0028FFF63BAE87427FF638AECB
:101590003F1A0444064B02E7004F0020184F00207A
:1015A00008280020A44F002080D6FFFF6C4F0020A9
:1015B000084D0020584F0020504F0020404F002081
:1015C000784F0020904F0020844F0020D04F002003
:1015D000BC4F0020F84F0020E44F00201C5000209A
:1015E0000C50002048500020385000202C50002083
:1015F0003946074A204601F03FFB0028FFF600AEBF
:1016000087427FF6FDAD3F1A0444024B7EE600BFE1
:10161000304F0020084D00202DE9F04390461D4634
:1016200083B0894607460E461B4C01221B4B05E042
:10163000083454F8043CCBB154F8082C2A42F7D0B3
:10164000009338464346164A314601F015FB002800
:1016500007441DDBB042A6EB000619D254F8083C43
:1016600008345D4054F8043C002BE5D125B9C6EBA5
:10167000090003B0BDE8F08343463846094A3146C5
:1016800001F0FAFA002803DB864201D9361AEEE7A8
:10169000054803B0BDE8F08350F6026078500020A2
:1016A000A0500020A850002080D6FFFFD0F8F830CE
:1016B00013F0040301D0FFF7CDBB1846704700BFFD
:1016C000F8B50446D0F8F80010F4006012D01646C1
:1016D0000F4604F5847403E0042D0CD0E468A4B133
:1016E0006568B542F8D132463946A06801F0E0FAA3
:1016F0000028F1D1F8BD2A46A168054801F0D8FAC2
:101700000028F7D0E468002CEAD10248F8BD00BFF9
:101710007805002000D8FFFF38B511F1840419D0F6
:10172000D1F89420054622B914E0E46B94B1226903
:1017300082B12B6A9342F8D16169686A01F0B8FA04
:101740000028F2D104F11800FEF7CAFD0028ECD001
:10175000012038BD002038BD2DE9F04FB5B0002480
:10176000984681463F9B20A80E9121460F92502219
:101770001C603E9C01F060FAB8F1000F00F0EA81B5
:10178000B4B1204601F080FAD9F8F83005469A063F
:1017900040F1AE8109F1E80603E0F668002E00F0A2
:1017A000C1812A4621463046FFF7FAFA0028F4D1D3
:1017B00009F1BC042046EEF7D1FD01230138D8F829
:1017C00004208340134200F08E8108F10C0208F1DE
:1017D000080311460892184622460793FFF79CFA21
:1017E000002840F07B81002420AF4FF0010A0B94C9
:1017F0000D9420AB09F1A40043F83490631C0693C8
:10180000FEF76EFD18B17B6843F001037B6009F1C0
:101810008C00FEF767FD18B17B6843F400737B60B2
:101820000D9B002B40F0118199F82831D8F8002049
:10183000013B0AFA03F3134203D17B6843F480436C
:101840007B6099F82931D8F80420013B0AFA03F3A8
:10185000134203D17B6843F400437B60069B012B5A
:1018600000F0D5800B9B01220E9948460093234639
:10187000FFF70EFB0546002800F00C8109F16C0112
:1018800009F14C00FFF7E0F9002840F0BB8001238C
:101890000B9A01320B92002B40F0B480069B082B70
:1018A00000F2568129464846FFF79AF97B680028DE
:1018B00040F00B810A9305F1BC03089907981A467A
:1018C0009B46FFF729FA20B10A9B43F480330A9321
:1018D0007B600F9B002B00F039811C4600260C9783
:1018E000CDF810B0CDF8249003E0D4F8F040002CEF
:1018F0007BD0A369002BF8D0E26A6B6C9A42F4D1DA
:10190000A96C206B01F0D4F90028EED1D5F8F8309D
:101910005B0706D502212846FFF79CFA002840F015
:10192000D98094F8E800D8F80020431E0AFA03F39F
:10193000134201D146F4003694F8E930D8F8042077
:10194000013B0AFA03F3134201D146F48026ECF777
:10195000C7FD10AB226983466169ECF757FE00288A
:1019600040F0B880049A08990798FFF7D5F908B1B4
:1019700046F48036D4F8EC10584694F8E89094F881
:10198000E9B00591ECF718FED4F8E0704B460599E4
:101990000397D4F8E470049A029710AF0190584668
:1019A0000097EEF7D7FB002840F0948004F16C001C
:1019B000FEF796FC08B146F0200604F15400FEF74D
:1019C00091FC08B146F4806621460998FFF7A4FE11
:1019D00000288AD00C9F46F002060A9BA946069C66
:1019E00008371E4347F8046C03E70C9FF5E70B9B91
:1019F00001220E99484600932346FFF749FA05460F
:101A0000002847D07B680A9301230D9353E709F11F
:101A10006C0109F14C00FFF717F90028E7D10E9B84
:101A2000002BE4D0D9F804601D4603E0D5F830510E
:101A3000002DDCD06B68B342F8D13246A968D9F8E2
:101A4000080001F035F90028F0D120AA069D3F9F3B
:101A500002EBC504DDF800816E1E54F8041C10ABC7
:101A6000419832461091B8F1000F05D054F8081C87
:101A7000C047002859D110993B68083C35461943A6
:101A80003960002EE8D10029334808BF002035B066
:101A9000BDE8F08F0B9A2346D9F8301148460092E2
:101AA0000022FFF7F5F9054600284AD0069B012BD6
:101AB0003FF4F8AE09F16C0109F14C00FFF7C4F8EE
:101AC00000287FF4EBAE0346E2E643F008030A93F6
:101AD0007B60F0E60C9F46F010067EE7219B43F406
:101AE000803321937FE6219B43F4004321936CE6EE
:101AF00009F16C0601E0B669A6B17268032AFAD151
:101B0000B168164801F0D4F82A4621460028F2D1DF
:101B100006F10C00FFF744F900283FF449AEB6691E
:101B2000002EEAD10423219342E610F51C5F0C4BF2
:101B300008BF18464FF0FF333F9A136035B0BDE839
:101B4000F08F7B6843F008037B607EE70F9E44E7DD
:101B50000348EFE70348EDE700D9FFFFE82700203F
:101B600000D0FFFF00D8FFFF70B584B0089E099D2C
:101B70000A9C029503948DE84800024BFFF7ECFDA8
:101B800004B070BDF0F602604FF49A72002101F0CB
:101B900053B800BF002868D0F8B50746064606F1DE
:101BA000BC00EEF745FAD6F82C0101F041F8746E4E
:101BB00054B12046A5692021F0F7EAF8204601F04B
:101BC00037F82C46002DF4D1D6F8844054B1204685
:101BD000A5692021F0F7DCF8204601F029F82C4611
:101BE000002DF4D1D6F8144154B12046E5681021F7
:101BF000F0F7CEF8204601F01BF82C46002DF4D16A
:101C0000D6F8F44054B12046E5681021F0F7C0F84A
:101C1000204601F00DF82C46002DF4D1B06828B113
:101C20007168F0F7B5F8B06801F002F8D6F83061E5
:101C3000002EB4D14FF49A713846D7F83041F0F7FE
:101C4000A7F820464FF49A7174B1D4F83051F0F7E8
:101C50009FF8A74220462C46F3D000F0E9FF20462B
:101C60004FF49A71002CF0D1F8BD70472DE9F04F78
:101C70009DB0002800F08D81B1FA81F56D09002D2D
:101C800040F08781824690460F46044605E0D4F82E
:101C900030612546002E75D03446A369002BF6D15D
:101CA00010A90DAA0D930846049113A9109313933C
:101CB0000E460392059153609360436083607360A6
:101CC000B3601CAE07EB080B302308A846F8548D10
:101CD000594632460897E1F717F8002840F08F81FF
:101CE000089BDDF81C80C3EB0B0BC345C0F03F81A4
:101CF00043440120C7EB0309C4F80490494600F0AF
:101D000093FF83460890A060002800F07D8139464B
:101D10004A4600F0C5FFC8EB09013023324659445A
:101D200008A801EB08076161089139460297E0F7BE
:101D3000EBFF804600284FD1079FA023089819AADF
:101D4000616900EB070B08A8C1EB0B075946276137
:101D5000E0F7DAFF0346002849D010F1620F00F0E7
:101D60000B8120461F46FFF715FF15B10023C5F86C
:101D70003031A24502D0204600F05AFF38461DB04F
:101D8000BDE8F08F4FF49A71012000F04DFFC4F8C8
:101D90003001002800F03A8131464FF49A7200F089
:101DA0004BFF0DAB0D961946039310AB109613968F
:101DB0001846049313AB4E608E601D460593D4F80D
:101DC00030316E60AE60254646608660002B40F084
:101DD0006082A14F1C46C8E7A8F506572046FFF7CA
:101DE000D9FE002FC1D138461DB0BDE8F08F08994B
:101DF00004F11802199B08A801EB03084146E0F71B
:101E0000C1FF002840F0BB80089B984540F0F5805A
:101E100004F11C02594608A8FEF718FE03460028E4
:101E20009FD104F12807039B594608A83A46FEF7BC
:101E300065FB0346002894D1A369022B00F20281BE
:101E4000013304F5967203993846A36104F229130D
:101E5000009204F59472FEF76FFC8046002840F073
:101E600093800898302332465946E06308A8E0F78B
:101E70004BFF0746002840F0B780089904F14C0258
:101E8000079B08A81944FEF7ABFA0746002840F064
:101E9000A78008983023E76B19AA5946C71B08A8E2
:101EA000A763E0F731FF002800F0B280B0F51057CB
:101EB00040F09680089BA36432463023594608A818
:101EC000E0F722FF0746002840F08E80079B4BB1C9
:101ED000089904F16C0208A81944FEF781FA074634
:101EE00000287DD1A06C04F1BC02089B59461B1A46
:101EF00008A86364EFF724FC0746002870D1A369A3
:101F0000023B012B47D9089B9B4530D1049B08A875
:101F1000059A0299FEF7F2FA0746002860D1E26AB4
:101F2000149B9A4240F093801599206B00F0C0FEFC
:101F30000746002840F08B800E9A119B9A4240F091
:101F400086802AB112990F9800F0B2FE00287ED147
:101F500008A804F58E720299FEF7CEFB034600280E
:101F60007FF4FFAE089B029A9A423FF407AF2046E7
:101F70003A4FFFF70FFEF8E6C4F8188048E7B0F5CF
:101F800008533FF445AFECE620464746FFF702FE14
:101F9000EBE6314FF2E6012304F1C402594608A8EA
:101FA000FEF7E4FE0746D8B9A369023B012BAAD885
:101FB000022304F1D002594608A8FEF7D7FE0746CF
:101FC00070B9A369032B9ED104F1DC02594608A81D
:101FD000FEF762FD00284DD010F1620F93D0074646
:101FE0002046FFF7D7FDC0E6A7F506572046FFF7C6
:101FF000D1FD002F3FF4F7AEB7E6194BB1E620460E
:10200000184FFFF7C7FDB0E6174FAEE6164FB5E61F
:10201000089904F18C02199B08A801EB03094946B1
:10202000FEF7D2FB0028DAD104F1A402494608A841
:10203000FEF7CAFB0028D2D1089B994540F02B81BE
:102040004B4638E72046094FFFF7A4FD8DE62046B2
:10205000074FFFF79FFD88E600D8FFFF1ADEFFFF5E
:102060009ADDFFFF80DEFFFF80D7FFFF80DAFFFFF2
:1020700080D9FFFF8046089B9B454DD930235946A8
:1020800008A809AACDF85880CDF85C80CDF860800A
:10209000CDF82880CDF82C80E0F736FE002840F0FF
:1020A000F280089E0623099817AA377859460644F5
:1020B00008A81697E0F728FE002840F0E480089A68
:1020C000179B18921344C3EB0B020893002A27DDD9
:1020D0000AAA314608A8E0F72BFE10F1620F02D0E1
:1020E000002840F0D08009AA0423314608A8E0F770
:1020F0000BFE002840F0C780089A099B13449E42BB
:102100000CD10BA916A8EDF735FA68B10A9B089611
:1021100043B933469B45B1D83FF4F8AE844F5FE7EF
:10212000844F5DE7844F5BE7D4F8F8200B9B12EAFD
:10213000030740F0F5801A43B3F5807FC4F8F82018
:1021400000F0AB8076DC042B51D0202B46D130231D
:10215000314608A804F1E8070DEB0302E0F7D4FDCF
:10216000002834D1089B0C9A1A449642D6D19E423C
:1021700036D9F21A002AD3DD13F8019B19AA314689
:1021800008A80893E0F770FD08BB09F0C003802B96
:10219000C8D1B9F1820F04D0089A199B134408934F
:1021A000E5E7BB6853B1FB68002B40F0B980102114
:1021B000012000F039FDF860B8B107468223089A83
:1021C0003B60199BBA607B6013440893CFE7A0F58E
:1021D0001457002F7FF404AF089B4DE7574FFFE6DD
:1021E000C7F80C803FF448AF98E7554FF8E6314602
:1021F00019AA08A819978DF868701B97E0F7F8FDE1
:10220000002840F08F80199F002F3AD01B9A064675
:10221000C4F804010346501E10F8012FD900013301
:102220008A40032B46EA0206C4F80461D4D89F42D0
:10223000F2D8D1E7B3F5006F16D0B3F5803FCDD11A
:10224000314619AA08A819978DF868701B97E0F70E
:10225000CFFD002866D1199B012B12D11B9A089B38
:10226000127884F8182107E73146062304F58472B2
:1022700008A8E0F715FE002854D1D4F81031002B3F
:10228000AAD1304FACE6A0F51457002F3FF43BAE77
:10229000A6E61C4615E52C4FA2E6C4F8FC703023D8
:1022A000C4F8007119AA314608A8E0F72DFD04F121
:1022B000FC0704F58079002889D1089B9E423FF4F1
:1022C000DBAE3A46314608A8E0F732FD88B110F19E
:1022D000620F7FF47CAF3A46314608A8E0F752FD22
:1022E00000287FF474AFD4F8FC3013B10123C4F894
:1022F000FC30089B9E423FF4BFAE4A46314608A8D8
:10230000E0F740FD00287FF462AF089B9E427FF417
:1023100005AFD4F8002133460132C4F80021ABE602
:102320000A4F5DE6B0F514573FF456AF58E600BFCC
:102330009ADAFFFFA0DAFFFF9EDAFFFF80DFFFFFE0
:1023400096DAFFFF9CDAFFFF9ADBFFFF00DBFFFF5F
:10235000002872D02DE9F04F0C468BB000296AD0CE
:1023600015460746002A3CD08B1813F8016C002E46
:1023700037D13349204600F07BFC90B3012D56D96C
:102380000DF1180AB146B046059607A8EDF7D0FB47
:10239000CDF808A0CDF804802346CDF8008007A82A
:1023A000284A2749EDF7CAFB834610B31BF5A45F03
:1023B00007A83ED01BF5845F0BD0EDF78FFD069A82
:1023C000B9F1000F08BFD9460136AD1A1444012DEA
:1023D000DBD8059B4BBB1C48B9F1000F18BF484622
:1023E00004E02A4621463846FFF740FC0BB0BDE822
:1023F000F08F069B3846089A0799ED1A1C44FFF7A0
:1024000035FC834607A8EDF769FDBBF1000F09D045
:102410001BF5225F06F101060BD0B9F1000F08BFD2
:10242000D946D4E701230593D1E73046DEE70648D5
:10243000DCE75846DAE70548D8E70448704700BFAC
:10244000D4500020F050002080D8FFFF00D8FFFFBC
:10245000114B1249D86E0A4640F4403030B4D86669
:1024600040F23765D86EA02440F44070D8664D64C1
:102470008C64936C1B06FCD4094B40F23760A0219E
:102480001A4658649964936C13F08003FBD1054A93
:10249000137030BC704700BF00C00F4000400C40BC
:1024A00000800C4037740120704700BF704700BFA8
:1024B000704700BFF0B5244A0020244B4FF0100CA9
:1024C000234C1126DFF8C8E0122720600125C2F84E
:1024D00000C0C3F800E01660DFF8B8E01D4EC3F896
:1024E00000E01D4917601E6041F015011B4F1C4E96
:1024F00017601E601B4F1C4E17601E601B4F116043
:102500001B4E1C491F6016601B4F19601B4E1C4957
:1025100017601E601B4F11601B4E1C491F60166028
:1025200019602560BFF34F8FBFF36F8FC3F8B00101
:10253000BFF34F8FBFF36F8F52F8883C43F44033A3
:1025400042F8883CF0BD00BF9CED00E0A0ED00E04B
:1025500094ED00E009001000207601201300200017
:1025600021000207140000202500081309000010B4
:102570001600202027000B13170000403300101313
:10258000180000602F000B07190000702F000B13BC
:102590003F00001025000803F0B58D4B18228D4E2A
:1025A00001208D4948F20C7E8C4D4FF0FF378C4C4A
:1025B00083B0C3F85C12C3F860520025C3F86412FC
:1025C000C3F868424FF40054C3F86C628549C3F8FD
:1025D0007062C3F87462C3F87862834EDA661A6771
:1025E0005A679A67DA67C3F88020C3F88420C3F873
:1025F000882040F20562C1F82C03C1F83003C1F80D
:102600003403C1F83803C1F83C03C1F8500329462C
:10261000B36976481840764B03437648B361D6F8E1
:10262000843043F00C03C6F8843002260368334339
:102630000360036803EA0E0E6F4B4EEA0303DFF8F4
:10264000F0E103606D4B4760DEF808703B406C4F73
:1026500043F000538360C36823F07803C360036AC8
:102660001F40684B3B43664F0362036A1F40654B44
:102670003B43654F43628762C762DEF8B830634F01
:1026800023F03F0343F00103C0F8B830DEF8BC305C
:10269000DFF884E123F03F0343F00103C0F8BC30CE
:1026A000056104660767C0F8802044664767C0F884
:1026B00084200468564B24F00204564A0460C0F893
:1026C00018E0C66143F8041B9342FBD1494B1A68DA
:1026D000194642F001021A600B68464A13F00103E2
:1026E000FAD14D4E022540F2F56440F2664040F2C8
:1026F00099414A4F966142F20146D56140F2354513
:10270000C2F8004242F20124C2F810020120C2F8CD
:1027100020121146C2F8307207F15A47C2F83462EB
:1027200007F51377C2F840523D4E3E4DC2F8507245
:10273000C2F85462C2F86052C2F86442C2F8A030D3
:10274000C2F8A430C2F8B0004B692A4ADD07FBD5B5
:10275000012300244FF4803011465361C2F8A04099
:10276000C2F8A400C2F8B0304B69224ADC07FBD59E
:10277000012300244FF4003011465361C2F8A040F9
:10278000C2F8A400C2F8B0304B691A4AD807FBD58A
:1027900001230024244811465361C2F8A040C2F826
:1027A000A400C2F8B0304B69124ADB07FBD5D2F85F
:1027B000003145F60D5121209BB250618B4239D03A
:1027C0001A4B00221A605A609A60DA6003B0F0BDBA
:1027D00000801F40F9700100F9B00100F9100100FC
:1027E000F900010000841F4000C00F40FFFCFF1FE4
:1027F000000300A000402A401200FFFFFF37F7004F
:1028000000FFF07C40000080FF000F8363000200A7
:1028100000422A4000432A40F05AF05A9F041830E0
:10282000063201263806180A04000300D07501207C
:1028300000802A4000244FF4802001231146C2F872
:10284000A040C2F8A400C2F8B0304B693B4ADF0791
:10285000FBD501234FF40004002011465361C2F858
:10286000A040C2F8A400C2F8B0304B69334ADE077A
:10287000FBD501234FF400044FF48030114653611F
:10288000C2F8A040C2F8A400C2F8B0304B692B4A8D
:10289000DD07FBD501234FF400044FF4003011464F
:1028A0005361C2F8A040C2F8A400C2F8B0304B692E
:1028B000224ADC07FBD501234FF4000420481146CF
:1028C0005361C2F8A040C2F8A400C2F8B0304B690E
:1028D0001A4AD807FBD5D2F8003145F60D51212010
:1028E0009BB250618B4210D0164B08224FF400046B
:1028F0001A7015490020154A01230090521A1448F5
:10290000224400F0ADF903B0F0BD4FF400044FF4E1
:10291000802101231046C2F8A040C2F8A410C2F8DA
:10292000B03043690549DB07FBD50120054B102278
:102930004FF0807448611A70DBE700BF00402A4006
:1029400004000300397401200000007000000070D2
:10295000D0750120F0B4174A40274FF480314FF46E
:1029600080564FF400554FF4404443F2420013693F
:1029700013F0020F06D0946151619061136913F056
:10298000020FF8D113F4005F01D15561EFE713F4A2
:10299000805F01D15661EAE7002BE8DA13F4803F4B
:1029A00001D09161E3E75B0601D45761DFE7F0BC3A
:1029B000704700BF00800D40394A03203949F3EECB
:1029C000095A13689FED386A23F00103DFED376A77
:1029D000F0B4136000241061D1F8E030344FD8B265
:1029E000C3F30B211B0D334E07EE100A05EE101A30
:1029F00007EE903A304BB8EEC55A304DB8EEC77A74
:102A00003060F8EEE77A29602D4937EE466A2D4EA0
:102A100077EEC57A2C4877EE666A2C4D37EE657AEC
:102A200026EE276AC7ED007A66EEA76A176867EE9A
:102A3000277A83ED007AC6EE075A86EE876AC7EEDC
:102A4000876A35EE857AFCEEC77A36EE057A17EEA0
:102A5000903ABCEEC77A47EA035376EE857A136064
:102A600017EE103AD2F81071FCEEE77A01EA034152
:102A7000394317EE903AC2F81011C3F30B03D2F8A2
:102A800010110B43C2F81031136843F002031360B6
:102A90003470C0F840510E4B0122F0BC1A607047F0
:102AA00080810D4000441F400000AA420000B44253
:102AB000EC6A0120E46A0120E86A0120E06A012052
:102AC0000000FF0F40E400E0006C00203D28010002
:102AD00008E100E0304B40F6617270B5C3F8202188
:102AE00040F2044500F0F0F82C492D48D1F8802040
:102AF0002C4C42F003022C4BC1F88020C0F86051EE
:102B0000226813401BB9D0F8A8319A071AD0244B79
:102B10004FF00041234A51631A46D3F8401141F067
:102B20000201C3F84011D2F840319B07FBD44FF4A7
:102B300000301E491B4B4FF00042086019209A6379
:102B400000F082F81A4D0022164B4FF08041144CD1
:102B50000A26996328461A601146C4F8A8614FF402
:102B6000207200F069F84FF4810640F243114FF4EF
:102B70008000104B104A2E602864C4F85851C4F8E5
:102B80004811C3F804220D4A4FF4003101231160AB
:102B9000C4F8403170BD00BF00800D4000C00F4040
:102BA00000002E4000900D40001C1E008CE200E052
:102BB00000000020006C0020092A01000CE100E068
:102BC00008B50E4B1B6E9B0700D4FBBE72B60C4BB8
:102BD00000200C4AC3F8400103F160430A49A3F501
:102BE0005F2311649D46BFF34F8F084A03F5E0430E
:102BF00007491268184619609368984700441F40B7
:102C000000002E4000C00A40030020001C002000ED
:102C1000000012EBF8B500BFF8BC08BC9E46704738
:102C20005FF800F0D91201005FF800F00D4F0100CD
:102C30005FF800F01D5001005FF800F0F55601004C
:102C40005FF800F0295E01005FF800F09D150100BB
:102C50005FF800F0551B01005FF800F03D580100DF
:102C60005FF800F06D3B01005FF800F02D560100A9
:102C70005FF800F0556501005FF800F0A15C01000D
:102C80005FF800F0C15701005FF800F0C16101007A
:102C90005FF800F04D5801005FF800F0F54B0100BF
:102CA0005FF800F0651B01005FF800F09D23010054
:102CB0005FF800F0C95501005FF800F09957010076
:102CC0005FF800F0A14F01005FF800F0A9310100AA
:102CD000450000004D610000D1790000B10F0100F6
:102CE00080C00F4000000003190000001000000029
:102CF000E8841F4001000000FF000000FF0000000A
:102D0000000000000000000018000000100000009B
:102D1000E4841F4001000000FF000000FF000000ED
:102D200000000000000000001F000000817500008E
:102D300070C00F40000C00001100000011000000E6
:102D4000E0841F40020000002C0000001200000080
:102D5000E0841F400100000010000000110000008E
:102D6000DC841F40020000002D0000001200000063
:102D7000DC841F40010000001E000000757500008B
:102D800070C00F40C00000001200000013000000DF
:102D9000D0841F4001000000FF000000FF00000081
:102DA00000000000000000001300000013000000FD
:102DB000CC841F4001000000FF000000FF00000065
:102DC00000000000000000001C0000006975000009
:102DD00001000000020000000400000008000000E4
:102DE00010000000200000004000000080000000F3
:102DF0001B00000036000000637C777BF26B6FC520
:102E00003001672BFED7AB76CA82C97DFA5947F0ED
:102E1000ADD4A2AF9CA472C0B7FD9326363FF7CCC9
:102E200034A5E5F171D8311504C723C31896059A66
:102E3000071280E2EB27B27509832C1A1B6E5AA089
:102E4000523BD6B329E32F8453D100ED20FCB15B74
:102E50006ACBBE394A4C58CFD0EFAAFB434D3385DD
:102E600045F9027F503C9FA851A3408F929D38F5B1
:102E7000BCB6DA2110FFF3D2CD0C13EC5F974417E8
:102E8000C4A77E3D645D197360814FDC222A90885F
:102E900046EEB814DE5E0BDBE0323A0A4906245CEB
:102EA000C2D3AC629195E479E7C8376D8DD54EA950
:102EB0006C56F4EA657AAE08BA78252E1CA6B4C61C
:102EC000E8DD741F4BBD8B8A703EB5664803F60E75
:102ED000613557B986C11D9EE1F8981169D98E9464
:102EE0009B1E87E9CE5528DF8CA1890DBFE642687D
:102EF00041992D0FB054BB1651F4A7507E41655334
:102F00001A17A4C33A275E963BAB6BCB1F9D45F1C6
:102F1000ACFA58AB4BE303932030FA55AD766DF61F
:102F200088CC7691F5024C254FE5D7FCC52ACBD746
:102F300026354480B562A38FDEB15A4925BA1B6796
:102F400045EA0E985DFEC0E1C32F7502814CF01278
:102F50008D4697A36BD3F9C6038F5FE715929C95B7
:102F6000BF6D7AEB955259DAD4BE832D587421D3B4
:102F700049E069298EC9C84475C2896AF48E797896
:102F800099583E6B27B971DDBEE14FB6F088AD1799
:102F9000C920AC667DCE3AB463DF4A18E51A3182A7
:102FA0009751336062537F45B16477E0BB6BAE8469
:102FB000FE81A01CF9082B94704868588F45FD19B4
:102FC00094DE6C87527BF8B7AB73D323724B02E26B
:102FD000E31F8F576655AB2AB2EB28072FB5C20304
:102FE00086C57B9AD33708A5302887F223BFA5B2C0
:102FF00002036ABAED16825C8ACF1C2BA779B492C1
:10300000F307F2F04E69E2A165DAF4CD0605BED50C
:10301000D134621FC4A6FE8A342E539DA2F355A05C
:10302000058AE132A4F6EB750B83EC394060EFAA18
:103030005E719F06BD6E10513E218AF996DD063DF8
:10304000DD3E05AE4DE6BD4691548DB571C45D05BE
:103050000406D46F605015FF1998FB24D6BDE9977C
:10306000894043CC67D99E77B0E842BD07898B88F9
:10307000E7195B3879C8EEDBA17C0A477C420FE98F
:10308000F8841EC90000000009808683322BED48B9
:103090001E1170AC6C5A724EFD0EFFFB0F85385638
:1030A0003DAED51E362D39270A0FD964685CA6219E
:1030B0009B5B54D124362E3A0C0A67B19357E70F25
:1030C000B4EE96D21B9B919E80C0C54F61DC20A2BE
:1030D0005A774B691C121A16E293BA0AC0A02AE565
:1030E0003C22E043121B171D0E090D0BF28BC7ADDE
:1030F0002DB6A8B9141EA9C857F11985AF75074C8C
:10310000EE99DDBBA37F60FDF701269F5C72F5BCE5
:1031100044663BC55BFB7E348B432976CB23C6DC00
:10312000B6EDFC68B8E4F163D731DCCA42638510C0
:103130001397224084C61120854A247DD2BB3DF8D6
:10314000AEF93211C729A16D1D9E2F4BDCB230F3B1
:103150000D8652EC77C1E3D02BB3166CA970B999E8
:10316000119448FA47E96422A8FC8CC4A0F03F1AE5
:10317000567D2CD8223390EF87494EC7D938D1C11C
:103180008CCAA2FE98D40B36A6F581CFA57ADE288C
:10319000DAB78E263FADBFA42C3A9DE45078920D4D
:1031A0006A5FCC9B547E4662F68D13C290D8B8E815
:1031B0002E39F75E82C3AFF59F5D80BE69D0937CE8
:1031C0006FD52DA9CF2512B3C8AC993B10187DA798
:1031D000E89C636EDB3BBB7BCD2678096E5918F407
:1031E000EC9AB701834F9AA8E6956E65AAFFE67E32
:1031F00021BCCF08EF15E8E6BAE79BD94A6F36CE77
:10320000EA9F09D429B07CD631A4B2AF2A3F23313A
:10321000C6A5943035A266C0744EBC37FC82CAA6DF
:10322000E090D0B033A7D815F104984A41ECDAF712
:103230007FCD500E1791F62F764DD68D43EFB04DC2
:10324000CCAA4D54E49604DF9ED1B5E34C6A881BAA
:10325000C12C1FB84665517F9D5EEA04018C355D27
:10326000FA877473FB0B412EB3671D5A92DBD2525F
:10327000E91056336DD647139AD7618C37A10C7A73
:1032800059F8148EEB133C89CEA927EEB761C935E6
:10329000E11CE5ED7A47B13C9CD2DF5955F2733F12
:1032A0001814CE7973C737BF53F7CDEA5FFDAA5B19
:1032B000DF3D6F147844DB86CAAFF381B968C43E42
:1032C0003824342CC2A3405F161DC372BCE2250C07
:1032D000283C498BFF0D954139A80171080CB3DEDC
:1032E000D8B4E49C6456C1907BCB8461D532B6706F
:1032F000486C5C74D0B85742F4A750514165537E76
:1033000017A4C31A275E963AAB6BCB3B9D45F11FC2
:10331000FA58ABACE303934B30FA5520766DF6AD1B
:10332000CC769188024C25F5E5D7FC4F2ACBD7C542
:103330003544802662A38FB5B15A49DEBA1B672592
:10334000EA0E9845FEC0E15D2F7502C34CF0128174
:103350004697A38DD3F9C66B8F5FE703929C9515B3
:103360006D7AEBBF5259DA95BE832DD47421D358B0
:10337000E0692949C9C8448EC2896A758E7978F492
:10338000583E6B99B971DD27E14FB6BE88AD17F095
:1033900020AC66C9CE3AB47DDF4A18631A3182E5A3
:1033A00051336097537F45626477E0B16BAE84BB65
:1033B00081A01CFE082B94F94868587045FD198FB0
:1033C000DE6C87947BF8B75273D323AB4B02E27267
:1033D0001F8F57E355AB2A66EB2807B2B5C2032F00
:1033E000C57B9A863708A5D32887F230BFA5B223BC
:1033F000036ABA0216825CEDCF1C2B8A79B492A7BD
:1034000007F2F0F369E2A14EDAF4CD6505BED50608
:1034100034621FD1A6FE8AC42E539D34F355A0A258
:103420008AE13205F6EB75A483EC390B60EFAA4014
:10343000719F065E6E1051BD218AF93EDD063D96F4
:103440003E05AEDDE6BD464D548DB591C45D0571BA
:1034500006D46F045015FF6098FB2419BDE997D678
:103460004043CC89D99E7767E842BDB0898B8807F5
:10347000195B38E7C8EEDB797C0A47A1420FE97C8B
:10348000841EC9F800000000808683092BED4832B5
:103490001170AC1E5A724E6C0EFFFBFD8538560F34
:1034A000AED51E3D2D3927360FD9640A5CA621689A
:1034B0005B54D19B362E3A240A67B10C57E70F9321
:1034C000EE96D2B49B919E1BC0C54F80DC20A261BA
:1034D000774B695A121A161C93BA0AE2A02AE5C061
:1034E00022E0433C1B171D12090D0B0E8BC7ADF2DA
:1034F000B6A8B92D1EA9C814F119855775074CAF88
:1035000099DDBBEE7F60FDA301269FF772F5BC5CE1
:10351000663BC544FB7E345B4329768B23C6DCCBFC
:10352000EDFC68B6E4F163B831DCCAD763851042BC
:1035300097224013C61120844A247D85BB3DF8D2D2
:10354000F93211AE29A16DC79E2F4B1DB230F3DCAD
:103550008652EC0DC1E3D077B3166C2B70B999A9E4
:103560009448FA11E9642247FC8CC4A8F03F1AA0E1
:103570007D2CD8563390EF22494EC78738D1C1D918
:10358000CAA2FE8CD40B3698F581CFA67ADE28A588
:10359000B78E26DAADBFA43F3A9DE42C78920D5049
:1035A0005FCC9B6A7E4662548D13C2F6D8B8E89011
:1035B00039F75E2EC3AFF5825D80BE9FD0937C69E4
:1035C000D52DA96F2512B3CFAC993BC8187DA71094
:1035D0009C636EE83BBB7BDB267809CD5918F46E03
:1035E0009AB701EC4F9AA883956E65E6FFE67EAA2E
:1035F000BCCF082115E8E6EFE79BD9BA6F36CE4A73
:103600009F09D4EAB07CD629A4B2AF313F23312A36
:10361000A59430C6A266C0354EBC377482CAA6FCDB
:1036200090D0B0E0A7D8153304984AF1ECDAF7410E
:10363000CD500E7F91F62F174DD68D76EFB04D43BE
:10364000AA4D54CC9604DFE4D1B5E39E6A881B4CA6
:103650002C1FB8C165517F465EEA049D8C355D0123
:10366000877473FA0B412EFB671D5AB3DBD252925B
:10367000105633E9D647136DD7618C9AA10C7A376F
:10368000F8148E59133C89EBA927EECE61C935B7E2
:103690001CE5EDE147B13C7AD2DF599CF2733F550E
:1036A00014CE7918C737BF73F7CDEA53FDAA5B5F15
:1036B0003D6F14DF44DB8678AFF381CA68C43EB93E
:1036C00024342C38A3405FC21DC37216E2250CBC03
:1036D0003C498B280D9541FFA80171390CB3DE08D8
:1036E000B4E49CD856C19064CB84617B32B670D56B
:1036F0006C5C7448B85742D05051F4A7537E416572
:10370000C31A17A4963A275ECB3BAB6BF11F9D45BE
:10371000ABACFA58934BE303552030FAF6AD766D17
:103720009188CC7625F5024CFC4FE5D7D7C52ACB3E
:10373000802635448FB562A349DEB15A6725BA1B8E
:103740009845EA0EE15DFEC002C32F7512814CF070
:10375000A38D4697C66BD3F9E7038F5F9515929CAF
:10376000EBBF6D7ADA9552592DD4BE83D3587421AC
:103770002949E069448EC9C86A75C28978F48E798E
:103780006B99583EDD27B971B6BEE14F17F088AD91
:1037900066C920ACB47DCE3A1863DF4A82E51A319F
:1037A000609751334562537FE0B1647784BB6BAE61
:1037B0001CFE81A094F9082B58704868198F45FDAC
:1037C0008794DE6CB7527BF823AB73D3E2724B0263
:1037D00057E31F8F2A6655AB07B2EB28032FB5C2FC
:1037E0009A86C57BA5D33708F2302887B223BFA5B8
:1037F000BA02036A5CED16822B8ACF1C92A779B4B9
:10380000F0F307F2A14E69E2CD65DAF4D50605BE04
:103810001FD134628AC4A6FE9D342E53A0A2F35554
:1038200032058AE175A4F6EB390B83ECAA4060EF10
:10383000065E719F51BD6E10F93E218A3D96DD06F0
:10384000AEDD3E05464DE6BDB591548D0571C45DB6
:103850006F0406D4FF605015241998FB97D6BDE974
:10386000CC8940437767D99EBDB0E8428807898BF1
:1038700038E7195BDB79C8EE47A17C0AE97C420F87
:10388000C9F8841E000000008309808648322BEDB1
:10389000AC1E11704E6C5A72FBFD0EFF560F853830
:1038A0001E3DAED527362D39640A0FD921685CA696
:1038B000D19B5B543A24362EB10C0A670F9357E71D
:1038C000D2B4EE969E1B9B914F80C0C5A261DC20B6
:1038D000695A774B161C121A0AE293BAE5C0A02A5D
:1038E000433C22E01D121B170B0E090DADF28BC7D6
:1038F000B92DB6A8C8141EA98557F1194CAF750784
:10390000BBEE99DDFDA37F609FF70126BC5C72F5DD
:10391000C544663B345BFB7E768B4329DCCB23C6F8
:1039200068B6EDFC63B8E4F1CAD731DC10426385B8
:10393000401397222084C6117D854A24F8D2BB3DCE
:1039400011AEF9326DC729A14B1D9E2FF3DCB230A9
:10395000EC0D8652D077C1E36C2BB31699A970B9E0
:10396000FA1194482247E964C4A8FC8C1AA0F03FDD
:10397000D8567D2CEF223390C787494EC1D938D114
:10398000FE8CCAA23698D40BCFA6F58128A57ADE84
:1039900026DAB78EA43FADBFE42C3A9D0D50789245
:1039A0009B6A5FCC62547E46C2F68D13E890D8B80D
:1039B0005E2E39F7F582C3AFBE9F5D807C69D093E0
:1039C000A96FD52DB3CF25123BC8AC99A710187D90
:1039D0006EE89C637BDB3BBB09CD2678F46E5918FF
:1039E00001EC9AB7A8834F9A65E6956E7EAAFFE62A
:1039F0000821BCCFE6EF15E8D9BAE79BCE4A6F366F
:103A0000D4EA9F09D629B07CAF31A4B2312A3F2332
:103A100030C6A594C035A26637744EBCA6FC82CAD7
:103A2000B0E090D01533A7D84AF10498F741ECDA0A
:103A30000E7FCD502F1791F68D764DD64D43EFB0BA
:103A400054CCAA4DDFE49604E39ED1B51B4C6A88A2
:103A5000B8C12C1F7F466551049D5EEA5D018C351F
:103A600073FA87742EFB0B415AB3671D5292DBD257
:103A700033E91056136DD6478C9AD7617A37A10C6B
:103A80008E59F81489EB133CEECEA92735B761C9DE
:103A9000EDE11CE53C7A47B1599CD2DF3F55F2730A
:103AA000791814CEBF73C737EA53F7CD5B5FFDAA11
:103AB00014DF3D6F867844DB81CAAFF33EB968C43A
:103AC0002C3824345FC2A34072161DC30CBCE225FF
:103AD0008B283C4941FF0D957139A801DE080CB3D4
:103AE0009CD8B4E4906456C1617BCB8470D532B667
:103AF00074486C5C42D0B857A75051F465537E416E
:103B0000A4C31A175E963A276BCB3BAB45F11F9DBA
:103B100058ABACFA03934BE3FA5520306DF6AD7613
:103B2000769188CC4C25F502D7FC4FE5CBD7C52A3A
:103B300044802635A38FB5625A49DEB11B6725BA8A
:103B40000E9845EAC0E15DFE7502C32FF012814C6C
:103B500097A38D46F9C66BD35FE7038F9C951592AB
:103B60007AEBBF6D59DA9552832DD4BE21D35874A8
:103B7000692949E0C8448EC9896A75C27978F48E8A
:103B80003E6B995871DD27B94FB6BEE1AD17F0888D
:103B9000AC66C9203AB47DCE4A1863DF3182E51A9B
:103BA000336097517F45625377E0B164AE84BB6B5D
:103BB000A01CFE812B94F90868587048FD198F45A8
:103BC0006C8794DEF8B7527BD323AB7302E2724B5F
:103BD0008F57E31FAB2A66552807B2EBC2032FB5F8
:103BE0007B9A86C508A5D33787F23028A5B223BFB4
:103BF0006ABA0203825CED161C2B8ACFB492A779B5
:103C0000F2F0F307E2A14E69F4CD65DABED5060500
:103C1000621FD134FE8AC4A6539D342E55A0A2F350
:103C2000E132058AEB75A4F6EC390B83EFAA40600C
:103C30009F065E711051BD6E8AF93E21063D96DDEC
:103C400005AEDD3EBD464DE68DB591545D0571C4B2
:103C5000D46F040615FF6050FB241998E997D6BD70
:103C600043CC89409E7767D942BDB0E88B880789ED
:103C70005B38E719EEDB79C80A47A17C0FE97C4283
:103C80001EC9F8840000000086830980ED48322BAD
:103C900070AC1E11724E6C5AFFFBFD0E38560F852C
:103CA000D51E3DAE3927362DD9640A0FA621685C92
:103CB00054D19B5B2E3A243667B10C0AE70F935719
:103CC00096D2B4EE919E1B9BC54F80C020A261DCB2
:103CD0004B695A771A161C12BA0AE2932AE5C0A059
:103CE000E0433C22171D121B0D0B0E09C7ADF28BD2
:103CF000A8B92DB6A9C8141E198557F1074CAF7580
:103D0000DDBBEE9960FDA37F269FF701F5BC5C72D9
:103D10003BC544667E345BFB29768B43C6DCCB23F4
:103D2000FC68B6EDF163B8E4DCCAD73185104263B4
:103D300022401397112084C6247D854A3DF8D2BBCA
:103D40003211AEF9A16DC7292F4B1D9E30F3DCB2A5
:103D500052EC0D86E3D077C1166C2BB3B999A970DC
:103D600048FA1194642247E98CC4A8FC3F1AA0F0D9
:103D70002CD8567D90EF22334EC78749D1C1D93810
:103D8000A2FE8CCA0B3698D481CFA6F5DE28A57A80
:103D90008E26DAB7BFA43FAD9DE42C3A920D507841
:103DA000CC9B6A5F4662547E13C2F68DB8E890D809
:103DB000F75E2E39AFF582C380BE9F5D937C69D0DC
:103DC0002DA96FD512B3CF25993BC8AC7DA710188C
:103DD000636EE89CBB7BDB3B7809CD2618F46E59FB
:103DE000B701EC9A9AA8834F6E65E695E67EAAFF26
:103DF000CF0821BCE8E6EF159BD9BAE736CE4A6F6B
:103E000009D4EA9F7CD629B0B2AF31A423312A3F2E
:103E10009430C6A566C035A2BC37744ECAA6FC82D3
:103E2000D0B0E090D81533A7984AF104DAF741EC06
:103E3000500E7FCDF62F1791D68D764DB04D43EFB6
:103E40004D54CCAA04DFE496B5E39ED1881B4C6A9E
:103E50001FB8C12C517F4665EA049D5E355D018C1B
:103E60007473FA87412EFB0B1D5AB367D25292DB53
:103E70005633E91047136DD6618C9AD70C7A37A167
:103E8000148E59F83C89EB1327EECEA9C935B761DA
:103E9000E5EDE11CB13C7A47DF599CD2733F55F206
:103EA000CE79181437BF73C7CDEA53F7AA5B5FFD0D
:103EB0006F14DF3DDB867844F381CAAFC43EB96836
:103EC000342C3824405FC2A3C372161D250CBCE2FB
:103ED000498B283C9541FF0D017139A8B3DE080CD0
:103EE000E49CD8B4C190645684617BCBB670D53263
:103EF0005C74486C5742D0B8C66363A5F87C7C8478
:103F0000EE777799F67B7B8DFFF2F20DD66B6BBD6A
:103F1000DE6F6FB191C5C5546030305002010103AE
:103F2000CE6767A9562B2B7DE7FEFE19B5D7D76262
:103F30004DABABE6EC76769A8FCACA451F82829D5E
:103F400089C9C940FA7D7D87EFFAFA15B25959EB54
:103F50008E4747C9FBF0F00B41ADADECB3D4D4674D
:103F60005FA2A2FD45AFAFEA239C9CBF53A4A4F778
:103F7000E47272969BC0C05B75B7B7C2E1FDFD1CD1
:103F80003D9393AE4C26266A6C36365A7E3F3F41AF
:103F9000F5F7F70283CCCC4F6834345C51A5A5F417
:103FA000D1E5E534F9F1F108E2717193ABD8D8733A
:103FB000623131532A15153F0804040C95C7C752C6
:103FC000462323659DC3C35E30181828379696A1F3
:103FD0000A05050F2F9A9AB50E0707092412123603
:103FE0001B80809BDFE2E23DCDEBEB264E2727696D
:103FF0007FB2B2CDEA75759F1209091B1D83839E9E
:10400000582C2C74341A1A2E361B1B2DDC6E6EB2F3
:10401000B45A5AEE5BA0A0FBA45252F6763B3B4D3D
:10402000B7D6D6617DB3B3CE5229297BDDE3E33E1B
:104030005E2F2F7113848497A65353F5B9D1D1689D
:1040400000000000C1EDED2C40202060E3FCFC1FCF
:1040500079B1B1C8B65B5BEDD46A6ABE8DCBCB4695
:1040600067BEBED97239394B944A4ADE984C4CD45B
:10407000B05858E885CFCF4ABBD0D06BC5EFEF2AF8
:104080004FAAAAE5EDFBFB16864343C59A4D4DD7D3
:1040900066333355118585948A4545CFE9F9F91082
:1040A00004020206FE7F7F81A05050F0783C3C4421
:1040B000259F9FBA4BA8A8E3A25151F35DA3A3FE8D
:1040C000804040C0058F8F8A3F9292AD219D9DBC5C
:1040D00070383848F1F5F50463BCBCDF77B6B6C17B
:1040E000AFDADA754221216320101030E5FFFF1AA4
:1040F000FDF3F30EBFD2D26D81CDCD4C180C0C1454
:1041000026131335C3ECEC2FBE5F5FE1359797A202
:10411000884444CC2E17173993C4C45755A7A7F227
:10412000FC7E7E827A3D3D47C86464ACBA5D5DE743
:104130003219192BE6737395C06060A019818198BC
:104140009E4F4FD1A3DCDC7F44222266542A2A7E74
:104150003B9090AB0B8888838C4646CAC7EEEE290D
:104160006BB8B8D32814143CA7DEDE79BC5E5EE2DF
:10417000160B0B1DADDBDB76DBE0E03B6432325629
:10418000743A3A4E140A0A1E924949DB0C06060A92
:104190004824246CB85C5CE49FC2C25DBDD3D36E7E
:1041A00043ACACEFC46262A6399191A8319595A455
:1041B000D3E4E437F279798BD5E7E7328BC8C8438B
:1041C0006E373759DA6D6DB7018D8D8CB1D5D564E9
:1041D0009C4E4ED249A9A9E0D86C6CB4AC5656FAA4
:1041E000F3F4F407CFEAEA25CA6565AFF47A7A8E6C
:1041F00047AEAEE9100808186FBABAD5F0787888DB
:104200004A25256F5C2E2E72381C1C2457A6A6F159
:1042100073B4B4C797C6C651CBE8E823A1DDDD7CF3
:10422000E874749C3E1F1F21964B4BDD61BDBDDCC5
:104230000D8B8B860F8A8A85E07070907C3E3E42A3
:1042400071B5B5C4CC6666AA904848D80603030584
:10425000F7F6F6011C0E0E12C26161A36A35355FD6
:10426000AE5757F969B9B9D01786869199C1C15827
:104270003A1D1D27279E9EB9D9E1E138EBF8F813C6
:104280002B9898B322111133D26969BBA9D9D9707F
:10429000078E8E89339494A72D9B9BB63C1E1E22BD
:1042A00015878792C9E9E92087CECE49AA5555FFDF
:1042B00050282878A5DFDF7A038C8C8F59A1A1F8CC
:1042C000098989801A0D0D1765BFBFDAD7E6E63177
:1042D000844242C6D06868B8824141C3299999B0E6
:1042E0005A2D2D771E0F0F117BB0B0CBA85454FC64
:1042F0006DBBBBD62C16163A6363A5C67C7C84F8CE
:10430000777799EE7B7B8DF6F2F20DFF6B6BBDD666
:104310006F6FB1DEC5C554913030506001010302AA
:104320006767A9CE2B2B7D56FEFE19E7D7D762B55E
:10433000ABABE64D76769AECCACA458F82829D1F5A
:10434000C9C940897D7D87FAFAFA15EF5959EBB250
:104350004747C98EF0F00BFBADADEC41D4D467B349
:10436000A2A2FD5FAFAFEA459C9CBF23A4A4F75374
:10437000727296E4C0C05B9BB7B7C275FDFD1CE1CD
:104380009393AE3D26266A4C36365A6C3F3F417EAB
:10439000F7F702F5CCCC4F8334345C68A5A5F45113
:1043A000E5E534D1F1F108F9717193E2D8D873AB36
:1043B0003131536215153F2A04040C08C7C75295C2
:1043C00023236546C3C35E9D181828309696A137EF
:1043D00005050F0A9A9AB52F0707090E12123624FF
:1043E00080809B1BE2E23DDFEBEB26CD2727694E69
:1043F000B2B2CD7F75759FEA09091B1283839E1D9A
:104400002C2C74581A1A2E341B1B2D366E6EB2DCEF
:104410005A5AEEB4A0A0FB5B5252F6A43B3B4D7639
:10442000D6D661B7B3B3CE7D29297B52E3E33EDD17
:104430002F2F715E848497135353F5A6D1D168B999
:1044400000000000EDED2CC120206040FCFC1FE3CB
:10445000B1B1C8795B5BEDB66A6ABED4CBCB468D91
:10446000BEBED96739394B724A4ADE944C4CD49857
:104470005858E8B0CFCF4A85D0D06BBBEFEF2AC5F4
:10448000AAAAE54FFBFB16ED4343C5864D4DD79ACF
:1044900033335566858594114545CF8AF9F910E97E
:1044A000020206047F7F81FE5050F0A03C3C44781D
:1044B0009F9FBA25A8A8E34B5151F3A2A3A3FE5D89
:1044C0004040C0808F8F8A059292AD3F9D9DBC2158
:1044D00038384870F5F504F1BCBCDF63B6B6C17777
:1044E000DADA75AF2121634210103020FFFF1AE5A0
:1044F000F3F30EFDD2D26DBFCDCD4C810C0C141850
:1045000013133526ECEC2FC35F5FE1BE9797A235FE
:104510004444CC881717392EC4C45793A7A7F25523
:104520007E7E82FC3D3D477A6464ACC85D5DE7BA3F
:1045300019192B32737395E66060A0C081819819B8
:104540004F4FD19EDCDC7FA3222266442A2A7E5470
:104550009090AB3B8888830B4646CA8CEEEE29C709
:10456000B8B8D36B14143C28DEDE79A75E5EE2BCDB
:104570000B0B1D16DBDB76ADE0E03BDB3232566425
:104580003A3A4E740A0A1E144949DB9206060A0C8E
:1045900024246C485C5CE4B8C2C25D9FD3D36EBD7A
:1045A000ACACEF436262A6C49191A8399595A43151
:1045B000E4E437D379798BF2E7E732D5C8C8438B87
:1045C0003737596E6D6DB7DA8D8D8C01D5D564B1E5
:1045D0004E4ED29CA9A9E0496C6CB4D85656FAACA0
:1045E000F4F407F3EAEA25CF6565AFCA7A7A8EF468
:1045F000AEAEE94708081810BABAD56F787888F0D7
:1046000025256F4A2E2E725C1C1C2438A6A6F15755
:10461000B4B4C773C6C65197E8E823CBDDDD7CA1EF
:1046200074749CE81F1F213E4B4BDD96BDBDDC61C1
:104630008B8B860D8A8A850F707090E03E3E427C9F
:10464000B5B5C4716666AACC4848D8900303050680
:10465000F6F601F70E0E121C6161A3C235355F6AD2
:104660005757F9AEB9B9D06986869117C1C1589923
:104670001D1D273A9E9EB927E1E138D9F8F813EBC2
:104680009898B32B111133226969BBD2D9D970A97B
:104690008E8E89079494A7339B9BB62D1E1E223CB9
:1046A00087879215E9E920C9CECE49875555FFAADB
:1046B00028287850DFDF7AA58C8C8F03A1A1F859C8
:1046C000898980090D0D171ABFBFDA65E6E631D773
:1046D0004242C6846868B8D04141C3829999B029E2
:1046E0002D2D775A0F0F111EB0B0CB7B5454FCA860
:1046F000BBBBD66D16163A2CA5C6636384F87C7CCA
:1047000099EE77778DF67B7B0DFFF2F2BDD66B6B62
:10471000B1DE6F6F5491C5C55060303003020101A6
:10472000A9CE67677D562B2B19E7FEFE62B5D7D75A
:10473000E64DABAB9AEC7676458FCACA9D1F828256
:104740004089C9C987FA7D7D15EFFAFAEBB259594C
:10475000C98E47470BFBF0F0EC41ADAD67B3D4D445
:10476000FD5FA2A2EA45AFAFBF239C9CF753A4A470
:1047700096E472725B9BC0C0C275B7B71CE1FDFDC9
:10478000AE3D93936A4C26265A6C3636417E3F3FA7
:1047900002F5F7F74F83CCCC5C683434F451A5A50F
:1047A00034D1E5E508F9F1F193E2717173ABD8D832
:1047B000536231313F2A15150C0804045295C7C7BE
:1047C000654623235E9DC3C328301818A1379696EB
:1047D0000F0A0505B52F9A9A090E070736241212FB
:1047E0009B1B80803DDFE2E226CDEBEB694E272765
:1047F000CD7FB2B29FEA75751B1209099E1D838396
:1048000074582C2C2E341A1A2D361B1BB2DC6E6EEB
:10481000EEB45A5AFB5BA0A0F6A452524D763B3B35
:1048200061B7D6D6CE7DB3B37B5229293EDDE3E313
:10483000715E2F2F97138484F5A6535368B9D1D195
:10484000000000002CC1EDED604020201FE3FCFCC7
:10485000C879B1B1EDB65B5BBED46A6A468DCBCB8D
:10486000D967BEBE4B723939DE944A4AD4984C4C53
:10487000E8B058584A85CFCF6BBBD0D02AC5EFEFF0
:10488000E54FAAAA16EDFBFBC5864343D79A4D4DCB
:104890005566333394118585CF8A454510E9F9F97A
:1048A0000604020281FE7F7FF0A0505044783C3C19
:1048B000BA259F9FE34BA8A8F3A25151FE5DA3A385
:1048C000C08040408A058F8FAD3F9292BC219D9D54
:1048D0004870383804F1F5F5DF63BCBCC177B6B673
:1048E00075AFDADA63422121302010101AE5FFFF9C
:1048F0000EFDF3F36DBFD2D24C81CDCD14180C0C4C
:10490000352613132FC3ECECE1BE5F5FA2359797FA
:10491000CC884444392E17175793C4C4F255A7A71F
:1049200082FC7E7E477A3D3DACC86464E7BA5D5D3B
:104930002B32191995E67373A0C0606098198181B4
:10494000D19E4F4F7FA3DCDC664422227E542A2A6C
:10495000AB3B9090830B8888CA8C464629C7EEEE05
:10496000D36BB8B83C28141479A7DEDEE2BC5E5ED7
:104970001D160B0B76ADDBDB3BDBE0E05664323221
:104980004E743A3A1E140A0ADB9249490A0C06068A
:104990006C482424E4B85C5C5D9FC2C26EBDD3D376
:1049A000EF43ACACA6C46262A8399191A43195954D
:1049B00037D3E4E48BF2797932D5E7E7438BC8C883
:1049C000596E3737B7DA6D6D8C018D8D64B1D5D5E1
:1049D000D29C4E4EE049A9A9B4D86C6CFAAC56569C
:1049E00007F3F4F425CFEAEAAFCA65658EF47A7A64
:1049F000E947AEAE18100808D56FBABA88F07878D3
:104A00006F4A2525725C2E2E24381C1CF157A6A651
:104A1000C773B4B45197C6C623CBE8E87CA1DDDDEB
:104A20009CE87474213E1F1FDD964B4BDC61BDBDBD
:104A3000860D8B8B850F8A8A90E07070427C3E3E9B
:104A4000C471B5B5AACC6666D8904848050603037C
:104A500001F7F6F6121C0E0EA3C261615F6A3535CE
:104A6000F9AE5757D069B9B9911786865899C1C11F
:104A7000273A1D1DB9279E9E38D9E1E113EBF8F8BE
:104A8000B32B989833221111BBD2696970A9D9D977
:104A900089078E8EA7339494B62D9B9B223C1E1EB5
:104AA0009215878720C9E9E94987CECEFFAA5555D7
:104AB000785028287AA5DFDF8F038C8CF859A1A1C4
:104AC00080098989171A0D0DDA65BFBF31D7E6E66F
:104AD000C6844242B8D06868C3824141B0299999DE
:104AE000775A2D2D111E0F0FCB7BB0B0FCA854545C
:104AF000D66DBBBB3A2C161663A5C6637C84F87CC6
:104B00007799EE777B8DF67BF20DFFF26BBDD66B5E
:104B10006FB1DE6FC55491C53050603001030201A2
:104B200067A9CE672B7D562BFE19E7FED762B5D756
:104B3000ABE64DAB769AEC76CA458FCA829D1F8252
:104B4000C94089C97D87FA7DFA15EFFA59EBB25948
:104B500047C98E47F00BFBF0ADEC41ADD467B3D441
:104B6000A2FD5FA2AFEA45AF9CBF239CA4F753A46C
:104B70007296E472C05B9BC0B7C275B7FD1CE1FDC5
:104B800093AE3D93266A4C26365A6C363F417E3FA3
:104B9000F702F5F7CC4F83CC345C6834A5F451A50B
:104BA000E534D1E5F108F9F17193E271D873ABD82E
:104BB00031536231153F2A15040C0804C75295C7BA
:104BC00023654623C35E9DC31828301896A13796E7
:104BD000050F0A059AB52F9A07090E0712362412F7
:104BE000809B1B80E23DDFE2EB26CDEB27694E2761
:104BF000B2CD7FB2759FEA75091B1209839E1D8392
:104C00002C74582C1A2E341A1B2D361B6EB2DC6EE7
:104C10005AEEB45AA0FB5BA052F6A4523B4D763B31
:104C2000D661B7D6B3CE7DB3297B5229E33EDDE30F
:104C30002F715E2F8497138453F5A653D168B9D191
:104C400000000000ED2CC1ED20604020FC1FE3FCC3
:104C5000B1C879B15BEDB65B6ABED46ACB468DCB89
:104C6000BED967BE394B72394ADE944A4CD4984C4F
:104C700058E8B058CF4A85CFD06BBBD0EF2AC5EFEC
:104C8000AAE54FAAFB16EDFB43C586434DD79A4DC7
:104C9000335566338594118545CF8A45F910E9F976
:104CA000020604027F81FE7F50F0A0503C44783C15
:104CB0009FBA259FA8E34BA851F3A251A3FE5DA381
:104CC00040C080408F8A058F92AD3F929DBC219D50
:104CD00038487038F504F1F5BCDF63BCB6C177B66F
:104CE000DA75AFDA2163422110302010FF1AE5FF98
:104CF000F30EFDF3D26DBFD2CD4C81CD0C14180C48
:104D000013352613EC2FC3EC5FE1BE5F97A23597F6
:104D100044CC884417392E17C45793C4A7F255A71B
:104D20007E82FC7E3D477A3D64ACC8645DE7BA5D37
:104D3000192B32197395E67360A0C06081981981B0
:104D40004FD19E4FDC7FA3DC226644222A7E542A68
:104D500090AB3B9088830B8846CA8C46EE29C7EE01
:104D6000B8D36BB8143C2814DE79A7DE5EE2BC5ED3
:104D70000B1D160BDB76ADDBE03BDBE0325664321D
:104D80003A4E743A0A1E140A49DB9249060A0C0686
:104D9000246C48245CE4B85CC25D9FC2D36EBDD372
:104DA000ACEF43AC62A6C46291A8399195A4319549
:104DB000E437D3E4798BF279E732D5E7C8438BC87F
:104DC00037596E376DB7DA6D8D8C018DD564B1D5DD
:104DD0004ED29C4EA9E049A96CB4D86C56FAAC5698
:104DE000F407F3F4EA25CFEA65AFCA657A8EF47A60
:104DF000AEE947AE08181008BAD56FBA7888F078CF
:104E0000256F4A252E725C2E1C24381CA6F157A64D
:104E1000B4C773B4C65197C6E823CBE8DD7CA1DDE7
:104E2000749CE8741F213E1F4BDD964BBDDC61BDB9
:104E30008B860D8B8A850F8A7090E0703E427C3E97
:104E4000B5C471B566AACC6648D890480305060378
:104E5000F601F7F60E121C0E61A3C261355F6A35CA
:104E600057F9AE57B9D069B986911786C15899C11B
:104E70001D273A1D9EB9279EE138D9E1F813EBF8BA
:104E800098B32B981133221169BBD269D970A9D973
:104E90008E89078E94A733949BB62D9B1E223C1EB1
:104EA00087921587E920C9E9CE4987CE55FFAA55D3
:104EB00028785028DF7AA5DF8C8F038CA1F859A1C0
:104EC000898009890D171A0DBFDA65BFE631D7E66B
:104ED00042C6844268B8D06841C3824199B02999DA
:104EE0002D775A2D0F111E0FB0CB7BB054FCA85458
:104EF000BBD66DBB163A2C1652096AD53036A5388A
:104F0000BF40A39E81F3D7FB7CE339829B2FFF87B1
:104F1000348E4344C4DEE9CB547B9432A6C2233D95
:104F2000EE4C950B42FAC34E082EA16628D924B246
:104F3000765BA2496D8BD12572F8F6648668981667
:104F4000D4A45CCC5D65B6926C704850FDEDB9DAC6
:104F50005E154657A78D9D8490D8AB008CBCD30AB4
:104F6000F7E45805B8B34506D02C1E8FCA3F0F0290
:104F7000C1AFBD0301138A6B3A9111414F67DCEA5F
:104F800097F2CFCEF0B4E67396AC7422E7AD3585D8
:104F9000E2F937E81C75DF6E47F11A711D29C589E2
:104FA0006FB7620EAA18BE1BFC563E4BC6D27920C4
:104FB0009ADBC0FE78CD5AF41FDDA8338807C731CD
:104FC000B11210592780EC5F60517FA919B54A0DC5
:104FD0002DE57A9F93C99CEFA0E03B4DAE2AF5B03A
:104FE000C8EBBB3C83539961172B047EBA77D62656
:104FF000E169146355210C7D6BC1BEE22E409F9682
:10500000E93D7E117393172AAE2D8A571E03AC9C7F
:105010009EB76FAC45AF8E5130C81C46A35CE411FF
:10502000E5FBC1191A0A52EFF69F2445DF4F9B1783
:10503000AD2B417BE66C371044416AC2D1F53C5838
:105040003303917E6BE9EBE048E31E9E256718F27F
:105050009229319C19F15BA4058CCFFDBBCB382D77
:105060001F6F56585D8A4ADEC34C052CC0DA8D731B
:10507000451AFE5F03BE297FF3F6752AE8D7831130
:1050800038F041560631B1148B79EECC93A0EE5D29
:10509000FF30B4EA21636DA4FACA37E0B0C8537395
:1050A000DF706E73F7C9AF865DF678DD17BA4E759F
:1050B000B61768C6ADEF7C7B4804E1818FE62975A1
:1050C00019A3E88C573104138A05FC5E095AF4844D
:1050D0008A08D328D3688E3D7BD966D53AD8C1BB20
:1050E00085D2ADFAE87BB104FE3C53653E2F45B551
:1050F0006FCD88B2CC898FF000010203040506074A
:1051000008090A0B0C0D0E0F2B7E151628AED2A621
:10511000ABF7158809CF4F3C0000000000000000ED
:1051200000000000000000008E73B0F7DA0E645239
:10513000C810F32B809079E562F8EAD2522C6B7B91
:105140000000000000000000603DEB1015CA71BEB9
:105150002B73AEF0857D77811F352C073B6108D717
:105160002D9810A30914DFF43B3FD92EB72DAD20A5
:10517000333449F8E83CFB4AC8A64537A0B3A93FF9
:10518000CDE3CDAD9F1CE58B26751F67A3CBB1404A
:10519000B1808CF187A4F4DFC04B05357C5D1C0E1B
:1051A000EAC4C66F9FF7F2E6CDC80D6FDDF18CAB98
:1051B00034C25909C99A417467CE7F7F811736215D
:1051C000961A2B70171D3D7A2E1E8A1DD59B88B10D
:1051D000C8E60FED1EFAC4C9C05F9F9CA9834FA00B
:1051E00042AE8FBA584B09FFDC7E84BFDA79164B8A
:1051F0007ECD8486985D386039FFED143B28B1C8B8
:1052000032113C6331E5407BDF10132415E54B92EE
:10521000A13ED0A8267AE2F975A385741AB9CEF812
:105220002031623D55B1E471000000300000000003
:105230000000000000000001006CB6DBC0543B59C8
:10524000DA48D90B0000000100E0017B27777F3F9F
:105250004A1786F000000001AE6852F8121067CCC1
:105260004BF7A5765577F39E7E24067817FAE0D79C
:1052700043D6CE1F325391637691BE035E5020A871
:10528000AC6E618529F9A0DC100000002000000050
:1052900024000000E4095D4FB7A7B3792D6175A321
:1052A000261311B8000000000000000000000000FC
:1052B00000000000000000000000000000000000EE
:1052C000000000005104A106168A72D9790D41EE42
:1052D0008EDAD388EB2E1EFC46DA57C8FCE630DFA8
:1052E0009141BE2800000000000000000000000006
:1052F00000000000C1CF48A89F2FFDD9CF4652E93A
:10530000EFDB72D74540A42BDE6D7836D59A5CEA88
:10531000AEF3105325B2072F00000000000000007C
:105320000000000053696E676C6520626C6F636BF0
:10533000206D736700000000000000000000000006
:10534000000000000000000000000000000000005D
:1053500000000000000102030405060708090A0B0B
:105360000C0D0E0F101112131415161718191A1B05
:105370001C1D1E1F000000000000000000000000B7
:1053800000000000000102030405060708090A0BDB
:105390000C0D0E0F101112131415161718191A1BD5
:1053A0001C1D1E1F20212223000000000000000001
:1053B000000000004142434445464748494A4B4C9F
:1053C0004D4E4F505152535455565758595A616289
:1053D000636465666768696A6B6C6D6E6F70717225
:1053E000737475767778797A30313233343536376D
:1053F00038392B2F7F7F7F7F7F7F7F7F7F7F7F7FEE
:105400007F7F7F7F7F7F7F7F7F7F7F7F7F7F7F7FAC
:105410007F7F7F7F7F7F7F7F7F7F7F7F7F7F7F3EDD
:105420007F7F7F3F3435363738393A3B3C3D7F7F8D
:105430007F407F7F7F000102030405060708090AF9
:105440000B0C0D0E0F101112131415161718197FCF
:105450007F7F7F7F7F1A1B1C1D1E1F20212223247C
:1054600025262728292A2B2C2D2E2F303132337F29
:105470007F7F7F7F24486E5687625ABDBF17D9A2AF
:10548000C4171A0194ED8F1E11B3D7090CB6E91099
:105490006F22EE13CAB3070576C9FA316C0834FFE0
:1054A0008DC26C380043E95497AF504BD141BA9547
:1054B000315A0B974A456875566F64695772322F97
:1054C00046396D6978426361415A54746A7834523E
:1054D0007339634A444C6270454738693768504BAA
:1054E0007377634664736E364D5777494E502B4E33
:1054F000776D773441455070564A657655457652FA
:10550000516271564D566F4C6C773D3D0000000066
:105510000300000005000000070000000B00000071
:105520000D00000011000000130000001700000033
:105530001D0000001F0000002500000029000000E1
:105540002B0000002F000000350000003B00000091
:105550003D0000004300000047000000490000003B
:105560004F000000530000005900000061000000DF
:1055700065000000670000006B0000006D00000087
:10558000710000007F00000083000000890000001F
:105590008B00000095000000970000009D000000B7
:1055A000A3000000A7000000AD000000B300000051
:1055B000B5000000BF000000C1000000C5000000F1
:1055C000C7000000D3000000DF000000E30000007F
:1055D000E5000000E9000000EF000000F10000001D
:1055E000FB00000001010000070100000D010000A8
:1055F0000F01000015010000190100001B0100004F
:1056000025010000330100003701000039010000CE
:105610003D0100004B010000510100005B01000052
:105620005D01000061010000670100006F010000E2
:10563000750100007B0100007F0100008501000072
:105640008D0100009101000099010000A3010000FC
:10565000A5010000AF010000B1010000B70100008A
:10566000BB010000C1010000C9010000CD01000024
:10567000CF010000D3010000DF010000E7010000BE
:10568000EB010000F3010000F7010000FD01000044
:10569000090200000B0200001D02000023020000AE
:1056A0002D02000033020000390200003B0200001E
:1056B000410200004B0200005102000057020000AE
:1056C000590200005F02000065020000690200004C
:1056D0006B020000770200008102000083020000DC
:1056E000870200008D020000930200009502000076
:1056F000A1020000A5020000AB020000B3020000FE
:10570000BD020000C5020000CF020000D702000069
:10571000DD020000E3020000E7020000EF020000EB
:10572000F5020000F902000001030000050300007B
:10573000130300001D030000290300002B030000D9
:1057400035030000370300003B0300003D03000069
:105750004703000055030000590300005B030000ED
:105760005F0300006D03000071030000730300007D
:10577000770300008B0300008F03000097030000F5
:10578000A1030000A9030000AD030000B303000063
:10579000B9030000C7030000CB030000D1030000E1
:1057A000D7030000DF030000E503000099FFFFFFBF
:1057B000B50200006102000015000000E4060000D0
:1057C000640300001C0000000BB1CD2D06D3502057
:1057D0000100000038411676D99360F272C2AB9A8C
:1057E000750657A091F7B5C9A28CD290F607A727E6
:1057F0008EB249DE435CD7C73EF58F671F186EAF88
:105800002FE2850D53F09C65EAA3AE9EEC802D6BD4
:10581000A82B36A6C5864D33FD6658963A099510D5
:1058200078D842CCEF26E5611A3F3B82B6DBD498AC
:10583000E88B02EB0A2C1DB06F8D880E19874E0B7A
:10584000A90C79117F22E759E1DA3DC8120474549A
:10585000307EB428556850BED0C431CB2AAD0FCAB3
:1058600070FF326908620024D1FBBAED4581736D87
:10587000849FEE4AC32EC101E6254899B9B37BF94E
:10588000CEBFDF7129CD6C13649B639DC04BB7A560
:10589000895FB117F4BCD346CF375E4794FAFC5BFF
:1058A00097FE5AAC3C4C0335F323B85D6A92D52180
:1058B0004451C67D3983DCAA7C7756051BA4153478
:1058C0001E1CF8522014E9BDDDE4A1E08AF1D67A6D
:1058D000BBE3404F70822CECB327C0E5E48557351D
:1058E000EA0CAE4123EF6B934519A521ED0E4F4E07
:1058F0001D6592BD86B8AF8F7CEB1FCE3E30DC5F5E
:105900005EC50B1AA6E139CAD5475D3DD9015AD605
:1059100051566C4D8B0D9A66FBCCB02D74122B201A
:10592000F0B18499DF4CCBC2347E76056DB7A931D6
:10593000D11704D714583A61DE1B111C320F9C1684
:105940005318F222FE44CFB2C3B57A912408E8A8D6
:1059500060FC6950AAD0A07DA1896297545B1E9516
:10596000E0FF64D210C40048A3F775DB8A03E6DACF
:10597000093FDD94875C8302CD4A90337367F6F369
:105980009D7FBFE2529BD826C837C63B81966F4B9E
:1059900013BE632EE979A78C9F6EBC8E29F5F9B6EC
:1059A0002FFDB4597898066AE74671BAD425AB4200
:1059B00088A28DFA7207B955F8EEAC0A36492A6802
:1059C0003C38F1A44028D37BBBC943C115E3ADF4F7
:1059D00077C7809E702CB3C0E457EAAE236B45A511
:1059E000ED4F1D9286AF7C1F3EDC5E0BA639D55D68
:1059F000D95A516C8B9AFBB0742BF084DFCB347680
:105A00006DA9D104143ADE11329C53F2FECFC37A51
:105A100024E86069AAA0A162541EE0641000A37586
:105A20008AE609DD8783CD9073F69DBF52D8C8C63C
:105A3000816F1363E9A79FBC29F92FB47806E7713A
:105A4000D4AB888D72B9F8AC362A3CF140D3BB4355
:105A500015AD778082EC27E585350C41EF93192150
:105A60000E4E65BDB88FEBCE305FC51AE1CA473D1B
:105A700001D6564D0D66CC2D1220B1994CC27E0533
:105A8000B73117D758611B1C0F16182244B2B591B5
:105A900008A8FC50D07D89975B95FFD2C448F7DBFE
:105AA00003DA3F945C024A3367F37FE29B26373B7D
:105AB000964BBE2E798C6E8EF5B6FD59986A46BA15
:105AC0002542A2FA0755EE0A496838A4287BC9C1C5
:105AD000E3F4C79EE00558D9674E81CBC90BAE6A87
:105AE000D5185D8246DFD6278A324B42DB1C9E9C4E
:105AF0003ACA257B0D715F1FF8D73E9D7C60B9BE09
:105B0000BC8B16344DC37295AB8EBA7AB302B4AD6A
:105B1000A2ACD89A171A35CCF799615AE8245640A6
:105B2000E1630933BF98978568FCEC0ADA6F53622A
:105B3000A32E08AF28B074C2BD362238641E392C9B
:105B4000A630E544FD889F65876BF4234810D1514A
:105B5000C0F9D2A055A141FA4313C42FA8B63C2BDB
:105B6000C1FFC8A52089009047EFEAB71506CDB55B
:105B7000127EBB290FB807049B942166E6CEEDE7A1
:105B80003BFE7FC5A437B14C916E8D76032DDE961A
:105B9000267DC65CD3F24F193FDC791D52EBF36DC5
:105BA0005EFB69B2F0310CD4CF8CE275A94A578400
:105BB00011451BF5E40E73AAF1DD59146C9254D013
:105BC0007870E3498050A7F6779386832AC75BE90C
:105BD000EE8F013DA09E667F3BCC908BB67AE85855
:105BE0004CAA73B2C6EF372FE94F82BE54FF53A5BC
:105BF000F1D36F1C10E527FADE682D1DB05688C260
:105C0000B3E6C1FD01010101000000000101010135
:105C1000000000000100010101010001010101007B
:105C2000010100010001020308090A0B26272425AF
:105C3000171415161BFFFF1AFFFFFFFFFFFFFFFFE3
:105C4000FFFFFFFFFFFFFFFFFFFFFFFF040506074A
:105C50000C0D0E0F10111213FF1819FF1F1C1D1E23
:105C6000FFFFFFFFFFFFFFFFFFFFFFFFFFFFFFFF44
:105C7000FFFFFFFF000102033D3E3F3CFFFFFFFF30
:105C80001B18191A23202122FFFFFFFF08090A0B06
:105C900010111213FFFFFFFF27242526FFFFFFFF30
:105CA0000C0D0E0F3A3B38391F1C1D1EFFFFFFFF66
:105CB000040506074142434014151617FFFFFFFF76
:105CC0002B28292A15161714FFFFFFFF1213101196
:105CD0000B08090A0F0C0D0E191A1B181D1E1F1C8C
:105CE00012131011FFFFFFFFFFFFFFFF01234567A6
:105CF00089ABCDEFFEDCBA9876543210000000007C
:105D00000000000000000000000000000000000093
:105D10000000000000000000000000000000000083
:105D200000000000000000000000000001234567A3
:105D300089ABCDEFFEDCBA987654321000112233D5
:105D400044556677000000000000000000000000DD
:105D50000000000000000000000000000000000043
:105D60000000000000000000000000000123456763
:105D700089ABCDEFFEDCBA98765432100011223395
:105D8000445566778899AABBCCDDEEFF0000000081
:105D90000000000000000000000000000000000003
:105DA00000000000000000000000000067673138BC
:105DB000549669730857065648EABE43383C6C2A25
:105DC000ABEF7FDE25CD470BF774A331B4993401D7
:105DD000B3E996F84EE5CEE7D79B09B9D1763FC037
:105DE00019D77CC930BFF2A56F7C93649ACC237D10
:105DF000FF16D76C20EF7C919E3A75090503FB10C6
:105E0000AB241E7CF45D8CDEEE47433501234567F1
:105E100089ABCDEFFEDCBA9876543210000000005A
:105E2000020000000000000000000000000102036A
:105E30000405060708090A0B0C0D0E0F2B7E15161C
:105E400028AED2A6ABF7158809CF4F3C0000000062
:105E50000000000000000000000000008E73B0F79A
:105E6000DA0E6452C810F32B809079E562F8EAD21A
:105E7000522C6B7B0000000000000000603DEB1026
:105E800015CA71BE2B73AEF0857D77811F352C0747
:105E90003B6108D72D9810A30914DFF41607CF49EA
:105EA0004B36BBF00DAEB0B503C831ABA2F2CF6735
:105EB0001629EF7840C5A5DFB50748870F061650AD
:105EC00008CF8B8B5A63586362543E542A4830ABD8
:105ED0005AC4A1A2405955FD2195CF935D5A869B86
:105EE000D14CE54264F892A6DD2EC3D537D359C311
:105EF000349836D884E310ADDF68C449E6CFA35F99
:105F0000C02B134A4D2C0B6737AC3EDA36CBEB7304
:105F1000BD504B4070B1B7DE2B21EB50E31A6055FA
:105F2000297D96CA3330CDF1B1860A836BC1BEE2BA
:105F30002E409F96E93D7E117393172AAE2D8A5706
:105F40001E03AC9C9EB76FAC45AF8E5130C81C464B
:105F5000A35CE411E5FBC1191A0A52EF00000030FE
:105F6000000000000000000000000001006CB6DB33
:105F7000C0543B59DA48D90B0000000100E0017B16
:105F800027777F3F4A1786F000000001AE6852F87D
:105F9000121067CC4BF7A5765577F39E7E240678D2
:105FA00017FAE0D743D6CE1F325391637691BE03E2
:105FB0005E5020A8AC6E618529F9A0DCD09DC29A04
:105FC0008214619A20877C76DB1F0B3F0000000063
:105FD00000000000000000000000000000000000C1
:105FE000000000000000000000000000DBF3C78D8F
:105FF000C08396D4DA7C907765BBCB442B8E8E0F12
:1060000031F0DCA72C7417E35360E0480000000077
:10601000000000000000000000000000B19D1FCD46
:10602000CB75EB882F849CE24D85CF739CE64B2B80
:106030005C9D73F14F2D5D9DCE9889CDDF50869686
:1060400000000000000000000000000053696E67BF
:106050006C6520626C6F636B206D736700000000DD
:106060000000000000000000000000000000000030
:10607000000000000000000000000000000102031A
:106080000405060708090A0B0C0D0E0F1011121358
:106090001415161718191A1B1C1D1E1F00000000CE
:1060A00000000000000000000000000000010203EA
:1060B0000405060708090A0B0C0D0E0F1011121328
:1060C0001415161718191A1B1C1D1E1F2021222318
:1060D00000000000000000000000000010000000B0
:1060E0002000000024000000404142434445464750
:1060F00048494A4B4C4D4E4F070000000800000035
:106100000C00000008000000100000001400000057
:10611000040000001000000018000000040000004F
:1061200006000000080000007162015B4DAC255DB7
:10613000000000000000000000000000000000005F
:106140000000000000000000D2A1F0E051EA5F6210
:10615000081A7792073D593D1FC64FBFACCD0000CE
:106160000000000000000000E3B201A9F5B71A7AB0
:106170009B1CEAECCD97E70B6176AAD9A4428AA5CD
:10618000484392FBC1B09951101112131415161700
:1061900018191A1B202122232425262728292A2BD7
:1061A0002C2D2E2F30313233343536370001020397
:1061B0000405060708090A0B0C0D0E0F1011121327
:1061C000A70D00002D2D2D2D2D424547494E204372
:1061D000455254494649434154452D2D2D2D2D0DF1
:1061E0000A4D494944687A4343416D2B67417749D9
:1061F00042416749424144414E42676B71686B6955
:10620000473977304241515546414441374D5173EA
:1062100077435159445651514745774A4F54444565
:10622000520D0A4D4138474131554543684D495556
:1062300047397359584A5455307778475441584232
:10624000674E5642414D544546427662474679551F
:10625000314E4D4946526C63335167513045774852
:1062600068634E0D0A4D5445774D6A45794D54513A
:10627000304E4441775768634E4D6A45774D6A45C5
:10628000794D5451304E444177576A41374D5173DF
:1062900077435159445651514745774A4F544445E5
:1062A000524D4138470D0A4131554543684D4955D6
:1062B00047397359584A54553077784754415842B2
:1062C000674E5642414D544546427662474679559F
:1062D000314E4D4946526C633351675130457767B3
:1062E0006745694D4130470D0A4353714753496231
:1062F000334451454241515541413449424477412B
:10630000776767454B416F494241514441337A6653
:1063100038463776676C70302F687436574D6E315B
:1063200045705261677A5348780D0A6D645473362C
:10633000737438474667496C4B58736D38574C3304
:10634000786F656D54695A687835377749303533D9
:106350007A6864634867483035375A6B2B69356310
:106360006C48467A714D7755716E790D0A35304219
:1063700077464D74456F6E494C777556412B5437AF
:106380006C7067367A2B65784B593843344B5142E1
:10639000306E466337714B55456B48487876595097
:1063A0005A5039616C346A77716A2B386E0D0A590C
:1063B0004D50476E38753637474239742B61454D1D
:1063C0007235502B31676D49674E62314C54562BF4
:1063D0002F586A6C693577774F51757666777537C0
:1063E000754A42566341304C6E306B636D6E4C0D96
:1063F0000A5237455551494E395A2F5347396A4742
:106400007238586D6B7372557545766D45462F42DF
:10641000696279632B45316978564130686D6E4DFC
:10642000336F54445062354C6339756E38724E7315
:10643000750D0A4B4E462B416B736A6F4258794F6C
:1064400047566B43656F4D626F34624636427879CA
:106450004C4F6279617670772F4C50683561506788
:106460004149796E706C5962364C5641674D4241D4
:1064700041476A0D0A675A5577675A497744415927
:10648000445652305442415577417745422F7A4124
:106490006442674E564851344546675155744672BA
:1064A0006B70625065306C4C327564576D6C512F57
:1064B0007250727A480D0A2F6638775977594456C8
:1064C00052306A42467777576F41557446726B7007
:1064D000625065306C4C327564576D6C512F725040
:1064E000727A482F662B68503651394D4473784381
:1064F0007A414A42674E560D0A42415954416B3522
:106500004D4D524577447759445651514B45776824
:106510005162327868636C4E545444455A4D42631C
:10652000474131554541784D515547397359584A7E
:1065300054553077675647567A0D0A6443424451A2
:106540005949424144414E42676B71686B69473912
:106550007730424151554641414F43415145417584
:10656000503155324142556B49736C734366646CCC
:10657000633269393451484859654A0D0A53735298
:106580003445646748746463695549354936324A0D
:10659000364D6F6D2B593064542F37612B3853367D
:1065A0004D564D435A503643354E794E79587731D2
:1065B0004757592F5952383258544A38480D0A44CF
:1065C000424A6943546F6B3544625A36537A614F7D
:1065D0004E427A645748587757776D6935766731F8
:1065E00064786E375978724D396430496A784D3223
:1065F00037574E4B7334734451685A42516B460DB2
:106600000A706A6D6673326362346F506C34593944
:1066100054396D6554782F6C76646B5259457567A3
:1066200036314A666E3663412B7148707950596431
:1066300054482B55736849546E6D70352F5A746BDE
:10664000660D0A6D2F5554534C424E464E486573A5
:1066500069545A654833314E637859476448536DDD
:1066600065394E632F67666964526130464C4F430B
:10667000665778526C4671414934377A47396A41D6
:1066800051435A0D0A375A326D4347444E4D686A9A
:1066900051632B425963646E6C306C50586A644489
:1066A0004B3656307143673164566577685542639F
:1066B0005735675A4B7A563765392B447056413DEA
:1066C0003D0D0A2D2D2D2D2D454E44204345525470
:1066D000494649434154452D2D2D2D2D0D0A2D2D73
:1066E0002D2D2D424547494E204345525449464998
:1066F000434154452D2D2D2D2D0D0A4D49494468FA
:106700007A4343416D2B6741774942416749424192
:1067100044414E42676B71686B694739773042413B
:10672000517346414441374D517377435159445653
:1067300051514745774A4F544445520D0A4D41380F
:106740004741315545436777495547397359584A49
:1067500054553077784754415842674E5642414D20
:106760004D454642766247467955314E4D4946522F
:106770006C63335167513045774868634E0D0A4D5D
:106780005463774E5441304D5459314E7A417857C5
:1067900068634E4D6A63774E5441314D5459314EC2
:1067A0007A4178576A41374D51737743515944566E
:1067B00051514745774A4F544445524D4138470D52
:1067C0000A41315545436777495547397359584A06
:1067D00054553077784754415842674E5642414DA0
:1067E0004D454642766247467955314E4D494652AF
:1067F0006C6333516751304577676745694D413068
:10680000470D0A435371475349623344514542414E
:1068100051554141344942447741776767454B417F
:106820006F494241514441337A6638463776676C46
:1068300070302F687436574D6E3145705261677AEB
:106840005348780D0A6D645473367374384746673D
:10685000496C4B58736D38574C33786F656D54697C
:106860005A6878353777493035337A6864634867D2
:10687000483035375A6B2B6935636C48467A714D11
:106880007755716E790D0A35304277464D74456FF4
:106890006E494C777556412B54376C7067367A2B9E
:1068A00065784B593843344B5142306E46633771EB
:1068B0004B55456B4848787659505A5039616C347D
:1068C0006A77716A2B386E0D0A594D50476E3875CC
:1068D0003637474239742B61454D7235502B31673D
:1068E0006D49674E62314C54562B2F586A6C69358E
:1068F00077774F51757666777537754A425663419B
:10690000304C6E306B636D6E4C0D0A5237455551ED
:10691000494E395A2F5347396A477238586D6B734D
:1069200072557545766D45462F42696279632B45F0
:10693000316978564130686D6E4D336F5444506202
:10694000354C6339756E38724E73750D0A4B4E4671
:106950002B416B736A6F4258794F47566B43656F93
:106960004D626F346246364278794C4F6279617677
:1069700070772F4C5068356150674149796E706C63
:106980005962364C5641674D424141476A0D0A678C
:106990005A5577675A4977485159445652304F42B1
:1069A000425945464C5261354B577A33744A5339F4
:1069B000726E5670705550367A3638782F332F4DA8
:1069C000474D4741315564497752634D4671410DFA
:1069D0000A464C5261354B577A33744A5339726EBA
:1069E0005670705550367A3638782F332F6F542BB7
:1069F0006B505441374D517377435159445651515F
:106A00004745774A4F544445524D413847413155E7
:106A1000450D0A436777495547397359584A5455C4
:106A20003077784754415842674E5642414D4D4564
:106A30004642766247467955314E4D4946526C631F
:106A4000335167513047434151417744415944568E
:106A50005230540D0A42415577417745422F7A41D1
:106A60004E42676B71686B694739773042415173A9
:106A70004641414F4341514541484B2F484872548C
:106A80005A4D6E6E564D70646531696F2B766F414D
:106A900074716C376A0D0A347352684C726A4437E9
:106AA0006F3354487477526244613264694376703C
:106AB0007130537132334E67324C4D596F58734FAA
:106AC000786F4C2F52514B33694E37554B785633B4
:106AD0004D4B50457230770D0A5851532B6B4B512B
:106AE00071695432627366726A6E574D56485A74B1
:106AF000554F4D706D36464E716364476D2F52731E
:106B00007333764B6461326C634B6C386B556E71CA
:106B10002F796C63312B5162420D0A47364136742E
:106B20005576516372325A79576656672B6D4D35DB
:106B3000586B6854724F4F587573324F4C696B6283
:106B400034577745744A544A524E4530662B795033
:106B50004F4453557A302F765435370D0A417048DB
:106B600030436E42383062594A7368594850484839
:106B7000796D4F746C654142384B535974716D3760
:106B800035672F594E6F626A6E6A4236636D3448BC
:106B90006B57334F5A5256496C366659590D0A6E27
:106BA00032304E52564131566A73364741524F7217
:106BB000344E7157346B2F2B4C6F66593979304CEA
:106BC0004C44452B70306F49454B584973497668A2
:106BD0005072333973777853413D3D0D0A2D2D2D79
:106BE0002D2D454E44204345525449464943415476
:106BF000452D2D2D2D2D0D0A2D2D2D2D2D424547A9
:106C0000494E2043455254494649434154452D2D50
:106C10002D2D2D0D0A4D494943556A434341646565
:106C200067417749424167494A414D4644346E3590
:106C30006951387A6F4D416F4743437147534D3423
:106C40003942414D434D443478437A414A42674E7C
:106C500056424159540D0A416B354D4D52457744CA
:106C60007759445651514B45776851623278686381
:106C70006C4E54544445634D426F47413155454134
:106C8000784D545547397359584A7A633277675665
:106C900047567A644342460D0A5179424451544161
:106CA00065467730784D7A41354D6A51784E54516A
:106CB000354E446861467730794D7A41354D6A49A1
:106CC000784E5451354E4468614D443478437A418E
:106CD0004A42674E56424159540D0A416B354D4D5B
:106CE000524577447759445651514B457768516224
:106CF000327868636C4E54544445634D426F47414B
:106D000031554541784D545547397359584A7A633E
:106D10003277675647567A644342460D0A517942A4
:106D200044515442324D42414742797147534D34A8
:106D300039416745474253754242414169413249B1
:106D400041424D50614B7A52424E31677668316212
:106D50002B2F496D364B554E4C547542750D0A77A5
:106D6000773558557A4D35574E5253744A47564FDA
:106D700051736A333138584A474A492F4271564B4A
:106D80006334734C59664369464B4172395A717189
:106D9000794864754E4D63626C6934797569790D13
:106DA0000A6159377A51613070773752666461648D
:106DB000486239555A4B5656706D6C4D37494C5296
:106DC0006D466D417A48714F426F4443426E544163
:106DD0006442674E5648513445466751556E5730A8
:106DE000670D0A4A456B425079764C654C555A7688
:106DF00048346B796476374E6E77776267594456BC
:106E000052306A424763775A5941556E5730674A44
:106E1000456B425079764C654C555A7648346B79BF
:106E20006476370D0A4E6E7968517152414D443483
:106E300078437A414A42674E5642415954416B3534
:106E40004D4D524577447759445651514B457768DB
:106E50005162327868636C4E54544445634D426FBE
:106E600047413155450D0A41784D545547397359BD
:106E7000584A7A633277675647567A644342465196
:106E80007942445159494A414D4644346E3569511D
:106E9000387A6F4D41774741315564457751464DBA
:106EA000414D42416638770D0A436759494B6F5A45
:106EB000497A6A304541774944615141775A674977
:106EC00078414D4F30596E4E574B4A554166586781
:106ED000534A744A7865786E346970672B6B7634E0
:106EE0007A6E755235307635360D0A74346430500A
:106EF00043753431326D5543364E6E6437697A7658
:106F00007445324D6749784150316E6E4A516A5A24
:106F1000384257756B737A46514447343877784313
:106F20004379636939717064534D760D0A75436A0C
:106F30006E387077554F6B4142584B384D737339EB
:106F400030667A436643454F7449413D3D0D0A2DF5
:106F50002D2D2D2D454E442043455254494649433D
:106F60004154452D2D2D2D2D0D0A0000AB0600009E
:106F70002D2D2D2D2D424547494E20525341205055
:106F8000524956415445204B45592D2D2D2D2D0D3F
:106F90000A4D4949457041494241414B43415145A0
:106FA00041794854457A4C6E3574586E7052646B12
:106FB00055594C423975355079617836664D3630C1
:106FC0004E6A346F38566D586C3345545A7A47615F
:106FD000460D0A423958344A37424B4E64426A6E73
:106FE0006770754737666138483672376777516B17
:106FF000345A4A4744547A71437253562F55753167
:107000004339334B59526854594A516A366556537D
:107010004844310D0A626B32793152504430687203
:1070200074356B507151685472644F724137522FEE
:10703000555630367038366A74307544424D48457E
:10704000774D6A4456302F594930465A50526F375F
:1070500079582F6B390D0A5A3547494D43354373DB
:107060007439392B2B554D642F2F734D6342346A7D
:10707000372F4366387174624348576A646D4C61B8
:107080006F3576344A76344546624D73343454460F
:10709000655930424762480D0A37766B32446D714C
:1070A0005639676D61426D66305A5848347971536C
:1070B000784A65442B504973314247653634453927
:1070C000326866782F2F445A7274656E4E4C514E5A
:1070D0006954724D39414D2B760D0A6471427056D8
:1070E0006F4E7130716A5535314278357255324282
:1070F00058634662587649354D5439544E55685850
:1071000077494441514142416F49424147644E747D
:1071100066594469617036627A73740D0A796843FE
:107120006949386D39547472685A77344D6973619E
:1071300045614E2F6C6C3358536A614F4732647609
:107140005636784D5A434D562B3554655844484F62
:10715000415A6E59313859693138767A7A0D0A3484
:10716000557432546E4E467A697A434543594E619E
:107170004132665354335767496E6E78556B5633B8
:10718000595841795036434E784A61436D763261A1
:107190004130794672326B46565365614B47740DE8
:1071A0000A796D766C6A4E70324E566B766D375436
:1071B0006838664251424F3749374158687A34330C
:1071C0006B306D5237586D50676577653841705A2E
:1071D0004F47336873746B4F614D766257417657F2
:1071E000410D0A7A435A757064446A5A596A4F4A83
:1071F000716C41346545413448382F773746383310
:107200007235437567654245384C674552456A4C4F
:10721000506979656A725535483166756245592BF2
:107220006830640D0A6C35485A424A3638796254DF
:107230005866513555396F2F514B41336464307462
:107240006F4245686864525544477A57746A767746
:107250006B455166714631726547576A2F746F648A
:107260002F674370660D0A444669365830454367B8
:1072700059454134774F762F706A534333747936CA
:1072800054754F764B5832724F556942724C58586C
:1072900076324A53785A6E4D6F4D69574935697049
:1072A0004C51742B5259540D0A565061664C2F6D37
:1072B00037446E364D62776A61794F6B635A684224
:1072C000776B35434E7A35413651346C4A36344DFE
:1072D000712F6C71487A6E52435151324D63314770
:1072E00038657944462F66594C0D0A5A6532704C00
:1072F000767750395644356A5463326D69446677FF
:107300002B4D6E764A68797752524C63656D4446D0
:1073100050386B34685156746D38504D70335A6D17
:107320004E45436759454134677A370D0A777A4F9E
:10733000625234676E386962653631377551505A1A
:107340006A577A556A3964554859642B696E3167B2
:107350007742434972744E6E61526E394939552FE6
:10736000513674656752597069693479730D0A63CF
:107370003137364E6D552B756D7936586D75534BCB
:1073800056357144396253705A5747326E4C466EC7
:10739000736C724E31354C6D3366685A786F654D3B
:1073A0004E6842614544546E4C543236796F690DD3
:1073B0000A33336770306D5353577939345A4571F6
:1073C00069706D732B554C46367359315A74465754
:1073D00036747047466F7938436759415148686E33
:1073E0006E764A666C4973326B793471313042364D
:1073F000300D0A5A6378467033727444706B703083
:107400004A7868464C6869697A4672756A4D745A5A
:10741000536A594E6D3555374B6B67505648684C1B
:10742000454C455576436D4F6E4B54743461702F07
:10743000765A300D0A42784A4E6531475A483370C1
:107440005736534176474451706C397347377575D9
:107450002F765446502B6C4378756B6D7A7842309A
:107460004472724463766F72456B4B4D6F6D375A41
:1074700043435276570D0A4B5A735A365965483270
:107480005A3831426175526A3231386B514B42671A
:10749000514355562F44674B503239383578445450
:1074A0005437394E30386A556F33685450354D561D
:1074B000594343756A2F2B0D0A556545773154762C
:1074C0005A6378334C4A6279375036586164366172
:1074D000312F42717665614779464B496645464989
:1074E0006142554249746B38303173444470446191
:1074F000596334674C303058630D0A376C46754217
:10750000484F5A6B784A596C73733551724770758E
:107510004F456C395A775574354972464C42645917
:10752000614B714E487A4E56433170435066622F1C
:107530004A794836447232485578710D0A67785551
:107540007741514B4267514363553647324C38417E
:1075500047396439633055704F794C31744D7646F4
:107560006535547477304B6A6C5156647368314D8D
:107570005036796967596F3944597577750D0A62C4
:107580004846565732723064425471656750322F04
:107590004B544F784B7A614866433171663052479D
:1075A0004473556F4A434E4A72643163776F434C5C
:1075B0004738503245463477334F42724B71760D1F
:1075C0000A38753479745930462B566C616E6A35B9
:1075D0006C6D3354616F48535646312B4E5750797A
:1075E0004F5469776576494543474B775378766CB6
:1075F0006B6934664441413D3D0D0A2D2D2D2D2DE5
:10760000454E442052534120505249564154452042
:107610004B45592D2D2D2D2D0D0A0000170500006D
:107620002D2D2D2D2D424547494E2043455254497D
:107630004649434154452D2D2D2D2D0D0A4D4949C7
:107640004468544343416D32674177494241674939
:10765000424244414E42676B71686B6947397730EB
:107660004241517346414441374D5173774351591B
:10767000445651514745774A4F544445520D0A4D9F
:107680004138474131554543677749554739735923
:10769000584A54553077784754415842674E5642BD
:1076A000414D4D454642766247467955314E4D49EA
:1076B00046526C63335167513045774868634E0DCD
:1076C0000A4D5463774E5441314D544D774E7A559F
:1076D000355768634E4D6A63774E5441324D544D71
:1076E000774E7A5535576A41384D51737743515922
:1076F000445651514745774A4F544445524D4138BD
:10770000470D0A4131554543677749554739735904
:10771000584A5455307778476A415942674E564225
:10772000414D4D455642766247467955314E4D4959
:10773000454E7361575675644341794D49494249F5
:107740006A414E0D0A42676B71686B694739773041
:10775000424151454641414F43415138414D4949CC
:107760004243674B4341514541794854457A4C6EF9
:107770003574586E7052646B55594C42397535509A
:1077800079617836660D0A4D36304E6A346F385658
:107790006D586C3345545A7A476146423958344AD9
:1077A00037424B4E64426A6E677075473766613880
:1077B000483672376777516B345A4A4744547A7166
:1077C000437253562F55750D0A314339334B595275
:1077D0006854594A516A36655653484431626B328F
:1077E000793152504430687274356B50715168541D
:1077F00072644F724137522F555630367038366AA0
:1078000074307544424D4845770D0A4D6A445630F0
:107810002F594930465A50526F3779582F6B395A81
:107820003547494D433543737439392B2B554D64D6
:107830002F2F734D6342346A372F43663871746259
:107840004348576A646D4C616F35760D0A344A7649
:10785000344546624D73343454466559304247626C
:107860004837766B32446D715639676D61426D668B
:10787000305A584834797153784A65442B504973CB
:107880003142476536344539326866782F0D0A2F04
:10789000445A7274656E4E4C514E6954724D394162
:1078A0004D2B7664714270566F4E7130716A55354A
:1078B00031427835725532425863466258764935BE
:1078C0004D5439544E556858774944415141420D01
:1078D0000A6F3447534D4947504D42304741315567
:1078E0006444675157424252786F51427A636B4108
:1078F0007656485A654D2F78536A377A78335774DD
:10790000474954426A42674E5648534D455844428F
:10791000610D0A674253305775536C7339375355AD
:1079200076613531616156442B732B764D66392F64
:1079300036452F704430774F7A454C4D416B474167
:1079400031554542684D43546B7778455441504218
:10795000674E560D0A42416F4D4346427662474696
:107960007955314E4D4D526B7746775944565151AA
:10797000444442425162327868636C4E54544342EC
:10798000555A584E3049454E42676745414D416B07
:1079900047413155640D0A457751434D4141774484
:1079A00051594A4B6F5A496876634E4151454C4292
:1079B00051414467674542414337794F3738364E26
:1079C000766348704B38556F764B4947396342337D
:1079D000326F5351516F6D0D0A4C6F5230654844F0
:1079E000527A6471456B6F713779475A75664846AC
:1079F000695241417A624D714A666F675274786C80
:107A0000725741654234792F6A47614D425632358B
:107A10004962464F49634832570D0A694345614DF3
:107A20004D62472B56514C4B4E76754336336B6D3A
:107A3000772F5A6577633954684D36506131486302
:107A400079306178543066616631422F5530316A41
:107A500030464963772F366D54664B0D0A443877AC
:107A600034384F497763317972304A7475744356AC
:107A70006A696735444330797A6E474D74333252C0
:107A80007973654F4C6355652B6C66713030357674
:107A900032504169436F7A7235583872450D0A6F1A
:107AA00066475A70694D324E715250655067597928
:107AB0002B566337355A6B3238786B525171316EB1
:107AC0006370726751623353347654735A645363EC
:107AD000704D39684C662B654D6C7267716C6A0D20
:107AE0000A6335504C536B5842654C45352B6665DF
:107AF000646B796654614C7878516C674370756F2C
:107B00004F684B426D30342F523170574E7A554882
:107B1000797161676A4F39513D0D0A2D2D2D2D2D3B
:107B2000454E442043455254494649434154452D0E
:107B30002D2D2D2D0D0A0000AB0600002D2D2D2D15
:107B40002D424547494E20525341205052495641FB
:107B50005445204B45592D2D2D2D2D0D0A4D4949AC
:107B6000457041494241414B43415145417755326E
:107B70006A3365664E4864454531306C79754A6DA7
:107B800073446E6A6B4F6A784B7A7A6F54467442CC
:107B900061354D326A4149696E376835720D0A6C3C
:107BA000716453744A44764C584A36506953612F75
:107BB0004C593072435431642B416D5A4979637387
:107BC0004368396F6472716A4F624A484A61382F5C
:107BD00073454555724D32314B5036346246320D45
:107BE0000A324A44425962526D556A61694A6C4F81
:107BF00071713352654233305A6774737132422B5C
:107C000067325130634C556C6D3931736C6330623F
:107C10006F4334705061517931414A4468326F4941
:107C2000510D0A5A6E32755643754C5A586D526F43
:107C3000654A687738314153516A7561417A78698C
:107C400034625352722F51754B6F524178352F5613
:107C5000716761486B515944772B466939714C52B1
:107C60004637690D0A474D5A694C38646D6A66702B
:107C7000643248337A4A346B7041635751446A38EE
:107C80006E3854444953673776317437487879648D
:107C9000727877553965735143504A6F6450672F36
:107CA0006F4E4A68620D0A79334E4C5570625945E1
:107CB000614973674968704F567254443744655739
:107CC000533852782F6671456745776C7749444140
:107CD000514142416F494241514358523053384516
:107CE000494846474F525A0D0A2B2B41744F67366D
:107CF00065454E78442B7856733066314965477A2E
:107D00003537546A6F33516E58583756425A4E645D
:107D10006A2B70314543766843452F4737586E6B61
:107D2000675535684C5A582B470D0A5A306A6B7A9A
:107D30002F74714A4F4930765253644C42626970D5
:107D4000486E576F7579425134652F413179494AF0
:107D5000646C42747158784A314B452F6974754888
:107D600052624E63346A346B4C385A0D0A2F7236A5
:107D70007076776E54493050537832457173303491
:107D80003859645339324C543671417634666C62DA
:107D90004E44784D6E32755937733479635334518C
:107DA0003877314A586E436561416E596D0D0A57F7
:107DB00059493577784F2B627652454C52324D6394
:107DC0007A35446D566E4C386A52796D6C366C3625
:107DD000353832625376356F756652654649627939
:107DE000505A6251576C5867596E70753648650D18
:107DF0000A4754633745317A4B595147472F392B3E
:107E00004451556C2F3176517543507151776E79CD
:107E10003074516F5832773574645970644D6456BC
:107E20006D2B7A6B4C7462616A7A645476694A4A43
:107E3000610D0A54577A4C366C7435416F47424194
:107E40004E38362B5356654A44636D514A63763437
:107E500045713655687452723451474D69514D7AA7
:107E600030536F64366574745978597A4D677874F5
:107E70007732380D0A43497267706F7A43632B5526
:107E8000615A4A4C6F375578764336616E38357291
:107E90003162326E4B50434C51466167674A3048FD
:107EA0003451304A2F735A4F68424958616F427AB1
:107EB000577876654B0D0A6E757063654B6456781E
:107EC000477346693843447938364442666979468F
:107ED000697666426A2B3437426261517A50426A4F
:107EE000374334724B37556C4C6A6162327244418D
:107EF0006F4742414E32750D0A414D326763686FDC
:107F000046697534763148464C3844376C77654558
:107F10007069365A6E4D4A6A6E45752F64456747DB
:107F2000514A466A7764704C6E5062736A346337A4
:107F3000356F645134477A38670D0A7377396C614D
:107F40006F3956567A6275736F52452F4A474934D6
:107F50006154644F30704154587947376547315107
:107F6000752B355963315947586343726C694132F7
:107F7000784D3978782B6437662B730D0A6D507AFB
:107F80004E2B5749456735474A44595A446A417A06
:107F9000484735424E76692F46664D314339644F26
:107FA000746A763264416F4741463074354B6D7761
:107FB000626A574842686356714F3449630D0A42FA
:107FC00056764E3342496C63317565325952584585
:107FD000446C785935623072384E345863654D6759
:107FE0004B6D5731384F4841705A78666C38755030
:107FF000446175575A4C584F676C34756570760DEF
:108000000A77685A43334575577253797949434E15
:10801000684C5932314168376862494542504633AD
:108020004C335A734F77432B5545724C2B6458573A
:108030004C644235364A677933675A61426557372F
:10804000620D0A764472456E6F634A6271436D3702
:1080500049756B6858484F424B38436759454177DB
:1080600071644842306871794E537A494F475937A5
:10807000763961627A42367055644133425A6951A9
:108080007645730D0A334C6A4856643448504A3278
:1080900078304E384367724249574F453071382B1C
:1080A0003068534D6D6545393657572F376A44331D
:1080B000665057774352357A6C586B6E78425173DD
:1080C00066763067500D0A33424335505230516462
:1080D00079707A2B642B397A664D663632356B7936
:1080E000697434542F687A77684476655A557A48AB
:1080F0006E6B3143662B494737512B544F456E4CBD
:108100006E5741574245440D0A49534F576D7255BA
:108110004367594146456D5278677741632F752B08
:10812000443674307379437741596836504F7473CD
:10813000637139593069394779576B38394E7A67E5
:1081400043344E6477776242480D0A344167616870
:108150004F78497858783267784A6E713379666B10
:108160004A66496A7766307332447950306B5932C7
:1081700079365561314F656F6D506559396D72496A
:1081800053347443754451364C72450D0A5442368B
:108190006C3956476F784A4C346679486E5A623863
:1081A0004C356747766E423162624438634C3659CB
:1081B000506144694F68635273654339764269453B
:1081C0007556673D3D0D0A2D2D2D2D2D454E442014
:1081D0005253412050524956415445204B45592D48
:1081E0002D2D2D2D0D0A0000AD0400002D2D2D2D5F
:1081F0002D424547494E2043455254494649434143
:1082000054452D2D2D2D2D0D0A4D4949444E7A43AF
:108210004341682B674177494241674942416A417E
:108220004E42676B71686B694739773042415155EF
:1082300046414441374D517377435159445651514A
:108240004745774A4F544445520D0A4D41384741FE
:1082500031554543684D495547397359584A545526
:108260003077784754415842674E5642414D544505
:108270004642766247467955314E4D4946526C63C7
:10828000335167513045774868634E0D0A4D544568
:10829000774D6A45794D5451304E444132576863A9
:1082A0004E4D6A45774D6A45794D5451304E4441A3
:1082B00032576A41304D51737743515944565151A9
:1082C0004745774A4F544445524D4138470D0A417E
:1082D00031554543684D495547397359584A5455A6
:1082E000307778456A415142674E5642414D54437A
:1082F000577876593246736147397A64444343412B
:108300005349774451594A4B6F5A496876634E0D29
:108310000A415145424251414467674550414443F7
:108320004341516F4367674542414D464E6F393374
:108330006E7A523352424E644A6372695A724135C0
:108340003435446F38537338364578625157755415
:108350004E0D0A6F774349702B34656135616E5558
:1083600072535137793179656A346B6D7679324E53
:108370004B776B395866674A6D534D6E4C416F664B
:10838000614861366F7A6D7952795776503742423B
:10839000464B7A0D0A4E74536A2B7547786474699C
:1083A00051775747305A6C49326F695A547171741A
:1083B000305867643947594C624B7467666F4E6B2F
:1083C0004E4843314A5A7664624A584E47364175A0
:1083D0004B54326B4D0D0A74514351346471434513
:1083E000475A39726C5172693256356B6148695916
:1083F00063504E51456B49376D674D38597547305D
:108400006B612F304C697145514D656631616F4725
:10841000683545474138500D0A68597661693052D0
:108420006534686A4759692F485A6F33365864680B
:10843000393879654A4B5148466B41342F4A2F45AC
:108440007779456F4F373962657838636E61386385
:108450004650587245416A79610D0A485434503685
:108460004453595738747A53314B57324247694C09
:1084700049434961546C6130772B77336C6B764597
:10848000636633366849424D4A634341774541410B
:10849000614E4E4D457377435159440D0A56523043
:1084A00054424149774144416442674E56485134F1
:1084B00045466751557051586F5A4C6A6333324183
:1084C0005055424A4E594B686B7230324C51354DC3
:1084D00077487759445652306A424267770D0A46C8
:1084E0006F41557446726B70625065306C4C3275DA
:1084F00064576D6C512F7250727A482F66387744EA
:1085000051594A4B6F5A496876634E41514546422C
:1085100051414467674542414A786E58436C590D52
:108520000A6F486B62703730637142727347584C00
:108530007962413734637A624F3552644C456746FD
:1085400073377248565339722B633239336C755313
:108550002F4B646C694C53635A71417A5956796C4C
:10856000770D0A55665257764B4D6F576848594BF1
:10857000703364454953347854586B362F357A58E4
:108580007868763952773853476338716E36764952
:1085900054486B3153316D50657674656B67617308
:1085A0005935590D0A695751754D33683459566C10
:1085B0005248334848454D414431546E41657866D0
:1085C00058484844465147652B4264316941627AB4
:1085D000312F73483948386C34537477583665678F
:1085E00076544B334D0D0A775852776B4B6B766A46
:1085F0004B61454441394154625A78306D49384C99
:10860000477378537543716539723964796A6D744B
:10861000746434374A31703152756C7A33434C7A12
:10862000615263564975530D0A525251666144387E
:108630006E654D396331532F694A2F616D54567100
:108640004A7841314B4F644F533537383057685073
:1086500066534172412B673471416D536A656C6397
:108660003370347757706861380D0A7A68755977B6
:108670006A567558364A484730633D0D0A2D2D2DF0
:108680002D2D454E442043455254494649434154BB
:10869000452D2D2D2D2D0D0A000000000C00000091
:1086A000506F6C617253534C54657374000000003A
:1086B000F60600002D2D2D2D2D424547494E205206
:1086C00053412050524956415445204B45592D2D78
:1086D0002D2D2D0D0A50726F632D547970653A203F
:1086E000342C454E435259505445440D0A44454B91
:1086F0002D496E666F3A204445532D454445332D30
:108700004342432C413841393542303544354237B4
:10871000323036420D0A0D0A3951643947654172CB
:10872000656A6C3147445668326C4C563162487405
:108730003063507466626835682F357A56704156DA
:10874000614670717453504D72456C703530526E85
:10875000746E3965742B4A410D0A37564F79626F32
:10876000522B497932742F48553457764136383771
:108770006B33427070653947774B486A4868746C50
:108780002F2F3878464B775A7233586235794F35E8
:108790004A5550384155637451710D0A4E62384341
:1087A0004C6C5A797555432B3532524541417468AA
:1087B00064576773582B37644A4F347961627A552E
:1087C000635132325470394A53443068694C3433FF
:1087D000426C6B5759554E4B3364416F0D0A505ADA
:1087E0006C6D6970746A6E7A56546A67314D78732D
:1087F000425379645A696E574F4C4256382F4A514A
:10880000677853506F3279443475456669673238FA
:108810007162765132774E496E30706E41620D0A48
:1088200047786E53414F617A6B6F6E674547667646
:10883000636A4949732B4C5A4E39675846687863C6
:108840004F68366B6334512F63393942375157457E
:1088500054774C4C6B59675A2B7A316139565939D8
:108860000D0A67455537437743785943442B683998
:1088700068593646506D734B302F6C43344F376117
:1088800065524B7059713030725050787336693779
:108890007068696578673661783679544D6D4172D4
:1088A00051710D0A516D4B335441734A6D38562F37
:1088B0004A354157704C4556366A414667524779AA
:1088C0006D4747486E6F663044587A56575A696408
:1088D00072635A4A57544E7547455839306E423381
:1088E000656532770D0A50584A4546574B6F4433F9
:1088F0004B33614663534C64485972336D4C47782F
:108900005037483954685161693956737963785AD8
:108910004B53356B7776424B512F2F594D726D4625
:108920006677506B38780D0A76546559344B5A4D3A
:10893000615572766545656C3574575A43393452C2
:10894000534D4B67785236637945316E42587954AE
:10895000516E444F476266704E4E67424B78794B7A
:1089600062494E576F4F4A550D0A574A5A41776C24
:1089700073516E2B517A434477707269372B73565B
:10898000316D53336742453655593761516D6E6DC0
:1089900069696143325633486270687863742F6541
:1089A0006E35517366444F7431580D0A4A637A53D9
:1089B000667052574C6C62507A6E5A67384F5168E5
:1089C0002F5667434D4135384E35446A4F7A5449E6
:1089D0004B37734A4A35722B39345A4254437067C5
:1089E000414D624635383866304E54520D0A4B437D
:1089F0006534797278474A52375830324D346E7642
:108A0000443449774F6C707351387851785A744FA9
:108A100053675876344C6B7876645539584A4A4BCC
:108A2000575A2F584E4B4A65577A747853650D0A3A
:108A30005A31766454633259667344424132534525
:108A40007633337678487832673176717477385375
:108A50006A44525432526151535330517553614DEF
:108A60004A696D644F58366D544F43424B6B314ADF
:108A70000D0A3951356D58547245522B2F4C6E4B9F
:108A8000306A456D58734258574135627171565A74
:108A9000497961685853783456595A376C37772F6B
:108AA00050486955447444677952684D4D4B693458
:108AB0006E320D0A6951765163575351546A727080
:108AC0006E6C4A626361312F446B70527433597714
:108AD00072764A776471623861735A553256724EB3
:108AE0004554683578305156656644524C4669564F
:108AF0007069662F0D0A7455616541652F503146C6
:108B0000384F6B53374F495A447331535562762F60
:108B1000734432764D62684E6B556F436D73332FDD
:108B200050764E74646E76674C3446307A68614491
:108B3000704B436D6C540D0A503876783439453794
:108B400076354379524E6D4544397A5A67346F33DE
:108B5000776D4D7172514F39335074547567334589
:108B600075396F5678317A50514D314E564D7942A4
:108B700061322B663239444C0D0A316E75544365AF
:108B800058646F392B6E69343578782B6A414934D3
:108B9000444377725264684A39757A5A7943363950
:108BA00036324833374836442B356E614E76436C47
:108BB00046523173366C693147620D0A6E71506FDF
:108BC00069792F4F42734578394361444763715146
:108BD000427035576D652F3358572B367A314953CC
:108BE0004F782B6967774E5456435431346D48643F
:108BF000424D6279613065494B6674350D0A582BD8
:108C0000476E777467454D79435979795775556340
:108C100074386734527A45726359392B7957394F12
:108C20006D35487A7078347A4F7557344E505A679C
:108C3000504454674B2B743252534C2F59710D0AC8
:108C40007245316E6A726765475963566547336688
:108C50002B4F6674483473366650627137743141F5
:108C6000355A67557363624C4D42717239744B2BA0
:108C70004F717967523445674B4250734836437A97
:108C80000D0A4C367A6C762F325256307141487646
:108C90005675444A6349444967775935724A74495D
:108CA0004E456D333272684F65464E4A775A53359A
:108CB0004D4E494331637A585A78352F2F7567588E
:108CC000376C0D0A49347379356E62566877536A8A
:108CD00074416B38586735645A6264545A366D492A
:108CE0007262377871482B6664616B5A6F72316BB0
:108CF0006847376243327549776962443363536C1E
:108D000032586B520D0A774E34386C736C62486E71
:108D1000717161677236586D316E4E4F53566C38B3
:108D2000432F366B624A45734D704C6841657A66D5
:108D300052744777764F75636F61452B576265555F
:108D40004E6F6C4764650D0A502F6551696464531A
:108D5000663062726E70694C4A526837715A726C32
:108D60003958757159647055716E6F45644D41661F
:108D70006F74444F4944384F7456376774386134C0
:108D800038616438565057320D0A2D2D2D2D2D4542
:108D90004E44205253412050524956415445204B95
:108DA00045592D2D2D2D2D0D0A0000002D2D2D2D79
:108DB0002D424547494E2043455254494649434177
:108DC00054452D2D2D2D2D0D0A4D494944687A43CA
:108DD00043416D2B674177494241674942414441D4
:108DE0004E42676B71686B69473977304241515524
:108DF00046414441374D517377435159445651517F
:108E00004745774A4F544445520D0A4D4138474132
:108E100031554543684D495547397359584A54555A
:108E20003077784754415842674E5642414D544539
:108E30004642766247467955314E4D4946526C63FB
:108E4000335167513045774868634E0D0A4D54459C
:108E5000774D6A45794D5451304E44417757686398
:108E60004E4D6A45774D6A45794D5451304E4441D7
:108E700077576A41374D5173774351594456515191
:108E80004745774A4F544445524D4138470D0A41B2
:108E900031554543684D495547397359584A5455DA
:108EA0003077784754415842674E5642414D5445B9
:108EB0004642766247467955314E4D4946526C637B
:108EC00033516751304577676745694D4130470DEC
:108ED0000A43537147534962334451454241515506
:108EE0004141344942447741776767454B416F4977
:108EF0004241514441337A6638463776676C703068
:108F00002F687436574D6E3145705261677A5348F9
:108F1000780D0A6D64547336737438474667496C2C
:108F20004B58736D38574C33786F656D54695A6878
:108F300078353777493035337A6864634867483025
:108F400035375A6B2B6935636C48467A714D7755C6
:108F5000716E790D0A35304277464D74456F6E4912
:108F60004C777556412B54376C7067367A2B657881
:108F70004B593843344B5142306E466337714B5531
:108F8000456B4848787659505A5039616C346A7745
:108F9000716A2B386E0D0A594D50476E3875363749
:108FA000474239742B61454D7235502B31676D49FD
:108FB000674E62314C54562B2F586A6C693577775F
:108FC0004F51757666777537754A42566341304C16
:108FD0006E306B636D6E4C0D0A5237455551494EDC
:108FE000395A2F5347396A477238586D6B73725527
:108FF0007545766D45462F42696279632B45316927
:1090000078564130686D6E4D336F54445062354C24
:109010006339756E38724E73750D0A4B4E462B418F
:109020006B736A6F4258794F47566B43656F4D6259
:109030006F346246364278794C4F62796176707748
:109040002F4C5068356150674149796E706C596298
:10905000364C5641674D424141476A0D0A675A55A1
:1090600077675A49774441594456523054424155E2
:1090700077417745422F7A416442674E56485134D2
:1090800045466751557446726B70625065306C4C42
:10909000327564576D6C512F7250727A480D0A2FD9
:1090A000663877597759445652306A42467777572F
:1090B0006F41557446726B70625065306C4C3275FE
:1090C00064576D6C512F7250727A482F662B68501E
:1090D0003651394D447378437A414A42674E560DB2
:1090E0000A42415954416B354D4D524577447759A9
:1090F000445651514B4577685162327868636C4EE3
:10910000545444455A4D4263474131554541784D89
:10911000515547397359584A545530776756475611
:109120007A0D0A64434244515949424144414E42F6
:10913000676B71686B6947397730424151554641D9
:10914000414F434151454175503155324142556B74
:1091500049736C734366646C6332693934514848AF
:1091600059654A0D0A537352344564674874646301
:10917000695549354936324A364D6F6D2B59306441
:10918000542F37612B3853364D564D435A50364382
:10919000354E794E795877314757592F59523832D1
:1091A00058544A38480D0A44424A6943546F6B3553
:1091B00044625A36537A614F4E427A645748587720
:1091C00057776D693576673164786E375978724DA7
:1091D000396430496A784D3237574E4B7334734493
:1091E00051685A42516B460D0A706A6D667332635C
:1091F00062346F506C34593954396D6554782F6C22
:1092000076646B525945756736314A666E366341EE
:109210002B7148707950596454482B5573684954E0
:109220006E6D70352F5A746B660D0A6D2F55545341
:109230004C424E464E48657369545A654833314E28
:10924000637859476448536D65394E632F67666983
:1092500064526130464C4F43665778526C467141B8
:109260004934377A47396A4151435A0D0A375A32DD
:109270006D4347444E4D686A51632B425963646E97
:109280006C306C50586A64444B36563071436731C9
:1092900064566577685542635735675A4B7A563737
:1092A00065392B447056413D3D0D0A2D2D2D2D2D38
:1092B000454E442043455254494649434154452D67
:1092C0002D2D2D2D0D0A00002D2D2D2D2D42454724
:1092D000494E2043455254494649434154452D2D5A
:1092E0002D2D2D0D0A4D494944687A4343416D2B7C
:1092F0006741774942416749424144414E42676B69
:1093000071686B6947397730424151734641444136
:10931000374D517377435159445651514745774A18
:109320004F544445520D0A4D41384741315545434C
:109330006777495547397359584A545530777847B4
:1093400054415842674E5642414D4D454642766221
:1093500047467955314E4D4946526C6333516751FA
:109360003045774868634E0D0A4D5463774E54413B
:10937000304D5459314E7A41785768634E4D6A6387
:10938000774E5441314D5459314E7A4178576A41A4
:10939000374D517377435159445651514745774A98
:1093A0004F544445524D4138470D0A4131554543CC
:1093B0006777495547397359584A54553077784734
:1093C00054415842674E5642414D4D4546427662A1
:1093D00047467955314E4D4946526C63335167517A
:1093E000304577676745694D4130470D0A435371F2
:1093F00047534962334451454241515541413449F3
:1094000042447741776767454B416F494241514438
:1094100041337A6638463776676C70302F68743619
:10942000574D6E3145705261677A5348780D0A6D19
:1094300064547336737438474667496C4B58736D80
:1094400038574C33786F656D54695A68783537777B
:10945000493035337A6864634867483035375A6B2A
:109460002B6935636C48467A714D7755716E790D6D
:109470000A35304277464D74456F6E494C777556C4
:10948000412B54376C7067367A2B65784B593843CB
:10949000344B5142306E466337714B55456B4848EB
:1094A000787659505A5039616C346A77716A2B3822
:1094B0006E0D0A594D50476E38753637474239742C
:1094C0002B61454D7235502B31676D49674E6231C6
:1094D0004C54562B2F586A6C693577774F517576F7
:1094E00066777537754A42566341304C6E306B6310
:1094F0006D6E4C0D0A5237455551494E395A2F530E
:1095000047396A477238586D6B7372557545766D79
:1095100045462F42696279632B453169785641305F
:10952000686D6E4D336F54445062354C6339756EBF
:1095300038724E73750D0A4B4E462B416B736A6F32
:109540004258794F47566B43656F4D626F346246A0
:10955000364278794C4F6279617670772F4C50683B
:10956000356150674149796E706C5962364C56418D
:10957000674D424141476A0D0A675A5577675A4914
:1095800077485159445652304F42425945464C5201
:1095900061354B577A33744A5339726E5670705531
:1095A00050367A3638782F332F4D474D4741315555
:1095B00064497752634D4671410D0A464C526135FC
:1095C0004B577A33744A5339726E56707055503611
:1095D0007A3638782F332F6F542B6B505441374DD8
:1095E000517377435159445651514745774A4F5427
:1095F0004445524D413847413155450D0A4367773F
:10960000495547397359584A54553077784754412A
:109610005842674E5642414D4D4546427662474656
:109620007955314E4D4946526C633351675130473D
:10963000434151417744415944565230540D0A42F6
:10964000415577417745422F7A414E42676B7168A9
:109650006B6947397730424151734641414F43412D
:10966000514541484B2F484872545A4D6E6E564DE5
:1096700070646531696F2B766F4174716C376A0D58
:109680000A347352684C726A44376F3354487477A3
:10969000526244613264694376707130537132337F
:1096A0004E67324C4D596F58734F786F4C2F525153
:1096B0004B33694E37554B7856334D4B50457230CE
:1096C000770D0A5851532B6B4B51716954326273A9
:1096D00066726A6E574D56485A74554F4D706D36C6
:1096E000464E716364476D2F52737333764B6461DA
:1096F000326C634B6C386B556E712F796C63312B08
:109700005162420D0A4736413674557651637232C2
:109710005A79576656672B6D4D35586B6854724FA2
:109720004F587573324F4C696B6234577745744AA2
:10973000544A524E4530662B79504F4453557A3037
:109740002F765435370D0A41704830436E42383019
:1097500062594A73685948504848796D4F746C652E
:109760004142384B535974716D3735672F594E6FDD
:10977000626A6E6A4236636D34486B57334F5A5291
:1097800056496C366659590D0A6E32304E52564162
:1097900031566A73364741524F72344E7157346BAB
:1097A0002F2B4C6F66593979304C4C44452B703017
:1097B0006F49454B5849734976685072333973770E
:1097C0007853413D3D0D0A2D2D2D2D2D454E442024
:1097D00043455254494649434154452D2D2D2D2D85
:1097E0000D0A00001B0500002D2D2D2D2D42454793
:1097F000494E2043455254494649434154452D2D35
:109800002D2D2D0D0A4D494944687A4343416D2B56
:109810006741774942416749424144414E42676B43
:1098200071686B6947397730424151734641444111
:10983000374D517377435159445651514745774AF3
:109840004F544445520D0A4D413847413155454327
:109850006777495547397359584A5455307778478F
:1098600054415842674E5642414D4D4546427662FC
:1098700047467955314E4D4946526C6333516751D5
:109880003045774868634E0D0A4D5463774E544116
:10989000304D5459314E7A41785768634E4D6A6362
:1098A000774E5441314D5459314E7A4178576A417F
:1098B000374D517377435159445651514745774A73
:1098C0004F544445524D4138470D0A4131554543A7
:1098D0006777495547397359584A5455307778470F
:1098E00054415842674E5642414D4D45464276627C
:1098F00047467955314E4D4946526C633351675155
:10990000304577676745694D4130470D0A435371CC
:1099100047534962334451454241515541413449CD
:1099200042447741776767454B416F494241514413
:1099300041337A6638463776676C70302F687436F4
:10994000574D6E3145705261677A5348780D0A6DF4
:1099500064547336737438474667496C4B58736D5B
:1099600038574C33786F656D54695A687835377756
:10997000493035337A6864634867483035375A6B05
:109980002B6935636C48467A714D7755716E790D48
:109990000A35304277464D74456F6E494C7775569F
:1099A000412B54376C7067367A2B65784B593843A6
:1099B000344B5142306E466337714B55456B4848C6
:1099C000787659505A5039616C346A77716A2B38FD
:1099D0006E0D0A594D50476E387536374742397407
:1099E0002B61454D7235502B31676D49674E6231A1
:1099F0004C54562B2F586A6C693577774F517576D2
:109A000066777537754A42566341304C6E306B63EA
:109A10006D6E4C0D0A5237455551494E395A2F53E8
:109A200047396A477238586D6B7372557545766D54
:109A300045462F42696279632B453169785641303A
:109A4000686D6E4D336F54445062354C6339756E9A
:109A500038724E73750D0A4B4E462B416B736A6F0D
:109A60004258794F47566B43656F4D626F3462467B
:109A7000364278794C4F6279617670772F4C506816
:109A8000356150674149796E706C5962364C564168
:109A9000674D424141476A0D0A675A5577675A49EF
:109AA00077485159445652304F42425945464C52DC
:109AB00061354B577A33744A5339726E567070550C
:109AC00050367A3638782F332F4D474D4741315530
:109AD00064497752634D4671410D0A464C526135D7
:109AE0004B577A33744A5339726E567070555036EC
:109AF0007A3638782F332F6F542B6B505441374DB3
:109B0000517377435159445651514745774A4F5401
:109B10004445524D413847413155450D0A43677719
:109B2000495547397359584A545530777847544105
:109B30005842674E5642414D4D4546427662474631
:109B40007955314E4D4946526C6333516751304718
:109B5000434151417744415944565230540D0A42D1
:109B6000415577417745422F7A414E42676B716884
:109B70006B6947397730424151734641414F434108
:109B8000514541484B2F484872545A4D6E6E564DC0
:109B900070646531696F2B766F4174716C376A0D33
:109BA0000A347352684C726A44376F33544874777E
:109BB000526244613264694376707130537132335A
:109BC0004E67324C4D596F58734F786F4C2F52512E
:109BD0004B33694E37554B7856334D4B50457230A9
:109BE000770D0A5851532B6B4B5171695432627384
:109BF00066726A6E574D56485A74554F4D706D36A1
:109C0000464E716364476D2F52737333764B6461B4
:109C1000326C634B6C386B556E712F796C63312BE2
:109C20005162420D0A47364136745576516372329D
:109C30005A79576656672B6D4D35586B6854724F7D
:109C40004F587573324F4C696B6234577745744A7D
:109C5000544A524E4530662B79504F4453557A3012
:109C60002F765435370D0A41704830436E423830F4
:109C700062594A73685948504848796D4F746C6509
:109C80004142384B535974716D3735672F594E6FB8
:109C9000626A6E6A4236636D34486B57334F5A526C
:109CA00056496C366659590D0A6E32304E5256413D
:109CB00031566A73364741524F72344E7157346B86
:109CC0002F2B4C6F66593979304C4C44452B7030F2
:109CD0006F49454B584973497668507233397377E9
:109CE0007853413D3D0D0A2D2D2D2D2D454E4420FF
:109CF00043455254494649434154452D2D2D2D2D60
:109D00000D0A0000E90000002D2D2D2D2D424547A4
:109D1000494E2045432050524956415445204B4519
:109D2000592D2D2D2D2D0D0A4D486343415145458B
:109D300049506233686D54785A332F6D5A493376DF
:109D4000796B37703355337742662B57496F7036CE
:109D50006844686B467A4A686D4C63716F416F471F
:109D600043437147534D34390D0A417745486F5588
:109D7000514451674145562B5775735850663036DC
:109D800079376B3769422F784B7537755A54724D56
:109D90003556552F59304473777534324D6C4339ED
:109DA0002B5934764E63594461570D0A774E5559F5
:109DB0004648446C66352F565330555935624273C8
:109DC00031567A346C6F2B48634B506B78773D3D3E
:109DD0000D0A2D2D2D2D2D454E442045432050524A
:109DE0004956415445204B45592D2D2D2D2D0D0AF9
:109DF000000000003D0300002D2D2D2D2D42454774
:109E0000494E2043455254494649434154452D2D1E
:109E10002D2D2D0D0A4D4949434C44434341624B7E
:109E20006741774942416749424454414B42676721
:109E300071686B6A4F50515144416A412B4D5173C7
:109E400077435159445651514745774A4F544445F9
:109E5000524D4138470D0A4131554543684D4955EA
:109E600047397359584A54553077784844416142CC
:109E7000674E5642414D54453142766247467963BA
:109E8000334E734946526C6333516752554D675197
:109E90003045774868634E0D0A4D544D774F54490D
:109EA000304D5455314D6A41305768634E4D6A4DBF
:109EB000774F5449794D5455314D6A4130576A4274
:109EC000424D517377435159445651514745774A52
:109ED0004F544445524D4138470D0A413155454391
:109EE000684D495547397359584A54553077784821
:109EF0007A416442674E5642414D54466C42766206
:109F000047467955314E4D4946526C63335167513E
:109F10003278705A573530494449770D0A575441C1
:109F20005442676371686B6A4F5051494242676798
:109F300071686B6A4F50514D4242774E43414152D6
:109F4000583561367863392F54724C7554754948C9
:109F50002F45713775356C4F737A6C56540D0A392D
:109F60006A514F7A43376A5979554C33356A6938A3
:109F70003178674E70624131526755634F562F6E8C
:109F800039564C52526A6C73477A56585069576A20
:109F90003464776F2B54486F3447644D4947610DE3
:109FA0000A4D416B4741315564457751434D41411D
:109FB00077485159445652304F4242594546486FAE
:109FC0004158345A6B2F4F4264355245514F374CEC
:109FD0006D4F38516D50382F694D473447413155D9
:109FE000640D0A4977526E4D475741464A317449CC
:109FF00043524A41543872793369314762782B4A67
:10A000004D6E622B7A5A386F554B6B5144412B4D34
:10A01000517377435159445651514745774A4F54EC
:10A020004445520D0A4D4138474131554543684D2D
:10A03000495547397359584A5455307778484441FF
:10A040006142674E5642414D544531427662474621
:10A050007963334E734946526C6333516752554DA1
:10A0600067513047430D0A43514442512B4A2B5903
:10A070006B504D3644414B42676771686B6A4F5075
:10A0800051514441674E6F4144426C416A424B5AC0
:10A0900051313749494F696D626D6F442F794E37A1
:10A0A0006F38397533424D0D0A6C674F736A6E68AD
:10A0B000773366494F6F4C49577932574F47736B27
:10A0C0002F4C47462B2B447A7672527A754E694153
:10A0D000434D5143643869656D315853344A4B37A9
:10A0E00068616A38786F6370550D0A4C776A516AF7
:10A0F0006535504447486664336839745033385185
:10A100006B6E7535624A717773306D64324B4F4BAD
:10A110004879655630553D0D0A2D2D2D2D2D454E76
:10A12000442043455254494649434154452D2D2D21
:10A130002D2D0D0A00000000E90000002D2D2D2D11
:10A140002D424547494E20454320505249564154DF
:10A1500045204B45592D2D2D2D2D0D0A4D4863437E
:10A16000415145454950457145794232416E436FF1
:10A17000504C2F39552F59444876647158596249CB
:10A180006F67547977777970362F55664477366ED6
:10A190006F416F4743437147534D34390D0A41773F
:10A1A00045486F555144516741454E3878573258AC
:10A1B000594A486C70795073645A4C6638676275B6
:10A1C00035382B516152644E4374464C58336143C9
:10A1D0004A5A59704A4F355144594978482F0D0A07
:10A1E00036692F534E4631644672324B694D4A727E
:10A1F000647731567A596F7144766F42794C547452
:10A200002F773D3D0D0A2D2D2D2D2D454E442045FA
:10A21000432050524956415445204B45592D2D2D30
:10A220002D2D0D0A000000002D0300002D2D2D2DD9
:10A230002D424547494E20434552544946494341E2
:10A2400054452D2D2D2D2D0D0A4D494943487A4356
:10A25000434161576741774942416749424354410D
:10A260004B42676771686B6A4F50515144416A4174
:10A270002B4D517377435159445651514745774AB5
:10A280004F544445524D4138470D0A4131554543DD
:10A29000684D495547397359584A5455307778486D
:10A2A00044416142674E5642414D544531427662C7
:10A2B00047467963334E734946526C633351675254
:10A2C000554D67513045774868634E0D0A4D544DE2
:10A2D000774F5449304D5455314D6A41305768637A
:10A2E0004E4D6A4D774F5449794D5455314D6A4121
:10A2F00030576A41304D517377435159445651514B
:10A300004745774A4F544445524D4138470D0A411D
:10A3100031554543684D495547397359584A545545
:10A32000307778456A415142674E5642414D544319
:10A33000577876593246736147397A6444425A4DA8
:10A34000424D4742797147534D3439416745470D76
:10A350000A43437147534D343941774548413049A9
:10A36000414244664D56746C3243523561636A37DC
:10A37000485753332F4947377566506B476B5854CE
:10A3800051725253313932676957574B535475558F
:10A39000410D0A32434D522F2B6F76306A5264586A
:10A3A000526139696F6A436133634E5663324B4B76
:10A3B0006737364163693037662B6A675A3077678B
:10A3C0005A6F77435159445652305442414977416C
:10A3D0004441640D0A42674E564851344546675120
:10A3E000555547476C6A3951483264654341517A43
:10A3F0006C5A582B4D5930616E4537347762675926
:10A40000445652306A424763775A5941556E573025
:10A41000674A456B420D0A5079764C654C555A7621
:10A4200048346B796476374E6E7968517152414D7C
:10A43000443478437A414A42674E56424159544126
:10A440006B354D4D524577447759445651514B45E4
:10A45000776851623278680D0A636C4E54544445F3
:10A46000634D426F474131554541784D5455473909
:10A470007359584A7A633277675647567A6443422B
:10A4800046517942445159494A414D4644346E350A
:10A490006951387A6F4D416F470D0A4343714753F5
:10A4A0004D343942414D43413267414D4755434D4B
:10A4B0005143614C467A58707475693557514E381E
:10A4C0004C6C4F3364646831684D787836747A67C1
:10A4D0004C765430334D54564B32530D0A4331327F
:10A4E00072304C7A3372692F6D6F5345704E5A57E4
:10A4F00071506A6B434D4345326635334758635953
:10A500004C717966794A52303738632F784E5355FB
:10A5100055352B58786C37565A343134560D0A66F7
:10A520004761356B4876484152425063385941493A
:10A530005649714476484831513D3D0D0A2D2D2D27
:10A540002D2D454E442043455254494649434154DC
:10A55000452D2D2D2D2D0D0A000000000C000000B2
:10A56000506F6C617253534C54657374000000005B
:10A570006A0100002D2D2D2D2D424547494E2045C5
:10A58000432050524956415445204B45592D2D2DBD
:10A590002D2D0D0A50726F632D547970653A203459
:10A5A0002C454E435259505445440D0A44454B2DB9
:10A5B000496E666F3A204445532D454445332D433B
:10A5C00042432C33303745414234363939333344F2
:10A5D0003634450D0A0D0A49786272526D4B63415B
:10A5E0007A63744A71506454514C413453577942E0
:10A5F000595947594A566B59456E612B4637506138
:10A6000035743559672F674B414472464B636D363D
:10A61000423732653744470D0A69684578745A49AC
:10A6200036343873307A6459773671534A37347612
:10A630007250537557446535716D39334271736685
:10A64000564839737674437A57485730706D317075
:10A65000304B544243466655710D0A557375575435
:10A660004954774A496D636E6C4173316761525A40
:10A67000337341576D37634F5569644C30666F32A1
:10A680004730665955464E63596F43534C6666438F
:10A69000465445484275506E6167620D0A6137370E
:10A6A000782F735931427669693853392F58684485
:10A6B00054623670544D783036777A726D0D0A2DAB
:10A6C0002D2D2D2D454E44204543205052495641B5
:10A6D0005445204B45592D2D2D2D2D0D0A000000E0
:10A6E000730300002D2D2D2D2D424547494E20434B
:10A6F000455254494649434154452D2D2D2D2D0D8C
:10A700000A4D494943556A43434164656741774966
:10A71000424167494A414D4644346E356951387A61
:10A720006F4D416F4743437147534D343942414D5B
:10A73000434D443478437A414A42674E5642415928
:10A74000540D0A416B354D4D524577447759445667
:10A7500051514B4577685162327868636C4E54545E
:10A760004445634D426F474131554541784D5455FD
:10A7700047397359584A7A633277675647567A642D
:10A780004342460D0A51794244515441654677305F
:10A79000784D7A41354D6A51784E5451354E446862
:10A7A00061467730794D7A41354D6A49784E54513A
:10A7B000354E4468614D443478437A414A42674E8D
:10A7C00056424159540D0A416B354D4D524577441F
:10A7D0007759445651514B457768516232786863D6
:10A7E0006C4E54544445634D426F47413155454189
:10A7F000784D545547397359584A7A6332776756BA
:10A8000047567A644342460D0A51794244515442B4
:10A81000324D42414742797147534D343941674582
:10A8200047425375424241416941324941424D508C
:10A83000614B7A52424E3167766831622B2F496DF7
:10A84000364B554E4C547542750D0A777735585531
:10A850007A4D35574E5253744A47564F51736A33A7
:10A860003138584A474A492F4271564B6334734C2A
:10A8700059664369464B4172395A7171794864751A
:10A880004E4D63626C6934797569790D0A61593787
:10A890007A51613070773752666461644862395525
:10A8A0005A4B5656706D6C4D37494C526D466D4142
:10A8B0007A48714F426F4443426E54416442674E3E
:10A8C0005648513445466751556E5730670D0A4A10
:10A8D000456B425079764C654C555A7648346B79C5
:10A8E0006476374E6E7777626759445652306A42C3
:10A8F0004763775A5941556E5730674A456B425006
:10A9000079764C654C555A7648346B796476370DB8
:10A910000A4E6E7968517152414D443478437A4100
:10A920004A42674E5642415954416B354D4D52454E
:10A9300077447759445651514B4577685162327884
:10A9400068636C4E54544445634D426F47413155E2
:10A95000450D0A41784D545547397359584A7A6321
:10A960003277675647567A6443424651794244519A
:10A9700059494A414D4644346E356951387A6F4DD4
:10A9800041774741315564457751464D414D4241EC
:10A990006638770D0A436759494B6F5A497A6A30CE
:10A9A0004541774944615141775A674978414D4F54
:10A9B00030596E4E574B4A5541665867534A744A50
:10A9C0007865786E346970672B6B76347A6E755261
:10A9D00035307635360D0A74346430504375343171
:10A9E000326D5543364E6E6437697A767445324D12
:10A9F0006749784150316E6E4A516A5A38425775EC
:10AA00006B737A46514447343877784343796369A6
:10AA100039717064534D760D0A75436A6E387077DC
:10AA2000554F6B4142584B384D73733930667A43FA
:10AA30006643454F7449413D3D0D0A2D2D2D2D2D69
:10AA4000454E442043455254494649434154452DBF
:10AA50002D2D2D2D0D0A0000020000004CB10260CA
:10AA60000300000030B102600400000014B1026075
:10AA700005000000F8B0026006000000DCB00260D3
:10AA800007000000C0B0026008000000A4B002602F
:10AA90000900000088B002600A0000006CB002608B
:10AAA0000B00000050B002600C00000034B00260E7
:10AAB0000D00000018B002600E000000D8AF026068
:10AAC0000F000000BCAF026010000000A0AF0260E9
:10AAD0002B00000060AF02602C00000044AF026059
:10AAE0002D00000028AF026011000000E8AE0260F7
:10AAF00012000000CCAE026013000000B0AE026095
:10AB00001400000094AE02601500000078AE0260F0
:10AB1000160000005CAE02601700000040AE02604C
:10AB20001800000024AE02601900000008AE0260A8
:10AB30001A000000ECAD02601B000000D0AD026006
:10AB40001C000000B4AD02601D00000074AD026086
:10AB50001E00000058AD02601F0000003CAD026006
:10AB60002E000000FCAC02602F000000E0AC026090
:10AB700030000000C4AC02602000000084AC026021
:10AB80002200000028AC026024000000CCAB026070
:10AB90002100000068AC0260230000000CAC0260E1
:10ABA00025000000B0AB02600000000000000000C3
:10ABB00025020000C0000000502200200800000014
:10ABC0000000000008000000E8AB02602401000063
:10ABD000C00000006022002008000000000000000B
:10ABE00008000000E8AB0260040000002983006058
:10ABF0003D83006000000000000000005D830060F5
:10AC000059830060D98300606183006023020000E3
:10AC100080000000702200200800000000000000FA
:10AC20000800000044AC0260220100008000000027
:10AC30007C22002008000000000000000800000046
:10AC400044AC026003000000298300603D83006083
:10AC50000000000000000000558300605183006088
:10AC6000D983006061830060210200004000000081
:10AC7000B0280020080000000000000008000000CC
:10AC8000A0AC0260200100004000000088220020EB
:10AC9000080000000000000008000000A0AC0260F6
:10ACA0000300000021830060318300600000000089
:10ACB000000000004D83006049830060F183006064
:10ACC0007583006030080000000100009022002021
:10ACD0000C000000010000001000000018AD026030
:10ACE0002F080000C0000000A42200200C0000007B
:10ACF000010000001000000018AD02602E080000E6
:10AD000080000000B82200200C00000001000000BC
:10AD10001000000018AD02600500000000000000F7
:10AD2000000000000000000000000000158300602B
:10AD30001583006009840060898300601F0600009D
:10AD400000010000CC2200200C00000001000000E7
:10AD50001000000090AD02601E060000C000000060
:10AD6000E02200200C0000000100000010000000A4
:10AD700090AD02601D06000080000000F42200205B
:10AD80000C000000010000001000000090AD026007
:10AD900005000000000000000000000000000000AE
:10ADA00000000000098300600983006021840060C6
:10ADB0009D8300601C0500000001000008230020A6
:10ADC00010000000000000001000000004AF02604E
:10ADD0001B050000C00000001C2300201000000024
:10ADE000000000001000000004AF02601A0500001F
:10ADF0008000000030230020100000000000000050
:10AE00001000000004AF0260190300000001000000
:10AE1000442300201000000000000000100000008B
:10AE200004AF026018030000C00000005823002097
:10AE300010000000000000001000000004AF0260DD
:10AE400017030000800000006C23002010000000A9
:10AE5000000000001000000004AF026016020000B5
:10AE6000000100008023002010000000000000000E
:10AE70001000000004AF026015020000C0000000D6
:10AE800094230020100000000000000010000000CB
:10AE900004AF02601402000080000000A82300201C
:10AEA00010000000000000001000000004AF02606D
:10AEB0001301000000010000BC230020100000006E
:10AEC000000000001000000004AF0260120100004A
:10AED000C0000000D023002010000000000000008F
:10AEE0001000000004AF02601101000080000000AB
:10AEF000E42300201000000000000000100000000B
:10AF000004AF026005000000E1820060E58200609D
:10AF1000F1820060F98200600583006001830060B7
:10AF200039840060B18300602D080000000100003A
:10AF3000F82300200C0000000100000010000000B9
:10AF40007CAF02602C080000C00000000424002038
:10AF50000C00000001000000100000007CAF026047
:10AF60002B08000080000000102400200C000000CE
:10AF700001000000100000007CAF02600200000031
:10AF800000000000000000000000000000000000C1
:10AF9000D5820060D58200600984006089830060EA
:10AFA00010060000000100001C2400200C0000001E
:10AFB0000100000010000000F4AF02600F06000066
:10AFC000C0000000282400200C0000000100000048
:10AFD00010000000F4AF02600E06000080000000C8
:10AFE000342400200C0000000100000010000000CC
:10AFF000F4AF02600200000000000000000000004A
:10B000000000000000000000C9820060C9820060EA
:10B01000218400609D8300600D0500000001000098
:10B02000402400201000000000000000100000007C
:10B0300068B102600C050000C00000004C24002034
:10B0400010000000000000001000000068B1026065
:10B050000B050000800000005824002010000000B4
:10B06000000000001000000068B102600A03000048
:10B070000001000064240020100000000000000017
:10B080001000000068B1026009030000C000000069
:10B0900074240020100000000000000010000000D8
:10B0A00068B10260080300008000000084240020D2
:10B0B00010000000000000001000000068B10260F5
:10B0C000070200000001000094240020100000008E
:10B0D000000000001000000068B1026006020000DD
:10B0E000C0000000A02400201000000000000000AC
:10B0F0001000000068B1026005020000800000003E
:10B10000AC2400201000000000000000100000002F
:10B1100068B102600401000000010000B8240020B2
:10B1200010000000000000001000000068B1026084
:10B1300003010000C0000000C42400201000000033
:10B14000000000001000000068B102600201000071
:10B1500080000000D024002010000000000000004B
:10B160001000000068B1026002000000A1820060CF
:10B17000A5820060B1820060B9820060C582006073
:10B18000C182006051840060C58300600102040731
:10B19000080B0D0E10131516191A1C1F2023252637
:10B1A000292A2C2F31323437383B3D3E4043454627
:10B1B000494A4C4F51525457585B5D5E6162646717
:10B1C000686B6D6E70737576797A7C7F8083858607
:10B1D000898A8C8F91929497989B9D9EA1A2A4A7F7
:10B1E000A8ABADAEB0B3B5B6B9BABCBFC1C2C4C7E7
:10B1F000C8CBCDCED0D3D5D6D9DADCDFE0E3E5E6D7
:10B20000E9EAECEFF1F2F4F7F8FBFDFE01010101D0
:10B2100001010101FEFEFEFEFEFEFEFE1F1F1F1FBE
:10B220000E0E0E0EE0E0E0E0F1F1F1F1011F011F62
:10B23000010E010E1F011F010E010E0101E001E0D0
:10B2400001F101F1E001E001F101F10101FE01FE76
:10B2500001FE01FEFE01FE01FE01FE011FE01FE0F6
:10B260000EF10EF1E01FE01FF10EF10E1FFE1FFEAA
:10B270000EFE0EFEFE1FFE1FFE0EFE0EE0FEE0FEA8
:10B28000F1FEF1FEFEE0FEE0FEF1FEF140100010E6
:10B290000010000000000400401004100000001026
:10B2A00040100010400000000000001040000400AA
:10B2B00000000410401004100010040000100410DE
:10B2C00040100400001000004000000000000410C6
:10B2D000400000100010001040100000001004009A
:10B2E0004000040040000410001004104010000052
:10B2F00000000000000000004000041040000010AA
:10B300000010001040100400000004004010040071
:10B3100000000400001004100010000040000000B5
:10B320004000041000100000401004000010001045
:10B330004000000040000010000004104000041015
:10B340000000001000000400401000100000000089
:10B3500040100410400004004000001000000410E1
:10B3600000100010401000100000000040100410F9
:10B370000010040000100400401000004010000005
:10B380004000040000000010001004100000200025
:10B390000200200402080004000000000008000071
:10B3A000020800040208200000082004020820040B
:10B3B0000000200000000000020000040200000065
:10B3C000000000040200200402080000000800043D
:10B3D000020820000200200000080004020000040F
:10B3E00000002004000820040200200000002004C7
:10B3F00000080000020800000208200400082000E5
:10B40000020000000000000400082000000000040A
:10B4100000082000000020000208000402080004C8
:10B4200002002004020020040200000002002000AC
:10B4300000000004000800040000200000082004B0
:10B440000208000002082000000820040208000092
:10B45000020000040208200400002004000820006C
:10B4600000000000020000000208200400000000AC
:10B470000208200000002004000800000200000470
:10B480000008000400080000020020001000002056
:10B4900000004020004000001040402000004020FC
:10B4A000100000001040402000004000004000203C
:10B4B000104040000000400010000020100040003C
:10B4C00000400020000000201040000000000000AC
:10B4D00010004000104000200040000000404000EC
:10B4E00010400020100000001000402010004020FC
:10B4F00000000000104040000040402010400000CC
:10B50000004040000040402000000020004000209B
:10B51000100000001000402000404000104040207B
:10B52000000040001040000010000020000040001B
:10B53000004000200000002010400000100000200B
:10B5400010404020004040000000402010404000DB
:10B5500000404020000000001000402010000000CB
:10B56000004000000000402010404000004000006B
:10B57000100040001040002000000000004040206B
:10B58000000000201000400010400020012080003A
:10B5900081200000812000008000000080208000C9
:10B5A00081008000010080000120000000000000F8
:10B5B00000208000002080008120800081000000A9
:10B5C00000000000800080000100800001000000F9
:10B5D00000200000000080000120800080000000AA
:10B5E0000000800001200000802000008100800019
:10B5F000010000008020000080008000002000008A
:10B600008020800081208000810000008000800078
:10B610000100800000208000812080008100000067
:10B6200000000000000000000020800080200000DA
:10B630008000800081008000010000000120800067
:10B640008120000081200000800000008120800017
:10B6500081000000010000000020000001008000C7
:10B660000120000080208000810080000120000077
:10B670008020000000008000012080008000000089
:10B6800000008000002000008020800020801080CA
:10B69000008000800080000020801000000010006A
:10B6A000200000002000108020800080200000800A
:10B6B00020801080008010800000008000800080CA
:10B6C000000010002000000020001080008010000A
:10B6D000200010002080008000000000000000809A
:10B6E000008000002080100000001080200010006A
:10B6F000200000800000000000801000208000007A
:10B7000000801080000010802080000000000000F9
:10B710002080100020001080000010002080008099
:10B720000000108000801080008000000000108069
:10B730000080008020000000208010802080100009
:10B740002000000000800000000000802080000039
:10B7500000801080000010002000008020001000F9
:10B760002080008020000080200010000080100059
:10B7700000000000008000802080000000000080A9
:10B780002000108020801080008010000001000048
:10B790000001080200000802000100420000080049
:10B7A0000001000000000040000008020001084005
:10B7B00000000800000100020001084000010042F2
:10B7C00000000842000108000000004000000002E4
:10B7D0000000084000000840000000000001004098
:10B7E0000001084200010842000100020000084276
:10B7F00000010040000000000000004200010802BB
:10B8000000000002000000420001080000000800E3
:10B8100000010042000100000000000200000040A2
:10B82000000008020001004200010840000100027F
:10B83000000000400000084200010802000108402A
:10B840000001000000000002000008420001084260
:10B850000001080000000042000108420000080248
:10B860000000000000000840000000420001080045
:10B87000000100020001004000000800000000007C
:10B88000000008400001080200010040080200001A
:10B890000002020800000000080002080002000880
:10B8A0000000000008020200000200080800020078
:10B8B0000800000808000008000002000802020852
:10B8C0000800020000000208080200000000000852
:10B8D000080000000002020800020000000202004E
:10B8E000000002080800020808020200080200081E
:10B8F0000002020000000200080200080800000028
:10B90000080202080002000000000008000202080D
:10B910000000000808000200080200000000020009
:10B9200000020208000200080000000000020000FF
:10B9300008000200080202080002000808000008CF
:10B9400000020000000000000800020808020008D1
:10B9500000000200000000080802020808000000C1
:10B9600008020200000202000800000800000208AD
:10B970000802000808020000000002080802020095
:10B980000800000008000208000202000004010193
:10B990000000000000000100040401010400010196
:10B9A0000404010004000000000001000004000085
:10B9B000000401010404010100040000040400016A
:10B9C0000400010100000001040000000404000064
:10B9D0000004000100040001000401000004010053
:10B9E0000000010100000101040400010400010045
:10B9F0000400000104000001040001000000000038
:10BA00000404000004040100000000010000010023
:10BA10000404010104000000000001010004010110
:10BA2000000000010000000100040000040001010A
:10BA300000000100000401000400000100040000F7
:10BA400004000000040400010404010004040101D6
:10BA500004000100000001010404000104000001D1
:10BA600004040000040401000004010104040000B7
:10BA700000040001000400010000000004000100B7
:10BA800000040100000000000400010100000000AB
:10BA900001000000000100000101000000000100A1
:10BAA000010001000001010001010100000000018E
:10BAB000010000010001000101010001000001017D
:10BAC000010001010001010101010101000000006C
:10BAD0000000000100000100000001010001000061
:10BAE000000100010001010000010101010000004E
:10BAF000010000010100010001000101010100003D
:10BB00000101000101010100010101014E6F7720D7
:10BB1000697320740123456789ABCDEF234567899D
:10BB2000ABCDEF01456789ABCDEF0123CDD64F2FCC
:10BB30009427C15D6996C8FA47A2ABEB8325397695
:10BB400044091A0A6A2A19F41ECA854B03E69F5B48
:10BB5000FA58EB42DD17E8B8B437D23212345678CF
:10BB600090ABCDEF54F15AF6EBE3A4B43576115611
:10BB70005FA18E4DCB191F85D1ED8439129F40B93D
:10BB8000D20056B3470EFC9A6B8EE393C5CECF63BB
:10BB9000ECEC514C2D2D2D2D2D424547494E204486
:10BBA0004820504152414D45544552532D2D2D2D85
:10BBB0002D0D0A4D494748416F4742414A343139BA
:10BBC0004442454F676D51547A6F3571586C3566F4
:10BBD00051634E39544E343535776B4F4C373035D1
:10BBE00032487A787852564D7968596D7751636743
:10BBF0004A76680D0A317361313866796652394F79
:10BC00006956454D59676C4F706B71566F474C4E76
:10BC10003771643561514E4E693557372F432B5676
:10BC200042644854424A63475A4A7979503542330C
:10BC300071637A33320D0A396D4C4A4B75646C5618
:10BC40007564563051786B3571554A61505A2F786A
:10BC500075707A304E796F567076697569424F49C2
:10BC600031674E69386F765358577A416745430DAF
:10BC70000A2D2D2D2D2D454E442044482050415253
:10BC8000414D45544552532D2D2D2D2D0D0A0000AB
:10BC90000400180080010000602500200300170048
:10BCA000000100001C27002002001500E000000039
:10BCB0002827002001001300C000000034270020C6
:10BCC000000000000000000000000000FFFFFFFF78
:10BCD000FFFFFFFFFEFFFFFFFFFFFFFFFFFFFFFF75
:10BCE000FFFFFFFFB1B946C1ECDEB8FE4930247258
:10BCF000ABE9A70FE7809CE5190521643128D2B490
:10BD0000B1C96B1436F8DE99FFFFFFFFFFFFFFFF9D
:10BD1000FFFFFFFF1210FF82FD0AFFF40088A1431E
:10BD2000EB20BF7CF69030B00EA88D181148791E1C
:10BD3000A177F973D5CD246BED11106378DAC8FFC4
:10BD4000952B190701000000000000000000000012
:10BD5000FFFFFFFFFFFFFFFFFFFFFFFFFFFFFFFFF3
:10BD600000000000B4FF552343390B27BAD8BFD7D2
:10BD7000B7B04450563241F5ABB3040C850A05B454
:10BD80003D2A5C5C4529DD133EF0B8E0A216FFFFBA
:10BD9000FFFFFFFFFFFFFFFFFFFFFFFF211D5C1104
:10BDA000D68032342211C256D3C1034AB99013321D
:10BDB0007FBFB46BBD0C0EB7347E00859981D5442E
:10BDC0006447075AA07543CDE6DF224CFB23F7B545
:10BDD000886337BDFFFFFFFFFFFFFFFFFFFFFFFF90
:10BDE0000000000000000000000000000100000052
:10BDF000FFFFFFFF4B60D2273E3CCE3BF6B053CC5B
:10BE0000B0061D65BC86987655BDEBB3E7933AAA9C
:10BE1000D835C65A512563FCC2CAB9F3849E17A708
:10BE2000ADFAE6BCFFFFFFFFFFFFFFFF00000000D1
:10BE3000FFFFFFFF96C298D84539A1F4A033EB2D40
:10BE4000817D0377F240A463E5E6BCF847422CE12C
:10BE5000F2D1176BF551BF376840B6CBCE5E316B70
:10BE60005733CE2B169E0F7C4AEBE78E9B7F1AFE34
:10BE7000E242E34FFFFFFFFF000000000000000070
:10BE8000FFFFFFFFFEFFFFFFFFFFFFFFFFFFFFFFC3
:10BE9000FFFFFFFFFFFFFFFFFFFFFFFFFFFFFFFFB2
:10BEA000FFFFFFFFEF2AECD3EDC8852A9DD12E8A34
:10BEB0008D3956C65A8713508F081403124181FEDC
:10BEC0006E9C1D18192DF8E36B058E98E4E73EE291
:10BED000A72F31B37329C5CC6A19ECEC7AA7B04807
:10BEE000B20D1A58DF2D37F4814D63C7FFFFFFFFF6
:10BEF000FFFFFFFFFFFFFFFFFFFFFFFFFFFFFFFF52
:10BF0000FFFFFFFFB70A7672385E543A6C2955BFBF
:10BF10005DF20255382A5482E041F759989BA78B6D
:10BF2000623B1D6E74AD20F31EC7B18E37058BBE0C
:10BF300022CA87AA5F0EEA907C1D437A9D817E1DEE
:10BF4000CEB1600AC0B8F0B51331DAE97C149A2892
:10BF5000BD1DF4F829DC9292BF989E5D6F2C269649
:10BF60004ADE17360000000000000000000000005C
:10BF7000201C00000000000040380000000000000D
:10BF8000602400000000000080700000000000003D
:10BF9000A06C000000000000C0480000000000008D
:10BFA000E05400000000000000E10000000000007C
:10BFB00020FD00000000000040D90000000000004B
:10BFC00060C500000000000080910000000000003B
:10BFD000A08D000000000000C0A9000000000000CB
:10BFE000E0B500000000000058E2FCCEFA7E3061AF
:10BFF000367F1D57A4E7455AAB6E47D42CEC13BDD2
:10C00000F53A67B21257BDDF4D5C2AF327CD64A61F
:10C010002CF35ABD2BA6FAB45BC94FBC3221A5DB69
:10C0200094FAE95AE7121A473612D2E79E3B07857F
:10C03000561BE14AACA2FCCB619CC5AEFFFE0BFADD
:10C04000462AF43C1699D050CD33B28AC773F74BC9
:10C05000A00ED1F3125724352FF58D80033927AB6D
:10C060008EF4D4587514F0FB9924A7C8587336BFC2
:10C07000B118024DB8674A142519498E80F1478FCF
:10C0800037BA55BD6D27618C65DCC57FCF623A2418
:10C09000094FCCA40D3533F8DCF566FF291C25BB10
:10C0A000B8568FC3D376A6D9530F8AFBC74536B986
:10C0B000A963B4F1C4CB738BD0D1C8A799996BF0A5
:10C0C000265B98B5D48AB919B094DAC5D93471BD54
:10C0D000EC1A502270E3CC6C76FC6ECE0F4E1768D3
:10C0E000CDDF8853BB2D551B3A337DBF46A792C485
:10C0F0005E454913FE2EA8F2A44A8266EE1C8EB05D
:10C10000C8B5D4CF5AE9F19A000000000000000041
:10C11000000000000000000000000000000000001F
:10C12000000000000000000000000000000000000F
:10C1300000000000000000000000000000000000FF
:10C1400000000000000000000388DACE60B6A39271
:10C15000F328C2B971B2FE780000000000000000B0
:10C1600000000000000000000000000000000000CF
:10C1700000000000000000000000000000000000BF
:10C18000000000000000000042831EC221777424DA
:10C190004B7221B784D0D49CE3AA212F2C02A4E0B7
:10C1A00035C17E2329ACA12E21D514B25466931C2F
:10C1B0007D8F6A5AAC84AA051BA30B396A0AAC9717
:10C1C0003D58E091473F598542831EC22177742430
:10C1D0004B7221B784D0D49CE3AA212F2C02A4E077
:10C1E00035C17E2329ACA12E21D514B25466931CEF
:10C1F0007D8F6A5AAC84AA051BA30B396A0AAC97D7
:10C200003D58E0910000000061353B4C2806934A00
:10C21000777FF51FA22A4755699B2A714FCDC6F833
:10C220003766E5F97B6C742373806900E49F24B260
:10C230002B097544D4896B424989B5E1EBAC0F07F2
:10C24000C23F4598000000008CE24998625615B63E
:10C2500003A033ACA13FB894BE9112A5C3A211A80C
:10C26000BA262A3CCA7E2CA701E4A9A4FBA43C90D0
:10C27000CCDCB281D48C7C6FD62875D2ACA41703E9
:10C280004C34AEE50000000000000000000000009B
:10C29000000000000000000000000000000000009E
:10C2A000000000000000000000000000000000008E
:10C2B000000000000000000000000000000000007E
:10C2C000000000000000000098E7247C07F0FE4119
:10C2D0001C267E4384B0F600000000000000000031
:10C2E000000000000000000000000000000000004E
:10C2F000000000000000000000000000000000003E
:10C3000000000000000000003980CA0B3C00E8413A
:10C31000EB06FAC4872A2757859E1CEAA6EFD98424
:10C32000628593B40CA1E19C7D773D00C144C52595
:10C33000AC619D18C84A3F4718E2448B2FE324D9CB
:10C34000CCDA2710ACADE2563980CA0B3C00E8418C
:10C35000EB06FAC4872A2757859E1CEAA6EFD984E4
:10C36000628593B40CA1E19C7D773D00C144C52555
:10C37000AC619D18C84A3F4718E2448B2FE324D98B
:10C38000CCDA2710000000000F10F599AE14A1546C
:10C39000ED24B36E25324DB8C566632EF2BBB34FA4
:10C3A0008347280FC4507057FDDC29DF9A471F755B
:10C3B000C66541D4D4DAD1C9E93A19A58E8B473F75
:10C3C000A0F062F700000000D27E88681CE3243CE5
:10C3D0004830165A8FDCF9FF1DE9A1D8E6B447EFC3
:10C3E0006EF7B79828666E4581E79012AF34DDD9B5
:10C3F000E2F037589B292DB3E67C036745FA22E724
:10C40000E9B7373B0000000000000000000000001A
:10C41000000000000000000000000000000000001C
:10C42000000000000000000000000000000000000C
:10C4300000000000000000000000000000000000FC
:10C440000000000000000000CEA7403D4D606B6E74
:10C45000074EC5D3BAF39D1800000000000000008D
:10C4600000000000000000000000000000000000CC
:10C4700000000000000000000000000000000000BC
:10C480000000000000000000522DC1F099567D0709
:10C49000F47F37A32A84427D643A8CDCBFE5C0C9AF
:10C4A0007598A2BD2555D1AA8CB08E48590DBB3DBB
:10C4B000A7B08B1056828838C5F61E6393BA7A0AE5
:10C4C000BCC9F662898015AD522DC1F099567D0721
:10C4D000F47F37A32A84427D643A8CDCBFE5C0C96F
:10C4E0007598A2BD2555D1AA8CB08E48590DBB3D7B
:10C4F000A7B08B1056828838C5F61E6393BA7A0AA5
:10C50000BCC9F66200000000C3762DF1CA787D3206
:10C51000AE47C13BF19844CBAF1AE14D0B976AFA95
:10C52000C52FF7D79BBA9DE0FEB582D33934A4F06E
:10C53000954CC2363BC73F7862AC430E64ABE4997E
:10C54000F47C9B1F000000005A8DEF2F0C9E53F1CE
:10C55000F75D7853659E2A20EEB2B22AAFDE6419E9
:10C56000A058AB4F6F746BF40FC0C3B780F2444553
:10C570002DA3EBF1C5D82CDEA2418997200EF82E11
:10C5800044AE7E3F000000000000000000000000FC
:10C59000000000000000000000000000000000009B
:10C5A0000000000000000000FEFFE9928665731C99
:10C5B0006D6A8F9467308308FEFFE9928665731C6D
:10C5C0006D6A8F946730830800000000000000004F
:10C5D000000000000000000000000000000000005B
:10C5E000000000000000000000000000000000004B
:10C5F000000000000000000000000000000000003B
:10C60000000000000000000000000000000000002A
:10C61000000000000000000000000000000000001A
:10C62000000000000000000000000000000000000A
:10C6300000000000000000000000000000000000FA
:10C6400000000000000000000000000010000000DA
:10C65000400000003C0000003C0000003C000000E6
:10C6600000000000000000000000000000000000CA
:10C6700000000000000000000000000000000000BA
:10C6800000000000000000000000000000000000AA
:10C69000000000000000000000000000000000009A
:10C6A000CAFEBABEFACEDBADDECAF88800000000D2
:10C6B000000000000000000000000000000000007A
:10C6C000000000000000000000000000000000006A
:10C6D000000000000000000000000000000000005A
:10C6E0009313225DF88406E555909C5AFF5269AA7F
:10C6F0006A7A9538534F7DA1E4C303D2A318A728C3
:10C70000C3C0C95156809539FCF0E2429A6B52542D
:10C7100016AEDBF5A0DE6A57A637B39B000000001B
:10C720000000000000000000000000000000000009
:10C7300000000000000000000000000000000000F9
:10C7400000000000000000000000000000000000E9
:10C7500000000000000000000000000000000000D9
:10C7600000000000000000000000000000000000C9
:10C7700000000000000000000000000000000000B9
:10C7800000000000000000000000000000000000A9
:10C790000000000000000000000000000000000099
:10C7A0000000000000000000000000000000000089
:10C7B0000000000000000000000000000000000079
:10C7C0000000000000000000000000000000000069
:10C7D0000000000000000000000000000000000059
:10C7E0000000000000000000010000000100000047
:10C7F00001000000020000000C0000000C0000001E
:10C800000C0000000C000000080000003C000000CC
:10C810000000000000000000000000000000000018
:10C820000000000000000000000000000000000008
:10C8300000000000000000000000000000000000F8
:10C8400000000000000000000000000000000000E8
:10C85000FEEDFACEDEADBEEFFEEDFACEDEADBEEF02
:10C86000ABADDAD2000000000000000000000000C4
:10C8700000000000000000000000000000000000B8
:10C8800000000000000000000000000000000000A8
:10C890000000000000000000000000000000000098
:10C8A0000000000000000000000000000000000088
:10C8B0000000000000000000000000000000000078
:10C8C0000000000000000000000000000000000068
:10C8D0000000000000000000000000000000000058
:10C8E0000000000000000000000000000000000048
:10C8F0000000000000000000000000000000000038
:10C900000000000000000000000000000000000027
:10C910000000000000000000000000000000000017
:10C920000000000000000000000000000000000007
:10C9300000000000000000000000000000000000F7
:10C9400000000000000000000000000000000000E7
:10C9500000000000000000000000000000000000D7
:10C9600000000000000000000000000000000000C7
:10C9700000000000000000000000000000000000B7
:10C9800000000000000000000000000000000000A7
:10C990000000000000000000000000000100000096
:10C9A0000100000001000000000000000000000085
:10C9B000000000001400000014000000140000003B
:10C9C0000000000000000000000000000000000067
:10C9D0000000000000000000000000000000000057
:10C9E0000000000000000000000000000000000047
:10C9F0000000000000000000000000000000000037
:10CA0000D9313225F88406E5A55909C5AFF5269A2E
:10CA100086A7A9531534F7DA2E4C303D8A318A7235
:10CA20001C3C0C95956809532FCF0E2449A6B525BB
:10CA3000B16AEDF5AA0DE657BA637B391AAFD25544
:10CA400000000000000000000000000000000000E6
:10CA500000000000000000000000000000000000D6
:10CA600000000000000000000000000000000000C6
:10CA700000000000000000000000000000000000B6
:10CA800000000000000000000000000000000000A6
:10CA90000000000000000000000000000000000096
:10CAA0000000000000000000000000000000000086
:10CAB0000000000000000000000000000000000076
:10CAC0000000000000000000000000000000000066
:10CAD0000000000000000000000000000000000056
:10CAE0000000000000000000000000000000000046
:10CAF0000000000000000000000000000000000036
:10CB00000000000000000000000000000000000025
:10CB10000000000000000000000000000000000015
:10CB20000000000000000000000000000000000005
:10CB300000000000000000000000000000000000F5
:10CB400000000000000000000100000001000000E3
:10CB50000100000001000000A0C9AB58F1E2E5A40B
:10CB6000DE3EBD4FF73E9C5B64EFD8CA028CF811E5
:10CB700048A584FE69AB5AEE42AA4D42176099D48B
:10CB80005E1397DC404D86A37BF55954756951E4DB
:10CB90009A00A2D00ED59BFE31ECB1399B60814842
:10CBA000D1969D250D3C1E94101098129325CAB85D
:10CBB000FCCC2D54731970C0107AA4892519955E88
:10CBC0004BC6001D7F4E6A2BF8A301AB46055C09DE
:10CBD000A67188F1A740EEF3E15C029B44AF0344E9
:10CBE00079349BBF7CDDA5799557866621C913836F
:10CBF0001146733ABF8C35C8C7215B5B96C48E9BC8
:10CC0000338C74E3E99DFEDFC6A16AB8D420706F4F
:10CC10000F34AB7FEC5ADCA9D8CA3A133E159CA658
:10CC2000AC43C6F8A2BE22834A4C0A0AFFB10D717A
:10CC300094F1C1A5CF7322EC1AE0964ED4BF12270F
:10CC400046E087FDB5B3E91B3493D5BB98FAED49AF
:10CC5000E85F130FC8A459B70800000007000000E0
:10CC600006000000050000000400000003000000B2
:10CC700000000000000000000100000003000000B0
:10CC80000E0000001A0000003E00000050000000EE
:10CC9000D41D8CD98F00B204E9800998ECF8427E4B
:10CCA0000CC175B9C0F1B6A831C399E269772661A4
:10CCB000900150983CD24FB0D6963F7D28E17F72CC
:10CCC000F96B697D7CB7938D525A2F31AAF161D0EF
:10CCD000C3FCD3D76192E4007DFB496CCA67E13B9A
:10CCE000D174AB98D277D9F5A5611C2C9F419D9F3B
:10CCF00057EDF4A22BE3C955AC49DA2E2107B67AD9
:10CD00000000000000000000000000000000000023
:10CD10000000000000000000000000000000000013
:10CD20000000000000000000000000000000000003
:10CD300000000000000000000000000000000000F3
:10CD400000000000000000000000000000000000E3
:10CD50000061000000000000000000000000000072
:10CD600000000000000000000000000000000000C3
:10CD700000000000000000000000000000000000B3
:10CD800000000000000000000000000000000000A3
:10CD90000000000000000000000000000000000093
:10CDA000000061626300000000000000000000005D
:10CDB0000000000000000000000000000000000073
:10CDC0000000000000000000000000000000000063
:10CDD0000000000000000000000000000000000053
:10CDE0000000000000000000000000000000000043
:10CDF0000000006D65737361676520646967657322
:10CE000074000000000000000000000000000000AE
:10CE10000000000000000000000000000000000012
:10CE20000000000000000000000000000000000002
:10CE300000000000000000000000000000000000F2
:10CE4000000000006162636465666768696A6B6C14
:10CE50006D6E6F707172737475767778797A000081
:10CE600000000000000000000000000000000000C2
:10CE700000000000000000000000000000000000B2
:10CE800000000000000000000000000000000000A2
:10CE900000000000004142434445464748494A4B90
:10CEA0004C4D4E4F505152535455565758595A6144
:10CEB00062636465666768696A6B6C6D6E6F7071DA
:10CEC00072737475767778797A30313233343536D7
:10CED00037383900000000000000000000000000AA
:10CEE0000000000000003132333435363738393035
:10CEF00031323334353637383930313233343536F0
:10CF000037383930313233343536373839303132D9
:10CF100033343536373839303132333435363738C3
:10CF200039303132333435363738393031323334C1
:10CF300035363738393000000800000078290020E5
:10CF40004000000080000000B5F300609DF3006029
:10CF5000A1F30060BDF300605DF4006001F40060C7
:10CF6000ADF30060B1F3006007000000D43C002086
:10CF7000300000008000000095F300609DF3006029
:10CF8000A1F30060A5F300605DF4006001F40060AF
:10CF9000ADF30060B1F3006006000000A83C002083
:10CFA000200000004000000085F300606DF3006089
:10CFB00071F300608DF3006045F40060EDF30060F4
:10CFC0007DF3006081F3006005000000002900206F
:10CFD0001C0000004000000065F300606DF300607D
:10CFE00071F3006075F3006045F40060EDF30060DC
:10CFF0007DF3006081F3006004000000DC28002065
:10D00000140000004000000051F3006055F3006080
:10D0100059F30060A55901602DF40060D9F3006058
:10D020005DF3006061F3006003000000B42700209E
:10D0300010000000400000003DF3006041F300607C
:10D0400045F3006029F2006015F40060C5F300604C
:10D0500049F300604DF30060CC2700200900000078
:10D06000AC2A0020C42A002003010000D42A00209A
:10D0700009000000E02A0020F82A00200401000036
:10D08000082B002009000000142B00202C2B00206E
:10D0900005010000402B0020090000004C2B00205F
:10D0A000642B002006010000782B002009000000FE
:10D0B000842B00209C2B002007010000B02B0020B7
:10D0C00009000000BC2B0020D42B00200801000028
:10D0D000E82B002005000000E02A0020F82A0020AC
:10D0E00004010000F02B002007000000F82B0020B6
:10D0F000082C002004040000182C00200800000068
:10D10000242C0020382C0020050400004C2C00208A
:10D1100008000000582C00206C2C002006040000A1
:10D12000802C0020080000008C2C0020A02C002067
:10D1300007040000B42C002008000000C02C0020D0
:10D14000D42C002008040000E82C00200900000076
:10D15000F42C0020F42C0020000600000000000049
:10D1600000000000000000000000000000000000BF
:10D17000E4270020030000003C2E0020542E002055
:10D1800000010000682E0020030000006C2E00202B
:10D190007C2E002004000000882E002003000000E8
:10D1A0008C2E0020A02E002000080000B42E0020AD
:10D1B00003000000B82E0020D02E00202000000028
:10D1C000E42E002009000000F02E0020082F00208F
:10D1D000000001000000000000000000000000004E
:10D1E0000000000000000000E8270020030000000D
:10D1F000242F0020382F0020442F0020482F00200B
:10D20000030000004C2F0020602F0020682F00201A
:10D210006C2F002003000000702F0020802F0020C2
:10D220008C2F0020902F002003000000942F00205E
:10D23000A02F0020A82F0020AC2F0020030000000A
:10D24000B02F0020C82F0020D82F0020DC2F002076
:10D2500003000000E02F0020003000200C300020F0
:10D2600010300020090000001C3000202C3000206D
:10D270001C3000203C300020030000004030002023
:10D28000543000206430002074300020030000007F
:10D29000783000208C3000209C300020AC30002002
:10D2A00003000000B0300020C4300020D030002047
:10D2B000DC30002003000000E0300020F0300020CF
:10D2C000F8300020FC300020030000000031002076
:10D2D000103100201C31002020310020030000000C
:10D2E0002431002034310020403100204C31002016
:10D2F00003000000503100206C31002084310020F8
:10D3000098310020030000009C310020A83100204B
:10D31000B0310020B831002003000000BC310020F3
:10D32000D0310020F0310020FC310020030000004B
:10D3300000320020103200201C3200202832002051
:10D340000A00000034320020483200205C32002005
:10D350006032002003000000643200207C32002094
:10D3600090320020000000000000000000000000DB
:10D370000000000000000000EC2700200900000071
:10D38000582A0020682A002001000000F827002009
:10D39000070000006C2A00207C2A00200200000008
:10D3A0008C2A002005000000942A00209C2A0020DE
:10D3B000030000000000000000000000000000006A
:10D3C000000000000000000000280020080000000D
:10D3D0003427002034270020010000001004002022
:10D3E0000500000028270020282700200200000058
:10D3F0004C2A0020080000001C2700201C270020C9
:10D400000300000018040020050000006025002033
:10D410006025002004000000000000000000000063
:10D420000000000000000000000000000C280020A8
:10D430000800000090290020B4270020030000000D
:10D44000302800200500000098290020A029002095
:10D4500004000000A829002009000000B4290020D1
:10D46000C029002005000000C82900200900000094
:10D47000D4290020E029002006000000E82900202F
:10D4800009000000F4290020002A00200700000005
:10D49000082A002009000000142A0020202A002069
:10D4A0000800000000000000000000000000000074
:10D4B0000000000000000000182800200800000004
:10D4C000D8280020E428002004000000F0280020D4
:10D4D00008000000FC2800200829002005000000AA
:10D4E00018290020080000002429002030290020ED
:10D4F0000600000040290020080000004C29002000
:10D5000058290020070000006829002008000000BA
:10D51000742900208029002008000000000000007D
:10D5200000000000000000000000000000000000FB
:10D530002428002008000000002D0020142D0020C9
:10D54000342D002008000000402D0020542D002024
:10D55000742D002008000000802D0020942D002054
:10D56000A42D002008000000B02D0020C82D0020B0
:10D57000DC2D002008000000E82D0020FC2D0020FC
:10D580000C2E002008000000182E00202C2E002059
:10D59000000000000000000000000000000000008B
:10D5A0003828002005000000282A0020B02800208C
:10D5B00021000000302A0020080000003C2A002042
:10D5C00050220020250000000000000000000000A4
:10D5D00000000000000000000000000040280020C3
:10D5E0000A0000004C2800206C28002004250000C0
:10D5F0008C2800200A00000098280020B82800206D
:10D6000004230000000000000000000000000000F3
:10D6100000000000000000000800000008000000FA
:10D6200008000000180000000900000000000000D1
:10D6300004000000040000000400000024000000BA
:10D6400005000000000000000100000002000000D2
:10D65000001000000010000000100000000000009A
:10D660001400000014000000140000001900000065
:10D6700010000000000000000C60C80F961F0E7123
:10D68000F3A9B524AF6012062FE037A60000000012
:10D690000000000000000000EA6C014DC72D6F8CF7
:10D6A000CD1ED92ACE1D41F0D8DE895700000000DA
:10D6B00000000000000000004B007901B765489AA7
:10D6C000BEAD49D926F721D065A429C100000000CC
:10D6D00000000000000000003D2EEC4FE41C849B85
:10D6E00080C8D83662C0E44A8B291A964CF2F07092
:10D6F000380000000000000056FA6AA75548099D4E
:10D70000CC37D7F03425E0C3000000000000000053
:10D710000000000000000000000000000000000009
:10D7200000000000000000000000000000000000F9
:10D73000000000000000000070617373776F726476
:10D7400000000000000000000000000000000000D9
:10D75000000000000000000070617373776F726456
:10D7600000000000000000000000000000000000B9
:10D77000000000000000000070617373776F726436
:10D780000000000000000000000000000000000099
:10D79000000000000000000070617373776F726416
:10D7A00050415353574F524470617373776F726493
:10D7B00000000000000000007061737300776F725A
:10D7C00064000000000000000000000000000000F5
:10D7D0000000000000000000000000000000000049
:10D7E0000000000000000000000000000000000039
:10D7F000000000000000000073616C740000000075
:10D800000000000000000000000000000000000018
:10D810000000000000000000000000000000000008
:10D8200073616C7400000000000000000000000044
:10D8300000000000000000000000000000000000E8
:10D84000000000000000000073616C740000000024
:10D8500000000000000000000000000000000000C8
:10D8600000000000000000000000000000000000B8
:10D8700073616C7453414C5473616C7453414C54D8
:10D8800073616C7453414C5473616C7453414C54C8
:10D8900073616C74000000007361006C7400000020
:10D8A0000000000000000000000000000000000078
:10D8B0000000000000000000000000000000000068
:10D8C0000000000000000000000000000000000058
:10D8D0000000000000000000000000000000000048
:10D8E00000000000000000000500000024350020BA
:10D8F000D11B0160C51B016000000000DD1B016041
:10D90000291C0160000000000D1D0160051D016063
:10D91000A51C016000000000040000002C35002060
:10D92000D51A0160B91B0160D91A0160FD1A0160A6
:10D930000000000000000000951B0160ED1C01606C
:10D94000911C0160991B0160030000003435002028
:10D95000D51A0160AD1B016000000000000000004E
:10D960000000000000000000951B0160D51C016054
:10D970007D1C0160991B0160020000003C35002005
:10D98000D51A0160C91A0160051B0160491B0160BD
:10D990000000000000000000951B0160D51C016024
:10D9A0007D1C0160991B016001000000682A0020B5
:10D9B00071190160611901607D190160C919016067
:10D9C000051A0160551A01609D1A0160B91C0160B9
:10D9D000691C0160A11A0160A9993E364706816A57
:10D9E000BA3E25717850C26C9CD0D89D84983E4434
:10D9F0001C3BD26EBAAE4AA1F95129E5E54670F159
:10DA000034AA973CD4C4DAA4F61EEB2BDBAD273145
:10DA10006534016F616263000000000000000000D7
:10DA200000000000000000000000000000000000F6
:10DA300000000000000000000000000000000000E6
:10DA400000000000000000000000000000616263B0
:10DA5000646263646563646566646566676566677A
:10DA600068666768696768696A68696A6B696A6B2A
:10DA70006C6A6B6C6D6B6C6D6E6C6D6E6F6D6E6FDA
:10DA8000706E6F7071000000000000000000000068
:10DA90000000000000000000000000000000000086
:10DAA0000000000000000000000000000000000076
:10DAB0000000000000000000000000000000000066
:10DAC0000300000038000000E8030000982F8A429D
:10DAD00091443771CFFBC0B5A5DBB5E95BC25639C0
:10DAE000F111F159A4823F92D55E1CAB98AA07D8D8
:10DAF000015B8312BE853124C37D0C55745DBE72FB
:10DB0000FEB1DE80A706DC9B74F19BC1C1699BE47A
:10DB10008647BEEFC69DC10FCCA10C246F2CE92D0A
:10DB2000AA84744ADCA9B05CDA88F97652513E982E
:10DB30006DC631A8C82703B0C77F59BFF30BE0C635
:10DB40004791A7D55163CA0667292914850AB727C3
:10DB500038211B2EFC6D2C4D130D385354730A6560
:10DB6000BB0A6A762EC9C281852C7292A1E8BFA237
:10DB70004B661AA8708B4BC2A3516CC719E892D19F
:10DB8000240699D685350EF470A06A1016C1A41922
:10DB9000086C371E4C774827B5BCB034B30C1C3921
:10DBA0004AAAD84E4FCA9C5BF36F2E68EE828F74E0
:10DBB0006F63A5781478C8840802C78CFAFFBE90FA
:10DBC000EB6C50A4F7A3F9BEF27871C623097D224D
:10DBD0003405D8228642A477BDA255B32AADBCE451
:10DBE000BDA0B3F7E36C9DA70000000075388B164D
:10DBF000512776CC5DBA5DA1FD890150B0C6455C68
:10DC0000B4F58B19525225250000000020794655A5
:10DC1000980C91D8BBB4C1EA97618A4BF03F425847
:10DC20001948B2EE4EE7AD6700000000BA7816BFA3
:10DC30008F01CFEA414140DE5DAE2223B00361A3F4
:10DC400096177A9CB410FF61F20015AD248D6A61BD
:10DC5000D20638B8E5C026930C3E6039A33CE4599F
:10DC600064FF2167F6ECEDD419DB06C1CDC76E5C0D
:10DC70009914FB9281A1C7E284D73E67F1809A484C
:10DC8000A497200E046D39CCC7112CD003000000DE
:10DC900038000000E803000061626300000000003B
:10DCA0000000000000000000000000000000000074
:10DCB0000000000000000000000000000000000064
:10DCC0000000000000000000000000000000000054
:10DCD000006162636462636465636465666465666B
:10DCE0006765666768666768696768696A68696AB8
:10DCF0006B696A6B6C6A6B6C6D6B6C6D6E6C6D6E68
:10DD00006F6D6E6F706E6F7071000000000000002C
:10DD10000000000000000000000000000000000003
:10DD200000000000000000000000000000000000F3
:10DD300000000000000000000000000000000000E3
:10DD4000000000000000000022AE28D7982F8A4271
:10DD5000CD65EF23914437712F3B4DECCFFBC0B520
:10DD6000BCDB8981A5DBB5E938B548F35BC2563920
:10DD700019D005B6F111F1599B4F19AFA4823F920A
:10DD800018816DDAD55E1CAB420203A398AA07D8AE
:10DD9000BE6F7045015B83128CB2E44EBE853124A8
:10DDA000E2B4FFD5C37D0C556F897BF2745DBE7202
:10DDB000B196163BFEB1DE803512C725A706DC9B67
:10DDC000942669CF74F19BC1D24AF19EC1699BE44C
:10DDD000E3254F388647BEEFB5D58C8BC69DC10F66
:10DDE000659CAC77CCA10C2475022B596F2CE92DC6
:10DDF00083E4A66EAA84744AD4FB41BDDCA9B05C5E
:10DE0000B5531183DA88F976ABDF66EE52513E984E
:10DE10001032B42D6DC631A83F21FB98C82703B03E
:10DE2000E40EEFBEC77F59BFC28FA83DF30BE0C61B
:10DE300025A70A934791A7D56F8203E05163CA06CD
:10DE4000706E0E0A67292914FC2FD246850AB7275F
:10DE500026C9265C38211B2EED2AC45AFC6D2C4D98
:10DE6000DFB3959D130D3853DE63AF8B54730A6592
:10DE7000A8B2773CBB0A6A76E6AEED472EC9C281EE
:10DE80003B358214852C72926403F14CA1E8BFA249
:10DE9000013042BC4B661AA89197F8D0708B4BC2E8
:10DEA00030BE5406A3516CC71852EFD619E892D170
:10DEB00010A96555240699D62A20715785350EF488
:10DEC000B8D1BB3270A06A10C8D0D2B816C1A4199C
:10DED00053AB4151086C371E99EB8EDF4C774827C6
:10DEE000A8489BE1B5BCB034635AC9C5B30C1C3912
:10DEF000CB8A41E34AAAD84E73E363774FCA9C5B4F
:10DF0000A3B8B2D6F36F2E68FCB2EF5DEE828F74C9
:10DF1000602F17436F63A57872ABF0A11478C884A3
:10DF2000EC39641A0802C78C281E6323FAFFBE90DE
:10DF3000E9BD82DEEB6C50A41579C6B2F7A3F9BE39
:10DF40002B5372E3F27871C69C6126EACE3E27CA53
:10DF500007C2C021C7B886D11EEBE0CDD67DDAEA74
:10DF600078D16EEE7F4F7DF5BA6F1772AA67F00613
:10DF7000A698C8A2C57D630AAE0DF9BE04983F11EC
:10DF80001B471C13350B711B847D0423F577DB289D
:10DF90009324C7407BABCA32BCBEC9150ABE9E3CA7
:10DFA0004C0D109CC4671D43B6423ECBBED4C54C3D
:10DFB0002A7E65FC9C297F59ECFAD63AAB6FCB5F81
:10DFC0001758474A8C19446CCB00753F45A35E8BAC
:10DFD000B5A03D699AC65007272C32AB0EDED1633F
:10DFE0001A8B605A43FF5BED8086072BA1E7CC2399
:10DFF00058BAECA134C825A70000000000000000BA
:10E00000000000000000000009330C33F71147E85E
:10E010003D192FC782CD1B4753111B173B3B05D220
:10E020002FA08086E3B0F712FCC7C71A557E2DB922
:10E0300066C3E9FA91746039000000000000000036
:10E0400000000000000000009D0E1809716474CBF0
:10E05000086E834E310A4A1CED149E9C00F2485211
:10E060007972CEC5704C2A5B07B8B3DC38ECC4EBD0
:10E07000AE97DDD87F3D89850000000000000000DC
:10E080000000000000000000DDAF35A193617ABA06
:10E09000CC417349AE20413112E6FA4E89A97EA2E5
:10E0A0000A9EEEE64B55D39A2192992A274FC1A892
:10E0B00036BA3C23A3FEEBBD454D4423643CE80E39
:10E0C0002A9AC94FA54CA49F8E959B75DAE313DA63
:10E0D0008CF4F72814FC143F8F7779C6EB9F7FA14F
:10E0E0007299AEADB6889018501D289E4900F7E48D
:10E0F000331B99DEC4B5433AC7D329EEB6DD2654A7
:10E100005E96E55B874BE909E718483D0CE76964D3
:10E110004E2E42C7BC15B4638E1F98B13B204428D5
:10E120005632A803AFA973EBDE0FF244877EA60A2E
:10E130004CB0432CE577C31BEB009C5C2C49AA2E0A
:10E140004EADB217AD8CC09B030000007000000004
:10E15000E8030000616263000000000000000000AE
:10E1600000000000000000000000000000000000AF
:10E17000000000000000000000000000000000009F
:10E18000000000000000000000000000000000008F
:10E19000000000000000000000000000000000007F
:10E1A000000000000000000000000000000000006F
:10E1B000000000000000000000000000000000005F
:10E1C0000000000000616263646566676862636402
:10E1D0006566676869636465666768696A646566D9
:10E1E0006768696A6B65666768696A6B6C666768A9
:10E1F000696A6B6C6D6768696A6B6C6D6E68696A79
:10E200006B6C6D6E6F696A6B6C6D6E6F706A6B6C48
:10E210006D6E6F70716B6C6D6E6F7071726C6D6E18
:10E220006F707172736D6E6F70717273746E6F70E8
:10E23000717273747500000000000000000000009F
:10E2400000000000000000000000000000000000CE
:10E2500000000000000000000000000000000000BE
:10E2600000000000000000000000000000000000AE
:10E27000000000000000000000000000000000009E
:10E28000000000000000000000000000000000008E
:10E29000000000000000000000000000000000007E
:10E2A000000000000000000009C000002C39002020
:10E2B000050404000300000001000000030000004A
:10E2C00003000000000000000AC000005C390020CC
:10E2D0000704040003000000010000000300000028
:10E2E000030000000000000023C00000843900206B
:10E2F0000506040003000000030000000300000006
:10E3000003000000000000002BC00000AC3900201A
:10E310000E060400030000000300000003000000DC
:10E32000030000000000000024C00000D4390020D9
:10E3300007070400030000000300000003000000C2
:10E3400003000000000000002CC00000FC39002089
:10E350001007040003000000030000000300000099
:10E360000300000000000000ADC00000243A0020BF
:10E370002D0604000300000003000000030000005D
:10E380000300000000000000AFC00000483A002079
:10E390002D0604000300000003000000030000003D
:10E3A0000300000002000000ACC000006C3A002036
:10E3B0002B0604000300000003000000030000001F
:10E3C0000300000000000000AEC00000903A0020F2
:10E3D0002B060400030000000300000003000000FF
:10E3E000030000000200000072C00000B43A0020E8
:10E3F00014060400030000000100000003000000F8
:10E40000030000000000000073C00000E43A002098
:10E4100016070400030000000100000003000000D4
:10E42000030000000000000086C00000143B002034
:10E430001D060400030000000300000003000000AC
:10E44000030000000000000087C00000443B0020E3
:10E450001F07040003000000030000000300000089
:10E46000030000000000000008C00000743B002012
:10E470002504040003000000010000000300000068
:10E48000030000000000000013C000009C3B0020BF
:10E490000504030003000000010000000300000069
:10E4A000030000000000000014C00000C03B00207A
:10E4B0000704030003000000010000000300000047
:10E4C000030000000000000027C00000E43B002023
:10E4D0000506030003000000030000000300000025
:10E4E00003000000000000002FC000000C3C0020D2
:10E4F0000E060300030000000300000003000000FC
:10E50000030000000000000028C00000343C002090
:10E5100007070300030000000300000003000000E1
:10E52000030000000000000030C000005C3C002040
:10E5300010070300030000000300000003000000B8
:10E54000030000000000000076C00000843C0020B2
:10E550001406030003000000010000000300000097
:10E56000030000000000000077C00000B03C002065
:10E570001607030003000000010000000300000074
:10E5800003000000000000008AC00000DC3C002006
:10E590001D0603000300000003000000030000004C
:10E5A00003000000000000008BC00000083D0020B8
:10E5B0001F07030003000000030000000300000029
:10E5C000030000000000000012C00000343D0020E5
:10E5D0002504030003000000010000000300000008
:10E5E00003000000000000009F000000583D0020D4
:10E5F00010070200030000000300000003000000F9
:10E6000003000000000000009E0000007C3D002090
:10E610000E060200030000000300000003000000DB
:10E62000030000000000000067000000A03D002083
:10E6300005060200030000000300000003000000C4
:10E6400003000000000000006B000000C43D00203B
:10E6500007060200030000000300000003000000A2
:10E66000030000000000000033000000E83D00202F
:10E670000504020003000000000000000300000089
:10E680000300000000000000390000000C3E0020E4
:10E690000704020003000000000000000300000067
:10E6A00003000000000000009FC00000303E00207A
:10E6B0002D0602000300000003000000030000001C
:10E6C0000300000000000000A3C00000503E002036
:10E6D0002D060200030000000300000003000000FC
:10E6E00003000000020000009EC00000703E0020F9
:10E6F0002B060200030000000300000003000000DE
:10E700000300000000000000A2C00000903E0020B6
:10E710002B060200030000000300000003000000BD
:10E720000300000002000000BE000000B03E002018
:10E7300014060200030000000300000003000000B4
:10E740000300000000000000C4000000DC3E0020C8
:10E750001606020003000000030000000300000092
:10E76000030000000000000045000000083F0020FA
:10E770001404020003000000000000000300000079
:10E78000030000000000000088000000303F00206F
:10E790001604020003000000000000000300000057
:10E7A00003000000000000007CC00000583F002073
:10E7B0001D0602000300000003000000030000002B
:10E7C00003000000000000007DC00000843F002026
:10E7D0001F07020003000000030000000300000008
:10E7E000030000000000000016000000B03F002001
:10E7F00025040200030000000000000003000000E8
:10E8000003000000000000009D000000D43F002035
:10E8100010070100030000000300000003000000D7
:10E8200003000000000000009C000000F43F0020F6
:10E830000E060100030000000300000003000000BA
:10E8400003000000000000003C0000001440002015
:10E8500005060100030000000300000003000000A3
:10E8600003000000000000003D00000034400020D4
:10E870000706010003000000030000000300000081
:10E8800003000000000000002F00000054400020A2
:10E890000504010003000000000000000300000068
:10E8A000030000000000000035000000744000205C
:10E8B0000704010003000000000000000300000046
:10E8C00003000000000000009DC0000094400020F4
:10E8D0002D060100030000000300000003000000FB
:10E8E0000300000000000000A1C00000B0400020B4
:10E8F0002D060100030000000300000003000000DB
:10E9000003000000020000009CC00000CC4000207A
:10E910002B060100030000000300000003000000BC
:10E920000300000000000000A0C00000E84000203C
:10E930002B0601000300000003000000030000009C
:10E940000300000002000000BA00000004410020A3
:10E950001406010003000000030000000300000093
:10E960000300000000000000C00000002C41002057
:10E970001606010003000000030000000300000071
:10E98000030000000000000041000000544100208E
:10E990001404010003000000000000000300000058
:10E9A0000300000000000000840000007841002007
:10E9B0001604010003000000000000000300000036
:10E9C00003000000000000007AC000009C4100200D
:10E9D0001D0601000300000003000000030000000A
:10E9E00003000000000000007BC00000C4410020C4
:10E9F0001F070100030000000300000003000000E7
:10EA000003000000000000000A000000EC410020AC
:10EA100025040100030000000000000003000000C6
:10EA200003000000000000000EC000000C420020A7
:10EA300005040900030000000100000003000000BD
:10EA400003000000000000000FC000003042002062
:10EA5000070409000300000001000000030000009B
:10EA6000030000000000000029C000005442002004
:10EA70000506090003000000030000000300000079
:10EA8000030000000000000031C000007C420020B4
:10EA90000E06090003000000030000000300000050
:10EAA00003000000000000002AC00000A442002073
:10EAB0000707090003000000030000000300000036
:10EAC000030000000000000032C00000CC42002023
:10EAD000100709000300000003000000030000000D
:10EAE000030000000000000078C00000F442002095
:10EAF00014060900030000000100000003000000EC
:10EB0000030000000000000079C000002043002046
:10EB100016070900030000000100000003000000C8
:10EB200003000000000000008CC000004C430020E7
:10EB30001D060900030000000300000003000000A0
:10EB400003000000000000008DC00000784300209A
:10EB50001F0709000300000003000000030000007D
:10EB600003000000000000000DC00000A4430020CE
:10EB7000250409000300000001000000030000005C
:10EB8000030000000000000004C00000C843002093
:10EB900005040A000300000001000000030000005B
:10EBA000030000000000000005C00000EC4300204E
:10EBB00007040A0003000000010000000300000039
:10EBC000030000000000000025C0000010440020E9
:10EBD00005060A0003000000030000000300000017
:10EBE00003000000000000002DC000003844002099
:10EBF0000E060A00030000000300000003000000EE
:10EC0000030000000000000026C000006044002057
:10EC100007070A00030000000300000003000000D3
:10EC200003000000000000002EC000008844002007
:10EC300010070A00030000000300000003000000AA
:10EC4000030000000000000074C00000B044002079
:10EC500014060A0003000000010000000300000089
:10EC6000030000000000000075C00000DC4400202C
:10EC700016070A0003000000010000000300000066
:10EC8000030000000000000088C0000008450020CC
:10EC90001D060A000300000003000000030000003E
:10ECA000030000000000000089C00000344500207F
:10ECB0001F070A000300000003000000030000001B
:10ECC000030000000000000003C0000060450020B9
:10ECD00025040A00030000000100000003000000FA
:10ECE0000300000000000000A8000000884500208C
:10ECF0000E060500030000000300000003000000F2
:10ED00000300000000000000A9000000A84500204A
:10ED100010070500030000000300000003000000CE
:10ED20000300000000000000AE000000C845002005
:10ED300005060500030000000100000003000000BC
:10ED40000300000000000000AF000000E8450020C4
:10ED50000707050003000000010000000300000099
:10ED600003000000000000008C00000008460020A6
:10ED7000050405000300000000000000030000007F
:10ED800003000000000000008D0000002846002065
:10ED9000070405000300000000000000030000005D
:10EDA0000300000000000000A5C00000484600204D
:10EDB0002D06050003000000030000000300000012
:10EDC0000300000000000000A9C00000644600200D
:10EDD0002D060500030000000300000003000000F2
:10EDE0000300000002000000A4C0000080460020D4
:10EDF0002B060500030000000300000003000000D4
:10EE00000300000000000000A8C000009C46002095
:10EE10002B060500030000000300000003000000B3
:10EE2000030000000200000094C00000B84600206B
:10EE300014060500030000000100000003000000AC
:10EE4000030000000000000095C00000E046002024
:10EE50001607050003000000010000000300000089
:10EE600003000000000000008EC0000008470020E2
:10EE70001D06050003000000030000000300000061
:10EE800003000000000000008FC000003047002099
:10EE90001F0705000300000003000000030000003E
:10EEA00003000000000000008B0000005847002015
:10EEB000250405000300000000000000030000001E
:10EEC0000300000000000000AA00000078470020B6
:10EED0000E0606000300000003000000030000000F
:10EEE0000300000000000000AB0000009C47002071
:10EEF00010070600030000000300000003000000EC
:10EF00000300000000000000B2000000C047002025
:10EF100005060600030000000100000003000000D9
:10EF20000300000000000000B3000000E4470020E0
:10EF300007070600030000000100000003000000B6
:10EF400003000000000000009000000008480020BE
:10EF5000050406000300000000000000030000009C
:10EF60000300000000000000910000002C48002079
:10EF7000070406000300000000000000030000007A
:10EF80000300000000000000A7C00000504800205F
:10EF90002D0606000300000003000000030000002F
:10EFA0000300000000000000ABC00000704800201B
:10EFB0002D0606000300000003000000030000000F
:10EFC0000300000002000000A6C0000090480020DE
:10EFD0002B060600030000000300000003000000F1
:10EFE0000300000000000000AAC00000B04800209C
:10EFF0002B060600030000000300000003000000D1
:10F00000030000000200000096C00000D04800206D
:10F0100014060600030000000100000003000000C9
:10F02000030000000000000097C00000FC48002022
:10F0300016070600030000000100000003000000A6
:10F04000030000000000000090C0000028490020DC
:10F050001D0606000300000003000000030000007E
:10F06000030000000000000091C00000544900208F
:10F070001F0706000300000003000000030000005B
:10F0800003000000000000008F0000008049002005
:10F09000250406000300000000000000030000003B
:10F0A000030000000000000037C00000A449002059
:10F0B0000506080003000000010000000300000036
:10F0C000030000000000000038C00000CC49002010
:10F0D0000707080003000000010000000300000013
:10F0E000030000000000000035C00000F4490020CB
:10F0F00005040800030000000100000003000000F8
:10F10000030000000000000036C00000184A002084
:10F1100007040800030000000100000003000000D5
:10F1200003000000000000009AC000003C4A0020DC
:10F1300014060800030000000100000003000000A6
:10F1400003000000000000009BC00000684A00208F
:10F150001607080003000000010000000300000083
:10F16000030000000000000034C00000944A0020AA
:10F170002504080003000000010000000300000057
:10F180000300000000000000AC000000B84A0020AE
:10F190000E0607000300000003000000030000004B
:10F1A0000300000000000000AD000000DC4A002069
:10F1B0001007070003000000030000000300000028
:10F1C0000300000000000000B6000000004B00201B
:10F1D0000506070003000000010000000300000016
:10F1E0000300000000000000B7000000244B0020D6
:10F1F00007070700030000000100000003000000F3
:10F20000030000000000000094000000484B0020B4
:10F2100005040700030000000100000003000000D7
:10F220000300000000000000950000006C4B00206F
:10F2300007040700030000000100000003000000B5
:10F24000030000000000000098C00000904B002068
:10F250001406070003000000010000000300000086
:10F26000030000000000000099C00000BC4B00201B
:10F270001607070003000000010000000300000063
:10F28000030000000000000092C00000E84B0020D6
:10F290001D0607000300000003000000030000003B
:10F2A000030000000000000093C00000144C002088
:10F2B0001F07070003000000030000000300000018
:10F2C000030000000000000093000000404C0020FC
:10F2D00025040700030000000100000003000000F7
:10F2E00003000000000000000000000008280020CB
:10F2F000000000000000000000000000000000000E
:10F300000000000000000000A8CC0000A9CC000014
:10F31000AACC00002CC0000030C000009F000000FC
:10F32000ADC000009FC0000024C0000028C0000045
:10F330006B0000000AC0000014C00000390000008B
:10F34000AFC00000A3C0000087C000008BC0000059
:10F350007DC0000073C0000077C00000C400000042
:10F36000880000005DC0000061C0000053C00000C4
:10F3700049C000004DC0000045C000002BC0000087
:10F380002FC000009E000000ACC000009EC0000026
:10F3900023C0000027C000006700000009C0000073
:10F3A00013C0000033000000AEC00000A2C0000087
:10F3B00086C000008AC000007CC0000072C000004F
:10F3C00076C00000BE000000450000005CC00000E8
:10F3D00060C0000052C0000048C000004CC00000E7
:10F3E00044C0000008C0000012C000001600000069
:10F3F000ACCC0000ADCC0000AB000000A7C000000A
:10F4000038C00000B300000036C0000091000000CA
:10F4100091C000009BC0000097C00000ABC000007E
:10F420006DC0000071C0000067C00000AA000000AD
:10F43000A6C0000037C00000B200000035C00000C8
:10F440009000000090C0000096C000009AC000002C
:10F45000AAC000006CC0000070C0000066C00000C0
:10F4600034C000008F000000FFC000009D000000BD
:10F470009DC000003D0000003500000032C00000CB
:10F480002AC000000FC000002EC0000026C00000EF
:10F4900005C00000A1C000007BC00000C00000004B
:10F4A000840000008DC0000079C0000089C0000009
:10F4B00075C000005FC0000063C0000051C00000C4
:10F4C0004BC000004FC000003DC000009C00000089
:10F4D0009CC000003C0000002F00000031C0000074
:10F4E00029C000000EC000002DC0000025C0000093
:10F4F00004C00000A0C000007AC00000BA000000F4
:10F50000410000008CC0000078C0000088C00000EE
:10F5100074C000005EC0000062C0000050C0000067
:10F520004AC000004EC000003CC000000A000000BD
:10F530000DC0000003C00000AECC0000AD00000014
:10F54000B70000009500000093C0000099C00000C3
:10F550006FC0000069C00000AC000000B6000000F1
:10F560009400000092C0000098C000006EC000002F
:10F5700068C0000093000000ABCC0000A9000000B0
:10F58000A5C00000AF0000008D0000008FC000008B
:10F5900095C00000A9C000006BC0000065C000005D
:10F5A000A8000000A4C00000AE0000008C00000015
:10F5B0008EC0000094C00000A8C000006AC0000017
:10F5C00064C000008B00000007C0000011C00000F4
:10F5D00033C000008E0000000500000004000000A1
:10F5E0000CC0000002C00000920000008A00000071
:10F5F000150000000900000006C0000010C0000057
:10F600003BC000003AC0000039C00000B500000057
:10F61000B40000002D0000003B00000002000000CC
:10F62000010000000BC0000001C00000B900000094
:10F63000B80000002E000000B1000000B000000083
:10F640002C000000000000000100000078500020A5
:10F65000020000000C510020040000003C5100207A
:10F66000080000008451002010000000C05100205C
:10F6700020000000F451002040000000085200204B
:10F6800080000000205200200001000048520020AD
:10F69000000200007852002000040000A852002060
:10F6A00000080000C452002000100000F0520020AA
:10F6B000002000002453002000400000545300208C
:10F6C000008000008C53002000000100D85300206F
:10F6D000000002002C540020000004005C540020B4
:10F6E00000000800A05400200000000000000000FE
:10F6F000F0000000FFFFFF0FFFFFFF0F00080000FA
:10F70000600000000A0000000C0000000000000083
:10F71000E0000000FFFFFF0FFC08000000080000F1
:10F720000100000016035500530042002000530062
:10F7300065007200690061006C000000180354004D
:10F74000650065006E007300790064007500690053
:10F750006E006F000403090409024B00020100C09F
:10F7600032080B000202020100090400000102023B
:10F7700001000524001001052401010104240206F2
:10F78000052406000107058203100010090401008A
:10F79000020A00000007050302400000070584027A
:10F7A0004000000009024B00020100C032080B00BB
:10F7B0000202020100090400000102020100052406
:10F7C000001001052401010104240206052406009D
:10F7D000010705820310000509040100020A000068
:10F7E0000007050302000200070584020002000072
:0CF7F0000A060002EF02014001000100C7
:10F7FC0000000000000000000000000000000000FD
:10F80C0000000000000000000000000000000000EC
:10F81C0010B5054C237833B9044B13B10448AFF33E
:10F82C0000800123237010BD88960020000000008A
:10F83C0024BA0100084B10B51BB108490848AFF3B6
:10F84C0000800848036803B910BD074B002BFBD0A0
:10F85C00BDE81040184700BF000000008C96002047
:10F86C0024BA0100C06E0020000000000020704788
:10F87C0000207047034B186810B103681B681847C9
:10F88C00704700BFDC9B0020034B186810B1036865
:10F89C001B681847704700BFE49B00202DE9F0431C
:10F8AC0044F260235D4C91B0DFF884E1C150164600
:10F8BC00206810AC5A4B00901B6A5A48C3F30123C2
:10F8CC00056802462344046805F0807513F8407CF3
:10F8DC0044F0A0430EFB07FE0360BEFBF1F0BEFB41
:10F8EC00F0F7CF1B1368DC01FCD5052840F29380A0
:10F8FC0000221446931C0132B0FBF3FCBCF1190F2F
:10F90C000CFB03F3F6D84FF00108BEFBF3F3CB1A54
:10F91C00002BB8BF5B42BB426CDB18BF4FF000083A
:10F92C00ACF10C03062B03D8B8F1000F18BF14462A
:10F93C00BCF1050FDED8631CB7F5967FB0FBF3F076
:10F94C00A0F1050E59DCBEF1140F56D8364FE8461F
:10F95C0007F130093868103757F80C1CC44657F8B3
:10F96C00082C08F1100857F8043C4F45ACE80F0080
:10F97C00F0D10EEB4E0E10AB3868022E7344796842
:10F98C00BA68B7F80CE0BF7BA8E80700A8F800E05D
:10F99C0088F8027013F8400C13F83F1C00F00700B5
:10F9AC0013F83E3C4FEAC141204A40F480004FEA34
:10F9BC00034301F4601103F4E02341EA000143EA3C
:10F9CC00010343F4804343EA04641460136814BFD6
:10F9DC0023F0080343F00803136045B9114B196871
:10F9EC001A4621F0805119601368DB01FCD411B068
:10F9FC00BDE8F0831F46144692E7002DF7D1094B62
:10FA0C0019681A4621F0805119601368D901FCD489
:10FA1C0011B0BDE8F083012300248DE7B003002072
:10FA2C0000C00F4000001D40B403002004001D4026
:10FA3C0040420F002DE9F04344F260235D4C91B03D
:10FA4C00DFF884E1C1501646206810AC5A4B009088
:10FA5C001B6A5A48C3F30123056802462344046811
:10FA6C0005F0807513F8407C44F0A0430EFB07FEB4
:10FA7C000360BEFBF1F0BEFBF0F7CF1B1368DC019B
:10FA8C00FCD5052840F2938000221446931C0132C9
:10FA9C00B0FBF3FCBCF1190F0CFB03F3F6D84FF0E1
:10FAAC000108BEFBF3F3CB1A002BB8BF5B42BB4281
:10FABC006CDB18BF4FF00008ACF10C03062B03D81D
:10FACC00B8F1000F18BF1446BCF1050FDED8631C4B
:10FADC00B7F5967FB0FBF3F0A0F1050E59DCBEF143
:10FAEC00140F56D8364FE84607F1300938681037EE
:10FAFC0057F80C1CC44657F8082C08F1100857F896
:10FB0C00043C4F45ACE80F00F0D10EEB4E0E10ABA1
:10FB1C003868022E73447968BA68B7F80CE0BF7B7A
:10FB2C00A8E80700A8F800E088F8027013F8400C69
:10FB3C0013F83F1C00F0070013F83E3C4FEAC1419C
:10FB4C00204A40F480004FEA034301F4601103F4AF
:10FB5C00E02341EA000143EA010343F4804343EA12
:10FB6C0004641460136814BF23F0080343F0080303
:10FB7C00136045B9114B19681A4621F08051196070
:10FB8C001368DB01FCD411B0BDE8F0831F461446AA
:10FB9C0092E7002DF7D1094B19681A4621F08051D4
:10FBAC0019601368D901FCD411B0BDE8F0830123AE
:10FBBC0000248DE7B003002000C00F4000801D40E2
:10FBCC00B403002004801D4040420F000020704709
:10FBDC0000207047082070472DE9F04344F2602361
:10FBEC005D4C91B0DFF884E1C1501646206810AC32
:10FBFC005A4B00901B6A5A48C3F30123056802460E
:10FC0C002344046805F0807513F8407C44F0A0434D
:10FC1C000EFB07FE0360BEFBF1F0BEFBF0F7CF1B43
:10FC2C001368DC01FCD5052840F2938000221446B1
:10FC3C00931C0132B0FBF3FCBCF1190F0CFB03F36A
:10FC4C00F6D84FF00108BEFBF3F3CB1A002BB8BF6C
:10FC5C005B42BB426CDB18BF4FF00008ACF10C03ED
:10FC6C00062B03D8B8F1000F18BF1446BCF1050FD2
:10FC7C00DED8631CB7F5967FB0FBF3F0A0F1050E50
:10FC8C0059DCBEF1140F56D8364FE84607F130094F
:10FC9C003868103757F80C1CC44657F8082C08F174
:10FCAC00100857F8043C4F45ACE80F00F0D10EEBB0
:10FCBC004E0E10AB3868022E73447968BA68B7F8E8
:10FCCC000CE0BF7BA8E80700A8F800E088F80270F9
:10FCDC0013F8400C13F83F1C00F0070013F83E3CDF
:10FCEC004FEAC141204A40F480004FEA034301F43B
:10FCFC00601103F4E02341EA000143EA010343F4F9
:10FD0C00804343EA04641460136814BF23F00803AF
:10FD1C0043F00803136045B9114B19681A4621F0DA
:10FD2C00805119601368DB01FCD411B0BDE8F0837D
:10FD3C001F46144692E7002DF7D1094B19681A4655
:10FD4C0021F0805119601368D901FCD411B0BDE8C1
:10FD5C00F083012300248DE7B003002000C00F4086
:10FD6C0000401D40B403002004401D4040420F00E1
:10FD7C000020704700207047082070470020704713
:10FD8C000020704708207047104A11491368086812
:10FD9C001268096802F07F02C1F303610132043179
:10FDAC00B2EB410F10D303F07F03C0F30360053BAC
:10FDBC000130A3EB4000C3B2044A106800F07F008E
:10FDCC000130C01AC0B270470023F5E700001D4097
:10FDDC0034001D40104A11491368086812680968FC
:10FDEC0002F07F02C1F3036101320431B2EB410F27
:10FDFC0010D303F07F03C0F30360053B0130A3EB8A
:10FE0C004000C3B2044A106800F07F000130C01AF1
:10FE1C00C0B270470023F5E700801D4034801D40C0
:10FE2C00034901220B6802FA00F003430B60704790
:10FE3C0030001D40034901220B6802FA00F0034315
:10FE4C000B60704730801D40034901220B6802FA99
:10FE5C0000F003430B60704730401D40104A1149BD
:10FE6C00136808681268096802F07F02C1F3036125
:10FE7C0001320431B2EB410F10D303F07F03C0F316
:10FE8C000360053B0130A3EB4000C3B2044A106889
:10FE9C0000F07F000130C01AC0B270470023F5E7B4
:10FEAC0000401D4034401D402DE9F0419FED670A94
:10FEBC0082B0022011F036FE9FED640A032011F08F
:10FECC0031FE0221222011F007F80221202011F02E
:10FEDC0003F80221252010F0FFFF0121042010F06F
:10FEEC00FBFF0521292010F0F7FF0521182010F049
:10FEFC00F3FF574806F02AFD55481BF075F9554895
:10FF0C0006F044FC002850D01021534813F0B2F8EE
:10FF1C005248534F10F0CEFA524C002011F072F8A8
:10FF2C002070012011F06EF86070B4F90030B3F558
:10FF3C00166F45D04FF4166302A80422002140F836
:10FF4C00043D11F0EFF910220A21474811F0EAF9AB
:10FF5C00DFF814810D2228214448444E11F0E2F9B7
:10FF6C0003223C21424811F0DDF998F80110F0EE23
:10FF7C00086A98F8053032795B1A3E4907EE903AD8
:10FF8C00F8EEE77A87EEA67A81ED007A002A58D14E
:10FF9C003B78002B3BD12121374813F06BF82F48CD
:10FFAC0010F088FA02B0BDE8F08104461521334800
:10FFBC002B4F13F05FF8294810F07CFA3C70ABE73C
:10FFCC002F4C04F1010804F11006C8F10B05281997
:10FFDC0011F018F804F8010FA642F8D1234E28248A
:10FFEC0035462046013411F00DF805F8010B352C7F
:04FFFC00F7D11F4CCE
:02000004600397
:100000003C2011F005F820703D2011F001F86070DF
:100010003E2010F0FDFFA070ADE728211C4813F032
:100020002FF8114810F04CFA00210C2010F04EFF70
:1000300001210B2010F04AFF8021094806F0AAFB9D
:100040000021074806F0A2FB02B0BDE8F0810121C3
:10005000032010F047FFA1E70000F543685D002092
:10006000B89C002078120020B85B00202069002096
:1000700014740120F8680020E8680020A4680020BB
:100080007C6A0120D01200208C120020F76800202A
:10009000A4120020F0B50B4C83B0526805460E4602
:1000A000094F019269461A462046009707F02CF93D
:1000B00032462946204607F03BF9204607F02CF946
:1000C00003B0F0BDB09A0020300B0020B14B1B787C
:1000D00003B970472DE9F043AF4C89B0204607F0D3
:1000E000ADF980B2042802D809B0BDE8F083AB4D69
:1000F00018222046294607F043F92B78802BF3D1AC
:100100006B78812BF0D1AB787F2BEDD1EB78FE2B88
:1001100063D0FC2B00F07C81FB2B00F0C581C82B49
:1001200000F03182C92B00F04482CA2BDCD12A793D
:100130009A4B032AD8D15A79CA2AD5D19B79CA2B8E
:10014000D2D1974B002294F814C04FF0800E1D7846
:100150008127D978CB268DF8155010469D7893F8D5
:10016000018017238DF812108DF8181007218DF8D3
:10017000175004AD8DF819C094F815C0A47D8DF802
:1001800016808DF81AC08DF81B408DF810E08DF8A0
:1001900011708DF813608DF814108DF81C30AB18A9
:1001A00001329B780A2A03EB0004A4B220B2F6D1F4
:1001B000FF267C4F284642F20F7302AA0D218DF8CC
:1001C0001C4002978DF80C608DF80D608DF80E6064
:1001D0008DF80F60FFF75EFF86E7734B1B78002BEF
:1001E00082D095F909202B7AB5F8051043EA02234D
:1001F0006E4E07EE101A6E4906EE103A6D4CB8EED0
:10020000C77B0A78B8EEC66BEB793270D71A2468D0
:10021000694A18BF01270B7068486949694E146024
:10022000DA0737709FED574B9FED585B26EE046B56
:1002300027EE057BB7EEC66BB7EEC77B80ED006A95
:1002400081ED007A40F1E481B7EEC77AB4EEC57B68
:10025000F1EE10FA00F1DC815B4B1B78012B00F012
:10026000D7815A4B00221A70594927239FED597A9A
:100270000F22D1ED007AB820574C222167EE877A01
:10028000564E2372564BFDEEE77A564FE2711A78BE
:10029000CDED017ABDF90430B6F800C097F900E061
:1002A0001E126371A671BEF1020F4F4E6072AF7ADB
:1002B000A172E2724D49E87A2A7B4D4B84F80CC05A
:1002C000377008701A7040F3D5810222002013465F
:1002D0000133A25CDBB21044734500B21A46F7DB6F
:1002E000DFF8288104AD434F0E21D8F804602A4678
:1002F000DFF8B09004F80E003B8837480596CDF83B
:100300001090FFF7C7FE3C4B1A7A1AB95B7A002BA4
:100310003FF4EAAE394C23785A1C022B22707FF648
:10032000E3AE374B374AD3ED007A92F90060FCEE2A
:10033000E77ADFF8D4E0022E17EE903A8EF8053017
:1003400040F39A8102224FF0000C134601331EF84D
:100350000220DBB26244B3420FFA82FC1A46F5DB9C
:10036000D8F804002A463B880E21059026480EF84E
:1003700006C0CDF81090FFF78DFE00232370B3E682
:10038000AFF300807B14AE47E17A843F9A99999944
:100390009999B93F2E740120B09A0020C49C002086
:1003A000AC9A0020300B002020690020417401200D
:1003B0003A740120A46D0120786A0120886B012025
:1003C000746A01203B740120286900202A690020FA
:1003D000806B01200000C842A85B0020227401202D
:1003E0004B740120226900204D74012045740120C6
:1003F00046740120AC680020E868002036740120B3
:10040000746B012021690020985B0020A49A0020D1
:10041000A04B1B78002B3FF467AE287A10222B7B71
:100420000A2107EE900A9C4C06EE103A6B7AB8EE61
:10043000677AEF7A05EE903AB8EE466AAB7AB7EE95
:10044000C77A6E79F8EE655A43EA0723B7EEC66AB3
:10045000AD796380C4ED025A207120462670657123
:100460009FED884B9FED895B27EE047B26EE056BA5
:10047000B7EEC77BFCEEC77AB7EEC66B17EE903AC5
:1004800084ED036A637010F053FF6379F0EE086A3D
:100490006178824A5B1A07EE903AF8EEE77A87EEC7
:1004A000A67A82ED007A1FE66B797D4C13F001028B
:1004B00018BF0122227003F0020202F0FF01002A9D
:1004C00000F0A4800122627003F0040202F0FF0138
:1004D000002A00F099800122A27003F0080202F0C5
:1004E000FF01002A00F08E800122E27003F010026A
:1004F00002F0FF01002A00F083800122227103F044
:10050000200202F0FF01002A78D00122627103F07C
:10051000400202F0FF01002A6ED00122A2711B06E8
:10052000AA794CBF01230023A272E3712B7A5C4AA3
:1005300013F0010118BF0121D17203F0020202F091
:10054000FF01002A56D00122227203F0040202F0B9
:10055000FF01002A4CD00122627203F0080303F06D
:10056000FF02002B42D0012323730D2228214C4887
:1005700010F0DEFE2379002B3FF4B6AD01210320FD
:1005800010F0B0FCB0E5434B1B78002B44D1DFF8F2
:10059000449104ADDFF84081424FD8F804402A4628
:1005A0003B880B2140480594CDF81090FFF772FD71
:1005B0009AE52A793D4B052A7FF496AD5A79C92AE6
:1005C0007FF492AD9A79C92A7FF48EAD384C03221C
:1005D000DE793C211D7A20465B7A2670A370657017
:1005E00010F0A6FE334B344A1A607DE52273BCE757
:1005F0006172B2E72172A8E7A17190E7617186E7A5
:1006000021717CE7E17071E7A17066E761705BE7DB
:100610002A4B66221A7027E6294B04AD9FED297AF2
:100620000B21D3ED007A2A46274B67EE877A274CB9
:10063000B3F90000264BFDEEE77A2678D871041254
:10064000DFF89480CDED017ABDF90400154F4FEA33
:10065000202E1C72DFF87C90D8F8044058711846A0
:1006600083F806E05E723B880594CDF81090FFF7A2
:1006700011FD92E7002033E64FF0000C70E600BF5A
:10068000AFF30080333333333333F33F7B14AE4760
:10069000E17A843F20690020F86800207C6A01200C
:1006A000E8680020AC68002054680020C49C00204A
:1006B000A46800200CED00E00400FA052A6900207F
:1006C000806B01200000C842187401204B74012087
:1006D00048680020300B0020A49A0020374BB0EE71
:1006E000086A3748D3ED006A364BBDEEE67A3649E4
:1006F00030B417EE105A027882B0344C002D07EE59
:10070000902A334AB8BF6D42F8EEE77A07EE105AE6
:1007100067EEA67AB8EEC77AFDEEE76AC3ED007A17
:10072000B4EEC67AC4ED007A82ED007ACDED016AAE
:10073000F1EE10FABDF904300B8030D54278002B71
:1007400007EE902A234AF8EEE77AD2ED006AE7EE48
:10075000267AFDEEE77ACDED017ABDF9042021DBA2
:1007600003D0007903441BB20B809A4201DA13468E
:100770000A8052429342184BB8BF0A809A7812B14D
:100780000A8852420A80DB7A33B1B1F9003013F1A2
:10079000FA0F0CDA41230B8002B030BC7047002BFB
:1007A0004279DDDA00791B1A1BB20B80DDE7FA2BE8
:1007B000A8BFFA239B1080331BB2ECE7846B0120A7
:1007C000F8680020A46A012024740120A06A012096
:1007D000A06601207C6A0120E868002070B52C2109
:1007E00082B0664812F04CFC65480FF069FE4FF489
:1007F0007A620021634806F087FB06F0C5FC0028FA
:1008000000F08E8006F0B0FC022800F0AE805E4B57
:100810005E485F4C19785D789A780378217065702E
:10082000A270002B79D178200346E070594E5A48C7
:100830008DF8041069468DF806208DF807308DF884
:100840000550009606F0B0FC1421544812F018FC34
:100850004B480FF035FE11215148FF2612F010FCD5
:10086000684606F093FC464968464E4D0FF034FD4D
:1008700043480FF025FE237860780122A4781921DF
:100880002B71494B6871AC714848EE711A7012F0C7
:10089000F7FB6846464C06F079FC394968460FF08C
:1008A0001BFD37480FF00CFE1821424812F0E8FB00
:1008B000334928460FF010FD31480FF001FE1A2190
:1008C0003D4812F0DDFB3D4900230A2209682C480F
:1008D0000FF00EFE2A480FF0F3FD2188384806F08D
:1008E000BDFC30BB374C3848218806F0B7FC70BBE4
:1008F000364C3748218806F0B1FC60B136213548C6
:1009000012F0BEFB216800230A221D480FF0F0FD03
:100910001B480FF0D5FD02B070BD7E23E37085E764
:1009200030212D4812F0ACFB15480FF0C9FD02B084
:1009300070BD2421294812F0A3FB216800230A225C
:100940000F480FF0D5FD0E480FF0BAFDCAE726217B
:10095000234812F095FB216800230A2208480FF073
:10096000C7FD07480FF0ACFDC2E74A211D4812F051
:1009700087FB03480FF0A4FD49E700BF28130020C0
:10098000B85B002090680020A46800202069002047
:10099000AC9A0020300B0020409B0020D813002090
:1009A000F0130020A49A00202E74012004140020CB
:1009B000B0680020201400203C140020AC68002007
:1009C000109B0020805B0020E09A00207C5B0020D0
:1009D000B09A0020A81400205813002058140020BA
:1009E000801400208C1300202DE9F84F724B1C68F6
:1009F00018461A6804F0807442F0A0421A60036836
:100A00006D4ADD01FBD5156800236C4F964625F035
:100A100000556B4E184615601D463B6033601368E9
:100A2000684B00F1010C684A00270344624E0244FF
:100A30005FFA8CF01B019200DD609D605D601D60BF
:100A40001560DEF8003003F07F0301339842E7D3EE
:100A50005E48DFF884E15E4DCEF800700760D5F89F
:100A600000E07346D0F820E047EA0E022B600262F5
:100A70003368002943D14FF000680D46DFF83CB1E0
:100A80004FF00109DFF838A1524F1BE0306800F049
:100A90007F000130B1EB900F2CBF4FF08C614FF015
:100AA000806111603A6812F4803218BF4FF08042C2
:100AB0001A603368013503F07F03EDB20133294634
:100AC0009D422CD233683F4A03F07F033E482A44BC
:100AD000013328441201B1EB530F4FEA8003D5D301
:100AE000C2F8008033689A0054D41F2D09FA05F229
:100AF00057D8DAF800301343CAF80030D9E743F08A
:100B000000533360356815F0005515D0FFF742F9F2
:100B10003368054603F07F03013398420DD3002C60
:100B20003DD1254B19681A4621F080511960136890
:100B3000DB01FCD4BDE8F88F33681F4F1F4EDFF890
:100B4000808011E001231F2D03FA05F31AD8D8F88D
:100B500000201343C8F800303B68013503F07F03E1
:100B6000EDB201339D42DAD2164B4FF000622B44B6
:100B70001B011A603B689900E4D5FFF70BF9A84206
:100B8000EAD8DFE7A5F12001012332688B40134347
:100B90003360E1E7FFF7FEF8A8428AD8A5E7BDE891
:100BA000F88FA5F12003DBF8002009FA03F31343C3
:100BB000CBF800307DE700BF00001D4024001D4041
:100BC00028001D4008D001042042071010001D40DD
:100BD0002C001D4034001D4048001D404A4B1A683F
:100BE000920065D549481A4600682DE9F04FC0F3D8
:100BF00003681C68186883B04FEAC80804F0807462
:100C000040F0A04008F10808019418601368DE0164
:100C1000FCD500248A463E4E3E4F2146DFF8E8B020
:100C2000DFF8F4900DE035B93560DBF800309A005C
:100C300025D4C9F80010013404370436E3B29845CE
:100C400028D99AF80050012DEDD1DBF8003013F4CB
:100C5000407F0BD14FF0FF333360DBF800309D0055
:100C600027D46FF04043C9F80030E4E7DBF80030E8
:100C7000C3F30123012B29D0DBF80030DBE700911F
:100C8000FFF788F820280099A8BF20208442D0DAF6
:100C90003D60CEE7019B43B91B4B19681A4621F012
:100CA000805119601368DB01FCD403B0BDE8F08FFC
:100CB00070470091FFF76EF820280099A8BF202008
:100CC0008442CEDA6FF040433B60CAE74FF0FF3317
:100CD0003360DBF80030980004D46FF08023C9F84B
:100CE0000030A8E70091FFF755F820280099A8BF29
:100CF00020208442F1DA6FF080233B606FF0802384
:100D0000C9F8003097E700BF00001D4034001D40C7
:100D1000E0001D4080081D4048001D402DE9F843BB
:100D20007D4D2C6814F000547FD07C4C2468C4F3B3
:100D30000364E40008348C4274D92F682E462C6872
:100D400007F0807744F0A0442C603468724DE401D1
:100D5000FBD598462B6891460E4613F4407F044617
:100D60004DD198F80000012800F09180089BD20432
:100D70006B491B783144DFF8B4E1022B694D4FEA2F
:100D8000810102EA0E0E0CBF4FF0004300234EEA31
:100D90000303614A0B60136899006AD4012806EBCB
:100DA0004600614A6FF0404104EBC00018BF0023C9
:100DB00043F2507408BF4FF48033116043F254750E
:100DC00003510022035943F2587143F25C7C43F211
:100DD000607E03F4702333430351035943F08003CF
:100DE0000351035943F00053035143F2647340F835
:100DF0000590425040F80C2040F80E20C250464B5F
:100E00001868C0F30120012812D047B9424B196875
:100E10001A4621F0805119601368DB01FCD40120CF
:100E2000BDE8F8830020BDE8F8832046BDE8F883DC
:100E30003B4B98F800203344012A4FEA830444D006
:100E4000089B1B78022B62D04FEAC94037494FEA12
:100E5000C90243F6F8730140354D13400B4323603C
:100E60002D4B1B689A0026D42F4B6FF080221A60FE
:100E7000CBE7FEF78FFF2028A8BF2020864248DA64
:100E80002C4B98F8000033449B001D6086E753000C
:100E9000089A23494FF0FF3512783144DFF898E083
:100EA000022A03EA0E0E4FEA81010CBF4FF04043C5
:100EB0004FF080436BE7FEF76DFF2028A8BF20208E
:100EC0008642D1DAC4F8A057CEE7089B1B78022BE4
:100ED0004FF0402303D1012A43F0802308D14FEA89
:100EE000D9324FF0FF3542EA024213432360B7E79D
:100EF0004FEAC90543F6F8704FEAC9420B4928404A
:100F00006FF00715114001430B432360A8E700234E
:100F1000E1E798F8000041E700001D4034001D4063
:100F2000384007100100F8FF48001D400000F83F5E
:100F3000F87FF87F20420710FEFFFF3F70B584B0B6
:100F400001262A4804AC3146FFF74EFD284D04F82F
:100F5000016D21462548FFF741FE4FF4FA700FF06E
:100F60001BFF2B681A21B3F5803F1FDA21480326A7
:100F700012F086F82968002310221F480FF0B8FAF3
:100F80001D480FF09DFA2A6800250DF10E0300940C
:100F9000294616488DF80F508DF80E60FFF7BEFEFB
:100FA0004FF4FA700FF0F8FE04B070BD134812F061
:100FB00067F82968002310220F480FF099FA0E48AD
:100FC0000FF07EFA2A6800250DF10E0300942946E1
:100FD00006488DF80E608DF80F50FFF79FFE4FF416
:100FE000FA700FF0D9FE04B070BD00BFDC9C002089
:100FF000845B0020FC140020B85B0020E01400207B
:101000006E4B00226E49F0B5054683B018686A60E1
:1010100001900B6AAA60C3F30123EA602A6102AA65
:10102000134413F8043C002B00F08D80644944F213
:101030005C202424634B644A44F2652E2C504FF00C
:10104000010CC3F8D02012248B6E41F2B0005F4A2D
:10105000022743F470335E4E8B665E4B05F80EC07C
:10106000C2F81C411946C2F80C03F764C2F82041CB
:10107000C2F810031A6822F000421A601A6842F09F
:10108000A0421A600B68534ADE01FBD55248114654
:10109000036843F008030360136843F08043136060
:1010A0000B684C4ADC02FBD41368114643F0007312
:1010B00013600B689801FCD4464A1368454CD9016B
:1010C000FBD523680021454A284643F400332360BA
:1010D000236843F480332360236843F48053236000
:1010E000236843F400532360236843F480032360A0
:1010F000236843F400232360236823F40843236018
:10110000136843F4E0231360236843F4001323605F
:10111000236843F080632360FFF766FC2368224660
:1011200023F0805323601368DB01FCD444F25C237A
:1011300001222B49EB5803F01F005B09824041F864
:10114000232003B0F0BD0B6A264A23F47F73106896
:1011500043F480730B6270B101F5542144F26022B4
:10116000036804315B68096811F0080FA95814BFBF
:101170000222002298471C4B186860B1164944F2BD
:101180006022036809685B6811F0080FA95814BF52
:10119000022200229847154B186800283FF446AFFA
:1011A0000D4944F26022036809685B6811F0080F7A
:1011B000A95814BF02220022984737E7B003002045
:1011C00000C00F40006C00208500000000801F4020
:1011D00000841F4000001D4004001D4034001D40DD
:1011E00000E100E0DC9B0020E09B0020E49B00206D
:1011F000A74B0022A7492DE9F04F064685B0186895
:10120000726003900B6AB260C3F30123F260326133
:1012100004AA134413F8043C002B00F05D819D499F
:1012200044F25C209A249C4B9C4A44F2652E345034
:101230004FF0030CC3F8A8221924D1F8843041F2EE
:10124000B000974A002743F47073964DC1F884307C
:10125000954B06F80EC0C2F8A4401946C2F8940295
:10126000C5F88C73C2F8A840C2F898021A6822F038
:1012700000421A601A6842F0A0421A600B688A4A5B
:10128000DB01FBD589481146036843F0080303607E
:10129000136843F0804313600B68834ADF02FBD47A
:1012A0001168134641F0007111601A6812F0007263
:1012B000FBD17D4801687C4BCD01FBD519681846F0
:1012C0007B4C41F400311960196841F48031196098
:1012D000196841F480511960196841F4005119608E
:1012E000196841F480011960196841F400211960FE
:1012F000196821F408411960216841F4E021216056
:10130000196841F400111960196841F08061196091
:101310001F68196807F0807441F0A04100941960BB
:1013200003686149DC01FBD50C680023DFF8A0C12C
:101330000D4624F000545F4F18460C601C46CCF854
:1013400000303B600B685C4B00F1010C5B494FF0D7
:1013500000090344544F01445FFA8CF01B018900DB
:10136000DC609C605C601C600C602B6803F07F0399
:1013700001339842E7D3524D4C46524B4FF0006830
:10138000DFF850C14FF0010BC5F800903D46C3F89F
:101390000090DCF80030DFF818A119464A4BD3F86A
:1013A0000090CCF8001044EA09004249DFF820918F
:1013B00018603B681EE02B6803F07F030133B2EB3B
:1013C000930F34BF4FF080634FF08C630360DAF803
:1013D000003013F4803318BF4FF08043CEF8003054
:1013E0002B680134304803F07F03E4B20133224616
:1013F0009C421AD22B68304803F07F032F4F2044C1
:10140000013327440001B2EB530F4FEA870ED2D3CA
:10141000C0F800802B68980028D41F2C0BFA04F227
:101420002BD80B6813430B60DAE7009B3BB90368CA
:10143000024623F0805303601368D901FCD41A4B91
:1014400019681A4621F0805119601368DB01FCD439
:1014500044F25C2301221D49F35803F01F005B098D
:10146000824041F8232005B0BDE8F08F0191FEF7DE
:10147000B7FCA0420199B3D8CFE7A4F12003D9F873
:1014800000200BFA03F31343C9F80030A8E700BFAC
:10149000B003002000C00F40006C00209900000045
:1014A00000801F4000841F4000801D4004801D40BC
:1014B00034801D4028801D4008D801042062071098
:1014C00048801D4010801D4030801D4000E100E03C
:1014D00024801D402C801D400B6A1D4A23F47F731D
:1014E000106843F480730B6270B101F55C2144F223
:1014F0006022036804315B68096811F0080FB15875
:1015000014BF022200229847124B186860B112499A
:1015100044F26022036809685B6811F0080FB15853
:1015200014BF0222002298470C4B186800283FF491
:1015300076AE094944F26022036809685B6811F0DD
:10154000080FB15814BF02220022984767E600BF77
:10155000DC9B0020E09B002004801D40E49B0020D9
:1015600070B5134D134E2846134CFFF749FD00226A
:1015700028463146FEF798F9104DFFF7DFFC1C2195
:101580000F4811F07DFD20460EF09AFF2846FFF728
:101590002FFE314628460022FEF752FA1A2109484A
:1015A00011F06EFD2046BDE870400EF089BF00BF0F
:1015B000DC9C002090D00300B85B0020AC2101200F
:1015C000181500203815002008B54FF4FA700FF0F8
:1015D000E3FB32480FF07EFA1D21314811F050FD37
:1015E00030480EF06DFF12212F4811F049FD2F49B0
:1015F00000230A2209682B480EF07AFF29480EF0D2
:101600005FFF01210D200FF06DFC00224FF4E1215E
:1016100027480EF0BFFB64200FF0BEFBB0EE080AB7
:101620002349244804F0C4FB224805F097F8224BD4
:10163000224A1921002814BF1046184611F020FD37
:1016400018480EF03DFF19211D4811F019FD1548ED
:101650000EF036FF17211B4811F012FD11480EF055
:101660002FFFFEF727FC1621174811F009FD0D4842
:101670000EF026FFFFF7B2F81921144811F000FD13
:1016800008480EF01DFFFFF76BFF2121104811F0F5
:10169000F7FC0448BDE808400EF012BF8074D21A6F
:1016A0008C150020B85B0020AC150020945B002056
:1016B000C85B0020AC6D012070150020541500207F
:1016C000C0150020DC150020F41500200C160020A9
:1016D000281600201F2938B50D46144634D91C4958
:1016E000A5F1200001230A68834013430B60194BC6
:1016F0004FF00061E2792B441B011960BAB1217AE5
:101700002268002922F0604214BF4FF4E0014FF438
:10171000C0015A60E06800BA9860206900BAD860D9
:10172000E27A41EA024242F040621A6038BD226821
:10173000207A9104084A002802EA01020CBF002125
:101740004FF480115A60E5E70846FEF779FBCEE7D3
:101750002C801D4008D801040000FC1F43F2507388
:10176000C358DB004BD5414B2DE9F0431E680025E3
:10177000C6F30366F600083605EB450E43F25072D9
:1017800000EBCE04224413685B0F012B0DD01368CD
:101790005B0F022B28D013685B0F052B31D001356E
:1017A000B542E9D10020BDE8F083176817F4607FE7
:1017B000F5D043F254773C59A14253D094464FEAB6
:1017C0004E0EDFB2DCF800207B1CC2F3C2120EEB1F
:1017D0000304974204F6D454E1D250F82440A142C5
:1017E000EFD10120BDE8F08343F254731B598B42C3
:1017F000D5D843F258731B599942D0D8F1E701204C
:101800007047136813F4607FC9D043F2647C43F2DD
:101810005473A4442344DCF800401F68DCF8003013
:101820000C403B409C42DCD04FEA4E070123146839
:101830000133C4F3C214DBB2013407EB030EA3423D
:101840000EF6D45EABD2DCF8008050F82E90DCF8B7
:10185000004001EA080E09EA0404A645E7D1012088
:10186000BDE8F0831846BDE8F08300BF34001D409A
:1018700030B401EB410143F65024C90004446058E0
:101880006318C0002AD56058400F012829D060583D
:10189000400F022838D06058400F052802D00020A1
:1018A00030BC70476058C0F3C210C0B158695C6862
:1018B000596910402140884210D001211C68013133
:1018C000C4F3C214C9B20134A142E8D25C6953F82E
:1018D00021505869144028408442EFD1012030BC87
:1018E00070476158C1F3C211B9B159688A42F6D044
:1018F0001968C4B2C1F3C211601C8C42CFD253F834
:1019000020109142F4D1E9E759688A42C7D3986818
:1019100082428CBF00200120E1E70846DFE700BFDC
:1019200043F25073C358DB004BD5414B2DE9F043D4
:101930001E680025C6F30366F600083605EB450E63
:1019400043F2507200EBCE04224413685B0F012B6C
:101950000DD013685B0F022B28D013685B0F052B8B
:1019600031D00135B542E9D10020BDE8F0831768D8
:1019700017F4607FF5D043F254773C59A14253D01D
:1019800094464FEA4E0EDFB2DCF800207B1CC2F317
:10199000C2120EEB0304974204F6D454E1D250F87D
:1019A0002440A142EFD10120BDE8F08343F25473FB
:1019B0001B598B42D5D843F258731B599942D0D842
:1019C000F1E701207047136813F4607FC9D043F238
:1019D000647C43F25473A4442344DCF800401F6841
:1019E000DCF800300C403B409C42DCD04FEA4E0714
:1019F000012314680133C4F3C214DBB2013407EBD2
:101A0000030EA3420EF6D45EABD2DCF8008050F891
:101A10002E90DCF8004001EA080E09EA0404A6450D
:101A2000E7D10120BDE8F0831846BDE8F08300BF90
:101A300034801D4030B401EB410143F65024C9000D
:101A4000044460586318C0002AD56058400F01282C
:101A500029D06058400F022838D06058400F052820
:101A600002D0002030BC70476058C0F3C210C0B133
:101A700058695C68596910402140884210D00121A2
:101A80001C680131C4F3C214C9B20134A142E8D2C6
:101A90005C6953F821505869144028408442EFD1C2
:101AA000012030BC70476158C1F3C211B9B1596807
:101AB0008A42F6D01968C4B2C1F3C211601C8C42CC
:101AC000CFD253F820109142F4D1E9E759688A4205
:101AD000C7D3986882428CBF00200120E1E7084606
:101AE000DFE700BF38B504461A2500206388DBB263
:101AF00005FB034383F806016388DBB205FB034360
:101B000083F807216088C0B205FB004000F58470AF
:101B100013F08AF96288238892B29BB283F48073AF
:101B20009A420DD063880133C3F308036380A3880E
:101B30009BB2FF2B03D8A38801339BB2A38038BD8F
:101B400023880133C3F308032380EBE770B50D4608
:101B500086B00646496828686C46AA68EB680FC4D8
:101B600028691822696903C441F61A30694630446D
:101B7000FFF7B8FF06B070BDF0B58B7D0546474C4A
:101B800087B00E462068002B38D110F0005062D18B
:101B900023680146424B0B441B011B68C3F30363DC
:101BA000082B24D03D4A04E02368C3F30363082BC9
:101BB0001DD01368481C3A4C03F07F03C1B20133B7
:101BC0000C4499424FEA0414EED30FCE6C46FF2723
:101BD0000FC496E8030084E80300284669468DF8A0
:101BE0001470FFF7B3FF4FF0FF3007B0F0BD284689
:101BF0003246FFF76FFD012007B0F0BD10F0005036
:101C000033D12368264B044603441B011A68110193
:101C100014D4224902E01A6812010FD40A68013074
:101C20001F4B02F07F02C0B20132034404469042CF
:101C30004FEA0313EFD31B4B4FF0FF341B68C3F382
:101C40000363082B1AD128463246E1B2FFF742FD62
:101C5000012007B0F0BDFEF7C3F82368014603F08A
:101C60007F030133834295D8AFE7FEF7B9F82368C5
:101C700003F07F0301338342C4D8DCE70FCE6F4605
:101C80000FC796E8030087E80300284669468DF8E9
:101C90001440FFF75BFF4FF0FF30A6E700801D40C8
:101CA00008D8010470801D400D4A002370B586B02D
:101CB000066815680124042269460A4801930293C4
:101CC000049305938DF80B20039600958DF807403B
:101CD000FFF752FF4FF4FA600FF05EF806B070BDE8
:101CE000705B0020AC21012030B50B4A87B0006842
:101CF00000231568082401226946039007480193D0
:101D000002930095049305938DF80B408DF80720FE
:101D1000FFF732FF07B030BD00570020AC21012093
:101D20000000000030B53D4D89B02B78002B54D019
:101D30000C46002953D007EE900A44F61962384940
:101D4000B8EEE77B9FED316B27EE067BFDEEC77BA0
:101D5000CDED017ABDF90430FF3302FB03F3FF330D
:101D600081FB0312002B4FEAE3711A44C1EB2222DC
:101D70003CDA2C49114407EE901A2B4B2B4C0028CF
:101D8000B8EEE77B1B68246802934FF00003284AF3
:101D900003930493069307934FF0010305944FF0C8
:101DA00008048DF80F308DF813409FED1A6B27EE65
:101DB000067BFDEEC77B17EE903A138019DB0B1202
:101DC0008DF81B108DF81A3002A91A48FFF7D4FEBF
:101DD0002B7813B11848FFF787FF09B030BD1748BB
:101DE000FFF782FF124B1C8009B030BD144911442B
:101DF000C1E7FF230A128DF81B108DF81A208DF809
:101E000018308DF81930DFE7AFF300803333333308
:101E100033330F409A9999999999B93F3F740120AA
:101E200081808080F4D8FFFF005700208468002064
:101E30001E740120AC2101206C680020686800201D
:101E4000F5D8FFFF294B1B7810B59BB9284B294CBF
:101E50001979F1B9B4F90030002B3BDD03200FF004
:101E600003FEB4F9001002200FF0FEFD2288224B81
:101E70001A8010BD214B1F4CD3ED007AB4F900003D
:101E8000F5EE407AF1EE10FA14BF01210021FFF7C0
:101E900049FFB4F900104022194B00290EDBC3F8AA
:101EA00084205B685A0602D4164B174ADA62022075
:101EB0000FF0DAFD2288104B1A8010BDC3F888207D
:101EC0005B685B0602D40F4B3822DA62494209B2E2
:101ED0002180ECE75B42022023800FF0C5FDB4F9BE
:101EE000001003200FF0C0FDC0E700BF3F740120C9
:101EF000E86800202474012022740120A46A0120D3
:101F000000C0004200801F4038F001002DE9F0477A
:101F100082B0A64DFEF7DAF8A5492A680B68A548F5
:101F2000D31A0260272B16D8A34EA44A2B68116837
:101F30009E4A5B1AB3F57A7F80F00581A049136849
:101F400008681B1AC82B3AD833789B4C002B5AD1FF
:101F500002B0BDE8F0879B4F0120974E3B789A4C2A
:101F6000FA2B30700A6094BF1B1866232220DFF81A
:101F700098823B700EF0B0FF637988F80000012B67
:101F800000F09781A379012B00F0F6818F4B1B782D
:101F9000002B4ED08E4B1B78012B00F0FB81002BC9
:101FA00047D1DFF8689299F80030002B43D1894A75
:101FB000117801293FD189F8001013703BE0864861
:101FC000136890ED007A0B60B7EEC77A834B9FEDF4
:101FD000736BB4EEC67BF1EE10FA40F3B58018785F
:101FE0000022754C9FED6F6B27EE067BB7EEC77B2B
:101FF000FCEEC77ACDED017ABDF804100EF01CFBA3
:102000003378002BA4D025200EF066FF744B754961
:102010001A78087082429BD01870002898D02378D4
:10202000002B95D0704A0021137821700133137072
:102030008EE7DFF8D891E379634A2BB16A4B927A45
:102040001B789A4240F2EC80237ADFF87CA1002BC7
:1020500040F0F480637A002B40F0338125200EF0AD
:102060003BFF99F80010830098F80020DFF8A0E10A
:1020700043EA4103DFF89CC1E17813438CF8000088
:102080008EF8003009B14FF48041DFF88C81574859
:1020900004F07EFB554804F0A3FBA8F80000534869
:1020A00004F0D6FBB8F90020514952105148DFF82E
:1020B0006C91114413B222780180A8F800304E4987
:1020C000002A62D04A8891ED027AC2F56542B1EEEB
:1020D000477A6B3213441BB207EE903AA8F80030EF
:1020E000F8EEE76AC6EE877AF5EEC07AC9ED007AB7
:1020F000F1EE10FA00F130813B78632B28D8237978
:10210000314A002B00F0D0805378002B00F02F8153
:10211000002103200EF0DAFE384BD9ED007A93ED62
:10212000007A374B77EEC77AC3ED007AFEF7D6FA1E
:10213000FFF788FE01210C200EF0C8FE00210B20C5
:102140000EF0C4FEF1E6254B18780EF00FFBFBE60F
:1021500021791D4B002900F0A3805978002900F057
:102160000281012103200EF0B1FE0024254B1C80CA
:10217000FFF768FE1C4B01210B201C700EF0A6FE21
:1021800021460C200EF0A2FECFE64A8891ED027A9D
:10219000A2F5D452153A9DE7AFF30080295C8FC2B7
:1021A000F528BC3FF54A5986380E4240A46D0120FF
:1021B000E4650020E865002038740120786A012079
:1021C0007C6B01202A690020E86800203B74012014
:1021D0003A74012042740120746A012029690020A8
:1021E000407401204C74012043740120B89C0020ED
:1021F00070E5FFFF18740120F8680020886B01204B
:10220000846B01202474012055740120286900206A
:102210004B7401204774012028740120806B012039
:1022200001237648764A002189F800300370237A2A
:102230001170DFF8E4A1002B3FF40CAF18200EF072
:1022400003FC06EE100A9AF80A30BAEECF6A6D4A1D
:1022500006EE903A6C4B9FED614BB7EEC67A93ED6C
:10226000005AF8EEE66A82ED006AB7EEC55A27EE2C
:10227000047B9FED5C4BA5EE047BB7EEC77BB4EE11
:10228000E67A83ED007AF1EE10FAFFF6E3AE012371
:102290005A485B4A002189F8003003701170D9E672
:1022A00004200EF013FE60E7012104200EF00EFE64
:1022B00032E7DFF8689120200EF00EFE89F800006A
:1022C000B9E629200EF0C0FB07EE900A4E4AB8EEA0
:1022D000E77ADFED4E7A92ED004A9FED4D5A77EEA8
:1022E000C77AA17AB7EEC44A05EE901AFDEEE77AF6
:1022F000F8EEE55A17EE903A002BB8BF5B4207EEB6
:10230000103ABAEEEF7B3F4B9FED382BB7EEC77B11
:102310009FED383BB7EEC76A83ED007A26EE027B6D
:10232000A4EE037BB7EEC77BB4EEC57AF1EE10FAEC
:1023300058BFB0EE457AF4EEC75A82ED007AF1EE5E
:1023400010FA3FF68BAE01232C482D4A002189F864
:1023500000300370117081E691ED037A67EE277A01
:10236000C9ED007AC8E603200EF0B0FDFDE60121BC
:1023700003200EF0ABFDCFE620200EF0ADFD254B87
:102380001870A0B91E4B1A78012A15D0DFF88C906E
:10239000187050E6DFF8849099F80030012B7FF434
:1023A0004AAE174A117800297FF445AE03E6144B74
:1023B000DFF8689018703EE61049DFF8609091F8F9
:1023C00000E0BEF1010F04D00A7089F800201870F7
:1023D00031E6087089F8000018702CE69A999999EE
:1023E0009999D93F333333333333E33F3333333383
:1023F0003333D33F666666666666E63F276900202C
:1024000042740120786B0120746B012000C04144AC
:1024100000007F4344740120E86800202869002000
:102420000E4800230E4930B5056887B00120082406
:10243000019303AA8DF807000293059300958DF888
:102440000B4003C982E8030069460648FFF794FB86
:102450004FF4FA600EF0A0FC07B030BD705B0020B6
:102460007C680020AC2101200B78632B70B50446FA
:1024700015460FD000EB830344F254029B580BB176
:102480002846984744F25413E3584BB12846BDE818
:102490007040184744F25403C358002BF0D1F1E7C1
:1024A00070BD00BF2DE9F04F8E468DB007460E4639
:1024B0006C464FF001093D4607F11008DFF8A8A06F
:1024C000BEE80F000FC49EE8030084E8030055F83F
:1024D000044F64B19DF91420D4E9020109FA02F312
:1024E0000021184050EA010327D1237CC3B9454598
:1024F000EDD144F25003FB5C53B3306806AC716815
:10250000B268F3680FC430691822716903C40DEB17
:10251000020107F11400FFF7E5FA0DB0BDE8F08FF6
:102520002368D3F800B0D345E1D020469DF815309C
:102530004FF0FF326946D847D9E72368D3F800B097
:10254000D345D2D09DF8153069462046D847CCE710
:10255000337D0CA93846324601F8183DFFF784FF59
:102560000DB0BDE8F08F00BF8100000044F25103C0
:10257000C35C002B00F0AC802DE9F04F0D468BB012
:102580000F46064604ACDFF868E20FCD0FC495E8AD
:10259000030084E80300DEF800309B0053D5934B22
:1025A00000254FF0630A1B68C3F303694FEAC909AA
:1025B00009F108090CE01868400F022800F0958026
:1025C0001868400F052800F0AC8001354D453AD021
:1025D00097F91430EAB2632B35D005EB450843F286
:1025E000507306EBC8010B44186810F0604FECD034
:1025F0001868400F0128DED11A68F979C2F3004249
:102600009142E2D11A6812F4607FDED04FEA4808A6
:102610009B46002206E0DBF80010E2B2C1F3C211D3
:102620008A42D2D2541C049A08EB040303F6D45312
:1026300056F823309A42EED104A930468DF824A0F2
:10264000FFF730FFE7E70023694D8DF816302C685F
:1026500014F000543DD12B68DFF8948108E0D8F8DD
:102660000030013403F07F03E4B201339C4239D2DD
:1026700097F91430A342F2D004EB440143F65023FF
:1026800006EBC1021344186810F0604FE7D01868D9
:10269000FD79C0F3C0608542E1D11868400F012880
:1026A00071D01968490F022900F091801B685B0FF7
:1026B000052BD4D1049A21463046FFF7D9F80028DB
:1026C000CDD004A930468DF82440FFF7EBFEC6E7D5
:1026D0007047FDF75FFB2B68044603F07F0301336F
:1026E0009842B9D30BB0BDE8F08F1B68FA79C3F3F9
:1026F00000439A427FF469AF43F25473049A0B4447
:102700001B689A42FFF461AF43F258735B589A42D8
:102710003FF65BAF04A930468DF824A0FFF7C2FE58
:1027200053E7186810F4607F3FF44FAF43F2647BC7
:10273000019301238B4409E0019901330968DBB25D
:10274000C1F3C21101318B42BFF43FAF03EB48012B
:10275000DBF80000049C01F6D451204056F821E03B
:10276000DBF800100EEA01018842E5D104A93046E9
:1027700003938DF8162002928DF824A0FFF792FEA5
:10278000039B029AD8E71A6812F4607F3FF467AFA0
:102790001D464FEA410A002307E02A685FFA89F3E1
:1027A000C2F3C2129342BFF45AAF03F10109049A73
:1027B0000AEB090303F6946356F823309A42ECD1EE
:1027C00004A930468DF82440FFF76CFEE5E743F698
:1027D0005423049913441B689942FFF440AF43F615
:1027E00058239B5899427FF66CAF38E734001D4060
:1027F00000001D400B78632B70B5044615460FD0C2
:1028000000EB830344F254029B580BB128469847CF
:1028100044F25413E3584BB12846BDE870401847C2
:1028200044F25403C358002BF0D1F1E770BD00BF50
:102830002DE9F04F8E468DB007460E466C464FF0A0
:1028400001093D4607F11008DFF8A8A0BEE80F0017
:102850000FC49EE8030084E8030055F8044F64B1F8
:102860009DF91420D4E9020109FA02F3002118406D
:1028700050EA010327D1237CC3B94545EDD144F289
:102880005003FB5C53B3306806AC7168B268F36800
:102890000FC430691822716903C40DEB020107F1FE
:1028A0001400FFF71FF90DB0BDE8F08F2368D3F8CF
:1028B00000B0D345E1D020469DF815304FF0FF32EF
:1028C0006946D847D9E72368D3F800B0D345D2D0BA
:1028D0009DF8153069462046D847CCE7337D0CA9D2
:1028E0003846324601F8183DFFF784FF0DB0BDE8C9
:1028F000F08F00BF8100000044F25103C35C002B45
:1029000000F0AC802DE9F04F0D468BB00F46064627
:1029100004ACDFF868E20FCD0FC495E8030084E84B
:102920000300DEF800309B0053D5934B00254FF099
:10293000630A1B68C3F303694FEAC90909F108096F
:102940000CE01868400F022800F095801868400FCE
:10295000052800F0AC8001354D453AD097F9143088
:10296000EAB2632B35D005EB450843F2507306EB12
:10297000C8010B44186810F0604FECD01868400F85
:102980000128DED11A68F979C2F300429142E2D1FE
:102990001A6812F4607FDED04FEA48089B46002296
:1029A00006E0DBF80010E2B2C1F3C2118A42D2D2D3
:1029B000541C049A08EB040303F6D45356F823304E
:1029C0009A42EED104A930468DF824A0FFF730FFDB
:1029D000E7E70023694D8DF816302C6814F0005499
:1029E0003DD12B68DFF8948108E0D8F8003001343D
:1029F00003F07F03E4B201339C4239D297F91430DB
:102A0000A342F2D004EB440143F6502306EBC1028B
:102A10001344186810F0604FE7D01868FD79C0F3D0
:102A2000C0608542E1D11868400F012871D0196853
:102A3000490F022900F091801B685B0F052BD4D150
:102A4000049A21463046FEF7F5FF0028CDD004A9B0
:102A500030468DF82440FFF7EBFEC6E77047FDF7E0
:102A6000BFF92B68044603F07F0301339842B9D3C2
:102A70000BB0BDE8F08F1B68FA79C3F300439A42AC
:102A80007FF469AF43F25473049A0B441B689A4273
:102A9000FFF461AF43F258735B589A423FF65BAF65
:102AA00004A930468DF824A0FFF7C2FE53E718684A
:102AB00010F4607F3FF44FAF43F2647B0193012336
:102AC0008B4409E0019901330968DBB2C1F3C211FB
:102AD00001318B42BFF43FAF03EB4801DBF800004C
:102AE000049C01F6D451204056F821E0DBF8001098
:102AF0000EEA01018842E5D104A9304603938DF81E
:102B0000162002928DF824A0FFF792FE039B029AF2
:102B1000D8E71A6812F4607F3FF467AF1D464FEAAA
:102B2000410A002307E02A685FFA89F3C2F3C21260
:102B30009342BFF45AAF03F10109049A0AEB090367
:102B400003F6946356F823309A42ECD104A9304638
:102B50008DF82440FFF76CFEE5E743F65423049913
:102B600013441B689942FFF440AF43F658239B5827
:102B700099427FF66CAF38E734801D4000801D40DD
:102B80002F4AF8B5136813F0005353D0136813F4A9
:102B900000434BD02B4B1B6813F020034AD02A4B29
:102BA0000C462A4A05461B6844F26520DFF8A4E07B
:102BB000632103F40016C3F30347A380E772002EDA
:102BC00012680CBF1226002622F06042204F22FA23
:102BD00006F214BF012600262260DEF80020E6710E
:102BE000E273160C4FEA122E120E667384F80EE092
:102BF000C3F300562273DB0D3A682672E274170A9B
:102C0000160C120EA774667422740D4A285CA37108
:102C10006075217513681B040ED521462846FFF701
:102C20006BFE21682846FEF77BFEF8BD283212684D
:102C30009206AFD51846F8BD0520FDF701F9ECE77F
:102C400000801D4030801D4080801D4084801D40DC
:102C50008C801D4088801D40974B1B682DE9F04FEC
:102C600013F0005385B08946039040F01E81029313
:102C7000914E44F2642203993368885C03F07F0329
:102C80000133984200F2038144F26428039B032736
:102C90009844E0E0002B00F0ED80B3FA83F2C2F13B
:102CA00040029042C0F2E380306810F0005040F0E3
:102CB000F280013F88F8000017F0FF0700F0E7807E
:102CC00033689C0006D5029A824203D9501EC0B2D6
:102CD00088F80000336803F07F03013398420BD378
:102CE000306810F0005040F0C980013F88F80000C3
:102CF00017F0FF0700F0CB80704BC0F1200E704A38
:102D0000A0F120011B68D2F800C0019300230093BA
:102D1000DDE9002342EA0C0222FA00F403FA0EFE77
:102D200023FA01F1002344EA0E040C4304F00102EB
:102D3000134340F08680634B03441B011A68110162
:102D40007FD4110E01F00B0EBEF1020F79D102F407
:102D5000001E5868C2F3005C01F00F01BEF1000FC5
:102D600020F0604089F808C015BF4FF0000C4FF00C
:102D7000120C4FF0010E4FF0000E20FA0CF0062955
:102D800089F807E0C9F8000000F08B80C2F3034027
:102D900044F2652189F80B000398014498F800007B
:102DA00000F1010E88F800E089F81400A9F8042069
:102DB0000A7899F8071089F815209A68002989F887
:102DC0000F2008BF4FF080619A6818BF4FF08C61E8
:102DD000120A89F80E209A68120C89F80D209A6858
:102DE000120E89F80C20DA6889F81320DA68120AC2
:102DF00089F81220DA68120C89F81120DA68120EAC
:102E000089F81020196099F814002F4B1F281B68AF
:102E100044D9203801222D4B02FA00F01B681843D8
:102E20002A4B186049460398FFF766FDD9F8002041
:102E300099F814100398FEF7FDFD002839D198F891
:102E400000000130C0B288F80000336803F07F034F
:102E5000013398421BD81E4A4FF0000A1B4B1B68D7
:102E600011684AEA010252EA03017FF413AF98F8AD
:102E7000000025E7B2FA82F2203210E7013FFCF7AA
:102E8000AFFF88F8000017F0FF077FF435AF002090
:102E900005B0BDE8F08FFCF7A3FF0AE7FCF7D0FF11
:102EA000C0E7012189F8091070E7FCF799FF02904B
:102EB000DEE60120ECE700BF00801D4024801D40BD
:102EC00028801D4008D8010408801D402C801D402A
:102ED00030801D4000230822022118462DE9F047CA
:102EE00086B00293009301930393049305938DF8A6
:102EF0000B200DF0A5FCD8B9B74B1B68990017D56E
:102F0000B64B1B689A0613D4B54B1B689B060FD5AE
:102F10006946B448FFF734FE38B1009B40F2811295
:102F200093427FD0B04A934207D006B0BDE8F08705
:102F30006946AC48FFF790FEEEE7AC4BAC4C196825
:102F4000AC4A23781160002B54D09DF80F309DF8C7
:102F50000E20A94D43EA02229DF80C70B5F900300D
:102F600012B29DF80D1083EAE370A44ED41A9DF8B6
:102F700010A0A0EBE3703280002C41EA072300F19F
:102F80000A019F4FB8BF64425B429DF8119024B282
:102F90003B808C421BDC9B49002200209A4B08603E
:102FA0001A80DFF8CC8298F80030002B6ED19DF8A3
:102FB0001330012B40F2EF800123944C9448002100
:102FC000944A23700370117006B0BDE8F0878E4AF2
:102FD000B2F90030591C072B1180E2DD001B894B30
:102FE0000028B8BF404207EE900AF8EEE77AC3ED3A
:102FF000007AD6E74B21884810F042F887480DF058
:103000005FFA012386482370FEF74EFE2378002BDB
:1030100040F0C9801221834810F032F87F480DF04B
:103020004FFA92E70121804810F02AF807227F49E1
:1030300003A811F0C7FE002840F0B3809DF81330BC
:10304000052B00F075812821794810F019F8734894
:103050000DF036FA664C0F21764810F011F86F48E3
:103060000DF02EFA2378002B40F07981132172485D
:1030700010F006F869480DF023FA2378002B40F091
:103080006A816E4A0021009B11704BE712216C4847
:103090000FF0F6FFB7F9001060480DF069FA15213E
:1030A00068480FF0EDFFB6F900105C480DF060FACB
:1030B0000A2165480FF0E4FF584849EA0A2109B29D
:1030C0000DF056FA122161480FF0DAFFB5F9001041
:1030D00052480DF04DFA15215A480FF0D1FFB6F9BC
:1030E00000104E480DF044FA072159480FF0C8FF70
:1030F00021464A480DF03CFA012156480FF0C0FF26
:103100009DF813300921DF074CBF534853480FF097
:10311000B7FF42480DF0D4F99DF81330012B40F26F
:10312000288198F80020002A3FF446AF9E0700F15E
:10313000EE805D0700F1E4801C0700F1DA80D8061C
:1031400000F1D080990600F1C6805A0600F1BC80DB
:103150001B0600F1E3809DF81230DF0700F1AD801F
:103160009E0700F1A3805D0700F199801C0700F124
:103170008F80D80600F1858099067BD45A0623D427
:103180001B0600F1D0800E2135480FF079FF23484F
:103190000DF096F910E79DF81230002B3FF4C5AE04
:1031A0000AE7009BBEE6FFF73BF92378002B3FF4CC
:1031B00031AF2C48FEF778FD2378002B3FF42AAF7F
:1031C0002948FEF771FD25E7152128480FF058FF23
:1031D0009DF81230D4E700BF00801D4028801D40BC
:1031E00030801D40AC21012001000007A46D0120AA
:1031F0003F740120986A01201E7401201C74012074
:1032000020740120746B01201674012028690020AD
:10321000276900204274012040170020B85B00207D
:10322000746800208C170020E8540020606800209B
:103230000417002030170020F01600203C740120F5
:10324000A0170020B4170020CC170020D8170020AA
:10325000EC17002008180020F417002000180020A8
:10326000001900208868002078680020D818002005
:103270003E740120172144480FF002FF9DF81230E0
:103280007CE7102141480FF0FBFE9DF8123073E7F8
:103290000D213F480FF0F4FE9DF8123069E7092137
:1032A0003C480FF0EDFE9DF812305FE70C213A48E4
:1032B0000FF0E6FE9DF8123055E70B2137480FF06E
:1032C000DFFE9DF812304BE70D2135480FF0D8FE98
:1032D0009DF813303CE7042132480FF0D1FE9DF8F1
:1032E000133032E70E2130480FF0CAFE9DF813303C
:1032F00028E707212D480FF0C3FE9DF813301EE785
:1033000014212B480FF0BCFE9DF8133014E70D215B
:1033100028480FF0B5FE9DF813300AE70D21264826
:103320000FF0AEFE17E70E2124480FF0A9FE2AE7A2
:10333000242123480FF0A4FE22480DF0C1F81321E8
:1033400021480FF09DFE1F480DF0BAF81F4B1B7867
:10335000002B3FF496AE1E48FEF7A6FC91E6FFF761
:103360005FF82378002B3FF481AE1A48FEF79CFCEF
:103370007CE69DF81220002A3FF4D7AD98F8002093
:10338000002A7FF4D6AE17E6C0180020AC18002043
:103390009C1800209018002080180020741800202D
:1033A000541800204C1800203C180020341800202D
:1033B0001C1800200C18002064180020F0180020B1
:1033C000C8160020B85B0020F01600203F740120D2
:1033D00078680020886800202DE9F043DFF8B48188
:1033E00083B0FFF777FD584DD8F80030574E584856
:1033F000336002F0E5FD2C688146564B5448AF68B7
:10340000002C08BF1C4602F089FE002840F0858091
:10341000514804F013F8054670B140F2FF334F49AC
:103420004D489D4228BF1D462A4603F0A9FF2A4663
:103430004A494B480DF02EF84A4B1B78002B61D0BF
:10344000FEF764FD484D42F21072D8F8003029684A
:10345000DFF840815B1A934257D8444A31681368B9
:10346000CB1A272B4BD9424B9FED427AD3ED097AE9
:103470001160F4EEC77AF1EE10FA39DCF5EEC07A9D
:10348000F1EE10FA34D4D3ED0B7ADFED3B6AF4EEB3
:10349000E67AF1EE10FA2BDCD3ED0A6AF4EEC76A95
:1034A000F1EE10FA24DCF5EEC07AF1EE10FA1FD43A
:1034B000F5EEC06AF1EE10FA1AD4D3ED087AF5EE03
:1034C000C07AF1EE10FA13D42C4869462C4B42F224
:1034D0000F7245682B488DE8280003F015FF3A4627
:1034E0002146284803F024FF264803F015FF06E094
:1034F000112125480FF0C4FD24480CF0E1FF03B072
:10350000BDE8F083FCF7E2FD9CE703F02DFE012807
:10351000A3D1D8F800302B609FE74946144A0C48E5
:1035200002F03CFE50B91E2119480FF0A9FD1748C2
:103530000CF0C6FF064802F047FD69E729460C4833
:1035400003F014F8F6E700BF489B0020E865002070
:10355000AC6D0120F8560020E09A0020A4960020CF
:10356000C85B002020690020A46601208C68002030
:10357000085700200000C8420000B443A49A00206D
:10358000300B0020109B002030190020B85B002079
:1035900010190020A46D01202DE9F04F08219DB0E5
:1035A0000025DFF898C0DFF898E0224C2A460C95F9
:1035B0000A958DF833100B950D950E950F95DCF847
:1035C00000C0DEF800E024686346DFF878C042EA15
:1035D0000E0A2146184C03909B462846DCF8005002
:1035E000236840EA05001D04CDE9040103D42368E3
:1035F000990000F10982DDE9042342F00102002B69
:1036000000F0FE81B3FA83F5DFF82C80C5F14005A8
:10361000D8F80040EDB214F0005440F07A81D8F8A8
:10362000003044F26523039AD318CDE9006708936C
:103630008BE000BF2C801D4000801D4024801D4079
:1036400028801D4030801D4000F4001CD3F804E0A9
:10365000BCF1000F2EF060460DBF4FF0120E4FF080
:10366000000E0127002726FA0EFE06298DF82F707E
:10367000CDF828E000F059820899C0F3034E8DF888
:103680003C40BCF1000F09788DF833E008BF4FF0E3
:10369000806E8DF83D1018BF4FF08C6E99681F2C0E
:1036A000ADF82C008DF8371099684FEA11218DF88C
:1036B000361099684FEA11418DF8351099684FEA34
:1036C00011618DF83410D9688DF83B10D9684FEA34
:1036D00011218DF83A10D9684FEA11418DF839104F
:1036E000D9684FEA11618DF83810C3F800E0BC4B7F
:1036F0001B6840F216820121BA4B01FA02F21B68E4
:103700001A43B84B1A600A9A21460398FEF792F9B9
:10371000002840F001820AA90398FFF7EDF80AA8F3
:10372000AFF300800AA8AFF300800AA8AFF30080CF
:10373000AD4B01341B68E4B203F07F0301339C42BC
:1037400080F0F480A54240F2F1802AFA04F2C4F13C
:10375000200300920BFA03F0009EA4F1200206431E
:103760002BFA02F1304608432BFA04F10090019144
:10377000DDE90001002100F001000143D8D0DDE9BE
:10378000046707FA03F326FA04F8394648EA0308FF
:10379000D14048EA0108002108F0010050EA010385
:1037A000C6D0924B23441B011868010E01F00B0E8A
:1037B00001F00F01BEF1020F3FF446AF042900F003
:1037C000CE810829B4D1C0F30341089ED3F804C0C8
:1037D00096F800E08DF8331000F400118DF83DE00C
:1037E00041F2560E8DF83C4000299968A644ADF888
:1037F0002C002CF0604C8DF8371018BF0020996811
:1038000008BF1220039E4FEA11212CFA00F056F84F
:103810002E6018BF4FF0010E8DF8361008BF4FF024
:10382000000E99680A90090C8DF82FE08DF835107C
:103830009968090E8DF83410D9688DF83B10D96855
:10384000090A8DF83A10D968090C8DF83910DB682F
:103850001B0E8DF838301EB10AA80692B047069AA2
:1038600044F2582303990B441B681BB10AA8069223
:103870009847069A039941F61A33CB1818460693CF
:1038800019469B889BB2002B00F05D8110AA03882B
:103890004FF01A0E0DF1580CDBB210460992674634
:1038A0000EFB031E02460EF5817E16465EF8060FDD
:1038B000DEF80410DEF80820DEF80C30ACE80F006B
:1038C000DEF81000DEF81410ACE803000FCF0FC6CE
:1038D00097E8030086E803009DF954305A1C00F075
:1038E000D6819C427FF424AF099AE1B20398FDF798
:1038F000F1FE06990B880133C3F308030B808B8814
:103900009BB2002B3FF414AF8B88013B9BB28B80A2
:103910000EE7FCF765FAD8F80030044603F07F03A1
:103920000133834202D985423FF67BAE304B314CA6
:1039300018682168304A41400A40002A47D0039A5B
:1039400043F2206313449A8892B20F2A3FD89A8890
:1039500092B20F2A40F2F28043F22066039A59880D
:103960005D88925B01F00F01ADB292B2023182F03C
:10397000100243F82100954200F06881598843F213
:10398000E862039E01311D4D324401F01F01598050
:103990002E689388B6B29BB20F2B40F2CA8043F2D6
:1039A000E867039B51885588DB5B01F00F01ADB2DE
:1039B0009BB202EB410183F01003CE809D4200F0E8
:1039C0003E8153882060013303F01F035380084A6F
:1039D000136803431360BFF34F8F1DB0BDE8F08F32
:1039E00008801D402C801D4000801D4008D8010427
:1039F00020801D40509C0020BFFF07001C801D4000
:103A0000B2FA82F52035FFE50AF0200200231343C5
:103A10003FF4F1AD00F02002002313433FF4EBAD7F
:103A20009F4A44F26521039863251268415CC2F302
:103A3000034402F400109B4B8DF8334000281B68B0
:103A40004FEAD25014BF0024122423F060438DF8B3
:103A50002E00ADF82C20C2F3005223FA04F3924C4E
:103A60004FF005000A9323688DF8302018BF01221B
:103A70008DF8373008BF002223688DF82F201B0AED
:103A80008DF8363023681B0C8DF835302268874B53
:103A9000120E8DF834201A688DF83B201A68120A2D
:103AA0008DF83A201A68120C8DF839201B68804A6C
:103AB0001B0E8DF83D108DF83C508DF83830136892
:103AC000FCF7BEF9DDE90423002302F040021343B2
:103AD00040F0D580DDE90423002302F08002134387
:103AE00040F0C980039C0AA92046FEF705FF0AA8FA
:103AF000AFF300800AA8AFF300800AA8AFF30080FC
:103B00000A992046FDF70CFF00283FF474AD0AA97E
:103B10000398FEF78DFE6EE50AA90398FEF788FE6E
:103B2000F9E52046FCF78CF9EDE501218DF831101F
:103B3000A2E5938801339BB2938030E79A880132E3
:103B400092B29A8008E71F2C40F29D800121594BC8
:103B500001FA02F21B681343564A1360E8E5C0F30A
:103B60000341089ED3F804C096F800E08DF83310A6
:103B700000F400118DF83DE041F2560E8DF83C4006
:103B800000299968A644ADF82C002CF0604C8DF803
:103B9000371018BF0020996808BF1220039E4FEA13
:103BA00011212CFA00F056F82E6018BF4FF0010ECC
:103BB0008DF8361008BF4FF0000E99680A90090C76
:103BC0008DF82FE08DF835109968090E8DF83410B6
:103BD000D9688DF83B10D968090A8DF83A10D96870
:103BE000090C8DF83910D968090E8DF838102EB1EE
:103BF0000AA809920693B047099A069B44F25821F5
:103C000003980144096829B10AA8099206938847D4
:103C1000099A069B41F61A31039841180E460691FF
:103C2000898889B2C9B133884FF01A0E0DF1580C4A
:103C300010AADBB2674609920EFB036E33E60399C6
:103C4000CB5B013303F01F03CB53BAE603998A5BC6
:103C5000013202F01F028A5390E61F2C1AD901206C
:103C6000144900FA02F209680A4312490A604FF047
:103C700000621A605CE50720FCF7E2F832E70620F4
:103C8000FCF7DEF826E72046FCF7DAF850E5099A5B
:103C900021462BE620460693FCF7D2F8069BE6E782
:103CA00080801D4084801D4088801D408C801D4088
:103CB00008801D402C801D4030B401EB410143F6CB
:103CC0005024C900044460586318C0002AD56058C5
:103CD000400F012829D06058400F022838D0605882
:103CE000400F052802D0002030BC70476058C0F358
:103CF000C210C0B158695C685969104021408842BF
:103D000010D001211C680131C4F3C214C9B20134BE
:103D1000A142E8D25C6953F8215058691440284008
:103D20008442EFD1012030BC70476158C1F3C21109
:103D3000B9B159688A42F6D01968C4B2C1F3C21148
:103D4000601C8C42CFD253F820109142F4D1E9E7A5
:103D500059688A42C7D3986882428CBF00200120EC
:103D6000E1E70846DFE700BF1F2938B50D461446D6
:103D700034D91C49A5F1200001230A68834013436C
:103D80000B60194B4FF00061E2792B441B01196065
:103D9000BAB1217A2268002922F0604214BF4FF4A0
:103DA000E0014FF4C0015A60E06800BA98602069F1
:103DB00000BAD860E27A41EA024242F040621A60F8
:103DC00038BD2268207A9104084A002802EA0102DC
:103DD0000CBF00214FF480115A60E5E70846FCF75C
:103DE00039F8CEE72C401D4008D401040000FC1F28
:103DF0000B78632B70B5044615460FD000EB830398
:103E000044F254029B580BB12846984744F254138D
:103E1000E3584BB12846BDE87040184744F25403BC
:103E2000C358002BF0D1F1E770BD00BF2DE9F04F72
:103E30008E468DB007460E466C464FF001093D4652
:103E400007F11008DFF8A8A0BEE80F000FC49EE835
:103E5000030084E8030055F8044F64B19DF9142071
:103E6000D4E9020109FA02F30021184050EA0103E3
:103E700027D1237CC3B94545EDD144F25003FB5C07
:103E800053B3306806AC7168B268F3680FC4306928
:103E90001822716903C40DEB020107F11400FDF74C
:103EA00021FE0DB0BDE8F08F2368D3F800B0D345F4
:103EB000E1D020469DF815304FF0FF326946D847D3
:103EC000D9E72368D3F800B0D345D2D09DF8153098
:103ED00069462046D847CCE7337D0CA938463246A0
:103EE00001F8183DFFF784FF0DB0BDE8F08F00BF6B
:103EF0008100000044F25103C35C002B00F0AC8051
:103F00002DE9F04F0D468BB00F46064604ACDFF8A6
:103F100068E20FCD0FC495E8030084E80300DEF8E3
:103F200000309B0053D5934B00254FF0630A1B686C
:103F3000C3F303694FEAC90909F108090CE01868DD
:103F4000400F022800F095801868400F052800F007
:103F5000AC8001354D453AD097F91430EAB2632B65
:103F600035D005EB450843F2507306EBC8010B440E
:103F7000186810F0604FECD01868400F0128DED1AF
:103F80001A68F979C2F300429142E2D11A6812F438
:103F9000607FDED04FEA48089B46002206E0DBF84F
:103FA0000010E2B2C1F3C2118A42D2D2541C049A68
:103FB00008EB040303F6D45356F823309A42EED1AB
:103FC00004A930468DF824A0FFF730FFE7E700236F
:103FD000694D8DF816302C6814F000543DD12B68D3
:103FE000DFF8948108E0D8F80030013403F07F0353
:103FF000E4B201339C4239D297F91430A342F2D093
:1040000004EB440143F6502306EBC1021344186845
:1040100010F0604FE7D01868FD79C0F3C0608542AA
:10402000E1D11868400F012871D01968490F0229A1
:1040300000F091801B685B0F052BD4D1049A2146B8
:104040003046FFF739FE0028CDD004A930468DF860
:104050002440FFF7EBFEC6E77047FBF705FF2B6830
:10406000044603F07F0301339842B9D30BB0BDE897
:10407000F08F1B68FA79C3F300439A427FF469AF6B
:1040800043F25473049A0B441B689A42FFF461AFE5
:1040900043F258735B589A423FF65BAF04A930462F
:1040A0008DF824A0FFF7C2FE53E7186810F4607F74
:1040B0003FF44FAF43F2647B019301238B4409E04B
:1040C000019901330968DBB2C1F3C21101318B429E
:1040D000BFF43FAF03EB4801DBF80000049C01F69E
:1040E000D451204056F821E0DBF800100EEA01011F
:1040F0008842E5D104A9304603938DF81620029238
:104100008DF824A0FFF792FE039B029AD8E71A6865
:1041100012F4607F3FF467AF1D464FEA410A002367
:1041200007E02A685FFA89F3C2F3C2129342BFF430
:104130005AAF03F10109049A0AEB090303F69463E9
:1041400056F823309A42ECD104A930468DF8244029
:10415000FFF76CFEE5E743F65423049913441B680C
:104160009942FFF440AF43F658239B5899427FF69B
:104170006CAF38E734401D4000401D402DE9F04F42
:10418000082100259DB0DFF89CC0DFF89CE02A469E
:10419000224C80460C9528468DF833100A950B95D5
:1041A0000D950E950F95DCF800C0DEF800E0246850
:1041B0006346DFF878C042EA0E0A2146184CDCF864
:1041C00000509B46236840EA05001D04CDE902012A
:1041D00003D423689C0000F19B81DDE9022342F0B7
:1041E0000102002B00F08781B3FA83F5DFF83090ED
:1041F000C5F14005D9F80040EBB214F000541D465B
:1042000040F09482D9F8003044F26523CDF8148050
:104210004344CDE90067089389E000BF2C401D406E
:1042200000401D4024401D4028401D4030401D409E
:1042300000F4001CD3F804E0BCF1000F2EF0604E37
:104240000DBF12260026012700272EFA06FE06299A
:104250008DF82F70CDF828E000F064820899C0F343
:10426000034E8DF83C40BCF1000F09788DF833E027
:1042700008BF4FF0806E8DF83D1018BF4FF08C6E68
:1042800099681F2CADF82C008DF8371099684FEA0B
:1042900011218DF8361099684FEA11418DF83510CB
:1042A00099684FEA11618DF83410D9688DF83B1088
:1042B000D9684FEA11218DF83A10D9684FEA1141B7
:1042C0008DF83910D9684FEA11618DF83810C3F8AC
:1042D00000E08B4B1B6840F221820121894B01FADF
:1042E00002F21B681A43874B1A600A9A2146059806
:1042F000FFF7E2FC002840F00C820AA90598FFF7BE
:10430000F9FD0AA8AFF300800AA8AFF300800AA85D
:10431000AFF300807C4B01341B68E4B203F07F03F1
:1043200001339C4280F09D81A54240F29A812AFA95
:1043300004F2C4F1200300920BFA03F0009EA4F1F2
:10434000200206432BFA02F1304608432BFA04F10F
:1043500000900191DDE90001002100F0010001431E
:10436000D8D0DDE9026707FA03F326FA04F83946E4
:1043700048EA0308D14048EA0108002108F001009A
:1043800050EA0103C6D0614B23441B011868010E9B
:1043900001F00B0E01F00F01BEF1020F3FF448AF28
:1043A000042900F0FD810829B4D1C0F30341089E1F
:1043B000D3F804C096F800E08DF8331000F4001133
:1043C0008DF83DE041F2560E8DF83C400029996889
:1043D000A644ADF82C002CF0604C8DF8371018BFB7
:1043E0000020996808BF1220059E4FEA11212CFA7F
:1043F00000F056F82E6018BF4FF0010E8DF8361001
:1044000008BF4FF0000E99680A90090C8DF82FE054
:104410008DF835109968090E8DF83410D9688DF82B
:104420003B10D968090A8DF83A10D968090C8DF843
:104430003910DB681B0E8DF838301EB10AA80692C1
:10444000B047069A44F2582305990B441B681BB1E8
:104450000AA806929847069A059941F61A33CB188E
:104460001846069319469B889BB2002B00F0768174
:1044700010AA03884FF01A0E0DF1580CDBB210464B
:10448000099267460EFB031E02460EF5817E164614
:104490005EF8060FDEF80410DEF80820DEF80C30B7
:1044A000ACE80F00DEF81000DEF81410ACE80300F2
:1044B0000FCF0FC697E8030086E803009DF954303C
:1044C0005A1C00F070829C427FF424AF099AE1B23A
:1044D0000598FFF749FC06990B880133C3F30803DD
:1044E0000B808B889BB2002B3FF414AF8B88013B71
:1044F0009BB28B800EE7B2FA82F5203576E600BFDC
:1045000008401D402C401D4000401D4008D40104BF
:104510000AF02002002313433FF45FAE00F02002B4
:10452000002313433FF459AE924A44F26521924B63
:104530006325126818F80110C2F3034402F4001056
:10454000ADF82C208DF8334000281B684FEAD2507C
:1045500014BF0024122423F060438DF82E00C2F310
:1045600000524FF0050023FA04F3844C0A932368A9
:104570008DF8302018BF01228DF8373008BF002297
:1045800023688DF82F201B0A8DF8363023681B0C0A
:104590008DF8353022687A4B120E8DF834201A6867
:1045A0008DF83B201A68120A8DF83A201A68120C0E
:1045B0008DF839201B68734A1B0E8DF83D108DF85D
:1045C0003C508DF838301368FBF744FCDDE90223DA
:1045D000002302F04002134340F0DD81DDE90223B5
:1045E000002302F08002134340F0D1810AA9404623
:1045F000FFF780FC0AA8AFF300800AA8AFF30080A1
:104600000AA8AFF3008043F2507358F80330D90082
:1046100040F159815C4B00240A981B68C3F3036383
:10462000DB0008331D46CDE9006704EB440E43F27E
:10463000507208EBCE010A4413685B0F012B00F0A7
:10464000218113685B0F022B00F0428113685B0F1E
:10465000052B00F05A810134A542E6D1DDE900675F
:10466000BBE5DDF81480494B494C18682168494A7C
:1046700041400A40002A43D043F2206343449A88D1
:1046800092B20F2A3CD89A8892B20F2A61D943F28B
:10469000206659885D8838F8062001F00F01ADB218
:1046A00092B2023182F0100243F82100954200F0EC
:1046B0001C81598843F2E862374D0131424401F0D0
:1046C0001F0159802E689388B6B29BB20F2B3BD93D
:1046D00043F2E8675188558838F8073001F00F0138
:1046E000ADB29BB202EB410183F01003CE809D423C
:1046F00000F0038153882060013303F01F035380CF
:10470000224A136803431360BFF34F8F1DB0BDE807
:10471000F08F0AA90598FFF789FBEEE52046FBF725
:1047200099FBE2E501218DF8311097E5FBF79CFB41
:10473000D9F80030044603F07F030133984292D247
:1047400085423FF661AD8EE7938801339BB293803B
:10475000BEE79A88013292B29A8098E71F2C40F205
:104760001E8101210D4B01FA02F21B6813430B4A13
:104770001360CFE580401D4084401D4088401D40AF
:104780008C401D4008401D4034401D4020401D40CD
:104790004C9C0020BFFF07001C401D402C401D40CA
:1047A000C0F30341089ED3F804C096F800E08DF8EA
:1047B000331000F400118DF83DE041F2560E8DF8F3
:1047C0003C4000299968A644ADF82C002CF0604CC0
:1047D0008DF8371018BF0020996808BF1220059E79
:1047E0004FEA11212CFA00F056F82E6018BF4FF056
:1047F000010E8DF8361008BF4FF0000E99680A9030
:10480000090C8DF82FE08DF835109968090E8DF898
:104810003410D9688DF83B10D968090A8DF83A1020
:10482000D968090C8DF83910D968090E8DF838103F
:104830002EB10AA809920693B047099A069B44F242
:10484000582105980144096829B10AA809920693DC
:104850008847099A069B41F61A31059841180E4679
:104860000691898889B2002900F0838033884FF04F
:104870001A0E0DF1580C10AADBB2674609920EFB16
:10488000036E02E6176817F4607F3FF4E4AE43F26C
:10489000547C5CF80110814213D094464FEA4E09D3
:1048A000DEB2DCF80020731CC2F3C21209EB030174
:1048B000964201F6D451BFF4CEAE58F82120904272
:1048C000EED1DDE900670AA94046FFF7AFFA84E4BC
:1048D00043F254735B589842FFF4BDAE43F25873F1
:1048E0005B5898423FF6B7AEEBE738F80620013246
:1048F00002F01F0228F80620DBE638F80730013303
:1049000003F01F0328F80730F4E6136813F4607F00
:104910003FF4A1AE43F2647C43F254798C44894461
:10492000DCF80030D9F80070DCF8001003403940A2
:104930009942C6D013464FEA4E0E0122A1460AE024
:10494000DCF8007058F82640DCF8001000EA070692
:1049500021408E42B5D019680132C1F3C211D2B2E2
:1049600001310EEB02068A4206F6D456E8D34C46D5
:1049700071E61F2C1AD901200F4900FA02F20968CA
:104980000A430D490A604FF000621A60C2E4072032
:10499000FBF760FA2AE60620FBF75CFA1EE62046E3
:1049A000FBF758FAB6E4099A214691E520460693AA
:1049B000FBF750FA069BE6E72C401D4070B50D460C
:1049C00086B00646496828686C46AA68EB680FC43A
:1049D00028691822696903C441F61A3069463044CF
:1049E000FDF780F806B070BDF0B58B7D0546474CED
:1049F00087B00E462068002B38D110F0005062D1ED
:104A000023680146424B0B441B011B68C3F303633D
:104A1000082B24D03D4A04E02368C3F30363082B2A
:104A20001DD01368481C3A4C03F07F03C1B2013318
:104A30000C4499424FEA0414EED30FCE6C46FF2784
:104A40000FC496E8030084E80300284669468DF801
:104A50001470FFF7B3FF4FF0FF3007B0F0BD2846EA
:104A60003246FFF781F9012007B0F0BD10F0005089
:104A700033D12368264B044603441B011A681101F5
:104A800014D4224902E01A6812010FD40A680130D6
:104A90001F4B02F07F02C0B2013203440446904231
:104AA0004FEA0313EFD31B4B4FF0FF341B68C3F3E4
:104AB0000363082B1AD128463246E1B2FFF754F9B6
:104AC000012007B0F0BDFBF7CFF92368014603F0E2
:104AD0007F030133834295D8AFE7FBF7C5F923681D
:104AE00003F07F0301338342C4D8DCE70FCE6F4667
:104AF0000FC796E8030087E80300284669468DF84B
:104B00001440FFF75BFF4FF0FF30A6E700401D4069
:104B100008D4010470401D401F2938B50D461446C5
:104B200034D91C49A5F1200001230A6883401343AE
:104B30000B60194B4FF00061E2792B441B011960A7
:104B4000BAB1217A2268002922F0604214BF4FF4E2
:104B5000E0014FF4C0015A60E06800BA9860206933
:104B600000BAD860E27A41EA024242F040621A603A
:104B700038BD2268207A9104084A002802EA01021E
:104B80000CBF00214FF480115A60E5E70846FBF79F
:104B90004DF9CEE72C001D4008D001040000FC1F99
:104BA0002DE9F04F08219DB00025DFF898C0DFF80F
:104BB00098E0224C2A460C950A958DF833100B95F7
:104BC0000D950E950F95DCF800C0DEF800E0246826
:104BD0006346DFF878C042EA0E0A2146184C03907B
:104BE0009B462846DCF80050236840EA05001D0477
:104BF000CDE9040103D42368990000F10982DDE9BD
:104C0000042342F00102002B00F0FE81B3FA83F589
:104C1000DFF82C80C5F14005D8F80040EDB214F063
:104C2000005440F07A81D8F8003044F26523039AAA
:104C3000D318CDE9006708938BE000BF2C001D401E
:104C400000001D4024001D4028001D4030001D4074
:104C500000F4001CD3F804E0BCF1000F2EF0604615
:104C60000DBF4FF0120E4FF0000E0127002726FA5D
:104C70000EFE06298DF82F70CDF828E000F059823D
:104C80000899C0F3034E8DF83C40BCF1000F097841
:104C90008DF833E008BF4FF0806E8DF83D1018BFDF
:104CA0004FF08C6E99681F2CADF82C008DF83710E2
:104CB00099684FEA11218DF8361099684FEA114131
:104CC0008DF8351099684FEA11618DF83410D96864
:104CD0008DF83B10D9684FEA11218DF83A10D96848
:104CE0004FEA11418DF83910D9684FEA11618DF8FA
:104CF0003810C3F800E0BC4B1B6840F2168201215B
:104D0000BA4B01FA02F21B681A43B84B1A600A9AAE
:104D100021460398FCF7ACFD002840F001820AA967
:104D20000398FDF723FC0AA8AFF300800AA8AFF3AD
:104D300000800AA8AFF30080AD4B01341B68E4B2D9
:104D400003F07F0301339C4280F0F480A54240F2DF
:104D5000F1802AFA04F2C4F1200300920BFA03F066
:104D6000009EA4F1200206432BFA02F130460843CC
:104D70002BFA04F100900191DDE90001002100F01F
:104D800001000143D8D0DDE9046707FA03F326FAEE
:104D900004F8394648EA0308D14048EA01080021EE
:104DA00008F0010050EA0103C6D0924B23441B01D6
:104DB0001868010E01F00B0E01F00F01BEF1020F99
:104DC0003FF446AF042900F0CE810829B4D1C0F3E6
:104DD0000341089ED3F804C096F800E08DF8331024
:104DE00000F400118DF83DE041F2560E8DF83C4084
:104DF00000299968A644ADF82C002CF0604C8DF881
:104E0000371018BF0020996808BF1220039E4FEA90
:104E100011212CFA00F056F82E6018BF4FF0010E49
:104E20008DF8361008BF4FF0000E99680A90090CF3
:104E30008DF82FE08DF835109968090E8DF8341033
:104E4000D9688DF83B10D968090A8DF83A10D968ED
:104E5000090C8DF83910DB681B0E8DF838301EB147
:104E60000AA80692B047069A44F2582303990B44C5
:104E70001B681BB10AA806929847069A039941F647
:104E80001A33CB181846069319469B889BB2002B01
:104E900000F05D8110AA03884FF01A0E0DF1580C36
:104EA000DBB21046099267460EFB031E02460EF562
:104EB000817E16465EF8060FDEF80410DEF8082044
:104EC000DEF80C30ACE80F00DEF81000DEF814104D
:104ED000ACE803000FCF0FC697E8030086E8030095
:104EE0009DF954305A1C00F0D6819C427FF424AFC7
:104EF000099AE1B20398FFF70FFE06990B88013378
:104F0000C3F308030B808B889BB2002B3FF414AFD4
:104F10008B88013B9BB28B800EE7FAF73BFFD8F8FA
:104F20000030044603F07F030133834202D98542F7
:104F30003FF67BAE304B314C18682168304A414017
:104F40000A40002A47D0039A43F2206313449A8808
:104F500092B20F2A3FD89A8892B20F2A40F2F2807A
:104F600043F22066039A59885D88925B01F00F0135
:104F7000ADB292B2023182F0100243F821009542A4
:104F800000F06881598843F2E862039E01311D4DAB
:104F9000324401F01F0159802E689388B6B29BB24B
:104FA0000F2B40F2CA8043F2E867039B5188558873
:104FB000DB5B01F00F01ADB29BB202EB410183F06C
:104FC0001003CE809D4200F03E8153882060013363
:104FD00003F01F035380084A136803431360BFF3B1
:104FE0004F8F1DB0BDE8F08F08001D402C001D4004
:104FF00000001D4008D0010420001D40489C0020F6
:10500000BFFF07001C001D40B2FA82F52035FFE506
:105010000AF02002002313433FF4F1AD00F0200218
:10502000002313433FF4EBAD9F4A44F265210398FC
:1050300063251268415CC2F3034402F400109B4BE9
:105040008DF8334000281B684FEAD25014BF00246B
:10505000122423F060438DF82E00ADF82C20C2F30B
:10506000005223FA04F3924C4FF005000A93236890
:105070008DF8302018BF01228DF8373008BF00228C
:1050800023688DF82F201B0A8DF8363023681B0CFF
:105090008DF835302268874B120E8DF834201A684F
:1050A0008DF83B201A68120A8DF83A201A68120C03
:1050B0008DF839201B68804A1B0E8DF83D108DF845
:1050C0003C508DF838301368FAF7B0FEDDE9042360
:1050D000002302F04002134340F0D580DDE90423B1
:1050E000002302F08002134340F0C980039C0AA908
:1050F0002046FDF73BFA0AA8AFF300800AA8AFF3F9
:1051000000800AA8AFF300800A992046FCF726FB2E
:1051100000283FF474AD0AA90398FDF7C3F96EE5C2
:105120000AA90398FDF7BEF9F9E52046FAF77EFED5
:10513000EDE501218DF83110A2E5938801339BB292
:10514000938030E79A88013292B29A8008E71F2C48
:1051500040F29D800121594B01FA02F21B68134372
:10516000564A1360E8E5C0F30341089ED3F804C033
:1051700096F800E08DF8331000F400118DF83DE052
:1051800041F2560E8DF83C4000299968A644ADF8CE
:105190002C002CF0604C8DF8371018BF0020996857
:1051A00008BF1220039E4FEA11212CFA00F056F896
:1051B0002E6018BF4FF0010E8DF8361008BF4FF06B
:1051C000000E99680A90090C8DF82FE08DF83510C3
:1051D0009968090E8DF83410D9688DF83B10D9689C
:1051E000090A8DF83A10D968090C8DF83910D96878
:1051F000090E8DF838102EB10AA809920693B0470F
:10520000099A069B44F2582103980144096829B180
:105210000AA8099206938847099A069B41F61A3113
:10522000039841180E460691898889B2C9B133881E
:105230004FF01A0E0DF1580C10AADBB26746099216
:105240000EFB036E33E60399CB5B013303F01F03C0
:10525000CB53BAE603998A5B013202F01F028A53EC
:1052600090E61F2C1AD90120144900FA02F20968AD
:105270000A4312490A604FF000621A605CE5072099
:10528000FAF7D4FD32E70620FAF7D0FD26E72046EC
:10529000FAF7CCFD50E5099A21462BE62046069305
:1052A000FAF7C4FD069BE6E780001D4084001D4020
:1052B00088001D408C001D4008001D402C001D4032
:1052C00070B50D4686B00646496828686C46AA68DF
:1052D000EB680FC428691822696903C441F61A30C3
:1052E00069463044FCF7FEFB06B070BDF0B58B7D1F
:1052F0000546474C87B00E462068002B38D110F089
:10530000005062D123680146424B0B441B011B68CD
:10531000C3F30363082B24D03D4A04E02368C3F39E
:105320000363082B1DD01368481C3A4C03F07F031D
:10533000C1B201330C4499424FEA0414EED30FCEAC
:105340006C46FF270FC496E8030084E80300284654
:1053500069468DF81470FFF7B3FF4FF0FF3007B0C8
:10536000F0BD28463246FFF7D7FB012007B0F0BD5D
:1053700010F0005033D12368264B044603441B0130
:105380001A68110114D4224902E01A6812010FD4DC
:105390000A6801301F4B02F07F02C0B201320344A1
:1053A000044690424FEA0313EFD31B4B4FF0FF34F8
:1053B0001B68C3F30363082B1AD128463246E1B2B7
:1053C000FFF7AAFB012007B0F0BDFAF7E3FC236862
:1053D000014603F07F030133834295D8AFE7FAF724
:1053E000D9FC236803F07F0301338342C4D8DCE790
:1053F0000FCE6F460FC796E8030087E803002846E4
:1054000069468DF81440FFF75BFF4FF0FF30A6E7C9
:1054100000001D4008D0010470001D4038B503880D
:1054200004461A250846D9B205FB014101F58471ED
:105430000FF0FAFC23880133C3F308032380A38809
:105440009BB21BB1A388013B9BB2A380002038BD57
:1054500044F25003C25C2DE9F04105468EB00AB912
:105460000122C2542B8B9BB2002B50D144F25C23FF
:1054700041F61A3601225C49EB58B0462E4403F03F
:105480001F005B09824041F82320B3889BB243B3DD
:1054900035F808301A2408AF0DF1080EDBB2BC460F
:1054A00004FB036404F5817454F8060F6168A26874
:1054B000E3680FC72069616903C7BCE80F00AEE865
:1054C0000F009CE803008EE803009DF91C104B1CA4
:1054D00040D0464B0B441B011B68C3F30363082BEE
:1054E00063D044F25C2301224149EB5803F01F00D2
:1054F0005B09824041F8232000212B8BB0889BB2AE
:1055000080B21B0380B218430EB0BDE8F0810023C7
:10551000082408A91822049305F114008DF81340FB
:1055200008AC029302AE03930EAF05930693079364
:10553000FFF774FF0FCC0FC694E8030002AA86E8B9
:1055400003009DF81C30284607F8313D3946FCF72A
:105550008BFF8BE7274F3C6814F000543AD13B682F
:10556000244F07E03B68013403F07F03E4B20133CA
:105570009C42B6D21D4B23441B011B68C3F303633B
:10558000082BEFD102AA21462846FFF7C5FA338837
:105590000133C3F308033380B3889BB2002BE1D0FF
:1055A000B388013B9BB2B380DCE702AAC9B22846AC
:1055B000FFF7B2FA35F808300133C3F3080325F8D2
:1055C0000830B3889BB2002B8BD0B388013B9BB2D1
:1055D000B38086E7FAF7DEFB3B68044603F07F03FF
:1055E00001338342BCD87CE780E100E008D00104AD
:1055F00000E100E000001D4044F25003C25C2DE9D0
:10560000F04105468EB00AB90122C2542B8B9BB2E1
:10561000002B50D144F25C2341F61A3601225C493A
:10562000EB58B0462E4403F01F005B09824041F85E
:105630002320B3889BB243B335F808301A2408AF4F
:105640000DF1080EDBB2BC4604FB036404F5817463
:1056500054F8060F6168A268E3680FC720696169A2
:1056600003C7BCE80F00AEE80F009CE803008EE81B
:1056700003009DF91C104B1C40D0464B0B441B01F2
:105680001B68C3F30363082B63D044F25C2301223D
:105690004149EB5803F01F005B09824041F8232089
:1056A00000212B8BB0889BB280B21B0380B21843C1
:1056B0000EB0BDE8F0810023082408A91822049345
:1056C00005F114008DF8134008AC029302AE039369
:1056D0000EAF059306930793FFF7A0FE0FCC0FC6FE
:1056E00094E8030002AA86E803009DF81C302846CF
:1056F00007F8313D3946FEF77BFB8BE7274F3C68C7
:1057000014F000543AD13B68244F07E03B68013461
:1057100003F07F03E4B201339C42B6D21D4B234415
:105720001B011B68C3F30363082BEFD102AA2146B8
:105730002846FEF719FB33880133C3F3080333808F
:10574000B3889BB2002BE1D0B388013B9BB2B380FE
:10575000DCE702AAC9B22846FEF706FB35F8083096
:105760000133C3F3080325F80830B3889BB2002B3C
:105770008BD0B388013B9BB2B38086E7FAF774FB0A
:105780003B68044603F07F0301338342BCD87CE7C7
:1057900080E100E008D4010400E100E000401D4089
:1057A00044F25003C25C2DE9F04105468EB00AB9BF
:1057B0000122C2542B8B9BB2002B50D144F25C23AC
:1057C00041F61A3601225C49EB58B0462E4403F0EC
:1057D0001F005B09824041F82320B3889BB243B38A
:1057E00035F808301A2408AF0DF1080EDBB2BC46BC
:1057F00004FB036404F5817454F8060F6168A26821
:10580000E3680FC72069616903C7BCE80F00AEE811
:105810000F009CE803008EE803009DF91C104B1C50
:1058200040D0464B0B441B011B68C3F30363082B9A
:1058300063D044F25C2301224149EB5803F01F007E
:105840005B09824041F8232000212B8BB0889BB25A
:1058500080B21B0380B218430EB0BDE8F081002374
:10586000082408A91822049305F114008DF81340A8
:1058700008AC029302AE03930EAF05930693079311
:10588000FFF7CCFD0FCC0FC694E8030002AA86E810
:1058900003009DF81C30284607F8313D3946FCF7D7
:1058A000A9FF8BE7274F3C6814F000543AD13B68BE
:1058B000244F07E03B68013403F07F03E4B2013377
:1058C0009C42B6D21D4B23441B011B68C3F30363E8
:1058D000082BEFD102AA21462846FBF7FBFE3388AE
:1058E0000133C3F308033380B3889BB2002BE1D0AC
:1058F000B388013B9BB2B380DCE702AAC9B2284659
:10590000FBF7E8FE35F808300133C3F3080325F848
:105910000830B3889BB2002B8BD0B388013B9BB27D
:10592000B38086E7FAF75CFA3B68044603F07F032E
:1059300001338342BCD87CE780E100E008D8010451
:1059400000E100E000801D402DE9F84F7D4D41F65B
:105950001A397D4841F61C3800F0D8F92846002154
:10596000DFF830A20AF0B6FF2846784A43F22267F1
:10597000774943F224660EF035FD7649764A0023D6
:10598000CAF8001041F61E3CDFF80CA243F2206E6C
:1059900043F2E86543F2EA60C2F800A044F25C2AF0
:1059A0008B8241F80A3044F2602ACB8241F80A30F7
:1059B00043F2EC6A0B8321F8093021F8083021F812
:1059C0000C3021F80E30CB538B534B530B5221F834
:1059D0000A3044F2500ADFF8C4B101F80A3044F248
:1059E000510AC1F800B044F2642B01F80A3043F2C6
:1059F000EC6A9382D382138322F8093022F80830AC
:105A000022F80C3022F80E30D353935353531352D1
:105A100022F80A3044F2500A01F80B3002F80A303A
:105A200044F2510A4D4902F80A308B82CB820B8333
:105A300021F8093021F808304FF0080821F80C301F
:105A400021F80E30CB538B534B5343F2EC650B5282
:105A50004B5344F25005424C4B5501F80A3044F286
:105A60005C2ADFF83CE142F80A3044F2602A02F88E
:105A70000B3042F80A3044F25C2A2568CEF8002048
:105A8000384A3948DFF81CC141F80A3044F2602A2C
:105A9000DFF8149115604FF47A72344F344E01F8E8
:105AA0000B30C0F800C041F80A300F60316003715C
:105AB000037343618260C0F810902E4D80F81E8001
:105AC000D4F800B022682C49DFF8E0E015442B4EF2
:105AD0002B4A036243628362C3624FF47A70294F98
:105AE0008860C1F800C09060C2F800C0CEF800B075
:105AF0000B710B73C1F810904B6181F81E800B6223
:105B00004B628B62CB6213711373C2F810905361B6
:105B100082F81E80136253629362D3623D60C6F8BE
:105B2000009073602368184AA3F57A7313600BF032
:105B30004BFA4821154800F013FE2268144B1A60F6
:105B4000BDE8F88F489B0020AC6D0120785B0020F9
:105B500059100100DC9C002044DF0020AC21012012
:105B6000A46D0120986A0120109B0020440A0020A7
:105B7000E49B0020F0D8FFFFE09A0020A49A0020C8
:105B8000B09A0020449B0020A4660120B89C00200D
:105B9000786A0120DC9B0020200A0020FC090020FC
:105BA000E09B0020680A0020300B00207C6B012065
:105BB0000346F0B590F8220493F8232493F82014B8
:105BC00093F8215440EA022693F8337442EA002203
:105BD00041EA052593F83214B6F5007F93F81CE4EA
:105BE00093F827C441EA072193F8264488BF01208F
:105BF00093F81E7498BF0020A3F83C5444EA0C2488
:105C000093F81F54B2F5007F83F838E483F83A74B0
:105C100088BF002093F81DE493F8247483F83B5464
:105C200093F8255483F839E483F84074D3F828E4D2
:105C300083F84154D3F82C74A3F8424493F83054B9
:105C400093F83144C3F844E4C3F8487483F84C54DF
:105C500083F84D44A3F84E14A3F83E6460B16FF48A
:105C60000071A3F83E245118032901D8043A92B2D6
:105C70000120A3F85024F0BD6FF40072B218032A7B
:105C800004D9B6F5007FF6D83246F1E73246EDE7A3
:105C90000000000030B5B0EEC07B0D4683B01C465E
:105CA0001146B5EEC00BC8B1FDEEC76B2846F1EE4C
:105CB00010FA144AB8EEE65B16EE903AACBF4E25E9
:105CC000532537EE457B25709FED0C6B27EE067B49
:105CD0008DED007B0FF0E2FB03B030BDFDEEC76B36
:105CE0002846F1EE10FA084AB8EEE65B16EE903A56
:105CF000ACBF45255725E4E7AFF300800000000066
:105D000000004E40441900205019002038B50546C7
:105D10000024264B4FF480622146436009302C60FA
:105D20002C720FF0E5F8C5F80C442146C5F8104474
:105D300005F25240C5F814444FF40072C5F81844F7
:105D4000C5F81C44C5F82044C5F82444C5F82844C7
:105D5000C5F82C44C5F83044C5F8344485F83844B7
:105D600085F8394485F83A4485F83B44A5F83C4425
:105D7000A5F83E4485F8404485F84144A5F84244DE
:105D8000C5F84444C5F8484485F84C4485F84D446A
:105D9000A5F84E44A5F850440FF0AAF8C5F85446AB
:105DA00085F85846284685F85C4638BD0000C07F17
:105DB00038B5044600230D4680ED010A4FF4097200
:105DC000C4F80C34C4F8103400F58760C4F81434F7
:105DD000C4F8183484F85C36216019460FF088F84E
:105DE0004FF48062284604F109010AF035F90123D5
:105DF000564D1D21237256480DF042F928460AF0EF
:105E00005FFB20680722534903685B689847206856
:105E10001822514903685B689847206819224F4946
:105E200003685B689847206818224D4903685B68DF
:105E3000984720681C224B4903685B689847206894
:105E40001822494903685B68984720681B22474924
:105E500003685B68984720682022454903685B68AF
:105E6000984720681E22434903685B68984720686A
:105E70001822414903685B68984720681F223F4900
:105E800003685B689847206819223D4903685B688E
:105E9000984720681A223B4903685B689847206846
:105EA0001922394903685B68984720682D223749D1
:105EB00003685B68984720681522354903685B686A
:105EC000984720683022334903685B689847206808
:105ED0001322314903685B689847206818222F49CC
:105EE00003685B689847206815222D4903685B6842
:105EF0009847206816222B4903685B6898472068FA
:105F00001422294903685B689847206814222749AE
:105F100003685B68984720681422254903685B681A
:105F2000984720681322234903685B6898472068D4
:105F30000C22214903685B6898470F211F480DF028
:105F40009FF82846BDE838400AF0BABAB85B00208E
:105F50005C1900207C19002084190020A019002061
:105F6000BC190020D8190020F8190020141A0020AC
:105F7000301A0020541A0020741A0020901A0020B1
:105F8000B01A0020CC1A0020E81A0020041B0020C0
:105F9000341B00204C1B0020801B0020941B002081
:105FA000B01B0020C81B0020E01B0020F81B0020B5
:105FB000101C0020281C00203C1C00204C1C002031
:105FC00000F58760704700BF002380F85C3670479B
:105FD00070B40022D0F83464154C00F21B4100F27A
:105FE0003345C0F8546611F8013F53408D42DBB28F
:105FF00054F8233083EA1222F5D1B0F8505465B139
:1060000000F252410D4411F8013B5340A942DBB26A
:1060100054F8233083EA1222F5D1921B0123B2FAFD
:1060200082F280F85C36520970BC80F858267047BE
:10603000F4050020D0F80C3410B50446052B19D80F
:10604000DFE803F0192129335203D0F818345A1C21
:106050000344032AC0F8182483F834140AD9FFF73C
:10606000B7FF0023C4F80C34C4F81034C4F8143457
:10607000C4F8183410BDAA29FCD1012380F81C14DF
:10608000C0F80C3410BD4429EBD1022380F81D1454
:10609000C0F80C3410BDB529E3D1032380F81E14D9
:1060A000C0F81034C0F80C3410BDD0F810345A1CAD
:1060B0000344172AC0F8102483F81C14DAD9D0F846
:1060C0001C34154A23F07F439342CAD1FFF770FD79
:1060D0000028C6D00022B4F85034C4F8142493B178
:1060E0000423C4F80C3410BDD0F81434B3F5007F89
:1060F000B7D25A1C0344C0F8142483F85214B0F8E1
:1061000050349A4206D300220523C4F81824C4F858
:106110000C3410BD10BD00BFAA44B50010B5044634
:10612000006860B912E0206803685B699847C1B2F3
:106130002046FFF77FFF94F85C0638B920680368B3
:106140001B6998470028EEDC94F85C0610BD00BF80
:10615000F0B585B0027890F801E08DF80820C2799A
:106160008778C6780579447981798DF80F2004AA5B
:106170008DF809E08DF80A708DF80B608DF80C50E1
:106180008DF80D408DF80E1012E903008DE8030024
:106190009DED000B05B0F0BD000000000B8B5F2BE8
:1061A00040F280819FEDCB7AF0B52DED108B91F808
:1061B000233042F2107691F8225083B003EB830330
:1061C00091F82440074601F16A0003EB83039B002A
:1061D00006FB053315462344136091F825301376EA
:1061E00091F827C00C8B91F82860E02C91F82930A9
:1061F0000CEB06020C468CBF91F8FAE04FF0000E53
:10620000134473446B7691F8426094F8442091F8FB
:10621000431094F845308DF804608DF805108DF822
:1062200006208DF80730019BEB6294F8466094F8E5
:10623000471094F8482094F849308DF804608DF8A0
:1062400005108DF806208DF80730019B6B6394F8DC
:106250004B1094F84C2094F84D3094F84A608DF827
:1062600005108DF806208DF804608DF80730019B2D
:106270002B6394F84E3094F8502094F84F108DF81A
:10628000043094F851308DF806208DF807308DF8E1
:106290000510DDED017A67EE877AC5ED0A7AFFF722
:1062A00057FF04F1720085ED020BFFF751FF04F177
:1062B0007A0085ED040BFFF74BFF874BB7EEC00B61
:1062C0001A68D00785ED080A14D494F89A200120A2
:1062D00094F89C108DF8042094F89B6094F89D200D
:1062E0008DF805608DF807208DF8061001997B4A1E
:1062F000186011607A4B1A68D10714D494F89E2064
:10630000012094F8A0108DF8042094F89F6094F870
:10631000A1208DF805608DF807208DF806100199F1
:10632000704A18601160704B1A68D20740F1A5805E
:106330006E4B93ED000AF1EEC07AF4EE677AF1EE5F
:1063400010FA40F0B180F1EE025A97ED018A9FED0C
:10635000687AF0EEC86A674A87EEA56AF4EE476A83
:10636000F1EE10FA85ED076A94F8E93094F8E660EA
:1063700094F8E70094F8E8108DF804608DF80500B3
:106380008DF806108DF80730019BAA636B6200F24E
:106390008480B5EEC08AF1EE10FA7EDD95ED0DAA8F
:1063A000F0EECA7AF4EE477AF1EE10FA75D895ED70
:1063B0000BEAF0EECE7AF4EE477AF1EE10FA6CD8F2
:1063C00095ED02FB9FED3B7BB0EECF6BB4EE476BE0
:1063D000F1EE10FA61D895ED04CBB0EECC6BB4EED3
:1063E000476BF1EE10FA58D8B7EECAAAB7EEC88AD2
:1063F000B7EECEEA9FED31DB9FED32BB2AEE0DAB5F
:10640000B0EE4A0B0CF0FAFF95ED089AB7EEC99A78
:10641000A8EE409BB0EE4A0B0DF040F828EE008B42
:106420009FED2AABB7EEC99BAEEE0DABB0EE4A0BBB
:106430000CF0E4FFB0EE40EBB0EE4A0B0DF02EF89E
:1064400028EE006B2FEE0D0B86EE0B7B28EE0E8BED
:1064500037EE0FFB85ED02FB0CF0D0FF20EE0B0BAF
:10646000012085ED089A88EE007B37EE0CCB85ED98
:1064700004CB03B0BDEC108BF0BD1A480121174AC4
:1064800090ED000AD2ED007A20EE000A174A19605A
:10649000A7EEA70A82ED000A4DE7012003B0BDEC8C
:1064A000108BF0BD002070470DF048F8F0EE407AF8
:1064B00049E700BFFFFFFFFFFFFFEF7F399D52A2BB
:1064C00046DF913F00000000802DFB40182D445412
:1064D000FB21F93FE1CFF83F5C9B0020689C002046
:1064E000609B00206C9C0020649B0020709C00201E
:1064F000FFFF7F7F0000C07FB4EE400AF1EE10FA8C
:106500000ED610B584B0044668460AF019FA6946FA
:1065100020460AF06DFA68460AF09CF904B010BDF6
:10652000704700BFF8B58768EFB1002405462646DE
:10653000274609E0A0F124060134AB68B6FA86F6D6
:106540009C424FEA56160ED2214628460AF072FAAD
:10655000002EEFD02A2880EA070304D0DFB20134EE
:10656000AB689C42F0D33846F8BD00BFF0B5064694
:1065700095B04FF04E0E002445250F460DF1060351
:1065800004A9102201208DF806E08DF8075005942B
:10659000049406940794089409940A940B946A4D01
:1065A00096ED020BFFF776FB08A920460DF10703D5
:1065B000102296ED040BFFF76DFB3368634A02A8C7
:1065C0000821029403940EF069FF21460CA80AF0FA
:1065D00081F90CA878210AF045F90CA85C490AF069
:1065E0000BFA02A90CA80AF007FA29460CA80AF02F
:1065F00003FA04A90CA80AF0FFF929460CA80AF02E
:10660000FBF99DF806100CA80AF004FA29460CA81C
:106610000AF0F2F908A90CA80AF0EEF929460CA82C
:106620000AF0EAF99DF807100CA80AF0F3F92946D8
:106630000CA80AF0E1F9317E10A80AF06DF910A952
:106640000CA80AF0D5F910A80AF004F929460CA8FC
:106650000AF0D2F9717E10A80AF05EF910A90CA810
:106660000AF0C6F910A80AF0F5F829460CA80AF0B5
:10667000C3F996ED070A0CA80121FFF73DFF294653
:106680000CA80AF0B9F996ED080A0CA80121FFF749
:1066900033FF29460CA80AF0AFF996ED090A0CA8B9
:1066A0000121FFF729FF29460CA80AF0A5F996ED6C
:1066B0000A0A0CA80121FFF71FFF29460CA80AF0BF
:1066C0009BF996ED0B0A0CA80121FFF715FF29464F
:1066D0000CA80AF091F996ED0D0A0CA80121FFF71C
:1066E0000BFF29460CA80AF087F996ED0D0A0CA8B5
:1066F0000121FFF701FF29460CA80AF07DF996ED6C
:106700000E0A0CA80121FFF7F7FE0CA8FFF70AFFFD
:10671000104A0346062110A81094ADF844400EF02C
:10672000BDFE10A90CA80AF067F90CA80A490AF0E6
:1067300063F90CA938460AF01BF90CA80AF08AF88C
:10674000012015B0F0BD00BF6C1C00205C1C0020B7
:10675000641C0020701C0020701A0020007A704712
:1067600070B5094D04460E46284600F0F5F8284657
:1067700014F040FD4FF480650022802326702046EF
:106780006580A280A37170BD685D00204180704764
:10679000818070478171704770B5012503780F4C77
:1067A0000646AB400021204684F8305184F8A530DD
:1067B00084F82F5100F09AF82946204600F078F925
:1067C0002B4631782046022200F0E2F994F8A3002B
:1067D00094F8A230C01A18BF012070BD685D002077
:1067E00070B501250378194C0646AB4000212046C0
:1067F00084F8305184F8A53084F82F5100F076F8F1
:106800002946204600F054F9317802222B462046D2
:1068100000F0BEF994F8A22094F8A3108A4211D295
:106820005319A018DBB290F91A00994284F8A230EB
:106830004FEA002006D9234402329B7E84F8A2202E
:10684000184370BD4FF0FF3070BD00BF685D002081
:10685000F8B58188054642880126AF7948F20313CE
:106860000A432D780E4C31463A43B540204684F811
:106870003061134384F8A55084F82F619DB200F075
:1068800035F82046290A00F031F82046E9B200F038
:106890002DF831462046BDE8F84000F009B900BFA8
:1068A000685D002090F8A32090F8A200101A7047AD
:1068B00090F8A23090F8A3209A4205D95A1C0344BC
:1068C00080F8A220987E70474FF0FF30704700BFDD
:1068D00090F8A23090F8A3209A4202D90344987EFF
:1068E00070474FF0FF307047704700BFB0F830314D
:1068F00093B190F82F31882B0BD8C21810B45C1CC0
:10690000012380F82F41184682F8A5105DF8044B4A
:1069100070470122002302711846704738B50546BA
:10692000B0F8300190B195F82F311446C3F18902C7
:1069300094420CD805F1A500224618440AF010FD37
:1069400095F82F3120461C4485F82F4138BD144658
:1069500001222A71EEE700BF704700BF2DE9F04F1A
:106960008346404883B01525DBF814A09BF81860D7
:106970009BF819300AEB06163B490AEB0313DFF8C4
:10698000ECE0367A0C4693F828303601DFF8E090D8
:106990001B01871950F8068000EB030CC658F868F5
:1069A0007B68DCF80C7000931D60C8F88400D8F890
:1069B0000430DCF8042003430192C8F80430156069
:1069C000C6F8847073683B4373600968DEF8003072
:1069D000A9FB0332920C02EB8202520023685B1A7D
:1069E0009A42FBD8204A0925DFF884C09146D8F89E
:1069F0000830184202D0B3681F4231D1C6F88870FF
:106A00001468DEF80010ACFB0131890C01EB810148
:106A100013681B1B9942FBD8C6F88470D9F8004054
:106A2000DEF80010ACFB0131890C01EB8101136829
:106A30001B1B9942FBD8013DD9D128469BF8183041
:106A4000009A0AEB0313DB6813609BF81930019A74
:106A50000AEB031ADAF82C30136003B0BDE8F08FAC
:106A60000120EBE7740C0020041000E0945B002090
:106A700083DE1B430D49026910B50C6805E0DB019C
:106A800007D40B681B1B102B08D8536913F0007F29
:106A9000F5D14FF4FE430120536110BD0446FFF7CA
:106AA0005DFF0028F9D02269F3E700BFA46D012043
:106AB0002DE9F04790F82FA1BAF1000F02D1042080
:106AC000BDE8F08705460E46FFF7D4FF0028F6D054
:106AD0002E4F00244FF40079D7F8008054452969DF
:106AE0001AD8CB6D03F00703032B09D914E095F8EE
:106AF000A5200133012442F48062042B0A660BD0E6
:106B00002A19002CF3D0A24527D9013392F8A520E9
:106B10000134042B0A66F3D14B69180522D45A05B7
:106B200027D4980404D43A68C8EB0202322A09D95F
:106B30000B694FF40072042043F440730B610A6642
:106B4000BDE8F087544505D9CA6D520702D19B05AF
:106B500019D4C6B10CF01AFBC0E70EB1C1F86090B1
:106B60000134D9E70B69042043F440730B61BDE89D
:106B7000F0870B694FF40072022043F440730B61FD
:106B80000A66BDE8F0870020BDE8F087A46D01200B
:106B90002DE9F84F0C46154698468146FFF76AFFE7
:106BA00010B90420BDE8F88F00226300002D40F2E8
:106BB000014A1446DBB23D4E08BF0125022C43EAD0
:106BC0000A0AD6F800B089F8A22089F8A32048D98B
:106BD000D9F8103099F8A320872A12D8D96DC1F3BB
:106BE000024111B90DE0882A0BD002F1010E09EB28
:106BF000020001395FFA8EF289F8A3201F6F8776B1
:106C0000F1D15A6910054CD412F4105F04D13168E7
:106C1000CBEB0101322912D91A694FF4007142F409
:106C200040721A611966DA6D12F4E02F03D01A6906
:106C300042F400721A6199F8A300BDE8F88F99F840
:106C4000A310A94209D3022C07D9D96D490704D151
:106C50009205E8D4B8F1000FE5D00CF097FA022CB9
:106C6000B6D8D9F81020D36D03F00703032B0DD845
:106C7000691E4FF4007041F480714CB9C2F860A0F5
:106C8000013B0134032B01D8022CF6D91346A1E7AE
:106C9000012C04D0B8F1000FF2D01066F0E71166B5
:106CA000EEE71A6942F440721A61BCE7A46D012054
:106CB000036970B5D3F81451044615F4706201D01D
:106CC000C3F81421AE070BD5D3F87011080442D5D0
:106CD0000022012084F8A220224484F8A3009176A7
:106CE000EA0710D594F8306116B394F82E6194F841
:106CF0002F21B2422BD9721C264484F82E2196F8FB
:106D0000A520C3F86021AB0511D594F8A30018B1F4
:106D1000D4F83C3103B19847002384F8A23084F8BA
:106D2000A33084F82E3184F82F3184F8303170BDCF
:106D3000D4F838210AB1904723690122002184F850
:106D4000302194F82F2184F82E11B242D3D800229A
:106D5000C3F86021D7E794F8A320872AC0D8501C35
:106D6000C0B2B9E70148FFF7A3BF00BF285C00200D
:106D70000148FFF79DBF00BF685D00200148FFF795
:106D800097BF00BFA85E002088B181B10288012AA8
:106D900030B410D01030002203E030F8104B012C3A
:106DA0000AD0013205469142F7D130BC70474FF00E
:106DB000FF329A60704705462A7A01211A746A7A6E
:106DC0005A74AA7A9A74EA7A9960DA7430BC704775
:106DD0004B684360704700BFF0B589B00D4604466C
:106DE000084601A9164603F0B7F9013004D0019B0B
:106DF0000120736009B0F0BD002301221B494FF44C
:106E00005450A36005930293039304930793ADF842
:106E10000420ADF814200691ADF8060004F03EFE03
:106E200004F0B4FF27796179A279E379029001A88F
:106E3000049507948DF80C708DF80D108DF80E20C8
:106E40008DF80F3001F0C0FF0028D3D0A368002BCD
:106E5000FCD0A368013302D0A068012802D0002032
:106E600009B0F0BD2369736009B0F0BD8D750000F5
:106E700000207047704700BF014B1868704700BF83
:106E8000A46D012010B5044609F0D6FA204610BDC5
:106E90000029194B14BF0121002130B5197083B0AE
:106EA00013D01546044604F0F9FD04F009FE002352
:106EB0008DF804308DF805308DF806308DF80730E8
:106EC000019B834208D003B030BD01F013FF03B033
:106ED000BDE8304001F002BF084B18461C6001F0CD
:106EE0008FFE0028EFD0204601F004FF296803B090
:106EF000BDE8304001F02CBF31740120549C0020CB
:106F0000704700BF704700BF2DE9F04F844F93B02A
:106F1000894604920390D7F8008004F0BFFD04F086
:106F200013FD002840F0CD807E4B1B681BB94FF449
:106F300080337C4A13607C4B1B68002B00F0E98097
:106F4000DFF81CA2DAF800301BB94FF40063CAF86E
:106F50000030DFF810B29BF80000002800F0D0806D
:106F60008000724E0AF096FA9BF80030306098006C
:106F70000AF090FA9BF800306D497060580001915A
:106F80000AF088FA9BF80030B06058000AF082FAE4
:106F90009BF80030F06098000AF07CFA9BF8003013
:106FA000306198000AF076FA624A9BF8003010606F
:106FB00058000AF06FFA9BF80030706158000AF030
:106FC00069FA5D4A9BF80030106098000AF062FA96
:106FD0005A4B18609BF800000AF05CFA01999BF884
:106FE000003008607BB30024CDF81480234625B21E
:106FF000D6F80080DAF80000029301910AF04AFA0C
:1070000048F82500D6F80480DAF800000AF042FAC1
:1070100048F825000420D6F810800AF03BFA454BCA
:1070200048F8250004F1010E1A680199029B42F804
:1070300025300A6813555FFA8EF49BF80020A242AF
:10704000D5D8DDF81480384B0AA81A68354B0A9257
:107050001B683B4A0B933B4B0C920D9305F0EAFFE8
:1070600001303AD003990622374804F00FFE013070
:1070700033D004F013FD80B304F010FD334A3449DB
:107080001368079013F0010F0891324B03D10121CF
:1070900004981160186007A8099302F0D7F845F624
:1070A000BF522D492D4809F067F904F0F7FC01F0B3
:1070B00021FE01F01BFEB0B93B68C8EB03034B4552
:1070C0000BD204F0EBFC01F015FE01F00FFE50B9FD
:1070D0003B68C8EB03034B45F3D3002013B0BDE876
:1070E000F08F0A9B8BB904F0D9FC01F003FE0AA9CA
:1070F00001F01AFE3B68C8EB03039945F1D8ECE7B1
:10710000082320208BF800302BE7012013B0BDE8C6
:10711000F08F044B18680AF0BDF9034B18600FE7B5
:10712000A46D0120009C0020FC9B0020000020207A
:10713000149C0020F49B00200C9C0020109C00203C
:10714000340B0020440B002000660020589B0020D8
:1071500095760000649C002025D900005460002032
:10716000F89B002030740120064B1B7803F0FF00D1
:107170002BB1A0F10100B0FA80F040097047022065
:10718000704700BF317401200320704710B50446DA
:1071900004F084FC04F094FC024B60602046236001
:1071A00010BD00BF300B002038B50D4604F076FC52
:1071B00004466D6804F072FC04F08CFC024629461B
:1071C0002046BDE8384004F041BC00BF30B4054B58
:1071D0000024054D5C601D60044A0549054830BC2B
:1071E0000DF000B9049C0020300B0020785B0020DB
:1071F000897600005460002003689B6B184700BF2D
:107200004969024A41600260704700BF300B0020AC
:10721000008B7047C0897047808B80B2704700BF79
:1072200010B582B00468012202AB03F8011D1946B3
:107230006368984702B010BD704700BF38B5064D6F
:10724000837F2A789A4205D90446184600F08EF9C1
:107250002B78A37738BD00BF30740120104B1A780B
:1072600070B504460E460F4D82B100212A78197080
:1072700082773146022000F09DF92B78A077834277
:107280000BD90023E6810120A38370BD807F2B787A
:107290008342EED900F06AF9EBE7002070BD00BF31
:1072A0002469002030740120F0B500238BB0154C08
:1072B0000D461746069309930646029305940894D3
:1072C000019404F0EBFB04F00FFC03A9049005A863
:1072D0000394FFF77DFD294605A841F2883301AAF2
:1072E000FFF77AFD012801D00BB0F0BD33683A46B4
:1072F000029D03A99B6A30460394049598470BB0FE
:10730000F0BD00BF300B002008B5002304314383DB
:10731000807F00F0FFFA08BD08B50021807F00F0F3
:1073200035FB08BD08B5807F00F030FB08BD00BF0D
:1073300010B5044693B2807F0A46618B00F0B6FA1E
:10734000638B0344638310BD838B9BB213B94FF0EF
:10735000FF30704710B582B004460122807F0DF1E6
:10736000070100F035FA002807DDA38B9DF8070020
:10737000013B9BB2A38302B010BD4FF0FF30FAE790
:10738000838B9BB2CBB1838B9BB2934210B50446E7
:107390000CD912B2807F00F01BFA0246002A0FDDE2
:1073A000A38B10469B1A9BB2A38310BD828B807F58
:1073B00012B200F00DFA0246F0E74FF0FF307047CE
:1073C0004FF0FF3010BD00BF074A08B5837F127829
:1073D0009A4202D9828B92B212B94FF0FF3008BDA7
:1073E000184600F055FA08BD30740120F0B5114D73
:1073F0000446807F83B02B780F461646834215D80B
:107400000D4B32467F68694682208DE8880000F087
:107410008DF92B78A077834205D900230120E681DE
:10742000A38303B0F0BD002003B0F0BD00F09EF8D0
:10743000E6E700BF30740120300B0020F0B50446B1
:1074400087B0807F00F00AFAA08308B907B0F0BDCA
:107450001B4B0C271B4906ADA27F0DEB07061868D6
:1074600000230968DFF864E051F8221050F8220088
:10747000DEF8002045F8107D0096019505F0F0F942
:10748000114A0023A17F126822F81130421C13D048
:107490009842DBDDBDF80E309DF814605BBA9DF8B4
:1074A00015509DF816109DF81720238326756575D5
:1074B000A175E27507B0F0BD184607B0F0BD00BF7A
:1074C000F49B00200400202014002020F89B0020C2
:1074D000224B1A6852F82030C3B152F820002049DC
:1074E00010B584B0012403AA0DF10B03039400929C
:1074F000072205F0B3FA01301CD09DF80B30042BA5
:1075000015D8DFE803F005080B0E11001846704788
:10751000002004B010BD1C2004B010BD132004B026
:1075200010BD172004B010BD142004B010BD012000
:1075300004B010BD02F016FA04460A2109480BF007
:107540009FFD0BF0D1FD2146074809F011F80648D0
:1075500008F0B6FF0BF0C8FDCFE700BFF49B00209A
:1075600017E50300781C0020B85B002070B50E4DB5
:1075700004462B681A5C034452B986000B4D002464
:107580002A681C70905905F0CBF82B689C5170BD8F
:10759000074A03B212689E0052F8230001F080FEF1
:1075A0002B682344EAE700BF149C0020F49B0020D2
:1075B000109C00202DE9F047564F88B097F80090B6
:1075C000B9F1000F00F08580DFF85C810E460546BA
:1075D000D8F800301C68F4B10433002402E053F8FA
:1075E000042BC2B10134E4B2A145F8D14FF0000A36
:1075F000534601E0994517D918461C46FFF768FF26
:1076000000F0FB000AF1010A18285FFA8AF3F1D1B1
:107610002046FFF7ABFF404B0121022D1B68039171
:10762000029352D0212D03D0387808B0BDE8F087FE
:1076300000220846D8F800A00FFA84F905F018FBDC
:107640004AF829004FEA8909D8F80030DFF8D880D5
:1076500053F80930002BE7D00C22002105A876BA98
:1076600005F02AFED8F800304FF0000E05A953F8B7
:10767000090001230C22ADF81660ADF81430CDF8E6
:107680001CE005F059FB0130D8F8003023D0042667
:1076900053F80900062202AB2049009605F056F97E
:1076A000D8F8001002AB052251F809001B490096DA
:1076B00005F04CF9212D13D0194B002220461B68F0
:1076C00023F8142008B0BDE8F087084600222946B8
:1076D000B0E74846A9E753F8090005F021F8A3E709
:1076E000D8F8005003AB0F49102255F8095008682C
:1076F000062100960490284605F028F9D8F80010D5
:1077000004AB032251F809000449009605F01EF964
:10771000D2E700BF30740120F89B002017E503007A
:107720000C9C0020F4030020F49B00202DE9F0477E
:10773000022086B089461146FFF73CFF224B0546E2
:107740001B7883423BD099F80540002699F8042025
:107750000FFA80F8240499F8073099F806C04FF022
:10776000080E04EB0264194F31460DF118091C4450
:107770003A6804AB4FF0040A04EB0C2452F82800DA
:107780001922CDF800E024BA0596049405F0DEF83D
:107790003868FF233146182250F8280049F80C3D7C
:1077A0004B46CDF800A005F0D1F83A684B4631467B
:1077B00052F828001722CDF800A005F0C7F8284697
:1077C00006B0BDE8F08700BF30740120F49B0020B4
:1077D0002DE9F0411E4E45001E4B37681B6837F8F7
:1077E00010E02F449E452FD080460EEB0200144639
:1077F000834212DD69B1184B08461B6853F8281004
:10780000714405F0D7FC376837F818E02F440EEBC9
:10781000040038802046BDE8F081CEEB0304A4B21A
:1078200061B10D4B084622461B6853F8281071447D
:1078300005F0C0FC33685F1933F818E004EB0E0163
:1078400020463980BDE8F0814FF0FF34E2E700BF09
:1078500014002020F89B00200400202010B50949C6
:107860000246094C022309682068084C51F822108E
:1078700050F82200226805F05FF8431C14BF80B264
:10788000002010BD04002020F49B0020F89B002065
:10789000044A054B12681B6852F8202033F8103058
:1078A000D05C7047040020201400202070B51D46D5
:1078B0000B440E4604B2B3F5006F144B10DA1B688C
:1078C00011462A4653F82400304405F073FC104B4F
:1078D00028461A6832F814301D4422F8145070BD3E
:1078E0001B68C1F50065114653F824002A46304450
:1078F00005F060FC064BA8B21A6832F814309E1BE3
:1079000006F5006622F8146070BD00BF000020205C
:1079100008002020F0B40C780CB94B7823B3002A6F
:107920002AD0174D03B2174C00270120266854BAFD
:107930002A6826F8137052F823600F78124A3770BD
:107940002E684F7856F8236077702E688F7856F837
:107950002360B7702E68CD7856F82310CD7012686A
:1079600022F81340F0BC70478B78002BD7D1CB782E
:10797000002BD4D11846F5E71046F0BC704700BF85
:1079800010002020080020200C002020F0B51B4A09
:1079900087B01B4C012312680C262468ADF80C300C
:1079A0000B4654F820700DEB060532F81020DFF876
:1079B0005CC0ADF80E2079783C780904FA7897F825
:1079C00002E001EB04640F4F0F4914443F68DCF8F8
:1079D000002004EB0E2457F82070096824BA32F80E
:1079E000102051F82010384605948DE8600004F00E
:1079F000C5FE013018BF012007B0F0BD0C002020EB
:107A000010002020F49B00200000202008002020EF
:107A100040BA80B2704700BF00BA7047002070477C
:107A20002DE9F041514D0446514BEA6E514E194635
:107A300042F440625048EA66C3F8E860C3F8E400E4
:107A4000D1F8E0304A4A002BFADA4C4D4FF480333B
:107A50004B490527C2F8E83043F2E9066A684FF45B
:107A6000004C484B4FF4804E1140474803224FF0E2
:107A7000160841F4003169604BF2E905C3F87471EE
:107A8000C3F878713127416841F440414160C0F842
:107A900084C04FF0020CC0F888E00120C3F87C637A
:107AA0004FF0000EC3F88463C3F88053C3F89863A3
:107AB000C3F88853C3F88C53C3F89053C3F8947336
:107AC00007F16047C3F89021C3F88C2107F6D377FC
:107AD000C3F8A481C3F8A8213D46C3F89421C3F894
:107AE000A021C3F89821C3F89C2102F186422749BE
:107AF000274E02F5DE12C3F8B8E102F5F452C3F8DE
:107B0000B4E1C1F830C048638863C8630864C862E0
:107B100038683368A2FB0332920C52002B681D496F
:107B20001B1A9A42FAD8184812221B4B4FF4804570
:107B3000C0F8845008465A64184A09683368A2FBA2
:107B40000332920C02EB820203685B1A9A42FBD862
:107B50004FF420721821204602F070F8204681224E
:107B6000172102F06BF80020BDE8F08100C00F4043
:107B700000800D400F1001000120210000C00A40CC
:107B8000FFDF7DFF00801F400040004200841F4057
:107B9000945B0020041000E000802D4083DE1B4336
:107BA000014B187803F02CB904ED00E0102832D90D
:107BB0001A4B1B4A9B68F0B453F82040944218BFFC
:107BC00043F82020A0F110025309042B20D89E0076
:107BD000144D012402F01F0235440F2904FA02F269
:107BE000104FD5F8806128BF0F210F4C1643C1F10B
:107BF0000F0104440020C5F88061090157F82350A3
:107C0000C9B22A4347F8232084F80013F0BC704718
:107C10000020F0BC70474FF0FF30704700ED00E0EF
:107C2000A583000000E100E0F0E000E0E0B10369BE
:107C30001B78012B18D1C3681A68AAB1A1B11368C7
:107C40000020D3F8E43030B4CB701D0E1C0C1B0A9E
:107C50000D704C708B701368D3F8E8301A0E1B0C43
:107C60000A714B7130BC70474FF0FF30704700BF56
:107C700070B103691B78012B0AD1C36800201B680F
:107C80001B68D3F80422D3F8843281E80C007047D3
:107C90004FF0FF30704700BFC3681A681368596817
:107CA000890103D44FF0FF325A6070474FF00071E2
:107CB000D1605960704700BFF0B4C6684FF4000748
:107CC0008904154D30684FF4803301F4F80144689D
:107CD0006760A768A06820F40000A060307AC00543
:107CE00000F0786005432943216401E0013B0BD09B
:107CF00061680902FAD54FF4000300206360A760B1
:107D0000236CF0BC138070474FF400034FF0FF303A
:107D10006360A760F0BC704700000260F0B4C76801
:107D20004FF400008904154D3C684FF4803301F492
:107D3000F80164686060A668A06820F40000A06094
:107D4000387AC00500F07860024315432943216466
:107D500001E0013B09D062681202FAD54FF400033A
:107D600000206360A660F0BC70474FF400034FF042
:107D7000FF306360A660F0BC704700BF0000025097
:107D8000002835D0F8B503691B78012B2DD1C368C5
:107D90001F6857B349B30C460546062216492046CC
:107DA00005F09AFA08B306221449204605F094FA21
:107DB000D8B1237813F0010617D161781B06E27859
:107DC000284643EA0143A5783968134343EA05236B
:107DD000C1F8E430637922791B0443EA0263C1F8F5
:107DE000E83001F06BFE3046F8BD4FF0FF30F8BDD3
:107DF0004FF0FF30704700BFF00F0020E80F002069
:107E000038B5C36800224FF0FF35044619680B6887
:107E100088685A645A629A605D6003F057F8204699
:107E2000BDE8384001F03EBEC3689A692DE9F04FC5
:107E3000074683B01E6822B1904710B103B0BDE879
:107E4000F08F326801235362536A13F00104FBD1AF
:107E5000306B4FF0FF314FF00C09946000F13F0898
:107E600000F18E03ED30516028F03F0823F03F030E
:107E700020F03F002546C6F81480A246C6F82480AC
:107E8000B3613362A8F80090A8F80240FFF7C4FD80
:107E9000336BD6F814B0C8F8040003F22A709BF8CC
:107EA00008306FF07F088BF8089020F03F009BF8B7
:107EB000093040F23D698BF809409BF80A308BF895
:107EC0000A409BF80B308BF80B40FFF7A5FD02230F
:107ED000CBF80C003377306BB36909FB050003EB7B
:107EE000C50413F8352000F6675003F835800135D6
:107EF000637820F03F0084F801A0A37884F802A002
:107F0000E37884F803A0FFF787FD042D6060E2D1D9
:107F100071692B4675770A89D6F818E042F020027D
:107F2000B0680A81BEF818402D4A44F020042D495B
:107F3000AEF81840009702F089FF00287FF47EAF6A
:107F4000B46940F2FE5E7169182233684FF0470849
:107F50004FF4807CC3F82001C3F82401C3F8180152
:107F6000C3F81C01C3F888E14FF06E0EC3F88041DE
:107F70000F24C3F884111C49C3F884104FF000711A
:107F8000C3F8C450C3F8C0210222C3F8C481C3F8A7
:107F900044C1C3F8900138463C627468C4F844E0B8
:107FA00099605A6201F07EFE00287FF447AF336883
:107FB0004FF000424FF08071C3F8E400C3F8E800CE
:107FC0005A66C3F80402C3F884025A6E22F00042D3
:107FD0005A66B062F062196103B0BDE8F08F00BF6D
:107FE0008D8800009D8400000401FE05F8B5C3687B
:107FF0001C68236A1A8815062FD405464FF0807630
:108000001A8811072AD4236A21681A88083302F0D3
:10801000200223F8082C33F8082C42F0800223F8C1
:10802000082C33F8082C920648BFA36923620E611E
:108030001A881707E9D51A8802F020021A801A88D0
:1080400042F080021A801A8890064CBFA369083358
:1080500023620E611A881206D2D5F8BD1A8812F46E
:108060007C5F02D0236A2168E5E75868FFF7D4FCFB
:10807000236A07465888FFF7CBFC39460246284654
:1080800001F07CFCEEE700BF38B5C36805461C680C
:1080900002F04AFFE3689A0105D523F000732846F1
:1080A000E360FFF7A3FFBDE8384002F045BF00BF23
:1080B000F8B50D46002933D04B690D2B30D9C36874
:1080C0001E68736A1C8804F08004A4B2002CF9D1E5
:1080D0005868FFF7A1FC2146034607464FF0FF32E0
:1080E000284603F0AFF8AB6999061ED5686980B2DF
:1080F000746AFFF78DFC736A60801A8842F0800210
:108100001A80BFF35F8F1A88920632684CBF73697A
:10811000083373625369002BFCD14FF080735361B5
:108120002846BDE8F84003F0E1B9BB896869082B2F
:1081300019D02728DBD94DF686529342D7D1397D05
:1081400028230029D3D003F10E0206293A441ED079
:10815000112915D00129CAD104339842C7D300236D
:108160009370D370C3E71328C1D9BB8A23F04003AF
:10817000002BBCD1BB7BF97D9B0003F03C03E0E707
:1081800008339842B3D300239371D371AFE714330C
:108190009842ACD3002313745374A8E7C2684FF01D
:1081A000FF33F0B4CE181768053116F8014F0820D8
:1081B00006E01E4B01384FEA540483EA05030AD057
:1081C00084EA03025D08D207F3D401384FEA53036F
:1081D0004FEA5404F4D18E42E7D19B0E012203F002
:1081E0001F011F2B3B6802FA01F208D8D3F82411B3
:1081F0000A420FD0BB6A1A43BA62F0BC7047D3F888
:1082000020110A420DD1D3F820110A43F0BCC3F863
:1082100020217047D3F824110A43F0BCC3F824216D
:108220007047FB6A1A43FA62F0BC70472083B8EDCE
:10823000C2684FF0FF33F0B4CE181768053116F856
:10824000014F082006E0184B01384FEA540483EA36
:1082500005030AD084EA03025D08D207F3D401388B
:108260004FEA53034FEA5404F4D18E42E7D19B0EF8
:108270000122386803F01F011F2B02FA01F209D90D
:10828000F96AD0F8203161EA02021340F0BCC0F86C
:1082900020317047B96AD0F8243161EA02021340F4
:1082A000F0BCC0F8243170472083B8EDF8B50F4C0E
:1082B00001270F4804F1900604F048FF02E00C3457
:1082C000B4420ED02368002BF9D02579002DF6D1C9
:1082D00027710C3454F8040C984704F8085CB44235
:1082E000F0D10348BDE8F84004F03CBFA06901208C
:1082F000346A0120F8B5C8B106460F4604F03EFFC7
:1083000000220B4D1346AC580C3209493CB10133E5
:108310000C2BF8D1002404F03FFF2046F8BD03EBFE
:1083200043039B00CC18CE50A760F4E70446F4E763
:10833000A069012048B110B5044604F01FFF0023D6
:108340002360BDE8104004F027BF704708B504481B
:10835000902104F0B9FF0348BDE8084004F0E8BEEE
:10836000A0690120346A0120014804F0EFBE00BF7B
:10837000346A0120014804F0F5BE00BF346A0120D0
:1083800038B5DC1C8C420BD81C46054602701A46D8
:1083900002346B700499023004F00CFF281938BDC8
:1083A000002038BD70B590E84400531C9E4203D8AD
:1083B0009AE0B24200F0D880147813460132002CC3
:1083C000F7D0FF2C00F0D0805A7802321A44B24223
:1083D00000F2CA8002601C785D78013C3A2CE4D837
:1083E0000FF2040E5EF824F05F8D0000AF8B0000EA
:1083F000518D0000AF8B0000AF8B0000438D00005B
:10840000AF8B0000AF8B0000AF8B0000AF8B000084
:10841000AF8B0000AF8B0000AF8B0000AF8B000074
:10842000AF8B0000AF8B0000AF8B0000AF8B000064
:10843000AF8B0000AF8B0000AF8B0000AF8B000054
:10844000AF8B0000AF8B0000AF8B0000AF8B000044
:10845000AF8B0000AF8B0000AF8B0000AF8B000034
:10846000AF8B0000AF8B0000AF8B0000AF8B000024
:10847000AF8B0000AF8B0000AF8B0000AF8B000014
:10848000AF8B0000AF8B0000AF8B0000AF8B000004
:10849000AF8B0000AF8B0000AF8B0000AF8B0000F4
:1084A000AF8B0000AF8B0000AF8B0000AF8B0000E4
:1084B000358D00001D8D00000B8D0000FD8C00002F
:1084C000AF8B0000AF8B0000AF8B0000EF8C000083
:1084D000D98C0000042D7FF468AFD3F802308B6193
:1084E000531C9E423FF668AF70BD042D7FF45DAF14
:1084F000D3F802304B6158E7042D7FF456AFD3F820
:108500000230CB6051E7012D7FF44FAF9B7881F8AB
:10851000203090E8440048E7012D7FF446AF9B7877
:10852000032B3FF642AF81F8213090E844003CE74E
:10853000042D7FF43AAFD3F80230CB6135E7032D39
:108540007FF633AFD3F802300B612EE7032D7FF6B1
:108550002CAFD3F802308B6027E7042D7FF425AFD2
:10856000D3F802304B6020E770BD00BF2DE9F04129
:108570000C2586B000F13406044606AB0DEB05026F
:1085800000680F4643F8105D3146019300230092C6
:108590004FF40A7204F064F9054607F01FF8A36966
:1085A0006269C01A904250D2EF2D03DD94F8343046
:1085B000022B04D00025284606B0BDE8F081D4F88F
:1085C0003880A06AFFF728FA8045F3D194F8362066
:1085D000062AEFD104F1200104F1500004F07CFEE2
:1085E0000028E7D104221A4904F5907004F074FEC3
:1085F0000028DFD12421384604F066FE6B1E616C32
:1086000004F592721E4404F12C0839603946266341
:108610004046E262FFF7C6FE97F82130002BCAD031
:108620009A07394640464CBF04F1600304F1A003A9
:10863000E36297F82130DB074CBF04F21F1304F10B
:108640009F032363FFF7AEFEB5E74FF0FF35B2E7B8
:10865000E40F00202DE9F04F00F13407044689B003
:108660004FF40A7100F12008384604F02DFE06256B
:108670000123A06A84F8365084F8343084F8353009
:10868000FFF7CAF980232A46A063E387414604F135
:10869000500004F5927504F08DFD04F590700422ED
:1086A000704904F087FD2379092B00F28A80DFE806
:1086B00003F08B88969EB888C3CE880504F518729F
:1086C00004F5177628460423711B00923222FFF727
:1086D00057FE0546002874D003234FF0FF398DF86C
:1086E00009300DF10900711B012335220090284645
:1086F000FFF746FE0546002863D09DF8093003F0D9
:10870000FD03012B1CD106F069FFD4F86432A0618F
:108710005BB104F51970711B0423332200902846C5
:10872000FFF72EFE054600284BD04F48711B06234D
:10873000372200902846FFF723FE0546002840D048
:108740004FF40A70FFF764F90DF1200E711B02233C
:108750002EF8160D39222846CDF800E0FFF710FE5E
:10876000054670B30DF1200B4FF0010A4146062279
:108770000DF10D000BF814AD04F01CFD711B284623
:10878000CDF800B007233D22FFF7FAFD0546C0B142
:10879000FF2305AE0C210370304604F095FD0C2339
:1087A000EA1B20684FF486440193009652443946F0
:1087B0000023ADF814A0CDF81C90ADF8164003F0DE
:1087C000DDFF09B0BDE8F08FD4F86C220723D4F8A0
:1087D000789204F5177622648DF8093081E7012339
:1087E00004F517764FF0FF398DF8093079E704F575
:1087F000247204F51776284604230092711B322256
:10880000FFF7BEFD0028DCD004F52775311A0423DC
:1088100036220095FFF7B4FD054600287FF45CAFD3
:10882000CFE7D4F86C22042304F517764FF0FF3914
:1088300022648DF8093054E7D4F86C220323D4F86D
:10884000789204F5177622648DF8093049E70322FF
:10885000D4F86C3204F517764FF0FF398DF8092003
:1088600023643EE7E40F00205C66002010B5044658
:108870000171092906D8DFE801F01328383D4A576D
:108880006778280610BDFFF7E5FE0120A1694FF4C7
:10889000FA524FF47A6320732161A260636110BDC4
:1088A000D0F86C32002B66D1D4F8B40203F026F96C
:1088B000022863D000232068637103F031FFD4F8ED
:1088C000B802BDE81040FFF735BDD0F8B40203F0A0
:1088D00015F9012805D00022D4F8B402114603F09E
:1088E000B5F8A36A0133A36210BDFFF7B3FEE369D5
:1088F000636110BDFFF7AEFE0120A1694FF47A62FB
:108900004FF47A53207321616261A36010BDD0F8E7
:108910006C12D0F8B40200F01FFF06F05FFE4FF4B7
:108920007A73A061A36010BD83690622D0F880022B
:108930002361431C227316D0FFF76EF84FF47A734D
:1089400003FB00F0A06010BDFFF784FE0723D4F8FE
:1089500084022373FFF760F84FF47A734EF66022B7
:1089600003FB00F06261A06010BDFFF773FE0123FE
:10897000D4F88802EDE7FFF76DFE95E70022D4F802
:10898000B402114603F062F894E700BF10B5044644
:10899000D0F87022D0F86C12D0F8B40203F056F878
:1089A000D4F87412D4F8B40203F060F8D4F87C124E
:1089B000D4F8B40203F066F8D4F8B402022103F04C
:1089C000A9F820460521FFF751FFD4F8BC323BB18E
:1089D000D4F8C8222046D4F8B412BDE81040184795
:1089E00010BD00BF10B50446FFF7BEFC00212046B5
:1089F000FFF73CFFBDE81040FFF7BCBC0279531EF7
:108A0000F0B504468DB0082B3ED8DFE803F04E5693
:108A1000056F8805053F0500063A012A40F2B2803D
:108A200006F0DCFD2369A268C01A904280F09E80A7
:108A3000204603A9FFF79AFD421C00F0AA800028F7
:108A400022DD9DF82C30052B40F09580039BDBB197
:108A5000069BCBB10A9DBDB1A36923616B1C40F09D
:108A60009C800895099503AD04F51B7694F868720F
:108A70000FCD0FC60FCD2D680FC63560002F5AD011
:108A800020460421FFF7F2FE0DB0F0BD0921FFF7EB
:108A9000EDFED4F8C032002BF6D0D4F8C422204624
:108AA000D4F8B41298470DB0F0BD0221FFF7DEFEF6
:108AB000D4F8C032002BF0D1E6E703A9FFF756FD4A
:108AC000411C5AD00028DFDD9DF82C30022BDBD171
:108AD00003AD04F524760FCD0FC60FCD2D680FC65C
:108AE000204635600321FFF7C1FECDE706F076FD95
:108AF000A369A268C01A90421DD20022D4F86C1259
:108B0000D4F8B40200F0C2FC01280546BCD12046CE
:108B1000FFF7A0FD29462046FFF7A8FEB4E7D0F8EE
:108B2000B40202F0EBFF50B96379012BACD12046BF
:108B3000FFF758FFA8E72046FFF728FFA4E70C231C
:108B40000CAA20680DEB030142F8283D00238DE8B4
:108B500006004FF40A7204F1340103F081FE06F0BE
:108B60003DFD2369A268C01A90428DD9217B204621
:108B7000FFF77CFE88E7062B86D120460121FFF710
:108B800075FE81E7D0F8B40202F0B8FF0028CBD020
:108B900046E72046FFF75EFD76E72846FEF73CFFF6
:108BA000B3281FD84FF034430A93089BC3B1099BE5
:108BB0000A9813B185423FF456AFFEF72DFF4008E7
:108BC000FEF72AFF08900A98FEF726FF05460A9846
:108BD000FEF722FFA5EBD000FEF71EFF099042E74B
:108BE0000A98EAE70A98FEF717FF034B9842DCD988
:108BF000024B0A93D9E700BF9BC420000020C49B0E
:108C00002DE9F043054685B0FFF7AEFB002D5AD0A5
:108C10002E68002E57D0304603F0B8F88146002861
:108C200051D02C4C6779002F4DD10C214FF0010809
:108C300001A804F049FB4FF488433A46404602211C
:108C40000397CDF80890ADF80480ADF8063004F035
:108C50000FF82060002836D001A90C2204F06CF82F
:108C600070BB062204F12001304602F079FF38BBC8
:108C700021461948FFF73EFBC4F8B80200B34FF491
:108C80007A63C4F8B462E3616B68C4F86032A868C0
:108C9000FEF7C2FED4F860222B7B002AC4F86402DF
:108CA000204684F868320CBF01210821FFF7DEFD61
:108CB00084F80580FFF75EFB204605B0BDE8F08331
:108CC000206803F02DFDFFF755FB002005B0BDE83F
:108CD000F08300BFA86601200192000010B1437923
:108CE000012B00D07047FFF77DBE00BF00B1407977
:108CF000704700BF38B590B10546FFF735FB094B0B
:108D00005A79012A04D00024FFF734FB204638BDED
:108D1000D3F8B40285420CBF1C460024F4E7044695
:108D2000F4E700BFA866012089B180B138B50546D7
:108D30000C46FFF719FB05F51B750FCD0FC495E821
:108D40000F0084E80F00BDE83840FFF713BB704701
:108D500018B119B94FF47A63C3617047C1617047A4
:108D60002DE9F843804608460D4604F0CFFA064642
:108D7000404604F0CBFA2EB1731C984205D0002077
:108D8000BDE8F8830120BDE8F883013D002715F810
:108D9000013F7C1C2E2B20460AD018F8040004F05A
:108DA000E3FA8146287804F0DFFA8145204608D1AD
:108DB000A6422746EBD8301AB0FA80F04009BDE849
:108DC000F8833846F7E700BF2DE9F04F4FF4007302
:108DD00089B004460393FFF7C7FACCB16369BBB10E
:108DE0004FF48071E06804F09DFA0138FE280FD836
:108DF0000C22214605A804F0DDF905A804F0EEF8E0
:108E0000012800F09F80DFF8A89199F808302BB175
:108E1000FFF7B0FA002009B0BDE8F08F4FF41C71E5
:108E2000484604F051FA6269A369C9F80C20C9F8F0
:108E30001030228AE368A9F82C20C9F8183004F011
:108E4000C7FAA9F82800238A012B76D0022BDFD19C
:108E50004FF4E053A9F82A3000220221BDF8140093
:108E600003F006FF524EC9F800000028D0D00425B8
:108E70000622504903AB009503F068FD306803AB50
:108E8000009505224B4903F061FDBDF816301BB972
:108E90004FF45453ADF8163005A90C22D9F8000050
:108EA00003F07EFB0130424E72D0358D01224FF42B
:108EB0008073E1680DF12008002406F13B00328642
:108EC000F58506F13A0B738648F8104DB6F82AA0DE
:108ED00004F03CFA4246384906F13B0004F04CFAF3
:108EE00006E000208CF83A300EF1010404F044FA58
:108EF000601C2F4D584405F13A0704F007FA06EBC1
:108F0000040C0346424604EB000E2B490028E8D12E
:108F10002744012611342946A7F801A0FB703E71B1
:108F200026486C62FFF7E6F9686088B32E72FFF797
:108F300021FA284609B0BDE8F08F4FF48073A9F8F4
:108F40002A3089E7069802F02BFF054628B3002651
:108F500003E002F0A7FC054620B3BDF81430284614
:108F6000771C0BB1DB0703D502F0BEFD0790D8B923
:108F7000069B30463E46002BEBD005A804F02EF8A9
:108F800000287FF445AF284602F000FF06903AE73C
:108F9000D9F8000003F0C4FB3AE702F07FFD054674
:108FA0000028D4D10025E8E70123ADF81430E4E728
:108FB0001864012017E50300E85400205D980000C4
:108FC0002DE9F04F4FF0000A83B0174681468846DE
:108FD0001646554601933C7804F0C000C0281ED0C8
:108FE000A8BBB9F1000F30D0B8F1000F2DD0A045CB
:108FF0002ED9621CC4EB080848463946934608F14E
:10900000FF3804F0D7F8D9445A461744BE4238BF57
:109010003E46002CDFD1304603B0BDE8F08F05B9E5
:10902000023624027D780C9B04F47C5425449D4236
:109030000DD20AF1010A019BBAF1040F03EB0507F7
:10904000C9D95C5D04F0C000CAE7621CDDE70020FE
:1090500003B0BDE8F08F00BF037A022B2DE9F04387
:109060000446ADF5037D30D0032B16D0012B03D081
:109070000DF5037DBDE8F0830023426A00F12E0167
:10908000006803F0E3FB636A984200F0A4800323C6
:1090900023720DF5037DBDE8F083FFF765F92068C5
:1090A00003F03EFB6068FFF745F900232372FFF7EA
:1090B00061F9216A00297AD10846E5682369A26925
:1090C000A8470DF5037DBDE8F08300F12E060023CF
:1090D0004FF400720068314603F02EFC0C28054660
:1090E00068D9E28D238D9A42C2D1B4F93030002B79
:1090F000BEDA608EFEF78CFC0128B9D100953346AC
:1091000004F13A0202A8FF21FFF75AFF07460028A0
:10911000AED0A16902A8FFF723FE0128A8D1043729
:109120004FF0000806EB050909E0B3F5A06F58D031
:10913000388908F10108FEF76BFC0A300744A08E5D
:10914000FEF766FC80455CD24F455AD23A46009500
:109150003346FF2102A8FFF733FF0746002850D00F
:10916000A16902A8FFF7FCFD0128E1D13B88628DCF
:109170009A42DAD17B88B3F5807FD9D1B2F5807F6E
:10918000236A43D103F12302D7F80A101201A05237
:109190002244916004EB031201337968032BC2F877
:1091A0003C122362C4D9002B7FF471AF60E704F551
:1091B0000C7082E706F012FA6369C01AB0F57A7F84
:1091C0007FF656AFE3690133052BE3613FF65FAFEE
:1091D000012323724CE706F001FA02236061237237
:1091E00046E77B88B3F5807FA2D13346009507F12F
:1091F0000A02FF2142A8FFF7E3FE0DF20913A36163
:1092000096E7236A002B7FF442AF31E72333022035
:10921000102207F10A011B01E052E018083003F0A8
:10922000C9FF236AB6E700BF10B50446006802F024
:1092300073FD237B834207D0207301462369626953
:109240002068BDE81040184710BD00BFF8B50546BE
:10925000FFF78AF835B12B6823B16B6813B10E4C58
:1092600026790EB10020F8BD1821204604F02CF814
:109270002F686A682146AB680848276022616361ED
:10928000FFF738F8A0600028ECD001232673237183
:10929000FFF770F82046F8BD7C6901202D9A000088
:1092A00068B110B50446FFF75FF8204611F0AEFF35
:1092B000204611F0AFFFBDE81040FFF75BB87047E4
:1092C00002F05CBD70B50F4E00F1F005044602E0FF
:1092D0001834AC4214D0A368002BF9D006F07EF904
:1092E000E368C01AB042F3D9236918460BB102F003
:1092F000FDF820461834182103F0E6FFAC42EAD10D
:1093000070BD00BF804F12002DE9F04700231646C4
:1093100004460F468046024691681832B9424AD048
:1093200001330A2BF8D1234600259A68183312B36B
:1093300001350A2DF9D10025A946AA4606E00AF111
:10934000010A08F11808BAF10A0F14D006F046F91C
:10935000D8F80C30C01A4845F1D955460AF1010A2F
:1093600006F03CF9D8F80C30BAF10A0F08F11808E9
:10937000C3EB0009EAD14FEA450909EB050804EB04
:10938000C808D8F8100030B102F0B0F80023C8F8CF
:109390001030C8F814304D443146062204EBC505A0
:1093A0002846AF6003F006FF06F018F92B46E86088
:1093B0001846BDE8F08703EB43033146062204EB71
:1093C000C304204603F0F6FE06F008F92346E060E9
:1093D0001846BDE8F08700BF08B301B3F8B50746EB
:1093E0000E4601F1F0050C46B965204618341821E7
:1093F00003F06AFFAC42F8D132460C490C4806F043
:1094000025F9C6F8F00068B139460A4801F040FD78
:10941000B0FA80F3C6F8F4005B095842F8BD4FF08B
:10942000FF3070474FF0FF30F8BD00BFC99A000011
:10943000E0930400C59A000010B5846D34B1D4F8EF
:10944000F00006F023F90023C4F8F03010BD00BF8F
:10945000806D0023024610B5946818328C4205D006
:1094600001330A2BF8D10024204610BD03EB43033F
:109470000622054900EBC304204603F02DFF002817
:10948000F1D0204610BD00BFF00F002070B5D0B164
:10949000846D94B104460E46154601F045FD3146F3
:1094A0002046FFF7D5FF60B14DB1014606222846A0
:1094B000012403F07FFE01F03FFD204670BD012432
:1094C000F9E70446F7E70446204670BD2DE9F0436E
:1094D00085B00B46019149691B2904D9DC682288B3
:1094E000B2F5807F05D0184602F000F805B0BDE85F
:1094F000F0832279062AF6D16288082AF3D16279AC
:10950000042AF0D11C290546D0F8589008D106222B
:10951000284602A902F00CFB064638B1019BE2E79F
:10952000C1F11C0101A802F075F8F0E704F1080789
:10953000062202A9384603F0CFFE0028EED006220C
:109540003449384603F0C8FE0028E7D0D4F80E109E
:10955000EB6AD4F8188099424DD0984515D033461F
:10956000AA6D4FF0180E01E00A2BD7D00EFB032690
:109570000133B0688142F7D106223946304603F004
:1095800019FE06F02BF8F06005E03A46A86DFFF7EB
:10959000BBFE064650B1336943B132464FF4006119
:1095A000284600F033FA002333617361E388B3F592
:1095B000807FB3D1EB6A9845B0D1022304F1120643
:1095C00000210622E3713046A171394603F0F2FD15
:1095D00002A93846062203F0EDFDD4F80E10EB6A1E
:1095E0003246A1612846C4F80E3040F60601019BC0
:1095F00000F00CFA7AE721B9AB6DD3F8F830984552
:10960000D4D10123D9F8F40085F8543001F0BEFC20
:10961000CCE700BFE80F0020002849D02DE9F04337
:10962000D0F8588083B0B8F1000F22D005468946A3
:1096300001F07AFC01211C2001F0A8FD0646B0B122
:10964000C4680023082104224FF0010E0627A170F0
:109650002846627169463A462370E370A37184F824
:1096600001E084F807E0277102F062FA20B101F00E
:1096700063FC03B0BDE8F0833A460E4904F11200E2
:1096800003F098FD3A46694604F1080003F092FDA4
:10969000EB6AC4F81890C4F80E300BB9C8F8F8900B
:1096A00033462846044A40F6060100F0AFF9DEE7EB
:1096B000704700BFF00F0020E80F00202DE9F047B1
:1096C000D0F8588007460D469146002401F02CFC46
:1096D00043469A681833AA4219D001340A2CF8D1AB
:1096E0001C4A2946B86DFFF70FFE0646006908B10F
:1096F00001F0FCFEC6F8109005F070FF294670617D
:109700003846FFF789FFBDE8F04701F015BC04EBD0
:10971000440608EBC606336906F1100A9BB105F052
:109720005DFF7369C01AB0F57A7FDAF8000008D8D7
:1097300048B101F0DBFEC6F81090BDE8F04701F03B
:10974000FBBB0028D4D1182303FB0484C4F8109079
:10975000D2E700BFF00F002038B504460D4603F0F5
:109760000DFD29462046FFF757FFBDE8384003F0BE
:1097700013BD00BF70B5846D002501F0D5FB04F169
:10978000F006236918461BB101F0B0FE2561656142
:109790001834B442F5D1BDE8704001F0CDBB00BF34
:1097A000B1F1200C2DE9F04F3ED402F12003E64642
:1097B00033F8204CBEF1200E33F81E1C03F12003B9
:1097C00033F83C5C214433F83A4C33F8387C294474
:1097D00033F8366C33F8345C214433F8324C33F8C8
:1097E00030BC394433F82EAC33F82C9C314433F878
:1097F0002A8C33F8287C294433F8266C33F8245C0F
:10980000214433F8224C5944514449444144394499
:109810003144294421440844CAD54FEA5C114B1C09
:10982000ACEB411102EB4312B1F1080718D402F17D
:1098300008033E4633F8084C083E33F8061C03F193
:10984000080333F80C5C214433F80A4C29442144C2
:109850000844EFD5F9084B1CA7EBC10102EBC3028A
:109860008D1E0CD42B46114631F8024B023B20448E
:10987000FAD569084B1CA5EB410102EB430209B183
:1098800013781844BDE8F08FF0B5056983B007463A
:109890000C468D424FF00006C26828BF0D4629468F
:1098A000304624B1641BFFF77BFF064614B93046EF
:1098B00003B0F0BD3F6815F00105FA682B4605D1ED
:1098C00039692546A14298BFCD18E8E712F8010B87
:1098D000013C00920192FEF79BF84FF0FF330644E3
:1098E000009AEDE708B5FFF7CFFF4FF6FF7303448B
:1098F0001A0C03D012FA83F31A0CFBD1D84380B2AE
:1099000008BD00BF70B515460E461146FFF7BCFFF7
:1099100004462846FEF77CF84FF6FF7333441C4498
:109920002044030C03D013FA80F0030CFBD180B267
:1099300070BD00BF38B51C4615460A461946FFF7EC
:109940002FFF2A462146FFF72BFF4FF6FF730344F4
:109950001A0C03D012FA83F31A0CFBD1D84380B24D
:1099600038BD00BF014B93F9000070472F740120F0
:10997000014B1870704700BF2F740120002818BFDA
:109980000E2A0CD959B170B582B00D461446062284
:109990006946064602F0CCF810B102B070BD7047BF
:1099A00006226946A81803F097FC0028F5D0A4F118
:1099B0000E01012205F10E0001F034FC0028ECD06C
:1099C0002B78FF2B0ED0012B03D1836943F00403C6
:1099D0008361AB89B3F5C16F0DD0082B10D001F0B6
:1099E00085FDDAE76B78FF2BF3D1836943F002033F
:1099F00083612B78E7E7034B014630469847CCE775
:109A0000014BF9E7D19C0000DDAB00002DE9F047E8
:109A100005460F4690461C4643B15A6983689A42F0
:109A200004D92046BDE8F04701F060BD01210E20B9
:109A3000D5F80CA001F0AAFB06460028F1D0D0F81A
:109A40000C900622284609EB020102F071F800286A
:109A5000E7D141460622484603F0ACFB3846FDF705
:109A6000D7FFA9F80C0024B13046214601F086FE4C
:109A70000646DAF80C3031462846BDE8F04718476C
:109A8000C16851B1203108B5FFF7A6FC20B9044ADE
:109A900013680133136008BD08BD4FF0FF307047F5
:109AA0007469012008B5FFF7C7FC024A1368013B3F
:109AB000136008BD74690120FFF75CBEC16A10B570
:109AC00082B039B906226946044602F031F828B15D
:109AD00002B010BDFFF7A0FD02B010BD03466A46FC
:109AE00020464FF6FF71FFF791FF02B010BD00BF97
:109AF000F0B50C4683B0054601462046174600F0F7
:109B0000EBFC98B904F0F002E02A1DD0214628466B
:109B10006A466E46FFF7BAFC78B13B4632462846A5
:109B20004FF40061FFF772FF03B0F0BD0622154944
:109B300068466E4603F03EFBEFE73A46214628466C
:109B4000FFF7BCFD03B0F0BD034601215E222046B5
:109B50008DF800106E468DF802208DF80130FDF76B
:109B60005BFFC0F3064320468DF80330FDF754FF3A
:109B7000030A20468DF80430FDF74EFF8DF80500EE
:109B8000CBE700BFE80F0020C368F0B55A6985B085
:109B90000191CAB19DF805304FF0010E00275E26F5
:109BA00003F07F039DF806509DF8074002A98DF849
:109BB0000B308DF808E08DF809708DF80A608DF88B
:109BC0000C508DF80D40904705B0F0BDC368F0B55E
:109BD0001A6985B00191CAB19DF805304FF0010EA8
:109BE00000275E2603F07F039DF806509DF807408E
:109BF00002A98DF80B308DF808E08DF809708DF80A
:109C00000A608DF80C508DF80D40904705B0F0BDFE
:109C100080B1036910B41C78012C06D15B6B23B1B1
:109C20001B6813B15DF8044B18474FF0FF305DF827
:109C3000044B70474FF0FF30704700BF80B103699D
:109C400010B41C78012C06D15B6B23B15B6813B197
:109C50005DF8044B18474FF0FF305DF8044B704738
:109C60004FF0FF30704700BF10B5044682B018B106
:109C700003691978012903D094F8240002B010BDBB
:109C80005B6B002BF8D01B68002BF5D00DF10602A2
:109C900098470028F0D1BDF80600C0F3800002B05C
:109CA00010BD00BFF0B583B000234FF4004205465D
:109CB00002AE194642F21074C76826F8023DFFF75B
:109CC000BDFF01E0013C40D0324600212846FFF7AD
:109CD0009FFFBDF90630002BF4DBFB6923B128465A
:109CE000984708B103B0F0BD324600212846FFF77F
:109CF0008FFFBDF806200021284622F4B05212043E
:109D0000120C42F49052FFF799FF05F067FC0446ED
:109D10002B691978012902D0002003B0F0BD5B6BDC
:109D200032462846002BF7D01B68002BF4D098470A
:109D30000130F1D0BDF806309B06EDD405F04EFCA5
:109D4000001BB0F5FA6FE3D3E6E7FB69ABB1284639
:109D500098470028C6D1324621462846FFF758FFCB
:109D6000BDF806202146284622F4B0521204120CF7
:109D700042F49052FFF762FFCEE732462146284672
:109D8000FFF746FFBDF806202846214622F4B052D0
:109D90001204120C42F49052FFF750FF2046A1E744
:109DA0002DE9F0431C46002387B08846E5689146BC
:109DB0000646AB70EB7010B1036A9B0715D461695E
:109DC0002046FFF78FFD6880002540274A46414620
:109DD0000123029430460595049503958DE8A00073
:109DE00000F02AFE07B0BDE8F083616900F0CEFA0A
:109DF0000028E4D1A36943F02003A361E4E700BF96
:109E00002DE9F0410E46516988B01346232901928D
:109E100027D92429074601AC29D1204601F088FB27
:109E20000130019B1DD0D3F80C800021012098F84F
:109E3000112002F02DF8054690B1836983B105AB7E
:109E400002AA08F10801384600F0A8FA20461C21B1
:109E500001F0E0FB05AA02A9AC693046019BA047CE
:109E6000019B184601F042FB08B0BDE8F081C1F14A
:109E70002401204601F0CEFB019B2046596901F0E8
:109E800057FB0130019BCED1EBE700BFF0B583B0AB
:109E900004460E4615460898019301F027FB0198E9
:109EA0009CB190B104210DEB010001F041FB0130A8
:109EB00001980AD08369AF689B06B668C56808D464
:109EC0004169FFF70FFD20B1019801F00FFB03B0CE
:109ED000F0BD2146304600F0FFFA0028F4D106F02C
:109EE000F003E02BF0D02B78033B092BECD801A238
:109EF00052F823F07DA7000075A70000CDA6000052
:109F0000CDA60000CDA6000049A70000CDA6000008
:109F1000CDA6000033A7000021A700006B78012B1D
:109F2000D2D82046019A0921FFF76AFFCFE76B7864
:109F3000002B39D0012BC7D108212046019AFFF709
:109F40005FFFC4E701984369072BBED92146384615
:109F500000F0C2FA0028B7D107F0F003E02BB3D02D
:109F60002870324639462046019BFFF719FFAEE7BD
:109F700069780029A8D1E0E76B780C2BA4D8DFE83A
:109F800003F00907110F0D0B09070709070907005F
:109F90000221D2E70621D0E70521CEE70121CCE757
:109FA0000421CAE70321C8E70721C6E72DE9F04FDE
:109FB00083B00193BBB1DC681746E28822F0E0026F
:109FC00072B9627A05460E46012A63D0D4F80C8035
:109FD0002946D4F81090404600F07EFA30B1019B3B
:109FE000184601F083FA03B0BDE8F08F08F0E003F3
:109FF000E02BF4D02946484600F06EFA0028EED156
:10A0000009F0F003E02BEAD0019B9A6912F0060AEE
:10A01000E6D15146082001F0B9F802460028DED00A
:10A02000D0F80CB00C2E8BF804A08BF805A08BF8A0
:10A0300006A08BF807A039D1042F37D1002D37D0D7
:10A0400000902889FDF7E4FCABF80400009A8BF837
:10A0500000608BF80170237801999B00486903F038
:10A060003C0303F10804844208D2C0F1080101A8AE
:10A070000092194401F0CEFA0199009A104601F0BD
:10A080007DFB044603464246494628460194FFF7B5
:10A0900087FEA8E72278920002F03C02A15C122918
:10A0A0009ED8084ACA40D2079AD58FE70C2ECED147
:10A0B00038460092FDF7ACFCABF804000027009A8C
:10A0C000C5E700BF01E707002DE9F04182B000239A
:10A0D0008C460A270DF1080E1E461A4698460EF8C1
:10A0E000043D714610F8014BACB1A4F13003DDB270
:10A0F000092D1BD80C7817FB043304B93ABBFF2B8E
:10A1000025D80B7012B90136042E20D810F8014B57
:10A110000122002CE9D1032E19D960467146042290
:10A1200003F048F8204602B0BDE8F081A6F1040330
:10A130002E2C14BF002402F00104B3FA83F35B0950
:10A14000A34204D281F8018000220131CAE74FF016
:10A15000FF3002B0BDE8F081FFF7B6BFF8B50446A6
:10A1600015460E4600F0E0FE6A6963681344B3F5D5
:10A17000804F14D80021042001F008F878B16768F6
:10A1800029466B69C6603B44636001F0F7FA0146FB
:10A19000204601F00FFB00F0CFFE0020F8BD00F0DC
:10A1A000CBFE4FF0FF30F8BD70B50568A5B1EB6888
:10A1B00004462E680B6000F0B7FE1EB1636872693A
:10A1C0009B1A63600023204629462B6001F0FEFAAB
:10A1D00000F0B2FE304670BD2E46FBE770B5049C21
:10A1E00016461A460546231C18BF0123002918BF2E
:10A1F000002353B14AB143699B88DB0705D5234649
:10A20000314600F091FD10B970BD6FF0050085F882
:10A210008400FFF7ADFB4FF0FF3070BD70B5049CBC
:10A2200005467BB174B116461A46236853B149B945
:10A2300043699B88DB0705D52346314600F040FD86
:10A2400010B970BD6FF0050085F88400FFF790FB32
:10A250004FF0FF3070BD00BF38B543690446BBB155
:10A2600000250BE0D968D160D9680A6162699A4219
:10A2700008BF616101F03AF963694BB11A699868E6
:10A280009A42EFD1656101F031F96369002BF5D194
:10A2900063685BB122681A60226802B1536020468D
:10A2A00001F0BEFABDE8384000F046BE2268014920
:10A2B0000A60F2E7886A012038B500F035FE0B4BE2
:10A2C0001C686CB1237A013BDBB2237263B9256849
:10A2D00000F02AFE20462C46FFF7BEFF002CF1D1ED
:10A2E000BDE8384000F028BE2468EAE7886A01200B
:10A2F00010B500240E4B0F494FF4FA7022461C6033
:10A3000005F0A4F90C4B186070B178210B4802F0ED
:10A31000DBFF21460A4800F0BBFDB0FA80F3094A92
:10A320005B091060584210BD4FF0FF3010BD00BFF8
:10A33000886A0120BDAA0000946A0120A07401204F
:10A3400045AD0000846A012038B5044601F0B2FB37
:10A350000D4B1D6865B12B46DA6B1AB1D96A6140A5
:10A36000114206D05B69002BF6D138B1836C2BB15A
:10A370000346184638BD6D69002DF9D0AB6C002B33
:10A38000F9D02B46F5E700BF18750120806814311D
:10A39000814294BF00200120704700BF2DE9F041A9
:10A3A00080460E4610460C211C461546012702F039
:10A3B0008BFFD8F81C3020462F800C216B60F3688F
:10A3C000AB6002F081FFD8F81C30278063603369EE
:10A3D000A360BDE8F08100BF70B169B110B50C4653
:10A3E000014608482246FFF7B9FE30B9064BBDE8E2
:10A3F0001040186800F0CABD70472046BDE8104004
:10A4000001F074B88C6A0120846A012038B50E4DC1
:10A4100000F08AFD2C683CB100F086FD2046FFF775
:10A420001BFF2C68002CF7D1084C216829B1074884
:10A4300001F0CCF921680029F9D100236360BDE85F
:10A44000384000F079BD00BF886A01208C6A012085
:10A4500010B5044CFFF7DAFF206805F017F9002368
:10A46000236010BD946A012070B5154E0025334657
:10A470002A4606E01C68844213D001320C330A2AB3
:10A4800007D09C68002CF5D101321D460C330A2AF6
:10A49000F7D125B1AB680133012BAB6009D0284659
:10A4A00070BD5C688C42E8D102EB420206EB82058B
:10A4B000F0E785E8030001F0F9FB284670BD00BF16
:10A4C000A074012018B18368013B836003B1704719
:10A4D00003C801F0F1BB00BF431E033310D86FF473
:10A4E000AB7398420CD069B10B6C984208D04B6C9E
:10A4F000984205D08B6B181AB0FA80F0400970476B
:10A500000120704710B582B0044602F037FE0B4BB5
:10A51000186840B90BE0436C9C4207D0836B9C42A7
:10A5200004D0406918B1036C9C42F4D10120019021
:10A5300002F032FE019802B010BD00BF1875012074
:10A540002DE9F0470026AE4F8CB000F0EDFC03A9DA
:10A55000AC48FFF729FE049008B34660142104A814
:10A5600000F0E6FF013016D0049BDC686088D4F868
:10A570001090FDF74DFA054604984369132B07D94F
:10A580009D4205D894F800804FEA1812042A0BD097
:10A5900000F0ACFFDBE7049800F0A8FFD7E700F07D
:10A5A000CBFC0CB0BDE8F0874FEA880808F03C0807
:10A5B000B8F1130FECD94545EAD30399CA6A91451E
:10A5C00007D04846FFF788FF002800F0BB800498BA
:10A5D00043699D42C0F0AF80E28822F04002002A29
:10A5E0003BD1039A126A110706D5627A02F0EF0195
:10A5F00001292DD0062A2BD0B3F5004FC8D800234F
:10A6000008F10802194600F0C7FE4146054604A8B5
:10A6100001F000F809AB06AA21460398FFF7BEFE39
:10A62000039809AA06A9049B009501F077FD627AB8
:10A630000021012001F02CFC002800F09881039CEF
:10A6400009AA009506A945692046049BA8477EE70C
:10A65000826942F020028261CEE70DF1300919468D
:10A6600049F81C0D484600F063FF013000F07C8182
:10A67000059B3C68D3F80C80002C75D0B8F80420FA
:10A6800002E02468002C6FD063899342F9D1617A8B
:10A6900098F809309942F4D1E168D8F80C30994221
:10A6A000EFD12169D8F810309942EAD198F80050DA
:10A6B0004846AD0005F03C05294600F0ABFFB8F870
:10A6C0000200FDF7A5F9B8F80630401B9A06A8F875
:10A6D000020005D598F8012042F0010288F8012017
:10A6E0001846FDF795F9DDF814E0C000C8F808E059
:10A6F00082B2A8F8062063691D4603E0ED68AB420C
:10A7000000F01A81E9889142F8D9AB4200F0148137
:10A710002869B0F806C041886144B1EB020A00F034
:10A72000E280B8F802309A45C0F03481704600F0FB
:10A73000DDFE04960BE7E91A04A800F06BFF04980D
:10A74000436949E7039B0498DA6A002A00F0BD8058
:10A7500009F0F009B9F1E00F04D01B691B78032B55
:10A760007FF416AF436934E798F800404846A400E8
:10A7700004F03C04214600F04DFFB8F80200FDF75C
:10A7800047F9041B1820A8F8024001F059F80446C4
:10A79000002800F0E9803B68236003B15C6014236B
:10A7A00026716671A671E67123723C60B8F80430B8
:10A7B000638198F809306372D8F80C30E360D8F8F8
:10A7C00010302361B8F80600850605D598F80130E9
:10A7D00043F0010388F80130FDF71AF9059BC10029
:10A7E0004046C8F80C8089B2C8F81080C8F8083014
:10A7F000A8F80610C4F814800346002205E000BF44
:10A80000886A01208C6A0120D9888A4291D15988AE
:10A81000DB680A44834292B2F6D11A695278D007B3
:10A8200087D49A680592D3F80C80984500F0C780C9
:10A830001046D8F8081000F0A1FF0590D8F80C8059
:10A8400002466569A845F3D195F800E050694FEAE2
:10A850008E0E1369D1680EF03C0E7044506180B2C8
:10A8600095F800E04FEA8E0E0EF03C0E7344136133
:10A870002B789B0003F03C03CB1AD360FDF7C8F89C
:10A880006880E2686B78EA60226923F001032A613C
:10A89000627A6B706A7262682368002A00F08D80A9
:10A8A0001360236803B15A60204600F0B9FF059891
:10A8B000049000283FF44BAEC468436994F80080CC
:10A8C0004FEA880808F03C0896E6826992073FF54F
:10A8D00049AF3DE7D168D960D1680B6163699A429D
:10A8E0001BD0B8F806209D4226D0B8F80230B5F843
:10A8F00006E013447345CEEB03011DDD6B889942DE
:10A900000ED3ED682B69986800F0F0FD2A69136991
:10A910009A42DFD166610023E3E70B466161E0E71D
:10A920008AB205F108009B1A96446B80A5F806E0F0
:10A9300000F070FEB8F806202B6913B3616901B30B
:10A94000D968C8F81030C8F80C10D968C1F8108060
:10A95000C3F80C806069C18891427FF64DAFC4F89E
:10A9600014801146404647E7DDF814E0DEE604981F
:10A9700000F0BCFD2B46022203210398FFF716FBD3
:10A98000E5E5C8F80C801146C8F810804046C4F8C8
:10A99000148031E75146484600F03CFEB8F80620E6
:10A9A0001FFA8AF1B8F802300A44591A92B2A8F88C
:10A9B0000210A8F80620636995E73B6072E71D4620
:10A9C00042E700BF2DE9F04115469846036A002290
:10A9D000EF680446DB070E46BA72FA7223D5AB69FC
:10A9E00043F01003AB6121463046FFF775FD90B987
:10A9F00006F0F003E02B0ED0B8F1000F0BD1E36AA4
:10AA0000E26B7340134206D04FF6A9631A463340F7
:10AA1000934200D0A66C23692A46314620461B6922
:10AA2000BDE8F041184739782846890001F03C011B
:10AA3000FEF758FF7881D6E72DE9F04F87B01F4623
:10AA4000059104929DF840509DF844809DF84C601B
:10AA50009DF85090002800F0DE800446059B73B1FD
:10AA6000129A53691433B3F5004F0BD96FF00704F2
:10AA7000104600F03BFD204607B0BDE8F08FE36ACA
:10AA80000593EDE70121142000F080FB82460028A9
:10AA900000F0BD80159B43B11598042304AA05A9B5
:10AAA0000088FEF747FF159B1880DAF80CB0814A42
:10AAB0009BF80030108803F00F03411C43F0400363
:10AAC00011808BF80030FCF7A3FF8BF801509BF846
:10AAD0000030129A23F00F03ABF80400556943F0DD
:10AAE000050314358BF80030ADB2002E40F088809D
:10AAF0008BF806608BF80760059A2846049BCBF814
:10AB00000C20CBF810308BF808808BF80970FCF71C
:10AB10007FFF1299ABF80200504600F02FFEA668A6
:10AB200002461290B54240F281809BF80070BBF85B
:10AB30000630BF005B0607F03C07A6EB070626F0D1
:10AB4000070693D4072E91D90090394612A800F039
:10AB5000EFFC0130009A5AD0BB19DDF848A09D42A5
:10AB6000DAF80C10019300916AD9131DCDF80C90FE
:10AB7000DDF80480DDF800B0994602941EE0C8EBD1
:10AB80000506E0804146002332465046B04400F0BE
:10AB900003FC002800F086800146129800F0EEFDCC
:10ABA0000346808A1293FCF733FF129B4545608071
:10ABB000C9F80030129B03F104093ED90021384640
:10ABC00000F0E4FA3A4659461290002865D0C06871
:10ABD00002F0F0FA129BC7EB0800DC68C0F3CF006C
:10ABE000237823F00F0343F005032370FCF710FFD5
:10ABF00008EB060340F020029D42C0D9E280C1E785
:10AC0000002240238BF807208BF8063074E7129A55
:10AC10006FF002042CE71046FFF796FB044600286D
:10AC20007FF41CAF129A6FF00F0421E74B462046C9
:10AC30000499FFF7C7FE00201EE7029CDDF80C9088
:10AC4000009D0027CDF848A06888FCF7E1FE019B35
:10AC5000191A12A800F0DEFC129B988AFCF7D8FEA5
:10AC6000EB88688043F02003EB800026CDF848A0F5
:10AC700006E00499FFF7A6FE1295AA46002DDAD049
:10AC8000DAF804504B4652462046CAF80460002FBA
:10AC9000EFD0504600F02AFCEEE7029C0127DDF8D9
:10ACA0000C90E2E712980127029CDDF80C9000F06E
:10ACB0001DFCDAE71A74012047F6C470704700BF24
:10ACC000172910B420D0182912D0162904D06FF0FB
:10ACD00008005DF8044B70471968032920D990F8E3
:10ACE0006D4004210020146019605DF8044B70472A
:10ACF0001968032914D990F86E40042100201460CB
:10AD000019605DF8044B70471968032908D990F859
:10AD10006C4004210020146019605DF8044B7047FA
:10AD20006FF00500D5E700BFF8B5A1F11604042CBB
:10AD300062D8DFE804F03A32250303000546506884
:10AD40001F4614460E4600283AD001F043F8082F5B
:10AD500032D188B3216801F0F003E02B2CD16B696C
:10AD600053B39B79022B27D1D5F890405CB323686D
:10AD7000984231D0192E1FD16FF00D042046F8BD36
:10AD8000032B19D94369BBB19B79022B14D11368EA
:10AD9000002480F86E302046F8BD032B0CD91368D0
:10ADA000002480F86C302046F8BD032B04D91368CA
:10ADB000002480F86D3001E06FF005042046F8BDF6
:10ADC00000F078FEC3E7192EF6D1FFF74DFBC5F86A
:10ADD00090000028F2D1CFE763689942CAD1192EBA
:10ADE000CAD0A368013BA3601BB10024C5F8904002
:10ADF000E4E700F061FFF8E76FF00804DEE700BF6A
:10AE0000104B10B51C684CB16368984203D106E042
:10AE10006368834203D02468002CF9D110BDA36875
:10AE20000BB160699847084B1B683BB9E268237413
:10AE3000002AF3D06069BDE8104010470123237455
:10AE400010BD00BF78690120946901202DE9F04709
:10AE500005461820894690469A46089F00F0F0FC67
:10AE600080B10A4E04464560514633682846C4F80E
:10AE70000890C4F80C80676123603460BDE8F04737
:10AE8000FCF794BE4FF0FF30BDE8F08778690120F1
:10AE90000C4B70B51C68064618200D46621C1A60E3
:10AEA00000F0CEFC50B1084B002244601968C66027
:10AEB0004561016018608260204670BD04462046EE
:10AEC00070BD00BF646600207869012010B4154C85
:10AED000216851B14B68984220D00B4602E05A6875
:10AEE000824205D01B68002BF9D15DF8044B7047F6
:10AEF000994204D112E05468A04208D011460A6871
:10AF0000002AF8D118465DF8044B00F089BC12689D
:10AF100018465DF8044B0A6000F082BC0A680B46D4
:10AF20002260EFE778690120024A13680133136059
:10AF3000704700BF946901202DE9F041114E33683C
:10AF4000012B04D03368013B3360BDE8F081DFF8AA
:10AF500038800027D8F80040002CF3D0002201E010
:10AF6000246864B1257C012DFAD1E3682774002B95
:10AF7000F6D06069984724682A46002CF2D1002A4E
:10AF8000E8D1DFE7946901207869012038B5124DD6
:10AF9000124A2B68146801332B6014B90DE0246841
:10AFA0005CB163689842FAD1A3680BB160699847B5
:10AFB0002B68012B05D001232374BDE83840FFF72F
:10AFC000BBBF0022E3682274002BF6D0606998476B
:10AFD000BDE83840FFF7B0BF9469012078690120CF
:10AFE00000230249024A0B601360704794690120F4
:10AFF00078690120072A98BF0822A8B102F10B0343
:10B000008B4212D2014430B4C51C544225F00305D2
:10B01000EB1D6A60284613442340C91A5B60B1FBEC
:10B02000F2F21A602B6030BC70470020704700BFFE
:10B0300000230360704700BF39B370B505460C4666
:10B04000FFF772FF68682B68211A5A688B4207D293
:10B05000914209D3934207D213468B425A68F7D3E1
:10B060009342F9D39142F7D20C6804FB0016964242
:10B0700016D04A601C6804FB0030814206D059603B
:10B080002B60BDE87040FFF757BF70470A68144453
:10B090001C604A685A602B60BDE87040FFF74CBFE7
:10B0A000166834440C6052684A605A689342E1D191
:10B0B0000B46E0E72DE9F04180460D46FFF734FFEF
:10B0C0000024D8F80400D8F80060411E7368B64622
:10B0D00029443546B1FBF0F1013100E05B681A68A4
:10B0E000914205D814B12768BA4201D2AE461C4637
:10B0F000B3421D46F2D17CB1DEF8043062689A4258
:10B10000236811D099420CD05B1A236003FB0044E2
:10B1100021600444C8F800E0FFF70EFF2046BDE8B8
:10B12000F081CEF80420F4E79942EDD10024F3E752
:10B1300038B50546FFF7F8FE2968F9B10C680B46EB
:10B14000013C06E0994207D01A68944238BF02F1E8
:10B15000FF345B68002BF5D14B68994205D0FFF7AF
:10B16000EBFE686800FB04F038BD002CF7D0013C12
:10B17000FFF7E2FE686800FB04F038BD0C46FFF7FD
:10B18000DBFE686800FB04F038BD00BF2DE9F04726
:10B190000E46DFF88C8007461C210036D8F80000E8
:10B1A00018BF0126FFF786FF044600B9DEB964B375
:10B1B00007F10409D8F80000DFF864A04946FFF75A
:10B1C00079FF054600B9BEB915B3002301212A1D38
:10B1D0002046236063602960A361A560E260276167
:10B1E0006761BDE8F08700F075FE1C21D8F800000B
:10B1F000FFF760FF0446DAE700F06CFE4946DAF834
:10B200000000FFF757FF0546DEE72046BDE8F08760
:10B21000D8F800002146FFF70FFF2846BDE8F08769
:10B220009869012070B50D46064611462846FFF77D
:10B23000ADFF044620B12A463146C06801F0BAFF8E
:10B24000204670BD82B3F8B5054616461F46024635
:10B250000020136912681844002AFAD1731C24D004
:10B260007318984217D3884215D32B69994213D289
:10B270001C4601E000212C69641AEB683846B44290
:10B28000194428BF3446361B224601F093FF274459
:10B290002D68002EEED1F8BD2D682C69234499420B
:10B2A000FAD22144C91AE7E77047461ADDE700BF22
:10B2B000A0B181680B68012B70B5044609D0013B31
:10B2C000074E0B60256821463068FFF7B5FE28461B
:10B2D00070BD034E3068FFF7AFFEF3E7704700BF65
:10B2E000986901202DE9F04704687CB381EAE17A8E
:10B2F000D4F81490AAEBE17AD14527D300290E4661
:10B300008046256924DDA769204674B1B5420CD872
:10B310002368C8F80030FFF7CBFF04460028F3D0BD
:10B32000036920461D44002CF0D1E4B12369AA1B17
:10B33000A7611E44E3682261751B1D44E560CAEBEA
:10B3400009036361C8F80040BDE8F087BDE8F087F5
:10B3500009EB0102274601E03B691D44954204DAEE
:10B360003F68002FF8D10024ECE73B6938684B4474
:10B370001E44751B3D6128B1FFF79AFF3860002815
:10B38000FAD13D69002DDAD13846FFF791FF044626
:10B390000028D4D1E7E700BF2DE9F84F04460D4659
:10B3A0009146014600200A69096810440029FAD133
:10B3B000B9F1FF3F00F08D8009EB050282427DD894
:10B3C00085427BD8484E13F100084FF01C013068CD
:10B3D00018BF4FF00108FFF76DFE074610B9B8F12E
:10B3E000000F6ED1002F69D022690021A369954218
:10B3F000C7F814907960BB6138D2A368E1681A6815
:10B400002944BB600132F9601A602369C3EB090B60
:10B41000AB44BBF1000F5FDD5B1BDFF8CCA03D460A
:10B420004FF000093B611C213068FFF743FE0246E4
:10B43000286010B9B8F1000F26D1002A2FD0246857
:10B440001546C2F80490A368A1691868936001309A
:10B450009161E16818602369D160C3EB0B01002999
:10B460000BDB8B461361DED109E01A4624682369A1
:10B4700013449D42F9D2AD1ABFE7C2F810B00023C1
:10B4800038461360BDE8F88F00F024FD1C21DAF87F
:10B490000000FFF70FFE02462860002ACFD1384691
:10B4A000FFF706FF2B680146984207D030680C680A
:10B4B000FFF7C2FD2B682146A342F7D10020BDE86B
:10B4C000F88F00F007FD1C213068FFF7F3FD0746F9
:10B4D00088E7C5EB000975E73A460023C7F81090E6
:10B4E00038461360BDE8F88F98690120E0B170B567
:10B4F00004460E4E06E00B60214630682C46FFF7EE
:10B500009BFD85B1A16825680B68012B03F1FF3312
:10B51000F1D13068FFF790FD214630682C46FFF7E7
:10B520008BFD002DEED170BD704700BF98690120E2
:10B530002DE9F047076882B0002F58D0B1FA81F3A7
:10B540005B09002B53D13A69914250D97C69A142E1
:10B550004DD83E4601E026B132691344366899421F
:10B56000F9D82B4C8846814604312068FFF7A2FDAC
:10B570008246002849D003460122F96843F8042B8B
:10B5800018463A69019301F015FEB9683D690A68E9
:10B59000019B012A34D0013A0A603C68C7F808A030
:10B5A000FB600AE02269E16801F004FE236920469D
:10B5B0001D44FFF77DFEFB680446A64203EB050031
:10B5C000F0D1C5EB0806E168324601F0F3FD2369CE
:10B5D0009B1B23617BB1E3681E44E66000203C6056
:10B5E000C7F81080C9F8007002B0BDE8F0870020ED
:10B5F00002B0BDE8F0872046FFF75AFE0446EDE7AB
:10B600002068FFF719FD019BC7E74FF0FF30EFE718
:10B610009869012009B1FFF765BE7047002A00F064
:10B6200086802DE9F043D0F8009083B0CDF80490E7
:10B63000B9F1000F1AD0D9F814E053189E4515D36C
:10B6400017460D468046A9B1D9F810404E464846E7
:10B65000002204E019690C44A54228BF1846A542FF
:10B6600012D3336801221E46002BF3D1002003B011
:10B67000BDE8F08301A81146FFF734FE0198C8F831
:10B68000000003B0BDE8F083002A74D13369E21AE8
:10B6900095423DD0621B974228D2B168C7EB0E009D
:10B6A000C9F814000968012943D0C7EB0209002139
:10B6B0004846FFF76BFD0646002856D001994A46DA
:10B6C000C0680B69C9682B441F443F1B394401F013
:10B6D00071FD019A136911681D4431602C1B1660BD
:10B6E0001461D8F8000003B0BDE8F08335D02C1BFE
:10B6F0003268234439193361C2F814E027D148462F
:10B70000D9F81430DF1BC9F8147003B0BDE8F0831A
:10B710003946C6F814E0FFF7E5FDD9F81430D8F83B
:10B720000000DF1BC9F8147003B0BDE8F0830020EF
:10B7300070472B44F168D21B181B3B18084419446E
:10B7400001F038FD019A1369DB1B1361C9E730462C
:10B75000FFF7C8FDD8F80000D2E7DB1BC7EB0E07E8
:10B7600048463361C9F8147081E7D8F8002053695E
:10B770003B4453617BE7019688E700BFF0B498B182
:10B78000B1B1024600E01A461368002BFBD18C6968
:10B7900005464B69876946693C43116033448461BF
:10B7A00043612846F0BC70470D462846F0BC704700
:10B7B0000546F6E702680AB905E01A465368002B09
:10B7C000FBD1516070470160704700BF90B170B508
:10B7D00004684CB18C42054608460CD06368984218
:10B7E00003D01C46002BF9D170BD4568FFF77EFEE3
:10B7F000656070BD704766682046FFF777FE2E6073
:10B8000070BD00BF08B50822FFF7F4FBB0FA80F363
:10B81000024A5B091060584208BD00BF98690120C8
:10B82000024B01461868FFF707BC00BF986901206A
:10B83000024B01461868FFF73DBC00BF9869012024
:10B8400038B5064B014604461868FFF733FC054639
:10B8500010B1214601F038FD284638BD9869012015
:10B86000014B1868FFF764BC98690120FFF7F8BF27
:10B87000014B1868FFF7DCBB9869012010B5FFF792
:10B8800053FB074B1C683CB1236920469B6903B1FD
:10B8900098476469002CF7D1BDE81040FFF74CBB16
:10B8A0001875012038B5054601F068FC054B1C6889
:10B8B00024B11DB16469013D002CFAD101F06CFC8A
:10B8C000204638BD1875012090B10388012B0ED198
:10B8D000084B8268186858B1C36A9A4203D108E0DD
:10B8E000C36A9A4204D040690028F9D17047002009
:10B8F0007047704718750120F0B138B5104D2B68AE
:10B9000013B914E05B699BB19842FBD1036904460B
:10B91000DB680BB120469847A36962696BB15A6135
:10B92000626902B19361074B1A68944201D038BD35
:10B9300038BD2A681A6038BD70472A60F1E700BF39
:10B94000187501201C75012010B5044601F016FC85
:10B95000084B1B6813B908E05B6933B19C42FBD10B
:10B96000012401F019FC204610BD1C4601F014FC16
:10B97000204610BD18750120002837D070B5044648
:10B980000D461646FFF7D0FA0023E56284F85030E2
:10B9900084F85430BDB1B6B92B0628D505F0C003E4
:10B9A000802B32D005F0E003C02B3CD0636BE26B00
:10B9B000D943D0432B402A40294328432363A26321
:10B9C0002164606406E005EA060265EA0603E663B0
:10B9D000A2636364284601F00DFD23695B690BB126
:10B9E00020469847BDE87040FFF7A6BA7047E26B63
:10B9F0002AB1D043FF236FF0FF016363DAE7FF232F
:10BA00006FF0FF001A46E363F4E7E26B2AB1D0431C
:10BA10004FF6FF730C496363CCE74FF6FF730A4898
:10BA20001A46E363F4E7E26B3AB1D0436FF07F4626
:10BA30004FF07F4133466663BCE76FF07F434FF0C2
:10BA40007F401A46E363F1E70000FFFF70B504464C
:10BA50000D46164601F092FB294620463246FFF776
:10BA60008BFFBDE8704001F097BB00BF48B138B50F
:10BA700004460D4601F082FBA564BDE8384001F0A4
:10BA80008BBB704748B138B504460D4601F076FBD4
:10BA9000E564BDE8384001F07FBB704710B501F0A8
:10BAA0006DFB034B1C6801F077FB204610BD00BF07
:10BAB0001C750120014B1868704700BF1C750120E0
:10BAC00010B5044620B101F059FBE46A01F064FBB3
:10BAD000204610BD10B5044620B101F04FFBE46BC9
:10BAE00001F05AFB204610BD10B5044620B101F00C
:10BAF00045FBE46C01F050FB204610BD10B5044638
:10BB000028B101F03BFB94F8504001F045FB204682
:10BB100010BD00BF50B138B504460D4601F02EFBF4
:10BB200084F85050BDE8384001F036BB704700BF84
:10BB3000002918BF002A10D078B103696BB110B486
:10BB40005C68A24204D3DB6913B15DF8044B18476B
:10BB50004FF0FF305DF8044B70474FF0FF307047F7
:10BB600070B504460D46164601F008FB29462046EE
:10BB70003246FFF7DDFF044601F00EFB204670BDA4
:10BB8000032A70B5154682B004460DD8DCB1D1B198
:10BB90002369C3B15A68954215D11B6A9BB12046EF
:10BBA00002B0BDE8704018474A780B781204CE788E
:10BBB000887842EA03630191334343EA002001F0AD
:10BBC00019FC0199E2E74FF0FF3002B070BD00BFF1
:10BBD0002DE9F04158B103694BB1DFF8AC80D8F8DA
:10BBE000003013B908E05B6933B19842FBD14FF0E4
:10BBF000FF342046BDE8F081054617460E46FFF7A4
:10BC000093F9D8F800306B6103B19D6100230124E2
:10BC1000C8F80050AB612B46D869A04217D05B69C9
:10BC2000002BF9D12869EC6184682B628CB128461D
:10BC3000A047044678B906B1AFB92B691B78013B20
:10BC4000012B19D90F4B1A6842B91D6006E0013467
:10BC5000E1E74FF0FF342846FFF74EFEFFF76CF99F
:10BC60002046BDE8F0813A4631462846FFF788FF76
:10BC70000028E2D00446EEE72846FDF701FF002841
:10BC8000E0D0F7E71C7501201875012070B5044657
:10BC90000D46164601F072FA294620463246FFF755
:10BCA00097FF044601F078FA204670BD18B1036989
:10BCB000DB6A03B11847704718B103691B6B03B106
:10BCC00018477047F8B518B303695B6A03B30446B5
:10BCD00003F084FC0646A36AC31AC82B03D894F861
:10BCE00024502846F8BD2369204694F824705B6AE6
:10BCF000984787420546A66284F82400F1D0002FB9
:10BD0000EFD123695B69002BEBD020469847E8E729
:10BD100001252846F8BD00BF10B5044601F02EFAF3
:10BD20002046FFF7CFFF044601F036FA204610BD4B
:10BD300010B5044601F022FAFFF7F6F8034B1C6039
:10BD4000FFF7FAF8BDE8104001F026BA9C6901201F
:10BD500038B5084D0020FFF7EBFF2C682CB12046CA
:10BD6000FFF7CAFD6469002CF9D10023024A2B6059
:10BD7000136038BD187501201C750120024B1B682B
:10BD800003B11847704700BF9C69012010B50446F5
:10BD900020B101F0F3F9E46901F0FEF9204610BD8D
:10BDA00038B5054601F0EAF965B1094B1C6814B9CC
:10BDB00004E0646914B1E3699D42FAD101F0ECF941
:10BDC000204638BD2C4601F0E7F9204638BD00BFBB
:10BDD0001875012050B1074B1B6813B904E05B696B
:10BDE00013B1DA699042FAD11846704703461846F3
:10BDF000704700BF1875012070B5FFF795F8134B19
:10BE0000134C0025DA6804F10C061D6012B190474E
:10BE1000431C0AD0B4420DD054F8043FDA681D60C8
:10BE2000002AF7D09047431CF4D10446FFF784F86A
:10BE3000204670BDFEF75CFA01304FF0FF3418BFAA
:10BE40000024FFF779F8204670BD00BF9C660020F3
:10BE50003810002038B5FFF767F80B4B0B4C1B6907
:10BE600004F10C0503B19847AC4206D054F8043FE6
:10BE70001B69002BF7D1AC42F8D1FEF7E9FABDE817
:10BE80003840FFF759B800BF9C66002038100020EA
:10BE900070B40E4C0E4B04F10C069D88284206D05F
:10BEA0009D798D4208D011B99D68954209D0B44260
:10BEB00009D054F8043FF0E71AB19D680DB1AA42C9
:10BEC000F1D1184600E0002070BC70473810002007
:10BED0009C66002038B50B4B0B4CDB6904F10C055C
:10BEE00003B19847AC4206D054F8043FDB69002BFD
:10BEF000F7D1AC42F8D1FEF789FABDE83840FFF738
:10BF0000BDBC00BF9C6600203810002003464FF4E3
:10BF10000062402100209A6483F86C1083F86D0061
:10BF20009A63704738B50C460546FEF7FDFFE207F9
:10BF300008D4A30702D5012385F85030FEF7FCFF93
:10BF4000002038BD012305F1340085F8403000F0B1
:10BF500063FEEEE72DE9F047044686B015461E461F
:10BF600088460E9FFEF7E0FFA36CAB4267D3002F1D
:10BF700060D0404600222946FFF754F98046002849
:10BF800060D016F0040611D17868D4F81090FFF74D
:10BF900021FF3B88012B49D094F98530002B4CD1EF
:10BFA000FEF7CAFF284606B0BDE8F087012394F8E3
:10BFB0008C90786884F88C30D4F810A0FFF70AFFD2
:10BFC0003B88012B0FD0002084F88C900028E3D010
:10BFD0000146204600F0AAF9FEF7AEFF4FF0FF3011
:10BFE00006B0BDE8F0875FFA8AF3BA68A16E02F086
:10BFF000F00794F86DC0E02F4FF000070CBF94F8E5
:10C000006EA094F86CA0CDF8088094F88CE0CDF880
:10C0100004A0CDF800C005970397CDF810E0FEF717
:10C020000BFD002ED0D10028B6D0D1E75FFA89F3FE
:10C03000B146DAE704F154079BE70020C8E76FF048
:10C040000700C5E76FF00200C2E700BF2DE9F0412D
:10C050001C4686B005460F4684F00204904603A8AD
:10C060000C21C4F340040C9E01F02EF903AB4246B0
:10C07000394605F13400009400F05AFF431C13D0F8
:10C0800095F985304BB9044626B103A8314600F036
:10C09000B7FF204606B0BDE8F0810021284600F039
:10C0A00045F94FF0FF30F5E76FF00701F6E700BF05
:10C0B00038B504460D46FEF737FF0C22294604F139
:10C0C000540001F077F80025032304F13400A4F8AC
:10C0D00062502373A4F8565000F09EFDFEF72CFF2B
:10C0E000284638BD10B50446FEF71EFF034821461A
:10C0F00000F0A6FDFEF720FF002010BDDC67002049
:10C1000010B5054C216829B1034800F099FD21685C
:10C110000029F9D110BD00BFDC6700202DE9F84FE0
:10C120000A9C002B18BF002C43D0002841D05D6929
:10C13000002D3ED00D88012D00F0AD8000278A46ED
:10C140008146014610469846164600F03DFF0028FD
:10C1500078D0534B1C68002C00F0A0804FF0000BEF
:10C1600001E02468FCB12569BD42FAD1304600F0F7
:10C170001BFF00284CD03388012BF2D1D4F890104B
:10C180000029EED04A68B3689A42EAD10B68994513
:10C19000E7D1BBF1000F02D09BF8403013B3A346A8
:10C1A0002468002CDFD1BBF1000F02D09BF8403097
:10C1B0000BB1BDE8F88F2346214640464FF0FF32D1
:10C1C000FFF7EAF804460028F3D052460BF134009A
:10C1D000214600F059FE0130EBD12046BDE8F84F72
:10C1E000FFF784B919464FF0FF324046FFF7D4F805
:10C1F00005460028D3D00BF134005246294600F002
:10C2000043FE0130CBD12846A346FFF76FF9A8E7DC
:10C2100004F16005284600F0E1FE28B928463146C1
:10C2200000F0E8FE00289CD004F15405284600F0F8
:10C23000D5FE0028ADD12846514600F0DBFE00288F
:10C240008FD0A6E7304600F0AFFE002881D1144819
:10C250003B4631465246006800F0DAF804460028B2
:10C26000A7D090F84030002BA3D1404619464FF09C
:10C27000FF32FFF791F8054600289AD0524604F1A4
:10C280003400294600F000FE013092D12846BDE876
:10C29000F84FFFF72BB9E468677A50E7BDE8F88FED
:10C2A000DC67002038B50D4CFEF73EFE0023224629
:10C2B00052F8041B39B101330C2BF9D10025FEF7DC
:10C2C0003BFE284638BD4FF0FF3204EB830544F8AF
:10C2D0002320FEF731FE284638BD00BF386A012012
:10C2E00002880B88934201D00020704713F00103AD
:10C2F00006D083688868181AB0FA80F04009704741
:10C300001846704703880A46DB0700D47047014689
:10C3100010460C2200F04EBF08B53021024800F054
:10C32000D3FF002008BD00BF386A012090F9853096
:10C330001BB11946002380F8853080F88410084628
:10C34000FDF716BB38B505460C46FEF7EDFD2B682C
:10C35000236003B15C60002363602C60BDE838405B
:10C36000FEF7EABD38B50C460546FEF7DDFD63680D
:10C370004BB122681A6023680BB162685A60BDE84D
:10C380003840FEF7D9BD23682B60F4E72DE9F04172
:10C390000446002839D00E46174698464D8802E0DC
:10C3A0002468002C31D0B4F86230AB42F8D1338825
:10C3B000DB070FD5B3686BB1314604F16000FFF7BE
:10C3C0008FFF0028ECD07FB9B8F1000F0CD001200E
:10C3D000BDE8F081B8F1000FF5D1314604F16000FD
:10C3E000FFF77EFF0028DBD004F15400002FD7D0E8
:10C3F0003946FFF775FF0028D2D0B4F856207B8865
:10C400009A42E4D02468002CCDD12046BDE8F081CA
:10C410002DE9F0470446002874D00E4690461D468C
:10C420004FF0030A4FF0000902E02468002C47D0C7
:10C430002169A942F9D1B4F8621073889942F4D104
:10C44000636E13B172689342EFD1B4F86030DF07C6
:10C450004AD5A36E002B47D03388D8074ED5B36892
:10C46000002B47D0314604F16000FFF739FF002868
:10C47000DBD004F154000027B4F85430D90722D59A
:10C48000E36D03B3B8F1000F28D0B8F80030DA0735
:10C4900024D5D8F808300BB34146FFF721FF002818
:10C4A000C3D0B4F85620B8F802309A42BDD1BA458C
:10C4B00001D9A14627B124684FF0010A002CB7D159
:10C4C0004846BDE8F087B8F1000FF0D0B8F800306A
:10C4D000DB07ECD5D8F80830002BE8D00137BA4597
:10C4E000A3D9BA46A146A0E7378817F0010706D0BE
:10C4F000B76827B104F154000127BDE7012704F113
:10C500005400B9E78146DBE7F0B585B0144F054626
:10C510000C2201A843F6FE763C8800F04BFEFEF7A5
:10C5200003FD44F20103621C234494B29BB2B34264
:10C5300088BF4FF440442046FBF76AFA0123ADF868
:10C540000600002201A92846FFF720FF0028E8D1B5
:10C550003C80FEF7F1FCBDF8060005B0F0BD00BF61
:10C560001E69002038B505469420FFF761F904469E
:10C57000A0B12946942200F01DFE002323606360D1
:10C58000A3602373A3612363E36163626363E36373
:10C590006364E36484F8843084F88530204638BDD1
:10C5A000F0B587B004460E46154600F0E7FD5B4B3C
:10C5B0001B78002B00F09880002C00F095802468F8
:10C5C000002C00F09180237B042B00F09980676998
:10C5D0003A6A12782AB1032B00F09D80022B00F0FA
:10C5E0008C802DB126B13388D90778D50B2D14D87E
:10C5F0006FF0050594F98500F0B1002384F88530CB
:10C6000084F88400FDF7B4F92846FDF7B1F900F08D
:10C61000C3FD4FF0FF3007B0F0BD96E807008DE88E
:10C620000700BDF800306D46DB0707D494F985009C
:10C630006FF006050028E0D12846E1E7029B002BB9
:10C64000F4D0BDF8023013B9BB79032B52D10C22C0
:10C6500004F160060DEB0200314600F0ABFDBDF8C1
:10C660000C20BDF800301340DA07ADF80C3027D4A9
:10C670000198FFF7AFFBBDF80C30012B2FD100283C
:10C6800041D0C36A0593BDF80E3003B3606901233E
:10C690002A4603A90068FFF779FE40BB03A930468C
:10C6A0000C2200F087FD63691B6ADB68D3B120466A
:10C6B00029469847044600F06FFD204607B0F0BDBC
:10C6C000059B002BD4D0BDF80E30002BDED1636962
:10C6D00003A91868FFF718FFADF80E00D6E76FF052
:10C6E0000B0587E71C46E6E76FF01B058CE76FF04C
:10C6F0000D057FE76FF00E057CE76FF0150579E714
:10C700006FF00A0576E70298FDF71EFE0028B8D103
:10C710006FF00F056EE76FF012056BE735740120BF
:10C7200038B5054600F02AFD134B1B78D3B1CDB1C7
:10C730002C68BCB1D4F8900008B1FDF7C3FE636962
:10C740001B6A9B683BB120469847044618B100F02D
:10C7500023FD204638BD00200446286000F01CFD63
:10C76000204638BD6FF01B00FDF702F900F014FD04
:10C770004FF0FF3038BD00BF357401202DE9F04186
:10C7800082B00D46064617469846089C00F0F6FC17
:10C790002D490978002951D0002E4FD0306800284B
:10C7A0004CD054B1099B43B12388DB0727D5099BA3
:10C7B0000B2B1ED86FF0050323E0B0F85430DA07D6
:10C7C0002ED5C36D63B30024002DF3D090F8503004
:10C7D00073BB43691B6A9E696EB3009443463A4635
:10C7E0002946B047044600F0D7FC204602B0BDE819
:10C7F000F081A368002BE7D16FF0060301E06FF032
:10C800000B0390F9852072B980F884301846FDF743
:10C81000AFF800F0C1FC4FF0FF3002B0BDE8F0818E
:10C820006FF01303EDE71346002280F88520EBE755
:10C830006FF01403E5E76FF00A03E2E76FF01B0007
:10C84000FDF796F8E5E700BF3574012010B5002428
:10C8500082B001940094FFF791FF02B010BD00BFB9
:10C860002DE9F04383B00E469946074690460A9C50
:10C870000B9D00F083FC2F4B1978002954D0002F1A
:10C8800052D0386800284FD066B3B0F862301BB978
:10C8900043699B79032B3ED1002C18BF002D14BF98
:10C8A0000122002216D190F84030002B36D1436986
:10C8B0001B6A5D69ADB3002A4B464246314608BF4C
:10C8C00000240094A847044600F066FC204603B00C
:10C8D000BDE8F0832B682BB1B0F86010C90712D502
:10C8E0000B2BE0D86FF0050390F9852072B980F822
:10C8F00084301846FDF73CF800F04EFC4FF0FF3056
:10C9000003B0BDE8F0836FF00B03EDE713460022A0
:10C9100080F88520EBE76FF00403E5E76FF0140380
:10C92000E2E76FF00A03DFE76FF01B00FDF720F886
:10C93000E2E700BF3574012010B5002482B00194F5
:10C940000094FFF78DFF02B010BD00BF2DE9F0414C
:10C9500082B01C4607460E469046089D00F00EFC2D
:10C960003C4B1B78002B6FD0002F6DD0386800280F
:10C970006AD0002C50D0002D4ED0374B9E4212D0A2
:10C980004369002B48D01B6A1F6A002F44D02346FE
:10C99000009542463146B847044600F0FDFB20466C
:10C9A00002B0BDE8F08108F1FF33052B49D8DFE87C
:10C9B00003F0291F0E480303032D2DD92368B8F176
:10C9C000050F4FF000040CBF83648363E5E7032D7C
:10C9D00022D961884FF47A722378002402FB01F295
:10C9E0001B1BC0F8882018BF012380F88E30D4E7C5
:10C9F000032D11D9236800241B1B18BF012380F8C5
:10CA00008C30CAE7032D07D9236800241B1B18BFED
:10CA1000012380F88D30C0E76FF0050390F9852081
:10CA20001AB11346002280F8852080F88430184619
:10CA3000FCF79EFF00F0B0FB4FF0FF3002B0BDE806
:10CA4000F0816FF00803E9E76FF01B00FCF790FF3F
:10CA5000F0E700BF3574012017E503002DE9F04130
:10CA600082B01E4607460C469046089D00F086FBA5
:10CA7000664B1B78002B00F0C480002F00F0C180B3
:10CA80003868002800F0BD800EB305B3604B9C42AF
:10CA900010D04369DBB11B6A5F6AC7B121460095BC
:10CAA00033464246B847044600F076FB204602B0C3
:10CAB000BDE8F081B8F10D0F00F2A080DFE808F0CA
:10CAC0001B28323C9E4D4D5B64717C7C8A946FF0D8
:10CAD000050390F985204AB980F884301846FCF7A0
:10CAE00047FF00F059FB4FF0FF30E0E7134600220C
:10CAF00080F88520F0E72B68032BE8D9037B04221C
:10CB000000249B1A2A60B3FA83F35B093360CBE7F6
:10CB10002B68032BDBD990F88D30042200242A6087
:10CB20003360C1E72B68032BD1D990F88C300422F5
:10CB300000242A603360B7E72B68032BC7D904238E
:10CB400090F88E10334A00242B60D0F88830317072
:10CB5000A2FB03239B097380A6E72B68032BB6D99E
:10CB60000423B8F1050F4FF000042B600CBF836C59
:10CB7000836B336098E72B68002BA8D0037B0122DE
:10CB800000242A6033708FE72B68002B9FD090F928
:10CB90008420002301211C462960327080F88430F3
:10CBA00082E72B68002B92D0436901222A6003B1EF
:10CBB0009B793370002477E72B68032B87D90423F4
:10CBC000B8F10A0F4FF000042B600CBF436B436CAD
:10CBD000336069E72B68032B7FF679AF04230024C9
:10CBE0002B60C36A33605FE72B68032B7FF66FAF60
:10CBF000042300242B60836A336055E76FF0080339
:10CC000067E76FF01B00FCF7B3FE6AE7357401209D
:10CC100017E50300D34D621038B50546FEF784F9D9
:10CC20004DB1A86838B14468FEF760FC2046002C7E
:10CC3000F9D1AC602C60BDE83840FEF77DB900BF8B
:10CC400038B50C460546FEF76FF921462846FFF732
:10CC500089FB04F13400FFF7DFFF04F14400FFF724
:10CC6000DBFF2046FEF7DCFDBDE83840FEF764B987
:10CC70002DE9F04107460C46904600F07FFA2D4B17
:10CC80001B78002B3AD0FFF70DFB054600283ED05D
:10CC9000214642463846FFF7FBF80646002839D0C1
:10CCA0009420FEF7CDFD0446002838D000232860EC
:10CCB00085604661A0F86070C0F810800373B8F119
:10CCC000000F18D0A4F85470FEF72EF933682360D3
:10CCD00003B15C60002363603460FEF72DF9336AB2
:10CCE0005B681BB12046984701301BD000F054FA16
:10CCF0002846BDE8F081B3680361E3E76FF01800F0
:10CD0000FCF736FE00F048FA0020BDE8F0816FF035
:10CD10000100F5E76FF0090000232B60F0E76FF0EA
:10CD20000200F9E721466069FFF78AFFFCF71AFE67
:10CD3000F2E700BF3574012070B504460D46164673
:10CD400000F01CFA404B1B78002B77D0002C75D0DC
:10CD50002468002C72D046B33DB32A88D1074AD547
:10CD60000B2E22D9B4F86230FBB9B4F8603013F05E
:10CD7000010001D0A16EC1B9A96801F0F006E02E52
:10CD80002DD16E88934239D06B686366DEB1A4F80A
:10CD9000626004F13400FFF73FFF04F14400FFF745
:10CDA0003BFF00F0F9F9002070BD6FF0050094F929
:10CDB000853043BB84F88400FCF7DAFD00F0ECF921
:10CDC0004FF0FF3070BD63699A79032ADFD018688D
:10CDD00004F16001FFF798FBA4F86200D9E721B1E4
:10CDE000B0B92846FEF770FD28B36E88BEB9B4F816
:10CDF00060302A88C6E76FF00B00D8E7DB07C3D5A1
:10CE0000AB68A366C0E71846002384F88530D1E7F5
:10CE10000021A06EFDF760FB0028E6D1E1E7626922
:10CE20000023294610681A46FFF7B0FA0028DED022
:10CE30006FF00D00BBE76FF00E00B8E76FF01B005E
:10CE4000FCF796FDBAE700BF3574012038B50446FB
:10CE50000D46FEF769F86969236862680B449342DE
:10CE60000CD82946A068FEF789FC6B692268A0608F
:10CE700013442360FEF760F8002038BDFEF75CF82D
:10CE80004FF0FF3038BD00BFF8B504460D461746D9
:10CE9000FEF74AF86969236862680B4493421CD81C
:10CEA00000210C20FEF772F90646B0B139460C227B
:10CEB000C068274600F07EF922686B692946304633
:10CEC000134447F8083BFEF759FC01463846FEF785
:10CED00071FCFEF731F80020F8BDFEF72DF84FF099
:10CEE000FF30F8BDF8B58568F5B16C691E46074698
:10CEF0000B46944228464FF0000128BF14462246B4
:10CF0000FEF7A0F9012E01D02046F8BDFEF70CF87F
:10CF100007F108002146FEF77DFB3B681B1B3B60C9
:10CF2000FEF70AF82046F8BD2C462046F8BD00BFA3
:10CF30002DE9F84385689DF820908DB32F689846B9
:10CF400006460B4657B37C6900213846944228BFF9
:10CF500014462246FEF776F940460C22E96800F0B6
:10CF600029F96B690C3B9C4238BF4FF0FF34B9F193
:10CF7000000F02D12046BDE8F883FDF7D5FF1FB1B1
:10CF80007A6933689B1A336006F108002946FEF778
:10CF90001DFCFDF7D1FF2046BDE8F8833C46DBE7EA
:10CFA0002C462046BDE8F88368B1038813F00103DE
:10CFB00008D0806800F0F000A0F1E000B0FA80F046
:10CFC000400970471846704710B10388DB0701D449
:10CFD000002070478068FDF77FBA00BF38B1038832
:10CFE000DB0704D58068B0FA80F040097047012063
:10CFF000704700BF10B109B1FFF772B90020704748
:10D0000010B109B1FFF77EB9704700BF48B103887E
:10D01000012B07D110B504464068FEF7DBFE18B1BE
:10D0200010BD704700207047A068BDE81040FDF7B4
:10D030008BB900BFF8B5002830D0416800292DD049
:10D0400083680446304D314AC0682B601060002B65
:10D050004AD01B6813B32E4E30469847F0B92B6860
:10D06000CBB19A682B4F8AB1316879B1304690477D
:10D070003B78BBB14FF0FF342B682BB1DB681BB1A1
:10D080002348026802B198472046F8BD3A784AB171
:10D090004FF0FF34F2E71F4F3B781BB14FF0FF34E6
:10D0A0002046F8BD61682068FEF7ACFB0446002806
:10D0B000E2D1FBF74BF904460028DDD1FDF790FFE4
:10D0C000154A164B0A2014601C6002F06BFA0130FE
:10D0D0000FD0FEF791FE01300BD0FFF71DF90130A4
:10D0E00007D001233B70C7E70A4F3B78002BD5D10F
:10D0F000D9E7FEF72DFE4FF0FF34FEF7ABFE02F04E
:10D100005FFAFEF7B5FBB7E7A89C0020B09C0020B3
:10D11000686A012035740120187501201C750120F2
:10D1200008B502F089FABDE80840FBF7BFB800BFB8
:10D13000054B1B681BB11B681BB110B11847184683
:10D1400070474FF0FF307047A89C0020044B1B68CD
:10D150002BB19B681BB110B1026802B11847704730
:10D16000A89C0020044B1B682BB1DB681BB110B1DD
:10D17000026802B118477047A89C0020044B1B6846
:10D180002BB19B681BB10348026802B11847704776
:10D19000A89C0020686A0120044B1B682BB1DB6847
:10D1A0001BB10348026802B118477047A89C0020D1
:10D1B000686A0120032AF0B470D9CE070B4606D561
:10D1C0000B780131013A013000F8013C0B469D0714
:10D1D00005D50B88023A0231023020F8023C97094B
:10D1E0004DD000F1400401F140033D4653F8406C3E
:10D1F000013D03F1400304F1400444F8806C53F80E
:10D200007C6C44F87C6C53F8786C44F8786C53F878
:10D21000746C44F8746C53F8706C44F8706C53F888
:10D220006C6C44F86C6C53F8686C44F8686C53F898
:10D23000646C44F8646C53F8606C44F8606C53F8A8
:10D240005C6C44F85C6C53F8586C44F8586C53F8B8
:10D25000546C44F8546C53F8506C44F8506C53F8C8
:10D260004C6C44F84C6C53F8486C44F8486C53F8D8
:10D27000446C44F8446CB9D1BF0138443944C2F31A
:10D2800083075FB1051F3B460C4654F8046B013B16
:10D2900045F8046FF9D1BF0038443944940704D5E8
:10D2A0000B880230023120F8023CD30701D50B78FD
:10D2B0000370F0BC704700BF22B1024400F8011BAC
:10D2C0008242FBD1704700BF29B10144002300F81E
:10D2D000013B8142FBD17047AAB130B404460378C8
:10D2E0000878181A0AD12244013405E014F8013BE9
:10D2F00011F8015F5B1B03D19442F7D130BC70473A
:10D30000184630BC70471046704700BF014640B118
:10D3100000784B1C28B1581A13F8012B002AFAD1B7
:10D320007047704770B10278431C6AB1B1FA81F05E
:10D33000400910B108E0814205D013F8012B0130FB
:10D34000002AF8D1704770470020FBE750B149B17F
:10D350000B782BB100F8013B11F8013F002BF9D1FC
:10D3600000230370704700BFA0F14103192B01D8BF
:10D370002030C0B2704700BFF0B408B307460C4677
:10D3800017F8015B01E09D4214D014F8013B002B1B
:10D39000F9D1CDB13D460C4615F8016B00E05BB10B
:10D3A00014F8013B9E42FAD146B100233B70156050
:10D3B000F0BC70473846E1E72F46EBE73546F6E725
:10D3C00010680028DAD1F3E728461560F0BC7047F2
:10D3D00010B5074C44F2A7116FF0004200232068FB
:10D3E000A0FB010107F004F82260104610BD00BF49
:10D3F000306A0120024A136818441060704700BF69
:10D40000306A0120F8B51546876900220E462A7059
:10D41000BB8BA3B1144643F00170FAF7FDFA30510B
:10D420002C780D480434E4B22C70BB7F1B021843E7
:10D43000FAF7F2FA30512B7803332B70F8BDC06D38
:10D44000FCF782FF28B18368283B9BB2BB832C7812
:10D45000E1E72C78BB8BDEE70000030338B5846975
:10D46000054688212046FFF72FFFA96B1A4A4FF483
:10D4700006702B6F9142A087A38323D89BB2A16033
:10D48000994200D2A183A37F4FF4405000FA03F2E7
:10D490008A4206D20133DBB200FA03F28A42F9D3A0
:10D4A000A377696B4FF0FF330C220B482367E366C9
:10D4B0006366E3676367A366A367A264E264A0632D
:10D4C00019B938BDA2601146DDE705F13400BDE8A9
:10D4D0003840FFF7A1BB00BF0000FF0F88B138B58F
:10D4E0000546006828B14468FEF700F82046002C85
:10D4F000F9D1002328466B602B60BDE83840FEF769
:10D500008FB9704706292DE9F041069D04D0069594
:10D51000BDE8F041FCF782BEA2F10E041F46072CC5
:10D5200028D8DFE804F020271C13270F0B04C36F53
:10D530003B60042300202B60BDE8F081836F5B0813
:10D540003B60F6E7436F5B083B60F2E78369D3F823
:10D55000843013F0080307D001233B60E9E790F81B
:10D5600080303B60E5E7036F3B60042300202B60C5
:10D57000BDE8F0816FF00801FEF7D8FE4FF0FF30F4
:10D58000BDE8F08138B5456AA5B10446FDF7CCFC8D
:10D59000656A00E025462C68002CFBD12B6B2946E0
:10D5A0009A6A03F12400013A9A62FEF7DBFE2C63CB
:10D5B000FDF7C2FC284638BDF8B504468820FEF7C2
:10D5C0003FF9F8B10246002301214FF4615E96272E
:10D5D0000826A26140254FF400421846236784F8CC
:10D5E0008C3084F88E3084F86D3084F8801084F8A4
:10D5F0008D10C4F874E0A767E66784F86C50A264E5
:10D60000A263F8BD20466FF00201FEF78FFE4FF0D7
:10D61000FF30F8BDF8B506460D46FDF785FC344BE6
:10D620001C68002C56D0002701E02468A4B1B4F88F
:10D6300062206B889A42F8D1237B042B33D1002FD0
:10D64000F3D104F160073846FFF7C8FC002846D044
:10D6500027462468002CEAD1002F3BD0FC696CB12E
:10D66000314604F15400FFF7C5FC20B1B4F8562050
:10D6700073889A4213D02468002CF1D17C6A6CB173
:10D68000314604F15400FFF7B5FC20B1B4F8562040
:10D6900073889A4203D02468002CF1D13C46FDF7F0
:10D6A0004BFC2046F8BD294604F16000FFF7A2FCC0
:10D6B0000028BAD0237B002BB7D0314604F15400A8
:10D6C000FFF798FC0028B0D0B4F8562073889A422F
:10D6D000ABD1E4E70024FDF72FFC2046F8BD384627
:10D6E0002946FFF787FC00280CBF002727469CE748
:10D6F0000068002091F88030042B17D015D3062B3A
:10D700001AD8052B1CD0CB6E0A22013B81F8802051
:10D71000033312D84FF0FF3201238A660370D1F829
:10D72000843043F00803C1F8843070470722012396
:10D7300081F880200370F2E770473023CB66E9E779
:10D740000B6A9342DFD0082381F88030E7E700BFFF
:10D75000002944D0CA682DE9F84F177B8B468246D2
:10D7600014244FF00C083F09BD00AC4229D2A35C41
:10D77000A11833B3012B26D004F10109A94520D209
:10D780004878661E0644B5421BD9022B1DD0032BD8
:10D7900011D18B780C2B98BF8AF83E30DAF88430A0
:10D7A00088BF8AF83E8043F02003DBF80C20CAF8DB
:10D7B0008430177B3F0912F80930BD001C44AC428D
:10D7C000D5D3BDE8F88F0134CEE74888FAF720F9C1
:10D7D000DBF80C20AAF83C00177B3F09EBE7704709
:10D7E00070B5056B0446E5B1037B022B0CD0AB6A28
:10D7F0008069013BAB62FFF771FE214605F1240011
:10D80000BDE87040FFF71CBA2B6A8069013B2B62B0
:10D81000FFF764FE214605F11C00BDE87040FFF7EC
:10D820000FBA8669D6F88430DB0716D4306828B181
:10D830004568FDF75BFE2846002DF9D1002504F16F
:10D84000440075603560FFF7E7F9257304F1540073
:10D850000C21BDE87040FFF737BD3046FFF73EFEB4
:10D8600021460248BDE87040FFF7EAB90068002091
:10D8700006292DE9F041069E14D1152A05461446C5
:10D880001F4606D80123934013F4651F01D0042ED0
:10D890003CD10E3C072C2CD8DFE804F0092B0F2BD1
:10D8A0002B171E250696BDE8F041FCF797BC3B6898
:10D8B00063B32B670020BDE8F081386810B3012303
:10D8C000002085F88030BDE8F0813B68F3B15B0053
:10D8D00000206B67BDE8F0813B68BBB15B000020B6
:10D8E000AB67BDE8F0813B6883B1EB670020BDE822
:10D8F000F0816FF008012846FEF718FD4FF0FF3069
:10D90000BDE8F08185F88000BDE8F0816FF0050189
:10D91000F1E700BF002A18BF002B2FD0F8B5E1B106
:10D92000DB68054610469F7893F803E01E785B7825
:10D9300047EA0E2746EA032357804B80FFF76AFE2B
:10D9400058B1092D09D8DFE805F015110D05050DB1
:10D950000D080809027B042A11D1F8BDF72280F8CE
:10D960008520F8BDE82280F88520F8BDF82280F8EF
:10D970008520F8BD83699A8F1A63F8BD7047EE223F
:10D98000BDE8F84080F88520FFF72ABF38B5144D70
:10D9900000221449C82001F059FE2860A8B10022D5
:10D9A00011494FF4FA7001F051FE104B0446186013
:10D9B00070B1FFF70DFD0E4A0021136803F57A439D
:10D9C00053FA80F01060084638BD4FF0FF31FAE797
:10D9D000286801F05BFE2C604FF0FF31F3E700BFD9
:10D9E0006C6A012045E70000FDFC0000706A012020
:10D9F000AC9C00202DE9F047044688B04069FEF752
:10DA0000E9F9002107461420FDF7C0FB00286ED07D
:10DA100005461421C068FFF757FCE66A26B194F862
:10DA20003080B8F1000F6BD1EB6850221A73EE68AA
:10DA3000E388E0693380638A7380F9F7EDFFD5F8F6
:10DA40000C807060206AF9F7E7FFEB68C8F80800FF
:10DA500094F824205A73EE68E08CF9F7D9FF616BD3
:10DA6000F0812846FDF78AFE0546208DEE68F9F71D
:10DA7000CFFFEB68002270821A8203F11006238A1E
:10DA8000012B0FD0AA8A4FF4C0612846FBF73AFF5A
:10DA9000EB6830801033228A012A0CD0002008B0B5
:10DAA000BDE8F087002F6CD03B6A9B0759D4EB6828
:10DAB00003F11006E6E72068E168A26900285CD05F
:10DAC000447890F800E090F82000002605930623A3
:10DAD000049002953846CDF804E000940396FCF7D4
:10DAE000ABFF08B0BDE8F0872846FDF7FFFC606B90
:10DAF00008B1FDF7FBFC6FF0020008B0BDE8F0874D
:10DB0000002128200795C146FDF740FB82460028EA
:10DB1000EAD02821C068FFF7D7FB51460798FDF7E8
:10DB20002DFE0023721E0668079012F8010FF1689F
:10DB3000C85401339845F8D118F0030F05D028F0E8
:10DB4000030808F104085FFA88F9A9F1280107A879
:10DB5000FDF760FD3369079A1433D2689B00137395
:10DB600065E769693846FCF711FC00289FD1AA696E
:10DB7000034642F02002AA618DE704464FF0400EB2
:10DB8000A3E7A069FCF7E0FB074600288CD18EE7ED
:10DB90002DE9F04784698EB0426C0546266AE36839
:10DBA000C06DF31AC3EB02088845474628BF0F46ED
:10DBB000FDF782F807F11403984238BFA0F114076B
:10DBC000C7EB0803B3FA83F35B09002F61D0002B86
:10DBD0005FD04FF0180995F850200AB1002B69D199
:10DBE000A9696B6B8A68D31A62D48869984204D297
:10DBF000B1F81CE0191A714553D3A361002F46D028
:10DC0000696C00233A46E86CC8EB0101FDF7C4FBE0
:10DC1000804600285ED005F16C030DF1380A05F14D
:10DC200060010C2201A84AF8383DFFF7C3FA05F15C
:10DC300054010C2204A8FFF7BDFA226A636A4FF070
:10DC4000FF318DF82490002508935046A369079270
:10DC5000A27FA167D340CDF83480ADF82850ADF84D
:10DC600026300B958DF83050FFF7C4FE2369B919A3
:10DC700025645A1C03F1005321629A420CD9914247
:10DC800001D2994200D821610EB0BDE8F087B846B4
:10DC9000C1E74FF010099EE79142F2D20EB0BDE805
:10DCA000F087B1EB520FA8D2002818BF0346A4E7B3
:10DCB0000023A2E794F8803049F001090136042BD3
:10DCC0000DD0072B0FD0D4F8843043F00403C4F8F0
:10DCD000843085E7B9196FF002002162D4E705238B
:10DCE00084F88030EFE7092384F88030EBE700BF49
:10DCF0002DE9F0410C6805468EB01E46607B00F0B1
:10DD00001000002837D100F0FF030F46904607931C
:10DD10006068F9F781FE3B68D8F800104FF0140EE8
:10DD20005A7B1B7B02F00107C2F340041B098DF8EC
:10DD300024E07A182244A2EB8302104408900EAC2F
:10DD4000314601A80C2244F8385DFFF733FA0C2263
:10DD5000149904A8FFF72EFA00232046ADF82630C8
:10DD6000ADF828300B938DF830300D93FFF742FE5D
:10DD70000EB0BDE8F081A068F9F74EFE0022042342
:10DD8000079008928DF82430D9E700BF2DE9F04FB5
:10DD9000846991B09946064601920F46426BA3688A
:10DDA000256A9A1A74D4A169914204D2501AB4F81F
:10DDB0001CE0704562D3B907A26157D4A37FDA4053
:10DDC0001FFA82F8FB070CD594F880200135042A4D
:10DDD00069D0072A6BD0D4F8842042F00402C4F83A
:10DDE000842007F0100202F0FF0B0AB1D4F824B02F
:10DDF0000C2206F16C030DF1400A06F160010DEBF7
:10DE000002004AF8383DFFF7D5F906F154010C221B
:10DE100006A80026FFF7CEF94FF0FF31226A5046E0
:10DE2000019BA16709920D93CDF828B08DF82C7055
:10DE3000ADF82E808DF83890ADF830600F96FFF772
:10DE4000D9FD236926645A1C03F1005325629A42C6
:10DE500006D8954201D39D4204D911B0BDE8F08F98
:10DE60009542F8D3256111B0BDE8F08FB2F5405F5F
:10DE700005F10105A4D94FF44058A3E7B0EB530FC7
:10DE800099D2002918BF0A46B907A26196D5EDE7D5
:10DE9000002301F00201A36101F0FF0200298DD0EF
:10DEA000013598468EE7052284F8802093E7092201
:10DEB00084F880208FE700BF30B5846985B00546BF
:10DEC00094F88030052B21D0092B1FD0022B09D0CC
:10DED000002310211A46FFF759FF4FF0FF33A367C5
:10DEE00005B030BD236A0DF1070202A9013B236290
:10DEF000FFF788FA9DF8073002AA28461221FFF79B
:10DF000045FF4FF0FF33A36705B030BD226A002301
:10DF100028461121551E1A462562FFF737FF4FF09C
:10DF2000FF33A36705B030BD027B32B18269936FC6
:10DF3000591C02D0013B936703B17047FFF7BCBF88
:10DF400038B5FCF7F1FF0A4B1D686DB12846FFF7A5
:10DF5000EBFF6C6A2CB12046FFF7E6FF2468002C2B
:10DF6000F9D12D68002DF1D1BDE83840FCF7E4BFB0
:10DF7000006800202DE9F84305461446894603F061
:10DF800002078669DDF82080FCF7CEFF2846B7FA45
:10DF900087F3494650F8342F5B09A24228BF224636
:10DFA000FEF7A0FF044607BB336CB28B0344B3EB10
:10DFB000420F336422D32B7B032B13D054B3B8F11D
:10DFC000000F0AD040460C2205F15401FFF7F2F889
:10DFD0001CB9D6F884301B0728D4FCF7ADFF2046C7
:10DFE000BDE8F8832846FFF767FF002CE7D12B7BBD
:10DFF000032B0FD1B8F1000FEBD0E3E7B268B3EB1E
:10E00000520FD8D2B269002AEFD1002BD3D1002C05
:10E01000EDD0D4E76FF01304FCF78EFF28462146BD
:10E02000FEF784F94FF0FF30BDE8F8836FF0190474
:10E03000F2E700BF2DE9F843856907468946EC6899
:10E040002A6AD5F88400AB6AC4EB020820F04001CC
:10E05000B3EB0804C5F8841068D42B6BA98FC8EB08
:10E0600003037A6CB3FBF1F3C8EB020803FB01F383
:10E070004445A8BF44469C42A8BF1C46002C49DD2D
:10E080000026A1423ADDEB6AB4EB530F2EDCD5F843
:10E090008430DA062AD4E9682A6A914202D097F8D5
:10E0A000802072B1A219904563D0696FAA6C481C98
:10E0B00001D0914201D92A656A6743F04003C5F84F
:10E0C000843086B395F86030002B37D12B6A00215D
:10E0D00001226B61E96785F860204FF0FF322B6FFA
:10E0E00093426A6740D00120BDE8F8832644384651
:10E0F0002146FFF74DFD002EE4D114E03846FFF72E
:10E1000047FDA98F641A0E44002CDADDB9F1000F27
:10E11000B7D0D6E797F850302BB1B8F1000F02D145
:10E1200010F0040318D00020BDE8F883224498467C
:10E13000022300242A6285F860308EE7022BCCD1BE
:10E140006A692B6A511C02F10052914217D9994217
:10E15000BDD99A42C1D3BAE71A4638461121FFF712
:10E1600015FE2B6F0133BED1AB6C01202B67BDE8D0
:10E17000F88321463846FFF70BFD4646A1E7994252
:10E18000E7D9AAE738B5037B032B25D10D46044612
:10E19000FCF7CAFEAA0702D594F8503043B1EB074A
:10E1A00002D594F8403063B1FCF7C6FE002038BDBC
:10E1B0000121204684F85010FFF73CFFEB07F3D510
:10E1C000EFE704F13400FEF727FD012384F8403027
:10E1D000FCF7B2FE002038BD6FF01301FEF7A6F881
:10E1E0004FF0FF3038BD00BFCB682DE9F04F05463A
:10E1F000846985B0986817468846F9F70DFC95F84C
:10E200008D20D8F80C308146012A93F80DA00CBF60
:10E210006A6F4FF0FF32A2663A68500701D50122BB
:10E22000A267E1684FF0FF328945626600F0DE8048
:10E230000023C1EB09016E6C63648E42236BA84A14
:10E2400028BF0E46934215D8A26B934200F2EB8092
:10E2500099198A4280F0E181616B22631944134667
:10E260008A1A324462639A4204D3A18FD21A0B44B1
:10E2700062632363314605F14C00FDF7CBF9236A55
:10E28000696C5A1C03F10053891B9A426964C4F8F3
:10E290000C9045D9914501D2994501D8C4F82090F8
:10E2A000636913F1005259D2994506D3914504D8B8
:10E2B00094F86030012B00F09981D8F80C30D8F830
:10E2C000142003F10C00D4F88410090749D5037811
:10E2D0004FF001091B09B2EB830F3B6802D943F0F1
:10E2E00002033B601B0702D41AF0080F02D0284635
:10E2F000FFF7E2FDD4F884102846C1F3C011FFF700
:10E3000099FE3B6810B143F001033B60A26A52B929
:10E310006A6C42B1626F013200F09580226D08E0B4
:10E320009145B9D2BCE7D4F88420560602D44FF008
:10E33000FF326267226AE16891420CBF4FF0FF3200
:10E34000A26C13F0090F226704D1980702D5284662
:10E35000FFF7B2FD484605B0BDE8F08F9945A5D35B
:10E36000A6E7CDF80880017893F80D8009094FEAF7
:10E37000810991455BD0AE695868F9F74DFB736A26
:10E380009842706862D0029BB1685A6902448A421E
:10E390007FD83A68316842F002023A60002900F002
:10E3A0006A814FF000090391DB685868F9F734FB84
:10E3B000029B00F10108DB685868F9F72DFB039B0D
:10E3C00000F1005BDB685868F9F726FBD8456CD88C
:10E3D000804501D883456AD2DDF80C90D9F8043025
:10E3E000002B00F0FF800393029BDDE7266AB14516
:10E3F00024D06A6C12B3197B03F10C00D8F81420F6
:10E400000909B2EB810F7FF45EAF1AF0030F7FF4BE
:10E410005AAF616C01F1010EBEF1030F00F04381B0
:10E42000C4F844E04FE7626B324462631BE718F0C4
:10E43000210FA0D13B684FF0010953E703F10C0015
:10E44000D8F814203FE7A26C226572E700289AD121
:10E4500018F0010F40F01481494602A8FDF7DAF8E0
:10E46000029B002B00F00981726A19465B694FF02C
:10E470000009E86B13447362FDF780F9029B6A6B35
:10E4800059693B680A44E86343F004036A633B60EC
:10E4900028E7DB685868F9F7BFFA736A9842029B6D
:10E4A0003FF477AF4FF0010910E0804592D8B9F101
:10E4B000000F00F09480029BC9F80430039A5A6060
:10E4C00071684FF000095A690A447260DB68586845
:10E4D000F9F7A2FAD6F824B058453ED03B6801E7D8
:10E4E000FFFFFE0F834565D84868F9F795FA326853
:10E4F0000190D2685068F9F78FFA32687168D2F8E3
:10E5000014E0D368CEEB010C516893F80C800392B1
:10E510004FEA181886E802100021AEEB8808516017
:10E520008044597BC9077CD4D268042303A8117B9B
:10E53000090913FB01B1019BC91AFDF76BF8039A96
:10E5400042B16B6B11465269E86B13446B63FDF784
:10E5500015F9E863C346C6F824803268002ABDD0A6
:10E56000D2685068F9F758FA32688046D268506825
:10E57000F9F752FA00F1005080452DD8D845ADD8B2
:10E580005845ABD332680BF10058D2685068F9F7A0
:10E5900043FAD6F800E0C345DEF80C10DEF814208C
:10E5A00091F80CC04FEA1C1CA2EB8C02104499D8C5
:10E5B000834501D8804597D2DEF8043070467268F2
:10E5C0005969CDF80CE0521A33607260FCF78EFF87
:10E5D0003268002AC4D181E7D845D1D8D2E7029B5E
:10E5E00033606BE7029BC9F8043069E7A26D4AB358
:10E5F000E06FA0EBD2000244002A39DDD108A26509
:10E6000080EAE072E36DA2EBE072A2EB93021A449F
:10E61000002A1DDC0122E2651BE00B46626B2163D0
:10E6200021E6986808F10108F9F7F6F9A9690246A8
:10E6300005F10C00FFF75EF83968039A41F0080114
:10E64000396071E7E26F0132D3005200D908A36547
:10E65000E265D8F80C300A4400264FF0FF31A2647E
:10E6600003F10C00D8F8142084F86060E1672AE612
:10E670000021A365C4E7336022E799463B6831E691
:10E68000029BDB689868F9F7C7F9A969024605F1AA
:10E690000C00FFF72FF8726A3B68013243F0080361
:10E6A00072623B60D8E6236B0231A26A61649342D6
:10E6B000A18F8CBF53085B084A00A3639A4201D91B
:10E6C0001346A26323632846C4F82090FFF760FA3C
:10E6D0003B684FF0FF3E022143F00102D8F80C30B6
:10E6E000266203F10C003A60C4F87CE084F8601004
:10E6F000D8F81420E7E500BF2DE9F0471446564A44
:10E700000646944200F29980027B032A62D114B932
:10E710002046BDE8F087994688468769FCF704FCE7
:10E72000B56CD6F844A0FDF7A1F840F6C9039842AD
:10E730005FD9CAEB0502824256D8944233D819F009
:10E74000040F35D096F88C3093BB012386F88C30BB
:10E75000D7F884309442404628BF144643F08003E3
:10E7600001222146C7F88430FCF75CFD05460028ED
:10E7700066D04FF0010806F1440929464846FEF7E5
:10E7800065FB002852D1BB6AE3BB7B6F013349D0E4
:10E79000B8F1000F02D0002386F88C30FCF7CCFBD8
:10E7A0002046BDE8F08722B319F0040F4AD1144681
:10E7B000D7F884309442404628BF144643F0800383
:10E7C00001222146C7F88430FCF72CFD054630BBFA
:10E7D0000446E3E76FF013014FF0FF343046FDF7D6
:10E7E000A5FD2046BDE8F0878442024628BF0446C6
:10E7F000A5E7FCF7A1FB00248AE701213046FFF7DB
:10E8000019FC28B1337B032BF7D04846FEF704FAF6
:10E81000D7F8843023F08003C7F88430B8E74FF08E
:10E820000008A8E7BB6C3B657B67B1E7284600247E
:10E83000FCF73EFDFCF780FB6AE76FF00501CBE7D4
:10E840000446A8E796F88C30002BB0D1012314467B
:10E8500086F88C307CE700BF0000FF0FF0B505465E
:10E8600085B008460C46FEF7D1FB00284DD0014686
:10E870002046FEF7A9FB00283AD12046FEF794FB7C
:10E88000002835D12846224FAE69FEF7E7FD02A9E0
:10E890000DF107022846FEF7B5FD3A6805F154036D
:10E8A000511C3262316194E8070083E80700FCF7ED
:10E8B0003BFB02AA9DF8073002212846FFF766FAC3
:10E8C0000446F8B90122022386F880202B73FEF754
:10E8D0007FFD3B68B16C1E2203F57A43316753FA22
:10E8E00080F0F2663860FCF727FB204605B0F0BDEB
:10E8F0006FF00E0428462146FDF718FD4FF0FF305B
:10E9000005B0F0BDFCF718FBF4E76FF00F04F1E77A
:10E91000AC9C00202DE9F04F8BB0DC6807460E461A
:10E920000AAD1498904645F81C3D247BFCF7DEFDAB
:10E9300028462409A4002146FCF7FAFD013008D03E
:10E94000039883699B060BD539463046FEF73CFB9E
:10E95000D0B103990846FCF7C9FD0BB0BDE8F08FB4
:10E96000828A4FF4C061FAF7CDFFB8F8003008F1A1
:10E97000080206F10801012B14BF10230423FAF743
:10E98000D9FF0028E5D1DFE73046FEF70DFB0399FC
:10E990000028DFD14B699C42DCD8CB684046394621
:10E9A0001A8872805B88A8F80230FEF70DFB18B950
:10E9B0004046FEF7F9FA50B103994346009600200D
:10E9C00001F114020C31FFF793F90399C2E74146B4
:10E9D0003046FEF71FFE0546002800F00181037B4C
:10E9E000042B00F0F380039B0022AC69D9685A60C5
:10E9F000486807920693F9F70FF8069B0746DB680D
:10EA0000986893F80CB0F9F707F88146069894F8DF
:10EA10008020C368012A5B7B03F03F0A62D0032A8F
:10EA200060D0022A72D0616A07F1010E07F100522C
:10EA30004FEA1B1B96454FEA8B0B00F2B9808E45BF
:10EA400028D88A4226D3426901F1005E481CCBEBEC
:10EA5000020270453A4400F2BF80904227D89645A2
:10EA600025D3CF1B06A8594602933A46FCF7D6FD9C
:10EA7000029B9A0600F1C280069B676ADA683846F4
:10EA80000292F8F7C9FF079B029A43F00203506015
:10EA9000616A0793A3691944481C01F1005290422E
:10EAA00009D8B84200F28880BA42C0F08580284672
:10EAB000FFF702FA4DE7B842F9D9BA42F7D2069BFE
:10EAC0005B69CBEB03033B44984201D99A427AD36A
:10EAD000C91A06A8FCF79EFD079B94F8802043F016
:10EAE000020307930AF01403142B36D01AF0040F14
:10EAF0001AD0012A3FF42DAF032A3FF42AAFEE23A8
:10EB0000284685F88530FEF76BFE22E794F88110E1
:10EB1000012988D113F0020F616A85D001F1FF3E0F
:10EB2000774581D15B07EAD40AF0020303F0FF0BBB
:10EB3000ABB3022A72D0032A16D0012A14D0069948
:10EB400005F16C004346009601F114020C31FFF709
:10EB5000CFF82846FEF744FEFBE6012AC6D1236A19
:10EB600099457FF4F6AECAE70AF0100303F0FF0AF6
:10EB7000002B00F08280002A00F0A580022A40F2DB
:10EB80009180032A40F09F8006994346009605F144
:10EB90006C0001F114020C31FFF7AAF8D9E6012A42
:10EBA00001D0032AE0D11AF0100F3FF4D2AEEBE708
:10EBB0008E453FF646AF46E7069B5B69CBEB03030A
:10EBC0003B44984282D994F880208BE70C2231464E
:10EBD0005430FEF7EFFA06E790423FF640AF40E7C9
:10EBE0000399CB685B7B5C073FF5B4AE01F114027F
:10EBF000009643460C31FFF77BF8AAE6069A02938B
:10EC0000D268508AF8F704FF8742029B4ED9069AD1
:10EC100003F01F0AD36883F80DA02DE794F8813024
:10EC2000012B8CD1636A013B9F4288D10AF010030B
:10EC300003F0FF0A002B3FF43AAF236A9945A3D1B2
:10EC4000069BDB68D889F8F7E3FEA062A36AE26A54
:10EC50009A4238BFE36294F88030013B092B00F2FE
:10EC6000C181DFE813F06A01BC00AD009E007B00AB
:10EC70009E009E006E0066004700022A3FF417AF18
:10EC8000032A02D0012A7FF464AEBBF1000FD7D172
:10EC9000069BDB68D889F8F7BBFE94F83E309840B5
:10ECA000A062D3E7236A9945EFD06DE7069BDB6846
:10ECB000588A0293F8F7ACFEC01B80B2F8F7A8FEA2
:10ECC000029B5882D8E6E26823699A420FD89145A0
:10ECD00001D39945D9D95A1C03F100539A4225D83A
:10ECE0009145FFF436AE99453FF633AEDFE69145E8
:10ECF000EFD3CAE706994346009605F16C0001F18F
:10ED000014020C31FEF7F4FF95F84030002B3FF46D
:10ED100020AE6B6B002B3FF41CAE012605F13400D6
:10ED2000FDF77AFF012E7FF418AE12E69145DAD393
:10ED3000BDE6236A99457FF40CAE2846FEF750FDE8
:10ED400007E6236A9945DFD14FF0FF330A213022CD
:10ED500084F88010E2662367A366D5E707AA0699C0
:10ED60002846FFF741FA226AE36806469A421FD016
:10ED700095F84030002BD5D06B6B002BD2D0CDE76F
:10ED80002C6B2946226A04F11C00A36A013A013364
:10ED90002262A362FDF7E6FA294604F12400FDF79A
:10EDA000D1FA07AA06992846FFF71EFA0646DFE7BA
:10EDB00094F88030052BDBD1062384F88030D7E728
:10EDC000296AAB6AEA6A0B44934222D30C2105F10B
:10EDD0005400FEF779FA0023A362E36294E703216B
:10EDE00094F881204FF0FF3304208A4284F8800099
:10EDF0002973C4F80C90E3662367C1D0BBF1000F00
:10EE0000CFD095F88D30012B7FF47EAF6B6FA3666A
:10EE10007AE72846FDF7A6FB82460C2105F154004F
:10EE2000FEF752FABAF1000F00F082800C22414640
:10EE30000AF16000FEF7BEF98820FCF701FD81466B
:10EE4000002850D0CAF818005046FEF707FB2B6A7E
:10EE5000A26A0020E16A0133C9F828200137C9F805
:10EE60002C105146A062E06205F11C00614C2B623F
:10EE7000CAF83050FDF766FA22680223C9F82470F8
:10EE8000511CC9F820200322DAF81800C9F8101024
:10EE90008AF80C30069989F8803089F88120FEF7CD
:10EEA00057FCDAF81830D3F8842012F0200207D18A
:10EEB00099689A77B1F5405F02D94FF440529A6051
:10EEC000998FB9F83C201963AAB9069905F16C002D
:10EED0004346009601F114020C31FEF709FF50463B
:10EEE000FEF77EFC10E75046FCF79AFCC4F8289029
:10EEF000C4F82C9008E70DF11702504608A9FEF758
:10EF000081FA08AA9DF8173012215046FEF73EFFFD
:10EF1000FEF75EFA23681E21D9F8482003F57A43EC
:10EF2000C9F86C1053FA80F0C9F870202060EBE645
:10EF3000C4F828A0C4F82CA0E6E601376762BAF14D
:10EF4000000F2BD0C4F80C900699A869FEF700FCBE
:10EF5000AB69D3F8842012F0200207D199689A7720
:10EF6000B1F5405F02D94FF440529A60998FA28F59
:10EF70001963002A3FF4E3AD4FF0FF3328462367BF
:10EF8000E366FEF799FF95F88D3004210322012BEB
:10EF900084F880102A737FF4B7AE37E7A36C069924
:10EFA0002367A869FEF7D4FBAB69D3F884209706E2
:10EFB00008D49A6883F81EA0B2F5405F02D94FF4D6
:10EFC00040529A60998FA28F1963002A3FF4B7AD1F
:10EFD00002220123284684F8802084F88130FEF73D
:10EFE0006BFF91E695F840300126002B7FF4C4AE0C
:10EFF000AFE400BFAC9C0020037B8BB3826992F826
:10F0000080300A2B2CD0012B2AD0022B30B58FB0A8
:10F0100027D0D16804230022079108928DF824306C
:10F0200000F16C0304460EAD00F160010C2201A852
:10F0300045F8383DFEF7BEF804F154010C2204A84F
:10F04000FEF7B8F800232846ADF82630ADF8283092
:10F050000B938DF830300D93FEF7CCFC0FB030BD24
:10F060007047516A14230022089107928DF82430CA
:10F07000D6E700BF037B042B10B504460BD0FFF787
:10F08000BBFF2046BDE81040FEF7AABBFFF7B4FF68
:10F09000E069FEF7A5FBE0690028F7D1606A002867
:10F0A000EFD0FFF7A9FF606AFEF79AFB606A0028BD
:10F0B000F7D12046BDE81040FEF792BB037B042B3E
:10F0C00070B504460D460ED08669FEF7C7F90023D9
:10F0D00003210422E562E3650020A4F8563086F897
:10F0E0008010227370BDFBF71FFF03E03BB1E069A6
:10F0F000FFF7C0FF236AA26A99188D42F6D39542A2
:10F1000005D2606AFFF7B6FFA36A9D42F9D3E562B4
:10F11000FBF712FF002070BDF8B5FBF705FF154B9C
:10F120001C68B4B10027A5692668D5F88430DB07D0
:10F1300013D4237B042B14D0286828B14468FCF72F
:10F14000D5F92046002CF9D16F602F603446002E8F
:10F15000E9D1BDE8F840FBF7EFBE2046FEF740FBE3
:10F16000F4E7E0690028F1D0FFF784FFE0690028A8
:10F17000FAD1EBE70068002038B5037B8569002BE6
:10F1800040D090F88E300446012B28D0FBF7CCFEFF
:10F19000237B032B29D194F85030002B4AD0FBF766
:10F1A000CBFEFBF7C1FED5F88430227B43F0010390
:10F1B000C5F88430002A39D095F880300A2B08D061
:10F1C00094F88E30012B27D03023EB66012384F88E
:10F1D0004030636BABBBFBF7AFFE002038BDD0F80F
:10F1E0008830002BD2D1FBF79FFED5F88430204623
:10F1F00043F00103C5F88430FFF73CFFFBF79CFEAA
:10F20000002038BDD5F8843043F00103C5F88430C0
:10F21000FEF7E6FA002038BDD4F88830002BD3D0B2
:10F220000A4AA2FB03235B09EB66CFE72046FEF701
:10F23000D7FAD0E70121204684F85010FEF7FAFEF5
:10F24000ADE704F13400FDF7E7FCC4E7D34D6210ED
:10F25000037BF3B12DE9F043856991B004466B6EF1
:10F260005E1C02D0013B30D06B66EB6E581C12D096
:10F27000013B0FD1D5F884304FF0FF32D907EA6651
:10F2800033D595F880300A2B29D02046FFF7F2FEBF
:10F2900018E07047EB662B6F5A1C02D0013B2FD051
:10F2A0002B67A96E4F1C02D04E1E72D0AE66696FDE
:10F2B000481C02D001394FD06967EB6F5A1C01D04E
:10F2C0000133EB6711B0BDE8F08390F985304FF062
:10F2D000FF3218336A6602D0EF2380F8853020466B
:10F2E000FEF77EFA11B0BDE8F08394F9853013F192
:10F2F000180FF4D00933F2D0E92384F88530EEE713
:10F3000095F880304FF0FF32012B2A6700F0A8807B
:10F31000022B40F0B6802B6A0DF10702204602A9AD
:10F32000013B2B62FEF76EF802AA9DF8073012210E
:10F330002046FEF72BFDEA68696DAB6C9142E86CE4
:10F3400000F0CE80EB646A65782BA9D05B00782B47
:10F3500088BF7823EB64A3E7A6694FF0FF32B36A56
:10F360006A67002B6CD120460121FEF711FC326A3E
:10F37000336D013A782B326204D05B00782B88BF62
:10F3800078233365726E7367013296D130237366CA
:10F3900093E74FF0FF33A76931460120AB66FBF7D7
:10F3A000F5FE8046002882D0A169636B8A68D31A73
:10F3B00000F19C808869984209D28E8B191AB1425B
:10F3C00005D2B1EB520F02D2002818BF0346B97F15
:10F3D0000C2204F16C060DF14009CB400DEB02004C
:10F3E00004F1600149F8386D9EB2FDF7E3FE0C228E
:10F3F00004F1540106A8FDF7DDFEFB687A6A4FF0C0
:10F40000100E591E00234846ADF82E600A92ADF842
:10F4100030300D938DF838300991CDF83C808DF85F
:10F420002CE0FEF7E7FA7A6EA36F561CBB6659D044
:10F43000E16F01FB03F39A427FF639AF7B6636E753
:10F44000D6F88430204643F01003C6F88430FEF727
:10F45000F1FDD6F8843023F01003C6F884302CE791
:10F460002B6A0DF10702204602A9013B2B62FDF732
:10F47000C9FF02AA9DF8073002212046FEF786FC4C
:10F4800059E7D5F884306A6E23F004030132C5F8D9
:10F4900084302DD02A6B43F01003A96AE8688A42B1
:10F4A000C5F88430286288BF4A08A98F98BF5208DF
:10F4B00048002963AA63002190424FF0020288BFEE
:10F4C000A8634FF0FF3085F86020E8672046FEF71C
:10F4D000B1FDD5F8843023F01003C5F884302AE755
:10F4E000034631E7E26F02FB03F3A7E733466EE71B
:10F4F00030226A66CEE700BF38B5FBF715FD134B27
:10F500001D68B5B1E86928B10468FFF7A1FE20467F
:10F51000002CF9D1686A28B10468FFF799FE2046EB
:10F52000002CF9D12C682846FFF792FE0CB1254635
:10F53000E8E7FDF74DFF064A136803F57A4353FAEF
:10F5400080F0BDE838401060FBF7F6BC0068002092
:10F55000AC9C002038B5104CFBF7E6FC206858B195
:10F560008269D2F8843043F00103C2F88430FFF797
:10F5700081FD20680028F3D1084D094C286800F06F
:10F5800085F8206800F082F800232B602360BDE836
:10F590003840FBF7D1BC00BF006800206C6A012036
:10F5A000706A0120054B1B682BB11868B0FA80F017
:10F5B0004009404270474FF0FF307047B09C002038
:10F5C00038B5054D286830B10468FCF729F92C607E
:10F5D0002046002CF8D138BDB49C0020014B1B689C
:10F5E0001B681847B09C002070B5FBF79DFC104BC2
:10F5F0001C68C4B10F4D2E4601E024689CB12B68F5
:10F600001B6898476368A268C01A9042F5D33368B4
:10F610001B689847E3686060002BEED0206998472C
:10F620002468002CEBD1BDE87040FBF785BC00BF1F
:10F63000B49C0020B09C002008B5FDF79FFDFFF7AB
:10F64000D3FFBDE80840FDF7A7BD00BFF8B5B0B1D6
:10F65000A9B10546142017460E46FCF7F1F80446FA
:10F6600058B1084B084A196812680160126818609E
:10F670009047A5606060E66027612046F8BD0024E1
:10F680002046F8BDB49C0020B09C002080B1094BFE
:10F690001A68904201D107E01A4613689842FBD1DC
:10F6A00003681360FCF7BCB802681A60FCF7B8B8CE
:10F6B000704700BFB49C002010B4034640240120D2
:10F6C00000214FF4006283F86C4083F86E00084616
:10F6D00083F86D109A649A635DF8044B704700BF1D
:10F6E00038B50C460546FBF71FFCE20708D4A30714
:10F6F00002D5012385F85030FBF71EFC002038BDF1
:10F70000012305F1340085F84030FDF785FAEEE776
:10F710002DE9F04F044687B0174698460D46109ED7
:10F72000FBF702FCA36CBB42C0F0AE80002E00F0E1
:10F730008E80284600223946FBF774FD814600285A
:10F7400000F0A580B4F86230002B77D018F00408E0
:10F7500041D1C346706800B9606EFCF73BFB0121E4
:10F7600082460820FBF712FD002800F09380C56850
:10F770004946B4F8622073882A806B80FBF7FEFF4D
:10F780008146808AF8F744F932880023A880012A4C
:10F79000AB71EB7106D1BAF1000F6ED0DAF8203000
:10F7A0009B0757D4B9F814204FF488514846FAF70C
:10F7B000A9F825F8060F3388012B12D0B8F1000FF5
:10F7C00057D194F98530002B55D1FBF7B5FB38465E
:10F7D00007B0BDE8F08F012394F88CB084F88C302A
:10F7E000B8E7B268002694F86D3002F0F00094F8A3
:10F7F0008CE0A16EE0280CBF94F86E0094F86C00C9
:10F8000000931123019050460595CDF80890CDF84E
:10F8100010E00396FBF710F9B8F1000F01D084F85F
:10F820008CB00028CDD001462046FCF77FFDFBF7C9
:10F8300083FB4FF0FF3007B0BDE8F08F636904F140
:10F8400060011868FCF760FEA4F862007EE704F12E
:10F8500054066EE7D9F814105046FAF797FD0028C1
:10F86000A0D1D9F81830054643F02003C9F8183064
:10F87000A1E70020D3E70020D5E7B068FAF764FDE0
:10F88000824600288AD18DE76FF00700CBE76FF042
:10F890000200C8E74846FBF729FEB8F1000FF6D092
:10F8A0006FF00200BBE700BF2DE9F0410F4686B0C4
:10F8B0000C21054690461C460DEB01000C9EFDF701
:10F8C00003FD95F98510C9B984F002044246394612
:10F8D00003ABC4F3400405F134000094FDF728FBAA
:10F8E00004461EB1314603A8FDF78AFB631C03D012
:10F8F000204606B0BDE8F0816FF007012846FCF70E
:10F9000015FD4FF0FF30F4E738B504460D46FBF720
:10F910000BFB0C22294604F15400FDF74BFC03239A
:10F9200004F134002373FDF777F9FBF705FB0020A2
:10F9300038BD00BF10B50446FBF7F6FA0348214670
:10F94000FDF77EF9FBF7F8FA002010BD24680020CF
:10F9500010B5054C216829B10348FDF771F92168FC
:10F960000029F9D110BD00BF246800202DE9F04323
:10F9700083B00193002B60D0064600285DD00F466F
:10F9800001A808211546FBF7D3FD013055D0019B96
:10F99000DC68A088F8F73CF8019B804659698842EA
:10F9A0004BD8C0F09480E38823B1019883699B060B
:10F9B00040F1AC80A27801A894F803E008212378F4
:10F9C000647842EA0E2243EA04236A807B80FBF7D4
:10F9D00021FE31462846FDF7F7FA00287CD05B4B24
:10F9E0001C6854B34FF0000801E02468FCB1B4F87F
:10F9F00062206B889A42F8D12846FDF7D5FA002894
:10FA000046D02B88012BF0D1D4F890100029ECD0EF
:10FA10004A68AB689A42E8D10B689E42E5D1B8F1DA
:10FA2000000F02D098F84030E3B1A046DDE7B8F10E
:10FA3000000F02D098F8403043B10A98FBF756FD0A
:10FA40000198FBF753FD03B0BDE8F0833A4608F197
:10FA500034000199FDF718FA0130EED00A98FBF74F
:10FA600045FDF0E719464FF0FF320198FBF794FC93
:10FA700081460028D9D008F134003A464946FDF7BE
:10FA800003FA0130D1D14846A046FBF72FFDACE781
:10FA900004F160094846FDF7A1FA28B9484629460D
:10FAA000FDF7A8FA0028A0D004F154094846FDF754
:10FAB00095FA0028B3D148463946FDF79BFA00284D
:10FAC00093D0B4F856207B889A428ED1A7E7411A8A
:10FAD00001A8FBF79FFD66E72846FDF765FA0028B9
:10FAE0007FF47DAF194811233A4629460068FCF798
:10FAF0008FFCF0B190F84030002B9ED13A46343064
:10FB00000199FDF7C1F9013097D0A7E742464FF4BC
:10FB10008851F9F7F7FE2B8805F1080207F1080173
:10FB2000012B0CBF04231023F9F704FF002884D114
:10FB300040E70198FBF7DAFC2B88012B83D10322E5
:10FB400030460A9B1146FAF731FA7CE72468002018
:10FB5000002A18BF002B41D000293FD001382DE9E1
:10FB6000F041082806D8DFE800F0073033333030A2
:10FB700005053600BDE8F0816FF0070718480468F6
:10FB8000002CF7D015468846DE6802E02468002C79
:10FB9000F0D0294604F15400FDF72CFA0028F5D0E6
:10FBA000B4F8562073889A42F0D1B4F862203388B2
:10FBB0009A42EBD1414604F16000FDF71BFA0028A0
:10FBC000E4D084F88570BDE8F0816FF01707D5E7C1
:10FBD0006FF01107D2E76FF00807CFE7704700BF5B
:10FBE00024680020B0F84630B0F848209BB292B2AA
:10FBF000934202D2501EC01A7047406B0138104425
:10FC0000C01A704772B6B0F84A30B0F84C2099B2BA
:10FC100093B2994201D2826B11440269CB1AD06A25
:10FC2000C0F30260184462B6704700BFB0F84A20C3
:10FC3000B0F84C3092B29BB29A4270B428D00133E3
:10FC4000846BA34217D2016B9EB28B4218D2016A19
:10FC5000C95CC9B2856DA0F84C60B5B19A4238BF95
:10FC60001219D31AC26B93420FD8C36D0846C5F858
:10FC7000883070BC70470026016B33468B42E6D358
:10FC8000591A456A695CC9B2E4E7084670BC704716
:10FC900072B6B0F84A1089B28A4202D062B60A46F9
:10FCA000CDE70369DA6A12F0E06F04D0D869C0F3D7
:10FCB000090062B6DDE74FF0FF30FAE790F8443014
:10FCC00043B110B5044603F061FA94F84430002BB8
:10FCD000F9D110BD704700BFB0F84A20B0F84C30E1
:10FCE00092B29BB29A4210D00133816B026B8B426D
:10FCF00028BF0023934204D39B1A426AD05CC0B24F
:10FD00007047026AD05CC0B2704772B6B0F84A1051
:10FD100089B28A4201D062B6E6E70369DA6A12F074
:10FD2000E06F11D0DB690021026AC3F3090310B44C
:10FD30000124A0F84A40A0F84C10D9B2517062B624
:10FD400018465DF8044B70474FF0FF3362B6184613
:10FD5000704700BFEFF31380B8B9EFF310834BB9CE
:10FD6000EFF305823AB94FF48073EFF3118050B18D
:10FD7000984208D270470F2AF7D9054BD35CEFF3AE
:10FD800011800028F4D1184670474FF0FF30F1E79A
:10FD9000F0E300E007EE901A9FEDA47A0421B6EE9E
:10FDA000005AF8EE677A9FEDA26A2DE9F043C7EE9C
:10FDB000275A0E46012541F6FF741DE0A342A8BF55
:10FDC000234607EE903AF8EEE76A76EEC76AC6EE8B
:10FDD000877AF5EEC07AF1EE10FA48BFF1EE677A55
:10FDE000F4EEC67AF1EE10FA03D8B0EE676A0E466A
:10FDF0001D460131212911D007EE901AF8EEE77A5D
:10FE000085EEA77A77EE057AFDEEE77A17EE903A5F
:10FE1000002BD3DCF7EE006A0123D6E7002143690B
:10FE200002F40074D0F83890B3F85C70B3F85E80D8
:10FE30008C42A0F84A10C7EB0907A0F84C1008BF85
:10FE40008C46A0F8461018BF4FF0010CA0F84810DF
:10FE500080F84410D3F810E05969DEF80040C76319
:10FE600044EA0104C8EB09010164CEF8004080F8BF
:10FE70001AC040F0CE80047E6E4903EB04146E4F2E
:10FE8000247E01EB0414A4682760047E03EB0414B1
:10FE9000277ED4F81CE001EB07146468C4F800E086
:10FEA000047E03EB0414276A0FB1646A3C60447E4D
:10FEB000D92703EB041494F8384001EB0414A46828
:10FEC0002760447E03EB041494F83870E46B01EB74
:10FED000071149680C60417E03EB01110C6C0CB1F9
:10FEE000496C2160711E5C785F68082E4FEA0161E1
:10FEF0004FF00006D8BF4FF4003E04F1100401F0AB
:10FF0000F853C8BFB64601691D434C4B4EEA050580
:10FF10000D61CE6043F824704369012448495D783F
:10FF200093F85A30474E6B54456901696B7803F07A
:10FF30001F075B11BC4046F823408B6A9B0803F007
:10FF40001C030F2B60D85B1003F00303DCB28B6A39
:10FF50009B0003F01C030F2B53D8DB0303F4403347
:10FF6000234302F00304CB628B6A43F088038B6265
:10FF700053074BD444F4701302F00F04042C847E16
:10FF800008BF43F08043970648BF43F080530CB14D
:10FF900043F0A00316078B6103D50B6943F00053B0
:10FFA0000B614B69D40623F0805348BF43F0805364
:10FFB0004B61D30503D50B6943F400530B61EB6828
:10FFC0001B78E3B9204E357865B3204C2368834213
:10FFD00026D0691E2346C9B204EB810103E053F821
:10FFE000042F90421AD08B42F9D16B1CDBB2184A15
:10FFF0003370137844F8250043F002031370BDE812
:02000004600496
:10000000F0834FF44033ABE70324A0E7114B2343C5
:10001000B2E7447E4FF2D90706494AE7BDE8F083CC
:10002000BDE8F0830123094CE1E700BF001BB74B9B
:10003000EC78AD60740C002038F00100006C0020FA
:1000400000E400E000E100E033740120289C00207F
:100050002B69002010003C0010B4416299B1036B81
:100060001A44826344690021B4F85C30B4F85E40FD
:10007000D31AA0F84A10121BA0F84C10C3630264F4
:100080005DF8044B7047026B8263EBE7F8B5036DD4
:1000900004460E4613B1426DC3F88420A37E33B1EB
:1000A00072B62269936943F00053936162B6B4F863
:1000B0004650636BADB201359D4249D2AFB2B4F840
:1000C00048309BB2AB4220D1FFF744FE6369B3F8DE
:1000D0005A3098422DDC21694B691B02EFD5B4F8E8
:1000E0004830626B9BB20133934227D2E26A98B2E6
:1000F000934228D2E269D35CDBB2CB61A4F848001A
:10010000B4F848309BB2AB42DED0E36A9D4222D3C2
:10011000ED1AF6B2A36A5E5572B60120226984F820
:100120004400A4F84670936943F40003936162B6F7
:10013000F8BDFF28C3DD03F029F8C0E70020E26A1C
:1001400003469342D6D39B1AA26AD35CDBB2D4E7B0
:1001500000273D46B3E7F6B2E3695E55DCE700BF32
:10016000FFF794BF0269536913F4401FF0B542D002
:10017000D36AC3F30265002D3AD0B0F84A70B0F8E4
:100180004CE0BFB21FFA8EFE06E0026AD654026946
:100190006B1E13F0FF051AD0D1697B1C866BB0F87B
:1001A0004C40C1F30901B34228BF0023A4B2A342CB
:1001B000EED0026BCEB21F469342A3EB0204E4D30F
:1001C000436A1E556B1E026913F0FF05E4D1BBB2F2
:1001D000816DA0F84A3059B1774573D2836BCEEB6D
:1001E00003031F44036C9F4202D3C36DC1F88430E4
:1001F0005369DC0255D4D2F818E01EF4000F02D087
:10020000536919021CD41EF4800F48D053695B0255
:1002100046D50021036D80F8441013B1416DC3F839
:100220008810837E3BB172B60269936923F0005354
:10023000936162B60269936923F480039361F0BD10
:10024000B0F84650B0F84830ADB29BB29D422DD0C8
:10025000466BC46A0AE0C169C95CC9B2D161D16A9E
:10026000C1F30221032912D8AB421FD001339E42B1
:1002700098BF0023A342A3EB0401ECD3876A795C07
:10028000C9B2D161D16AC1F302210329ECD999B273
:10029000AB42A0F848100CD01EF4800FB6D1F0BDD0
:1002A000F0BD536943F480135361A4E7ADB2A0F8E5
:1002B0004850936923F400039361936943F48003E6
:1002C0009361A0E7CEEB07078CE700BF0148FFF77B
:1002D00049BF00BFC85B002070B504460D46C61D6F
:1002E000002308460A2214F8041F00F001F92B68C5
:1002F0002E2128461B68984714F8011F00230A2264
:10030000284600F0F5F8B442F1D1042070BD00BFDA
:1003100010B5144C236813B1134AD168E9B9636866
:1003200013B1124AD168A1B9A36813B1104AD168B8
:1003300059B9E3683BB10F4AD16829B10121BDE841
:100340001040D160184710BD10BD0121D160984701
:10035000EFE70121D1609847E6E70121D160984796
:10036000DDE700BFE0940020004108401041084054
:1003700020410840304108400368F0B55BB30025D8
:1003800001249D60DC60214D03241A601D449C60A3
:100390001F4C03792D111F4F635523786078FF2B75
:1003A000A278E47828BFFF231B4E47F8251083422C
:1003B00028BF034619489342C0F8286228BF134655
:1003C000A34228BF2346164C4FF08061154A0120F6
:1003D00023701160F0BD144F4FF0010C134EFC6EF2
:1003E000DFF850E0334644F44054114DFC66CEF83B
:1003F00000C006609C68002CC5D01033AB4203607F
:10040000F8D1002303601846F0BD00BF00BFF7BF5E
:100410005C600020E0940020150B0100006C0020BF
:100420007AE400E00CE100E000C00F400041084029
:10043000404108400040084002680AB3114B12498D
:100440001344F0B51B11FF250024DFF844E0CD5420
:100450000E784D78FF2E94604EF8234028BFFF267B
:100460008A78C978AE423346084F28BF2B4693425C
:1004700028BF13468B4228BF0B463B700460F0BD7B
:10048000704700BF00BFF7BF5C6000207AE400E067
:10049000E0940020F8B50E4671B17AB107461446D3
:1004A00000253B68384616F8011B1B689847013C3D
:1004B0000544F6D12846F8BD0846F8BD1046F8BDFB
:1004C00010B5064C82B003680222248801A95B683B
:1004D000ADF80440984702B010BD00BF8005002071
:1004E000036810B514465B689847204610BD00BFEE
:1004F000F0B506468BB0002A33D0012A08BF0A2285
:1005000051B3212500E0FDB26F1EB1FBF2F402FBF6
:100510001411C8B2092900F1370100F1300088BF79
:10052000C8B221460AAC98BFC0B22C4404F8240CCF
:100530000029E8D133B1013D0AAB2D22EDB22B44A5
:1005400003F8242C336801A9C5F12202304629445E
:100550005B6898470BB0F0BD302221258DF825202F
:10056000E8E70368C9B21B6898470BB0F0BD00BF4D
:10057000002903DB00230A22FFF7BABF49422D23DB
:100580000A22FFF7B5BF00BF38B5224C224A2368C4
:100590005BB12249013B12680968C2F88C105A1DF0
:1005A00008BF6FF00203236038BD1C4B1C4D196857
:1005B00012682B68C2F8881093B11A4AD2ED007AFB
:1005C000F5EEC07AF1EE10FA06D99FED177AF4EE47
:1005D000C77AF1EE10FA0ADD002223602A6038BDE6
:1005E0001248FFF729FF124BFF221A7038BDF3EEB5
:1005F000086ABEEE007AA7EEA67AFCEEC77A17EE7E
:10060000902A102AE8D90B490848FFF7B5FE2B6855
:10061000E2E700BFD49B0020E89B0020EC9B002079
:10062000D09B0020F09B0020ABAA2A4DE85F002061
:10063000236900208D0D0100362853D8F8B5002A13
:1006400049D002FB01F23D4BA3FB02239B095B0057
:100650000133002943D007EE901ADFED396AF8EE36
:10066000677A86EEA77A374902018C18676872B6F6
:10067000DFF8F0E09EF80050854234D0362DDFF8E8
:10068000E8C0314D04D82E68DCF80040C6F8884038
:100690008E18B5EEC07A8A5805248EF80000F068EE
:1006A000F1EE10FA294EC2F888005168CCF800002B
:1006B00041EA000126482A60516033603C6080EDC9
:1006C000007A06D9DFED237AB4EEE77AF1EE10FA7C
:1006D00019DD62B6F8BD6FF002030029BBD19FEDB2
:1006E000187AC0E770471A4AD2ED007AF4EE477ADA
:1006F000F1EE10FA18D115490A6802F00102013A28
:1007000013440B60E5E7F3EE086AFEEE007AE7EECD
:10071000267AFCEEE77A17EE902A102AD9D90E49EC
:100720000E48FFF729FED4E708480D4C016882ED1A
:10073000007A01F0010123600160CAE7D34D621025
:100740000024F448740C0020E89B0020D49B002077
:10075000F09B0020ABAA2A4D8D0D0100E85F002020
:10076000D09B002023690020EC9B0020362807D86E
:1007700010B572B6094C2378834202D062B610BD20
:1007800070470748FFF758FE064B074AFF211B68D2
:1007900012682170C3F88820F0E700BF23690020A9
:1007A000E85F0020E89B0020EC9B0020024A034900
:1007B000034803F017BE00BF785B00208976000075
:1007C000E85F0020F0B5194C23680BB31849DD171A
:1007D000DFF868E083FB0167164E81FB0321DA191D
:1007E0001944C5EB2242C5EB214144F2A7150EFB8B
:1007F000123206FB01F105FB0213002B0FDA6FF03A
:1008000000421A44B2FBF0F3226000FB1320F0BD5B
:10081000094AB2FBF0F3226000FB1320F0BD1A4638
:10082000B2FBF0F3226000FB1320F0BDD89B002048
:100830005F0B4E83ECF4FFFF42CE0C1F1DF3010053
:10084000884206DA10B50446081AFFF7BBFF2044B9
:1008500010BD704710B50446006803F0DDFF204668
:1008600010BD00BF38B543688B4201D3012038BDAD
:100870000D4604460131006804F006FC0028F6D05D
:10088000A36884E82100002BF0D10370EEE700BFDD
:10089000F8B50446154632B9036803B11A7000234F
:1008A000A3602046F8BD0E461146FFF7DBFF074662
:1008B00048B9206810B103F0AFFF2760002320463D
:1008C0006360A360F8BDA5603146206805F014F8A8
:1008D000E7E700BF38B50023044603604360836048
:1008E000037341B10D46084605F068F802462946F3
:1008F0002046FFF7CDFF204638BD00BF38B50C4677
:100900000546084605F05AF8214602462846BDE845
:100910003840FFF7BDBF00BF10B50023044682B0CA
:100920000A2223600846636001A9A360237306F0CE
:1009300019FE01A92046FFF7E1FF204602B010BDD5
:1009400010B5002304468AB0881C23606A466360A1
:10095000A360237300F0C8FD30B101462046FFF7C5
:10096000CDFF20460AB010BDA06020460AB010BDE1
:10097000814203D08A680968FFF78ABF704700BFC9
:100980002DE9F8430F46036804461546BB428168CB
:100990000AD85A18974207D2C3EB07094FF001084B
:1009A00035B92046BDE8F8834FF00008002DF8D097
:1009B0004E1920463146FFF755FF0028F1D0B8F117
:1009C000000F0ED023682A46A06803EB09011844E3
:1009D00000F0C6FC236800229A55A6602046BDE8B8
:1009E000F88320683946A368184404F085FFF4E7CB
:1009F0008A680968FFF7C4BF38B5054641B10C469F
:100A0000084604F0DBFF024621462846FFF7B8FF00
:100A1000284638BD10B582B00023044601228DF867
:100A2000041001A98DF80530FFF7AAFF204602B097
:100A300010BD00BF83688B4203D9006810B1405CD1
:100A400070470020704700BF2A2817D8F8B51D4FFF
:100A500005463B78A3B91C4B5B5DFF2B21D01C06E0
:100A600021D41A4C2360236AD80704D402F08EFBE9
:100A7000236AD907FAD5154B586AF8BD002070478C
:100A8000124C134E01E002F081FBA36C1B06FAD45A
:100A9000B36C13F08003F6D13B700B4B5B5DFF2B07
:100AA000DDD10020F8BD03F07F03094C2360236AE9
:100AB000DA0704D402F06AFB236ADB07FAD5044B99
:100AC000586AF8BD377401207011002000400C40B6
:100AD00000800C40964A974B90422DE9F043964C8B
:100AE000D3F814E09969E6681CD9944B984240F217
:100AF0001581934B40F22765924F0344924C1A0A9A
:100B0000A7FB0232D30903EB830303EB830202F258
:100B1000E243AB4228BF2B46A3F54873A4FB033541
:100B2000ED0804E0894DA84294BF06250E25814AB0
:100B300006F01F07D2F88030AF4243F0C003C2F87E
:100B400080300AD27C4B26F01F061A462E43DE6008
:100B50001368002BFCDA06F01F071EF0007331D17A
:100B60007B4C7C4AD4F810C014460CEA0202A24224
:100B70000ABF4FF0C0534FF4805200228EEA0304A4
:100B800014F0605F08D02EF0605E03F06053694C93
:100B900043EA0E0EC4F814E081EA020313F4405F46
:100BA00008D0644B21F4405111431A469961936C6B
:100BB0001C07FCD44EF0007E5E4AC2F814E0936C31
:100BC0009906FCD40121644C0A4601FB02F300FBA8
:100BD00003F3A34209D8072A00F29580013201FBF2
:100BE00002F300FB03F3A342F5D95C485C4C1844C4
:100BF000A4FB00031B0D6C2B00F28B80352B00F245
:100C00008F80DFF8888136235648DFF844C1564C80
:100C1000DCF80090B0FBF2F009EA04044445B0FBB4
:100C2000F1F00BD043F400534FF480586446CCF8F5
:100C30000080CCF800302368002BFCDADFF8F4C029
:100C4000013ADCF8103003F00703934207D002F0BA
:100C500007026446CCF81020A36CDB03FCD40139F6
:100C600089028EEA010313F4E05F0CD0314B2EF4BD
:100C7000E05E01F4E0511A4641EA0E0EC3F814E0BA
:100C8000936C9907FCD4394B39490344DB09A1FB28
:100C90000331090B042928BF04214B1E1B028EEAD5
:100CA000030212F4407F07D02EF4407E03F4407319
:100CB000204A43EA0E0353611E4B5C691A4624F036
:100CC00000745C61936C9B06FCD42A4B4FF0FF329E
:100CD000294CBD42A3FB00E320604FEA9343274C1D
:100CE000B2FBF3F3B0FBF1F1254A2160136008D2A7
:100CF000114B26F01F061A462E43DE601368002BA8
:100D0000FCDABDE8F08304293FF66FAF0131012220
:100D10005BE7DFF87C806C231A4876E7122506E74C
:100D20001948DFF8708000FB03F043EA08086CE71D
:100D300000A4781F00C00F40000008400046C323F5
:100D400000BA3CDC23B24C001F85EB5100366E012B
:100D500000800D4040300080FFB19F26808D5B00F9
:100D6000819F5E1600B29F267F3001807FD1F00800
:100D70009F10E50083DE1B43945B0020905B002006
:100D8000F06A012000643F4D001BB7003620008050
:100D90006C20008000200080002857D001222DE91F
:100DA000F04F85B083462A4C2A4D2B4EDDE902894F
:100DB00054E8003F2868336844E800210029F7D14F
:100DC000264FCDE902893A68D31A254A4FF47A7E34
:100DD000019712680127A3FB02234FF47A72984609
:100DE00000238B4208BF42452CBFC246F2460EFB91
:100DF00000AA54E8003F2A68316844E80073002BD9
:100E0000F7D101980068411A15484FF47A7E0068BE
:100E10000EFB02F2A1FB00014FF47A70CAEB020252
:100E200088460021994208BF40452CBF434673467F
:100E30001A44724507D3BBF1010B0AF57A7AD8D16F
:100E400005B0BDE8F08F02F0A1F9D2E7704700BF0E
:100E5000CC750120A46D0120A06D0120041000E0DC
:100E6000F06A012000010F4B1A181B5810B4D0680B
:100E70005C68044205D059B1C3F884005DF8044BA6
:100E80007047936849B9084A5DF8044B1A60704787
:100E9000C3F888005DF8044B7047044A5DF8044BC2
:100EA0001A607047740C00203830010038F00100DF
:100EB0000001054B1A5819189268CB681A4214BFE2
:100EC00001200020704700BF740C0020362801D894
:100ED000FFF7C8BF704700BF362801D8FFF7E8BF4B
:100EE0000020704736281CD800011A4A012902EB5D
:100EF0000003105810B415D0042913D0DC684268E0
:100F000022EA040242609A68E9B102291ED003294C
:100F10005B685DF8044B0CBF0F4910491160152246
:100F20001A607047DA680129446842EA04024260A4
:100F30009A6808D040F6380111605B6815225DF8A8
:100F4000044B1A60704738211160F6E704491160BC
:100F5000F3E700BF740C00203830010038000100B6
:100F600038F00100F0B4144B0021144C01201A4653
:100F70000F46C3F8F0421D46114E124CC3F8F4124E
:100F8000C2F8B800C2F8A070C2F8A460C2F8B000FD
:100F900053690949DB07FBD568612378DB07EFD488
:100FA0000B680A4643F001030B601368DB07FCD4AF
:100FB00062B6F0BC704700BF00802A4005040124DF
:100FC00001000F0000812A4070B40E4E4FF6FF75ED
:100FD0000D4CA4F58053002202E09C4282B204D959
:100FE00033F8021B501CA942F7D104F5805426F8AF
:100FF000022FB4F1C14FECD1044B01221A7070BC26
:10100000704700BFF26A012000107C603D7401202F
:10101000F8B541F2BB03984201D9FF20F8BD184B47
:1010200005461B7843B3AC081649174B05F003007F
:10103000A4FB0167154EA1FB0421E21B651A07EB17
:10104000520201EB550552096D09C2EB821240EACA
:101050008505A21A134436F812401B0303EB44041F
:10106000A342DAD2FF2033F8022BD1B28D4208BF5F
:10107000100A9C42F7D8F8BDFFF7A6FFD3E700BFE0
:101080003D74012005411004C0070600F46A0120E8
:10109000F8B50E46154672B6314A0024314F022388
:1010A00040F206414FF4702E97610127D36120F082
:1010B0001F03C2F8A040C2F8F0124119C2F8F4426E
:1010C000C2F8F842C2F8FC42C2F8A4E0C2F8B0701C
:1010D000BFF34F8F244A136020339942FBD8BFF3EC
:1010E0004F8FBFF36F8F1E494B691D4ADC07FBD53D
:1010F000ABB201211D4C20F07F4043F4702342F23B
:1011000001275161C2F8F0421446C2F8F472C2F8E5
:10111000BC10C2F8A000C2F8A430C2F8B01001E0C0
:101120005B060AD463690E4A13F00101F8D041232B
:101130005361BDE8F840FFF715BF082D4FF00802D6
:1011400006D9083D31460A48164400F009F900E086
:1011500015B940236361E5E72A460D46F2E700BF73
:1011600000802A40F05AF05A5CEF00E03204180880
:1011700080812A40F0B472B6224A0024224D022116
:10118000224B40F2064795614FF47026034001253B
:10119000D161C2F8F07203F58051C2F8F442C2F88E
:1011A000F842C2F8FC42C2F8A040C2F8A460C2F8FB
:1011B000B050BFF34F8F164A136020339942FBD8CB
:1011C000BFF34F8FBFF36F8F0E494B690D4ADC079A
:1011D000FBD5104B0124104E4FF4702503401146EF
:1011E0005461C2F8F062C2F8A030C2F8A450C2F84C
:1011F000B0404B69034ADB07FBD50123F0BC5361C8
:10120000FFF7B0BE00802A40F05AF05A00F0FFFF0E
:101210005CEF00E000F0FF002004180841F2BB037F
:10122000984268D83E4B2DE9F04F1B78C3B08A46F0
:101230008146002B6ED04FEA99023A4B09F0030029
:10124000394DA3FB0213DFF8E480D71A03EB5707ED
:101250007F09C7EB8713B946D71A40EA89093D448D
:1012600038F817402D0305EB4400854255D22B4634
:10127000FF2633F8022BD1B2894508BF160A9842DF
:10128000F7D8B24534D0B4F5006F35D302AE4FF481
:101290008072FF21304603F02BFE05F580502A4670
:1012A00032F8023BD9B290424FEA13237354F7D875
:1012B0000024284606F809A00DF1070B2646FFF783
:1012C00059FF1BF8013F05EB460002220DF1060114
:1012D000FF2B44EA032304F1010404D00136ADF8E6
:1012E0000630FFF7D5FEB4F5807FEAD128F8176005
:1012F00043B0BDE8F08F704749EA0A29022202A9EB
:101300000134ADF80890FFF7C3FE28F8174043B04A
:10131000BDE8F08FFFF758FE8DE7FF26B1E700BF6D
:101320003D74012005411004C0070600F46A012045
:1013300062B170B505461446084615F8011B461CF7
:10134000FFF76CFF013C3046F7D170BD704700BF1E
:1013500008B5F0F739F9F2F73FF801F017FFFAE7AF
:10136000844641EA000313F003036DD1403A41D3B0
:1013700051F8043B40F8043B51F8043B40F8043B6F
:1013800051F8043B40F8043B51F8043B40F8043B5F
:1013900051F8043B40F8043B51F8043B40F8043B4F
:1013A00051F8043B40F8043B51F8043B40F8043B3F
:1013B00051F8043B40F8043B51F8043B40F8043B2F
:1013C00051F8043B40F8043B51F8043B40F8043B1F
:1013D00051F8043B40F8043B51F8043B40F8043B0F
:1013E00051F8043B40F8043B51F8043B40F8043BFF
:1013F000403ABDD2303211D351F8043B40F8043B9F
:1014000051F8043B40F8043B51F8043B40F8043BDE
:1014100051F8043B40F8043B103AEDD20C3205D3AE
:1014200051F8043B40F8043B043AF9D2043208D0A6
:10143000D2071CBF11F8013B00F8013B01D30B8818
:1014400003806046704700BF082A13D38B078DD0F6
:1014500010F003038AD0C3F10403D21ADB071CBFC8
:1014600011F8013B00F8013B80D331F8023B20F832
:10147000023B7BE7043AD9D3013A11F8013B00F86B
:10148000013BF9D20B7803704B7843708B788370F3
:101490006046704703F0B8B9F0B44E1E00253746D9
:1014A00000E00135B0FBF2F302FB130000F137045A
:1014B000092800F13000E4B298BFC4B2184607F81A
:1014C000014F002BEDD14A1953704DB1013316F87D
:1014D000014F1778E81A3770834202F80149F5DBAB
:1014E0000846F0BC704700BFB4EE400A80EAE073E3
:1014F0002DE9F047F1EE10FA05461446A3EBE07330
:101500002DED028BB0EE408A84B080F12381F0EEA5
:10151000C07A9FEDC67AF4EE477AF1EE10FA42DD1A
:10152000B5EEC00AF1EE10FA4CBF042203229A4233
:1015300021DB0028C0F270810022B5EEC08AF1EEF6
:1015400010FA00F14A8149254E204621E31C2570FE
:101550006070A170002A00F067811A44202103F80E
:10156000011B9A42FBD100231046137004B0BDEC5E
:10157000028BBDE8F0870028A3EB0202DDDA002A27
:1015800000F04A81A318202204F8012B9C42FBD1D1
:10159000B5EEC08AF1EE10FA40F1178100222D213C
:1015A0005C1C1970CFE70F4602AA01A93846BA465B
:1015B00003F0E8F8DDF804908046002F00F0878003
:1015C000C9F10003BB4200F3BC80404604F0F6F9C9
:1015D0000646B145B8BF0136B9F1000F00F0AF8043
:1015E000B9F1000F22DA0FB309EB0703BE1C8342E7
:1015F0001CD2002F06DDF2EE047ABAF1010A28EEC1
:10160000278AFAD102AA5046B0EE480A03A903F08D
:10161000B9F8DDF80490039A7B1C8046C9EB0202FE
:101620009A4203D109F10109CDF80490DDF808E0F0
:10163000BEF1000F5ED00136A81BA11900285EDCA8
:1016400022462D20531C1070B9F1000F6DD087B1C8
:10165000B9F1000F0DDA1A4630202E2702F8020BDE
:101660005F70C9EB020302F8010B9A42FBD1002222
:1016700001928B4220D25F1C98F8002008F10108EB
:101680008F421A7019D0019A4FF02E0E0BE083F89A
:1016900001E002338B4203F101070DD218F8010B70
:1016A0008F42187009D0013A0192002AEFD03B46D0
:1016B0008B4203F10107F1D31946002D71DB0023A2
:1016C00020460B7004B0BDEC028BBDE8F087B9F189
:1016D000000F7FF475AF012390F800805449554AFC
:1016E000994601934FF0FF33B8F1340F8CBF884611
:1016F000904667E7A81BA119002840F39380014496
:10170000224601384FF0200C02F801CBC2F1010350
:1017100003442344002BF7DC20EAE0730133234425
:10172000BEF1000F90D01A468BE7002FA1D01A46C9
:1017300030272E2002F8027B5870134699E70136B5
:1017400074E70126C7F10009DFF8E8803046CDF8DC
:1017500004903EE7B5EEC00AF1EE10FA4CBF042249
:1017600003229A423BDA0028A3EB020340DB18EE87
:10177000102A002A37DB4E214120E21C2170A17083
:101780006070002B4CD01344202102F8011B9A42B8
:10179000FBD1002218461A7004B0BDEC028BBDE8E4
:1017A000F087A8194342C043002B88DD0A46202554
:1017B00002F8015BC2F1010303440B44002BF7DC88
:1017C00020EAE0730133194479E749244E20462189
:1017D000DA1C1C7058709970C5E62346DFE60028B5
:1017E00018DB0023C3E722462D21541C1170C2E7E9
:1017F00083B1E218202304F8013B9442FBD118EE98
:10180000103A002B0ADB4E214120D31C117091703D
:101810005070BEE72246F2E72346B9E60023E3E72D
:101820001346B6E723460FE71A469CE6FFFF7F7F85
:10183000A4290020EC540020F0B501EB4106294C0E
:10184000012500EB461694F800C005FA01F1F48971
:101850001FFA81FEB0F88851A4B24FEA0E1704FBBC
:101860000333ADB207F0F00723FA0CF33D43A34274
:10187000A0F8885128BF2346012A22D015D3022A76
:1018800008D001F00F01B0F888319BB21943A0F8DD
:101890008811F0BD9BB201F00F01F383B0F88031E5
:1018A0009BB21F43A0F88071EDE7E31A01F00F012E
:1018B0009BB27381B0F880319BB20B43A0F88031AA
:1018C000E1E79BB201F00F014FEA0E2EF382B0F870
:1018D00080310EF4706E9BB24EEA030EA0F880E1E8
:1018E000D1E700BF266900202DE9F0414FEA410E03
:1018F000384AB6EE007A4FF0010C0EEB01030CFAF9
:1019000001F700EB4313BEB2DB89D2ED007A9DB242
:10191000F8EE677A87EE800A30EE070AFCEEC07AAE
:1019200017EE903AB3F5803F4ED300224FF6FF7486
:1019300001E0062A03D85B080132A342F9D8B3F5C7
:10194000803F4FEA021237D242F4806292B203F132
:10195000FF3C1FFA8CFCB0F88881360107F00F04B9
:101960007144F6B21FFA88F700EB41113E43A0F82C
:101970008861CA80A1F80EC04A8992B203FB02F2C4
:10198000B2FBF5F292B24A81CA8A92B203FB02F22A
:10199000B2FBF5F292B2CA82CA8B92B203FB02F397
:1019A000B3FBF5F39BB2CB83B0F888319BB21C43F9
:1019B000A0F88841BDE8F08142F480624FF6FE7CD9
:1019C0004FF6FF7392B2C6E7012B4FF48062BED888
:1019D0000223C0E7905B0020224BB6EE007AD3EDE5
:1019E000007AF8EE677A30B487EE800A4FF6FE741C
:1019F00030EE070AFCEEC07A17EE903AA3422AD9DD
:101A0000002201E0062A03D85B080132A342F9D87C
:101A100008324FF6FE7542F226045202AB4202F43F
:101A2000F05288BF2B46144300EB41110D8ACA883F
:101A3000ADB292B205FB03F0C2F101122A44B0FB31
:101A4000F2F29B1A92B2C3F101039BB2CB800A82DD
:101A50008C8130BC7047012B43F2260498BF0223CF
:101A6000E2E700BF905B002036280CD8294AF8B581
:101A7000044600B212F8206002EB8005012E03D06C
:101A8000022E16D0F8BD70476A78C2F30113032BFB
:101A90003AD0214850F823008BB202F00301AA7813
:101AA000FFF7CAFE1D48EA7800EB041043681A608D
:101AB000F8BD6E78C6F30113032B27D0184A52F8ED
:101AC00023E006F00306174B89B20EEB461793F896
:101AD00000C07601FA880EEB0603764492B2188AAB
:101AE000C2F1011212FA80F2501E00FB01F323FA38
:101AF0000CF3984298BF931ED21A9BB2C2F1010216
:101B000092B2FA803382CDE70748C5E7DFF81CE0E0
:101B1000D7E700BF9C11002084050020740C002032
:101B2000900500202669002000803E4000801E4075
:101B3000362809D800B2134B13F8202003EB80039A
:101B4000012A02D0022A0DD070475978C1F3011240
:101B5000032A13D00C4850F822009A7801F00301B0
:101B6000FFF7C2BE5978C1F30113032B08D0074A0F
:101B700052F8230001F00301FFF72EBF0448ECE701
:101B80000448F7E79C110020840500209005002000
:101B900000803E4000801E40A4484FF00F0CA44B34
:101BA000826F42F47F02F0B582670025D0F8802072
:101BB0004FF470469F4C4FF4604E29464FF48067B7
:101BC00014432A46C0F88040A3F88C6148F2B82636
:101BD000A3F88EC1A3F89051B3F8880180B240F009
:101BE000F000A3F8880101EB4100914B0131002581
:101BF00040011C4604290344A3F804E0DF805A8412
:101C00001A865A805A81DE815A82DA825A83DA83AE
:101C1000E9D1B4F888014FF00F0C874B4FF47046B0
:101C200080B229464FF460472A4640EA0C004FF440
:101C3000806EA4F88801B4F8880180B240F4706026
:101C4000A4F88801A3F88C6148F2B826A3F88EC1E5
:101C5000A3F89051B3F8880180B240F0F000A3F8E7
:101C6000880101EB4100744B0131002540011C4605
:101C7000042903449F80A3F806E05A841A865A80F8
:101C80005A81DE815A82DA825A83DA83E9D1B4F842
:101C900088014FF00F0C694B4FF4704680B2294613
:101CA0004FF460472A4640EA0C004FF4806EA4F8D7
:101CB0008801B4F8880180B240F47060A4F888010B
:101CC000A3F88C6148F2B826A3F88EC1A3F890510E
:101CD000B3F8880180B240F0F000A3F8880101EB6E
:101CE0004100564B0131002540011C4604290344A4
:101CF0009F80A3F806E05A841A865A805A81DE81B2
:101D00005A82DA825A83DA83E9D1B4F888014FF033
:101D10000F0C4B4B4FF4704780B229464FF460468E
:101D20002A4640EA0C004FF4806EA4F88801B4F80B
:101D3000880180B240F47060A4F88801A3F88C7127
:101D400048F2B827A3F88EC1A3F89051B3F88801E0
:101D500080B240F0F000A3F8880101EB4100384B5D
:101D6000013140011C46042903449E80A3F806E08B
:101D70005A841A865A805A81DF815A82DA825A83BB
:101D8000DA83EAD1B4F888310F27002241F2010644
:101D90009BB245F6C05E114643F226053B43A4F8CC
:101DA0008831B4F888319BB243F47063A4F8883169
:101DB0005001244B01320344042A99815981DF8167
:101DC0009E82A3F806E0198019829D81F0D100223D
:101DD0000F2741F2010645F6C055114643F226048D
:101DE0005001194B01320344042A99815981DF8142
:101DF0009E82DD80198019829C81F1D100220F27FB
:101E000041F2010645F6C055114643F22604500141
:101E10000E4B01320344042A99815981DF819E824D
:101E2000DD80198019829C81F1D1F0BD00C00F4086
:101E300000C03D40000003FC00003E4000403E402A
:101E400000803E4000C01D4000001E4000401E407B
:101E5000704700BF72B6EFF30583494D6B60EFF337
:101E60000883484C2E4648484849494A2468006837
:101E7000096812682961AC60E8606A619A69454C3A
:101E8000AA61DB69444FEB6100F0D8F885ED080AE0
:101E900001F028FA0B234FF0FF32686219462B60DD
:101EA0004A40202102F00103013904FB03F383EAD5
:101EB0005202F7D1BE4202D056F8041FF0E7304973
:101EC0008A62BFF34F8F354B354A19601A60BFF3F2
:101ED0004F8FBFF36F8F334A0225334CD36E334994
:101EE00043F440533248D3662560D36923F07F031F
:101EF00043F04003D3610B6883423ED82A4A002155
:101F000001202C4E11604FF0FF33C2F808110C462F
:101F1000C2F800611546C2F808010746DFF8C0E0C4
:101F2000254E26482649274ACEF800303360036004
:101F30000B60136001E000F065F9D5F80C211A4B35
:101F4000002AF8D00134C5F80C714F2CF3D91E4A81
:101F500002241E484FF00041C0F840415163D3F8BD
:101F60000C2132B91A491B4A0A63D3F80C01002824
:101F7000FAD0194B194A1A60FEE7FEF7ABFDBDE730
:101F800080FF272028ED00E02CED00E034ED00E09C
:101F900038ED00E02083B8EDA4FF272070EF00E0CB
:101FA000A0FF272000C00F4000400840945B0020A5
:101FB000803DCD0B009F240084E100E088E100E03B
:101FC0008CE100E090E100E000900D4000002E4028
:101FD00000800F40F100AD0B0CED00E00400FA05AD
:101FE00080E100E0094A08B5136820B118440849A7
:101FF000884202D81060184608BD02F0C9FB0C22C6
:102000004FF0FF330260184608BD00BF606000203B
:1020100000002820002070474FF0FF30704700BFBD
:102020004FF4005300204B60704700BF0120704701
:102030004FF0FF30704700BFFFF70CBF12490B682D
:10204000114A5B07FBD513681049C3F30B23104AF1
:1020500007EE903A0B6892ED006AB8EEE77A07EE69
:10206000903A0C4AF8EE677A0B4BD2ED006A77EEA5
:10207000677A93ED007AB8EE477A67EE867A87EE54
:10208000A60A37EE400A704780810D40E06A0120C1
:10209000E86A0120EC6A0120E46A0120836BF0B455
:1020A0001BB1536843F40043536072B6446B5CB396
:1020B0001C4B2260D3F8B0410C4215D11A4E376840
:1020C00004E03468E41BB4F5166F0BD2D3F840413A
:1020D00044F48044C3F84041D3F8B851D3F84041A8
:1020E0006404EED50D4003D0426362B6F0BC704785
:1020F0000C4C8260C560D4F8B0311943C4F8B011FB
:10210000426362B6F0BC7047064D8260C460D5F889
:10211000B0311943C5F8B0110263426362B6F0BC36
:10212000704700BF00002E40041000E070B5064666
:10213000006B90B10246002403E012680134012ACA
:102140000CD0536813F08003F7D032632CB1B36B1B
:1021500005689847013C2846F9D170BD3363736325
:10216000F4E700BFF0B5E1B9214C22490020224B31
:1021700001224FF0011580260A601A46A1604E60C8
:10218000E060C3F8BC51D3F8B0411C4D44F00104E9
:102190008860C3F8B0412860D2F8B031002BFBD181
:1021A000F0BD0904164B144D0126114C41F080017D
:1021B00000221E60596000F5805CE26400F5005E5C
:1021C000A36400F54057D5F8B01100F580462A46C3
:1021D000986041F48031C3F80CC0C3F810E05F612F
:1021E0009E61C5F8B011D2F8B031002BFBD1BCE72D
:1021F000000000208074012000002E40986601201D
:10220000607401202DE9F04FB94C83B0D4F84481BB
:1022100018F0010FC4F844815ED0D4F8AC31002B23
:1022200055D04FF0011BDFF8EC92B24E2546DA464E
:10223000C4F8AC31B06AF26AD4F8403143F40053C8
:10224000C4F84031D4F840319F04F5D5D5F8403179
:1022500023F40053C5F84031C5F8B4A1D4F8B43123
:1022600013F00113FAD181B240F28167C9F800304E
:10227000B94200F2AD80B1F5D06F80F0DE81B1F5EA
:10228000817F00F0608100F2E880802900F04E81BB
:10229000822940F0DA8092B202F07F01072900F231
:1022A000D48089009448954F0844016810063B701B
:1022B0007B7040F10182CA0301D501233B700221EA
:1022C0008E48FFF74FFFD4F8AC31002BB0D1884ACD
:1022D000D2F8BC31002B49D118F0400F18D0844BF4
:1022E000D3F8AC111A46C3F8AC11D3F8BC11C3F83B
:1022F000BC11D2F8B0417E4B002CFAD14FF0FF3226
:10230000C3F8B421D3F8843100F032FD7C4B1C605B
:1023100018F0807F03D07B4B1B6803B1984718F0FF
:10232000007F03D0784B1B6803B1984718F0040F67
:1023300008D06F4BD3F8843113F4007345D0734B3E
:1023400001221A706A4BD3F8482112060BD518F0F7
:10235000800F08D06E490A782AB1013AD2B20A70C9
:10236000002A00F0428203B0BDE8F08F6949C2F84C
:10237000BC310868034240F0E281614A15681D40A3
:10238000AAD02F0C0FD05B4E4FF0010997FAA7F49B
:10239000B4FA84F406EBC41009FA04F44030FFF7F1
:1023A000C5FEA743F2D1ADB2002D95D0514E012705
:1023B00095FAA5F4B4FA84F406EBC41007FA04F411
:1023C000FFF7B4FEA543F3D186E7504A1370B9E78F
:1023D00042F22107B94234D067D8B1F5086F00F056
:1023E0001E81B1F5106F30D1C0F307404A4A4B4906
:1023F00010704B4F4B4A0193C5F8C871C5F8CC110A
:10240000C5F8D02100F0B6FC474A019B802101208D
:10241000B26451601060F364C5F8BCB1D5F8B01176
:10242000936041F48032C5F8B0213A4A1360D4F881
:10243000B031002BFBD1D4F8AC31002B7FF4F8AED7
:1024400045E7110C072900F03B81C4F8C0B1D4F86E
:10245000AC31002B7FF4ECAE39E740F20237B942E1
:1024600000F0AD80B1F5A06FEFD12F4A8021012798
:10247000F364B26417605160C5F8BCB1D5F8B0110F
:10248000936041F48033C5F8B031D4F8B031002BFB
:10249000FBD1030C5B0643F08073C5F85431D4F8CC
:1024A000AC31002B7FF4C4AE11E742F221239942F4
:1024B00079D042F221339942C7D11B4B80220021AF
:1024C0000120B36418605A60F164C4F8BCB1D4F858
:1024D000B021996042F48033C4F8B031D4F8B031FF
:1024E000002BFBD1D4F8AC31002B7FF4A1AEEEE68B
:1024F00000002E4000000020C0012E40A86A0120EC
:102500009C6601200C74012010740120537401207A
:10251000547401209866012052740120C800020002
:102520000200CC000200C80080740120B64A0221DB
:10253000104613705370FFF715FED4F8AC31002B22
:102540007FF476AEC3E692B202F07F03072B3FF62C
:102550007CAF12F0800F4FEA8303AC4A4FF00001CA
:102560004FF001001A44136814BF23F4803323F0A2
:10257000010313608022A64BF164B36418605A60B3
:10258000C4F8BCB1D4F8B021996042F48033C4F8E7
:10259000B031D4F8B031002BFBD1D4F8AC31002BE2
:1025A0007FF446AE93E692B2002A86D1994BC0F3EF
:1025B0000740994A1968994B116018707DE792B2EB
:1025C00002F07F03072B3FF640AF12F0800F4FEA77
:1025D00083038E4A4FF000014FF001001A44136844
:1025E00014BF43F4803343F0010313608022884B0F
:1025F000F164B36418605A60C4F8BCB1D4F8B02177
:10260000996042F48033C4F8B031D4F8B031002B73
:10261000FBD1D4F8AC31002B7FF40AAE57E6804AE8
:102620000121794B127818461A70FFF79BFDD4F8F8
:10263000AC31002B7FF4FCAD49E67A4B5968002998
:102640003FF403AF000C1FFA82FE04E00C3359681C
:1026500000293FF4FAAE1F888742F7D15F8877459B
:10266000F4D1070A032F00F0BA801B89120C9342A1
:1026700028BF1346B0F5007F00F0A280B0F5E06FF0
:1026800000F08B80684F1A4601933846FEF768FECB
:10269000019B27F01F021F44BFF34F8F63490A605D
:1026A00020329742FAD8BFF34F8FBFF36F8F5E4847
:1026B0001946FFF757FD06E6CB077FF500AEFCE5B0
:1026C0005B4F4FF0010EF3605A495B4B3860C3F823
:1026D00000E05960B3605949D5F8B0017A6001F55E
:1026E000805740EA0E02996001F5005E01F5405006
:1026F00001F58041C5F8B021DF60C3F810E05861F2
:102700009961D4F8B031002BFBD1414A012048F245
:102710008001F36410604FF48030B2645160C5F8FA
:10272000BCB1D5F8B011936041EA0003C5F8B031EF
:10273000C9F80000D4F8B031002BFBD1C3E53C4808
:1027400042F22104002605880E60A54240687FF40D
:1027500014AE81B200297FF410AE3849384C03C959
:102760000D0C86282060A180A5717FF406AE72B69C
:102770003448017841F004010170D2F8481108068C
:1027800006D441F080018020C2F84401C2F848110B
:1027900062B62D4A50211170EFE52C481A46224F9F
:1027A00090F800E02A492B480193BEF1000F08BFC2
:1027B00001463846FEF7D4FD0722019B7A7068E790
:1027C00022481A462349077821480193002F08BF61
:1027D00001461548FEF7C4FD134F019B59E7120C43
:1027E0000B78934228BF134648E716490A7802F04F
:1027F000FB020A702AB9D3F8482122F08002C3F8FC
:10280000482108F0FBFC00BFA86A0120C0012E404F
:1028100080740120A46D0120E8750120517401200D
:10282000527401206C5600202000202070EF00E040
:1028300080960020800007006074012090660120CF
:10284000E07501204A740120547401205374012062
:1028500058F70260A4F70260002AA0F102022DE9F5
:10286000F04714BF00274FF00057022A01D9BDE8F6
:10287000F0874FEAC019DFF840A00D4604460AEB86
:102880000906002140229846304602F031FB012023
:1028900047EA05414AF80910C6F83880B060B8F137
:1028A000000FE4D0034BA0401C6820431860BDE833
:1028B000F08700BF9C66012000000020002AA0F1E4
:1028C00002022DE9F04714BF00274FF00057022AFB
:1028D00001D9BDE8F0874022C501DFF84490884661
:1028E0001544002104461E4609EB050A504602F035
:1028F000FFFA012247EA084149F80510CAF8386092
:10290000CAF80820002EE4D004F11000034B8240E6
:10291000186802431A60BDE8F08700BF9C6601207A
:102920000000002012048160C36142F08002F0B414
:102930004260012701F5805601F5005501F540542C
:1029400001F580420760C660056144618261F0BCA8
:10295000704700BF831E022B00D97047064B0A4602
:1029600030B400F11004012503EBC01005FA04F1A6
:10297000403030BCFFF792BB00000020831E022BCA
:1029800000D9704710B4054B01240A4604FA00F13F
:1029900003EBC0105DF8044BFFF780BB0000002084
:1029A00040687047124A134BD2F8200220F07F4053
:1029B000984210B584B002D800EB800040000E4C65
:1029C00001A90A22FEF768FD01A90023204611F89B
:1029D000012B01333AB10A2B20F8022FF7D116232D
:1029E000237004B010BD5B00DBB2237004B010BDD7
:1029F00000441F407F9698000869002000F0E0BA6C
:102A000000F0B2BA00F016BB00F0D0BA00F06CBB18
:102A100000F042BB0846114600F032BB084600F009
:102A200019BB00BFF8B514494FF40037134D0346E6
:102A300001EB4024124E134A05EB40152146176066
:102A400028463288FFF76EFF318824F01F032144A7
:102A5000BFF34F8F0C4A136020339942FBD8BFF36A
:102A60004F8FBFF36F8F03202946FFF787FF074B78
:102A70004FF400321A60F8BD80002020009500203D
:102A8000267401208CE100E05CEF00E00CE100E046
:102A9000244A43682DE9F041C3F30E431488C56905
:102AA000E41A002C38DD2049204A0B781278DBB27A
:102AB0001F48204E934207D010F8038036F8187054
:102AC000C7F50072944212D9013300221A4F082B25
:102AD00026F8154027F81520184E94BFDAB2134691
:102AE0000A703268C55414443460BDE8F081144B58
:102AF00007EB48202246274403EB45211844FEF704
:102B00002FFC0E4A284626F8187013681C441460DF
:102B1000BDE8F041FFF786BF2846BDE8F041FFF76A
:102B200081BF00BF26740120487401204974012030
:102B3000D46A0120B46A0120C46A0120B06A01206D
:102B4000800020201E4B1A785AB902F0FF031D4A5C
:102B5000127832B12DE9F0411B4D2A8812B9BDE837
:102B6000F0817047194EC2F50068194F317842461E
:102B7000184C07EB411704EBC12438462146FFF7F8
:102B8000D1FE08EB040224F01F01BFF34F8F124B5C
:102B9000196020318A42FBD8BFF34F8FBFF36F8F8C
:102BA00004203946FFF7D6FE3378084A0133DBB2FA
:102BB000032B88BF0023137000232B80BDE8F08116
:102BC00050740120527401202A7401204F74012096
:102BD000009600208010202070EF00E02DE9F04FDB
:102BE00085B002900091002900F0AB800023564D83
:102BF000DFF87481DFF860A1544FDFF870B1019302
:102C00000122534B2A701C78524AB8F8003002EB6C
:102C1000441923BB1E461C464846FFF7C1FE10F070
:102C200080007ED0BFF34F8F00229AF800304A49CF
:102C30002A7004B93E68002B5AD13B689B1B782B45
:102C400079D89BF80030002B52D000F09FFA012475
:102C5000B8F800302C70002BDED03D4A14781A46AC
:102C6000C3F50060E402009E3C49204496420844BB
:102C700042D30C440299FEF773FB002321464FF424
:102C800000624846FFF74EFE24F01F0304F500647F
:102C9000BFF34F8F324A136020339C42FAD8BFF300
:102CA0004F8FBFF36F8F04204946FFF753FE284B29
:102CB000274A1B78009801332A49DBB2032B88BFCF
:102CC000002313700022B8F80030A8F80020C01AC2
:102CD0000090019818440190029818440290C1F89D
:102CE0008420BFF34F8F00232B70009B002B87D1D4
:102CF000019805B0BDE8F08F009C0393019B22462C
:102D0000029923440193FEF72BFB039B4FF04041B4
:102D1000144A00201B1B0090A8F80030C2F8841051
:102D2000DFE74FF400630A4A8AF8000014781A4675
:102D3000A8F8003096E7012301980B7005B0BDE8B4
:102D4000F08F0098D5E700BF50740120A46D0120DA
:102D50004F740120009600204E7401208010202026
:102D600070EF00E000002E402A7401205274012010
:102D7000704700BF314B2DE9F0411B78304F002BDD
:102D800054D04FF40073DFF8EC803B80A8F800309B
:102D9000002180222B480D462B4E02F0A9F82B4C27
:102DA0002B4B29464FF480722A4825702C461D80F3
:102DB00002F09EF835602B4675602A46B560F560D6
:102DC0002549264E2648DFF8B0E00D701021057029
:102DD000022035607560B560F560CEF80050FFF7F1
:102DE0006DFDB8F800102A461E4B0320FFF734FD96
:102DF0002B46398801220420FFF760FD204601346C
:102E0000FFF710FE082CF9D1174B4A221748002172
:102E1000174C0460C3F88410C3F88020D3F848210D
:102E200042F08072C3F84821BDE8F0814023DFF80A
:102E300044803B80A8F80030AAE700BF537401200B
:102E40002C74012000960020B46A01204F740120E8
:102E50002A7401200095002048740120C46A0120D2
:102E6000497401209532010000002E400C740120AD
:102E70004933010026740120B06A0120314B4FF420
:102E800000322DE9F04F1A6083B02F4B89461C7831
:102E9000002953D02D4BE4B21B789C4250D082467F
:102EA0000027DFF8C0B00134294BC7EB09085046B2
:102EB000092C0193274B28BF00241D5D244B33F8B8
:102EC00015E0254B0EEB452133F81560234BCEEB77
:102ED00006061944B0453246374419D20EEB452157
:102EE00042461944FEF73CFA019BDBF800104846C5
:102EF00033F81520C8EB01019044CBF8001023F8FB
:102F00001580174B4FF400321A6003B0BDE8F08F04
:102F1000FEF726FADBF80020E3B22846921BB24403
:102F2000CBF80020084A1370FFF77CFDB94503D9A0
:102F3000064B1B789C42B6D13846E2E70846E0E7EC
:102F40000020DEE78CE100E0497401204874012094
:102F5000C46A0120D46A0120B46A012080002020C4
:102F60000CE100E0B06A01200B4B0C4A1B78127890
:102F7000DBB293420DD0013309480A4A092B0A49B2
:102F800028BF0023C35C31F8131002EB4323585CC5
:102F900070474FF0FF30704749740120487401209A
:102FA000D46A012080002020C46A0120034B10B5A0
:102FB0001C680CB900F0EAF8204610BDB06A012088
:102FC0002DE9F84F154E164D34782B78E4B29C421B
:102FD00021D0DFF85490DFF854B0DFF85480114F5F
:102FE0000134082C5FFA84FA01D90024A24619F8AA
:102FF0000410DBF8002038F81130084637F81110BB
:103000005B1AD31ACBF80030FFF70CFD86F800A04E
:103010002B789C42E4D1BDE8F88F00BF49740120B1
:1030200048740120C46A0120D46A0120B06A0120DA
:10303000B46A012000B583B001210DF10700FFF74C
:103040001DFF20B19DF8070003B05DF804FB4FF0B1
:10305000FF30F9E7094B00B583B01B788DF8070006
:1030600023B903F0FF0003B05DF804FB01210DF16B
:103070000700FFF7B3FD03B05DF804FB52740120B5
:10308000044B1B7803F0FF020BB1FFF7A7BD1046FE
:10309000704700BF527401202DE9F0410024DFF891
:1030A000448001230D4D27460D4E88F800303378BB
:1030B00028462035A34204F1010405D0FFF770FC37
:1030C000030658BF07F50067042CF0D1BFF34F8FFC
:1030D0000023384688F80030BDE8F08100960020D3
:1030E0004F740120507401202DE9F843204B1B78C8
:1030F00013B1204D2A880AB9BDE8F883DFF888802B
:10310000C2F500691C4E4FF0010E98F800104A46B7
:103110001A4C002306EB4116194F04EBC12430462C
:1031200087F800E02146FFF7FDFB09EB040224F0DD
:103130001F01BFF34F8F134B196020318A42FBD818
:10314000BFF34F8FBFF36F8F04203146FFF702FCB0
:1031500098F800300C4A0133DBB2032B88BF002300
:10316000137000232B80BFF34F8F3B70BDE8F883B3
:10317000527401202A740120009600208010202023
:103180005074012070EF00E04F7401202DE9F843E6
:10319000324E337893B1324F3A787AB90122D90757
:1031A0003A7037D49A0719D400225B073A7005D5D4
:1031B0002C4B1A6812B1EFF305820AB1BDE8F8830F
:1031C000EFF3108072B61A681AB1274C21780029E3
:1031D0002FD00028F2D162B6BDE8F883DFF89480E2
:1031E00098F80020002ADFD00024DFF88C9005E05A
:1031F000013498F80030E4B2A34213D959F82450AE
:103200002B6828461B6998470028F1D06B699B689A
:103210009847EDE7FFF7CAFED0B9144B1B781BB9EE
:103220003378BFE73378BFE7337803F0FE033370BA
:10323000B8E70126556926701D6065B1A96100B91E
:1032400062B6002593681046557798472570B5E714
:1032500000F060F8E1E7064B1D60F0E72B69002005
:1032600034740120189C002032740120FAF70260A7
:10327000249C002033740120289C002070B5EFF3BB
:10328000108172B60C4C23688BB10C4E00255A6924
:1032900022607AB1956101B962B65D7718469B6884
:1032A0009847EFF3108172B62368002BEFD101B974
:1032B00062B670BD3260EEE7209C00201C9C0020AE
:1032C000FFF7DCBF044A054B1168054A1960136813
:1032D00001331360704700BF041000E0A06D0120AF
:1032E000A46D01200A4B30B4586A1C46996A626A80
:1032F000A36A994208BF9042104619460CBF0125A7
:103300000025002DF3D0D90B30BC41EA4240704774
:1033100000400D40704700BF08B503684268BBB16C
:103320007AB1104BA3FB0213DB0803EB4303B2EBB0
:10333000830303D0D21A4260F02A02D9012318462F
:1033400008BD01F025FA1C2200230260184608BDC2
:10335000044BA3FB0213DB0803EB4303B2EB830331
:10336000E8D1E9E7ABAAAAAA70B5044600283AD08A
:1033700019B1B2FA82F56D09FDB1206808B1626831
:1033800032B901F005FA162300220360104670BD21
:103390001849A1FB0231C90801EB4101B2EB8101DF
:1033A000EFD1A3680BB101F0A3FD0023012223603C
:1033B00010466360A360E36070BD1E46049B80E816
:1033C0000600C360FFF7A8FF02460028DED016B94A
:1033D0000122104670BD94E80500A660294601F060
:1033E00087FD0122D2E701F0D3F9162322460360BC
:1033F000CCE700BFABAAAAAA0000000000B5B0EE5F
:10340000407B17EE903A234A23F00043934285B065
:1034100019DD214A934204DD30EE400B05B05DF822
:1034200004FB684600F0E2F800F0030001281AD01F
:1034300002280FD000B301209DED021B9DED000B73
:1034400000F044FEEAE79FED111B00F06FFA05B0B3
:103450005DF804FB9DED021B9DED000B00F066FA8C
:10346000B1EE400BDAE79DED021B9DED000B00F085
:103470002DFEB1EE400BD1E79DED021B9DED000B43
:1034800000F054FACAE700BFAFF30080000000006C
:1034900000000000FB21E93FFFFFEF7F00B5B0EE29
:1034A000407B17EE903A234A23F00043934285B0C5
:1034B0001ADD214A934204DD30EE400B05B05DF881
:1034C00004FB684600F092F800F0030001281DD0CC
:1034D000022811D008B39DED021B9DED000B00F0FA
:1034E00025FAB1EE400BE9E700209FED101B00F03C
:1034F000EDFD05B05DF804FB01209DED021B9DED87
:10350000000B00F0E3FDB1EE400BD7E79DED021B91
:103510009DED000B00F00AFAD0E701209DED021BA3
:103520009DED000B00F0D2FDC8E700BF00000000D9
:1035300000000000FB21E93FFFFFEF7F00B52DED0C
:10354000028B8BB0B0EE408A00F09EF9254B93F9C8
:1035500000305A1C09D0B4EE488AF1EE10FA04D6B5
:10356000B5EEC08AF1EE10FA04D40BB0BDEC028BBC
:103570005DF804FBB7EEC80A01221B490092002245
:103580008DED040B8DED020B01910892B3B19FED0F
:10359000137B022B87EE076B8DED066B12D101F0CA
:1035A000F7F821230360089B93B99DED060BB7EE56
:1035B000C00B0BB0BDEC028B5DF804FB00220023B6
:1035C000CDE90623684600F06DFE0028EBD1E6E762
:1035D00001F0DEF8089B0360E7E700BF0000000091
:1035E0000000000025690020F054002070B553EC65
:1035F000102B9E4923F000468E4288B062DD9C4924
:103600008E421D461CDC002B9FED887B40F3DF8043
:1036100030EE477BA1F51B21A1F5F0618E4263D00E
:103620009FED846B37EE465B37EE457B012380EDE3
:10363000005B37EE467B80ED027B184608B070BD1C
:103640008C498E42044656DD8B498E4244DC10463E
:103650003215A2F21642A6EB025141EC160B9FED79
:10366000777BBDEEC64B0023B8EEC44B36EE446B01
:1036700026EE076BBDEEC65B8DED024BB8EEC55B6B
:1036800036EE456B26EE077BB5EE407BF1EE10FA89
:103690008DED045B8DED067B40F0BB80B5EE405BAD
:1036A000F1EE10FA0CBF01230223744901910221AB
:1036B000009102A8214600F0C9F9002DC0F29B80BC
:1036C000034606E00024002580ED000BC0E902451A
:1036D0000023184608B070BD30EE407B002380ED1B
:1036E000027B80ED007BF4E79FED565B9FED576B0F
:1036F00037EE457B96E700F041FDB6EE007B9FED8F
:10370000556BA0EE067BFDEEC77B9FED483B17EEA9
:10371000903A9FED486B1F2BB8EEE75BB1EE454B3F
:1037200025EE067BA4EE030B1BDC554A591E52F80E
:103730002120964215D030EE476B84ED006B30EEC1
:10374000460B30EE470B002D84ED020BC1DAB1EED3
:10375000466BB1EE400B84ED006B84ED020B5B42D7
:10376000B7E730EE476B16EE902A3615C2F30A52D1
:10377000B21A102A84ED006BE1DDB0EE403B9FED04
:10378000317B9FED326BA4EE073B30EE430BA4EE92
:10379000070BB0EE407B95EE067B33EE476B16EEE3
:1037A000902AC2F30A52B61A312E84ED006B39DD2D
:1037B000B0EE430B9FED296B9FED2A2BA4EE060B79
:1037C00033EE407BA4EE067B95EE027BB3E72D49FA
:1037D00030EE077B8E421ED09FED166B37EE065BF8
:1037E00037EE457B4FF0FF3337EE067B80ED005B15
:1037F00080ED027B6DE794ED006B94ED027BB1EE02
:10380000466BB1EE477B434284ED006B84ED027B57
:103810005FE7032349E79FED0B5B9FED0C6B37EEF2
:10382000057BDBE7B0EE430B89E700BF00004054A7
:10383000FB21F93F3163621A61B4D03D0000000002
:10384000000070410000601A61B4D03D7370032E17
:103850008A19A33B83C8C96D305FE43F0000002E86
:103860008A19A33BC14920259A837B39FB21E93F73
:103870007BD90240FB213941FFFFEF7F64550020D7
:10388000E4100020FB21F93F10EE103A23F0004233
:10389000B2F1FF4F70B430D26AB3002B3DDBB2F50A
:1038A000000F4FEAE3502CD3A0F17F02C3F31603BD
:1038B000D10743F4000348BF5B00002456105B00AF
:1038C000254619214FF08072A818984202DC1B1A75
:1038D0008518144401394FEA43034FEA5202F3D1E9
:1038E00013B104F001031C44641004F17C5404EB94
:1038F000C65300EE103A70BC7047A0EE000A70BCD0
:10390000704713F4000201D00CE00A465B001C0271
:1039100002F10101F9D5801AC6E770EE407A87EE10
:10392000A70AE8E74FF0FF32F5E700BF10EE903A44
:1039300023F00043B3F1795F2CDAFDEEC07B17EE84
:10394000903A002B61D020EE007B9FED324B9FED33
:10395000335B9FED346BA7EE045B9FED344BA7EE1A
:10396000056B9FED345BA7EE064B9FED346BA7EE26
:10397000045BA7EE056B26EE076B21EE400BB6EE5F
:10398000005BA7EE060BB7EE006B97EE050B36EE6D
:10399000400B70479FED1F4B20EE007B9FED1F5BA0
:1039A0009FED206BA7EE045B9FED204BA7EE056B10
:1039B000244AA7EE064B9FED1F5B9FED206BA7EE01
:1039C000045B9342A7EE056B26EE076BD5DD1E4A1E
:1039D000934215DCB7EE004B0020A3F5001141EC3B
:1039E000150B34EE454B21EE401BB6EE003BA7EE27
:1039F000061B97EE035B35EE415B34EE450B7047DB
:103A0000B6EE074BB5EE025BEDE7B7EE000B704785
:103A1000AFF30080D43888BEE9FAA8BDC4B1B4BD04
:103A20009EEE213EAD529C804F7E92BE9015CB19EA
:103A3000A001FA3E7751C1166CC156BF4C55555581
:103A40005555A53F3233D33F0000E93F2DE9F04FF4
:103A50002DED088BADF5137DB04CA49EB04D54F800
:103A600026600193D41E85FB0475E417C4EBA504FE
:103A700024EAE4745F1E04F1010AAAEB8A0A8B4669
:103A8000F1190294814602EBCA0AA4EB070318D489
:103A9000194401311AAAA5980AE050F8234007EE0C
:103AA000904A0133B8EEE77B8B42A2EC027B08D050
:103AB000002BF2DA9FED937B01338B42A2EC027B69
:103AC000F6D1002EC0F2E282019B6AA806F1010E37
:103AD000DC0000EBCE0E09EB04013D46002FC0F2E6
:103AE000C8811AAB9FED877B03EBC50208324B46BA
:103AF000B3EC025B32ED026B8B42A5EE067BF7D195
:103B0000A0EC027B704505F10105E7D106F1804389
:103B1000023B9B0006AA9FED7D9B9FED7E8B03F1F0
:103B2000040813444C44904403933546CDF810B038
:103B300092AB03EBC503002D13ED280B17DD6AA92B
:103B400001EBC50305AA20EE097BBDEEC77B33ED73
:103B5000026BB8EEC77BA7EE480BFDEEC05B8B4255
:103B600015EE900A37EE060B42F8040FEBD15046E3
:103B700000F09CFBB0EE40ABB4EE000B2AEE000B65
:103B800000F004FBB2EE007BA0EE47ABFDEECA7B7B
:103B9000BAF1000F17EE90BAB8EEE77B3AEE47ABFA
:103BA00040F34C8105F1FF3E06ABCAF1180253F811
:103BB0002E3043FA02F000FA02F206A99B1ACAF16B
:103BC000170241F82E30834443FA02F1002939DD0F
:103BD000002D0BF1010B40F32482002210460DF161
:103BE000140E8C4608E0C3F1807113B1CEF80010BA
:103BF0000120013295420EDD5EF8043F0028F2D02C
:103C0000C3F1FF13013203F57F439542CEF8003034
:103C10004FF00100F0DC6146BAF1000F10DDBAF19F
:103C2000010F00F01281BAF1020F09D16A1E06AB32
:103C30000DF1180E53F82230C3F315034EF822305D
:103C400002296FD0B5EE40ABF1EE10FA7CD105F150
:103C5000FF3E76450FDC05F18042013A06AB03EBEF
:103C60008202002052F80439424540EA0300F9D1AB
:103C7000002840F01581731E06AA52F82330002B4D
:103C800040F0CC81039B4FF0010E53F804290EF154
:103C9000010E002AF9D0AE446B1C73452DDC029A4C
:103CA0009818019A00F1804051190EEB020CA59A68
:103CB000013802EB80001AAA02EBC10102EBCC0C26
:103CC0006AAA02EBC30550F8043F07EE103AB8EEBB
:103CD000C77B002FA1EC027B9FED0A7B09DB4B46E3
:103CE0000A46B3EC025B32ED026BA342A5EE067B03
:103CF000F7D16145A5EC027BE5D1754618E700BF19
:103D0000AFF3008000000000000000000000000091
:103D10000000703E0000000000007041CC10002048
:103D2000ABAAAA2AB7EE000B30EE4AAB002889D026
:103D30005046059100F0BAFA3AEE40ABB5EE40AB12
:103D4000F1EE10FA059982D0B0EE4A0BCAF10000EC
:103D50000BEE10BA8946DDF810B000F0A7FA9FED1F
:103D6000D16BB4EEC60BF1EE10FAC0F272819FED8A
:103D7000CF7B20EE077BBDEEC77B06A9B8EEC75B05
:103D8000A5EE460BBDEEC00B6B1C10EE102A41F8E1
:103D9000252017EE102A41F823200AF1180AB7EE61
:103DA000000B5046019300F081FA019B002BC0F2FA
:103DB0005E816AACDF0006AA9FEDBC6B02EB83025A
:103DC00004EB070C04320CF1080032ED017AB8EE76
:103DD000C77B27EE007B20ED027B20EE060BA04286
:103DE000F3D10DF5D07800250DF5847E002EC0F2BC
:103DF0001281B44861469FEDAF6B9FEDB07B00220E
:103E000003E0954208DBB0EC026BB1EC025B0132DF
:103E10009642A5EE067BF4DAACF1080C0EEBC50277
:103E2000C44582ED007B05F10105DFD1A49A032A88
:103E300000F2AD80DFE802F0DDB5B55010D16B1EA9
:103E400006AA52F82310C915C0E66A1E06AB0DF18A
:103E5000180E53F82230C3F316034EF82230EFE663
:103E6000B6EE007BB4EEC7ABF1EE10FA0BDA002130
:103E7000E8E69FED927BA0EC027B704505F1010521
:103E80007FF42CAE42E6002D0BF1010BC8BF0221DE
:103E90003FF7A3AEB7EE007B022137EE4AABD1E687
:103EA00006AA0BEE10BA52F82E20DDF810B07346B9
:103EB0008946AAF1180A002A7FF471AF0EF18042F8
:103EC000013A06A901EB820252F80419013BAAF15A
:103ED000180A0029F8D062E7002B40F3C58003F1EF
:103EE0000052013A0EEB0704D00094ED007B00F184
:103EF000080410307444704444AD34ED026B36EE67
:103F0000075B36EE456B36EE077B20ED027BB0EEAD
:103F1000457BA84284ED005BEFD1012B40F3A480E8
:103F2000D200774402F1100097ED007B0832704414
:103F30000EEB020346AC024633ED026B37EE065B36
:103F400036EE456B36EE077B22ED027BB0EE457B0D
:103F5000944283ED005BEFD19FED587B30ED026B17
:103F6000844237EE067BF9D14B46002B66D0B1EE8A
:103F7000477B9EED005B9EED026BB1EE455B8BEDEA
:103F8000005B8BED047BB1EE467B8BED027B1BEE81
:103F9000103A03F007000DF5137DBDEC088BBDE86A
:103FA000F08F9FED467B07F10802724432ED026B01
:103FB000724537EE067BF9D14A46A2B3B1EE475BB4
:103FC0009EED006B002B8BED005B36EE477B0BDD2F
:103FD00044A80122B0EC026B0132934237EE067B1B
:103FE000F8DA4B46002BD0D0B1EE477B8BED027B4D
:103FF000CDE79FED327B0837BE443EED026B013BBF
:104000005A1C37EE067BF8D14B460BB1B1EE477B1D
:104010008BED007BBBE79FED297BFDE64FF0010EAA
:1040200039E60020F8E59EED006B002B8BED007B60
:1040300036EE477BCCDC8BED027BA8E7DEE90001A6
:10404000DEE902238BED047BCBE90001CBE90223FF
:104050009DE7BDEEC00B06A910EE102A2B4641F8D5
:1040600025209CE60DF5847E9FED147B7CE7A49AC9
:10407000032A8CD801A151F822F000BFA148010009
:10408000974801009748010069480100019BDC0046
:104090003CE59FED0A7B0DF5847E8DE79FED077B68
:1040A000B2E700BF00000000000070410000000007
:1040B0000000703E00000040FB21F93F00000000BE
:1040C00000000000880200200000000010EE903A7E
:1040D00023F00043B3F1795F04DAFDEEC07B17EE05
:1040E000903A23B320EE007B20EE074B9FED155B4B
:1040F0009FED166B9FED173BA7EE056B9FED175BD2
:10410000A7EE063B9FED176BA7EE035BA7EE056BD3
:1041100070B126EE446BB6EE003B9FED145BA1EE52
:10412000036B97EE061BA4EE051B30EE410B7047A8
:104130009FED105BA7EE065BA4EE050B704700BF7A
:10414000AFF300807CD5CF5A3AD9E53DEB9C2B8A62
:10415000E6E55ABE7DFEB157E31DC73ED561C119E4
:10416000A0012ABFA6F810111111813F49555555DC
:104170005555C53F495555555555C5BF53EC102BA1
:1041800023F0004343EC102B704700BF70B483B0A2
:104190008DED000B0199009CC1F30A52A2F2FF338E
:1041A000132B0D4620461EDC002B43DB3B4A1A41F5
:1041B00001EA020634431BD09FED367B9DED006B78
:1041C00036EE077BB5EEC07BF1EE10FA04DD002978
:1041D00043DB25EA020100200B46024643EC102B8C
:1041E00003B070BC7047332B07DDB3F5806F2FD061
:1041F0009DED000B03B070BC7047A2F213424FF06C
:10420000FF3424FA02F21042F2D09FED227B9DEDA2
:10421000006B36EE077BB5EEC07BF1EE10FADBDD0E
:10422000002920DB294620EA02000B46024643EC27
:10423000102BD5E79FED177B30EE077BB5EEC07BEB
:10424000F1EE10FAC8DD002918DB00200146C3E7B3
:104250009DED007B37EE070BCCE74FF4801141FA60
:1042600003F31D44B5E7142B10D00121C3F134032F
:1042700001FA03F3181828BF6D18D3E721F00042A4
:10428000074B224318BF19460020A5E70135C9E7AF
:10429000AFF300809C7500883CE4377EFFFF0F0081
:1042A0000000F0BF002070470000000010B52DEDA9
:1042B000028B82B08DED000B019B0099C3F30A5273
:1042C0002ABB23F000430B432DD09FED367B3D4AA4
:1042D00020EE077B90428DED007B019B29DBC3F331
:1042E0000A52363A841840F2FE72944230DC002CB6
:1042F00027DD23F0FF41DDE9002321F4E00141EA5D
:10430000045343EC102B02B0BDEC028B10BD40F205
:10431000FF718A42E6D19DED007B37EE070B02B0BC
:10432000BDEC028B10BD9DED000B02B0BDEC028B0D
:1043300010BD9FED1E0B27EE000B02B0BDEC028BF3
:1043400010BD14F1350F11DA4CF2503398421DDDD7
:104350009FED188B9DED001BB0EE480B00F034F87C
:1043600020EE080B02B0BDEC028B10BD23F0FF4124
:10437000DDE9002321F4E001363441EA04539FEDE6
:104380000F0B43EC172B27EE000BBCE79FED078BC1
:104390009DED001BB0EE480B00F016F820EE080B68
:1043A000B1E700BF000000000000504359F3F8C21D
:1043B0001F6EA5019C7500883CE4377E000000005C
:1043C0000000903CB03CFFFF53EC102B11EE900A24
:1043D00023F0004100F0004041EA000343EC102BC1
:1043E000704700BF0B460146184600F0C5B900BF34
:1043F00053B94AB9002908BF00281CBF4FF0FF314C
:104400004FF0FF3000F07EB9ADF1080C6DE904CE3D
:1044100000F006F8DDF804E0DDE9022304B070479F
:104420002DE9F0478C460E460446089D002B50D1DE
:104430008A4217466CD9B2FA82FEBEF1000F0BD049
:10444000CEF1200420FA04F401FA0EF644EA060C38
:1044500002FA0EF700FA0EF44FEA1749220CBCFBE1
:10446000F9F01FFA87F809FB10C642EA064600FB7E
:1044700008F3B34209D9F61900F1FF3280F0228126
:10448000B34240F21F8102383E44F61AA2B2B6FB94
:10449000F9F309FB136642EA064403FB08F8A0455A
:1044A00009D9E41903F1FF3280F00A81A04540F2F6
:1044B0000781023B3C44C8EB040443EA004000216E
:1044C000002D62D024FA0EF400232C606B60BDE84E
:1044D000F0878B4207D9002D55D0002185E8410097
:1044E0000846BDE8F087B3FA83F1002940F09080D8
:1044F000B34202D3824200F2F880841A66EB0306CC
:104500000120B446002D40D085E81010BDE8F087AA
:1045100012B90127B7FBF2F7B7FA87FEBEF1000F19
:1045200035D1F31B4FEA17481FFA87FC0121B3FB73
:10453000F8F0220C08FB103642EA06460CFB00F3AA
:10454000B34207D9F61900F1FF3202D2B34200F2AA
:10455000CE801046F61AA2B2B6FBF8F308FB13663B
:1045600042EA06440CFB03FCA44507D9E41903F115
:10457000FF3202D2A44500F2B5801346CCEB04040E
:1045800043EA00409CE729462846BDE8F087CEF183
:10459000200106FA0EF307FA0EF720FA01F94FEAA6
:1045A0001748CE4049EA0309B6FBF8FA4FEA194426
:1045B00008FB1A661FFA87FC44EA06430AFB0CF262
:1045C0009A4200FA0EF40AD9DB190AF1FF3180F0A1
:1045D00087809A4240F28480AAF1020A3B449B1AE7
:1045E0001FFA89F9B3FBF8F108FB113349EA0343D9
:1045F00001FB0CF69E4207D9DB1901F1FF326BD2A9
:104600009E4269D902393B449B1B41EA0A418EE72D
:10461000C1F1200E22FA0EF48B40234320FA0EF74C
:1046200006FA01F44FEA134C26FA0EF63C43B6FBA9
:10463000FCF9270C0CFB19661FFA83F847EA0646BB
:1046400009FB08F7B74202FA01F200FA01FA08D9A9
:10465000F61809F1FF3041D2B7423FD9A9F102095A
:104660001E44F61BA0B2B6FBFCF40CFB146640EA39
:10467000064704FB08F8B84507D9FF1804F1FF30D6
:1046800028D2B84526D9023C1F4444EA0940C8EB69
:104690000707A0FB02894F4544464E4614D329D054
:1046A00065B3BAEB040367EB060707FA0EFECB40CF
:1046B000CF404EEA030385E888000021BDE8F0877B
:1046C0001346F8E61046E0E6B8EB020469EB030691
:1046D0000138E5E70446D8E7114695E78146C0E78B
:1046E0008A467CE7023B3C4448E708460AE7023832
:1046F0003E442FE7C245E7D33E46D1E72946BDE811
:10470000F08700BF704700BF024B0A460146186899
:1047100000F002B8E065002010B502FB01F100F0E6
:1047200083F80446D8B150F8042C22F00302043A6E
:10473000242A18D8132A14D900231B2A03604360A3
:1047400016D9242A8360C36011BF00F110020361EF
:10475000436100F118020023136053609360204608
:1047600010BD0246F7E7002100F0C2FB204610BD55
:1047700000F10802EFE700BF13460A460146022097
:1047800004F0EEBA0023B7EEC00A05F011BA00BF7C
:10479000014B1868704700BFE065002070B50F4EF0
:1047A0000F4D761BB61018BF002405D0013455F804
:1047B000043B9847A642F9D10A4E0B4D761B06F0F2
:1047C00021FDB61018BF002406D0013455F8043B73
:1047D0009847A642F9D170BD70BD00BFD02C0260D1
:1047E000D02C0260E02C0260D02C0260044B054A01
:1047F0001B685B6B002B08BF134693F828017047BA
:10480000E065002064600020024B0146186800F05B
:104810000BB800BFE0650020024B0146186805F0A8
:10482000BFBB00BFE06500202DE9F04F01F10B0593
:10483000162D83B0064640F29F8035F0070500F143
:10484000BF80A94200F2BC8000F0A0FBB5F5FC7F60
:10485000C0F09C826B0A00F0BA80042B00F28381C6
:10486000A80900F1390E4FEA4E033830C44F07EB68
:104870008303A3F108015C68A14207D1ACE0002AE0
:1048800080F2AC80E468A14200F0A680636823F067
:1048900003035A1B0F2AF2DDB9493C6901F1080EE6
:1048A000744500F0B381636823F003035A1B0F2A99
:1048B00000F39981002AC1F814E0C1F810E080F2F9
:1048C0009E80B3F5007F80F06781DB0803F1010C67
:1048D00001229B1002FA03F34A6851F83C80C4F8A5
:1048E000088001EBCC091A43A9F10803E3604A6090
:1048F00041F83C40C8F80C40831001249C4094428D
:1049000000F28A80144206D120F0030064001442B1
:1049100000F10400FAD007EBC009CC468046DCF871
:104920000C108C4507D173E1002A80F28181C9689F
:104930008C4500F06D814B6823F003035A1B0F2A4E
:10494000F2DD0C46D1F80CC054F8088F4B1945F035
:1049500001054D6042F00101C8F80CC03046CCF8AA
:1049600008807B613B61C3F80CE0C3F808E0596044
:104970009A5000F00DFB1FE0102921D800F006FB33
:104980001025062302207E4F07EB8303A3F10802C4
:104990005C68944200F045816368E168A56823F093
:1049A0000303234430465A68E96042F001028D60F7
:1049B0005A6000F0EDFA0834204603B0BDE8F08FED
:1049C00000240C232046336003B0BDE8F08F802321
:1049D0004FF0400E3F2049E770465DE72344E16811
:1049E0005A68A56842F00102E96030468D605A605D
:1049F00000F0CEFA0834204603B0BDE8F08F23441F
:104A000030465A6842F001025A6000F0C1FA083498
:104A1000204603B0BDE8F08FBC68636823F003084C
:104A2000A84504D3C5EB08030F2B00F38C80554B2E
:104A3000DFF860911A68D9F8003001332A4404EB9A
:104A4000080A00F0608102F580520F3222F47F6282
:104A500022F00F0211463046019200F00DFDB0F138
:104A6000FF3F8346019A00F05881824500F2FC80A6
:104A7000454B1968DA451144196000F05381D9F8A3
:104A80000000DFF810E101301BBFCAEB0B0A5144F4
:104A9000CEF800B019601BF0070100F01781C1F1DA
:104AA0000800C1F58051834408315A44C2F30B0217
:104AB000C2EB010949463046019300F0DDFC431C7E
:104AC000019B00F03F81CBEB00024A4442F001021F
:104AD0001968C7F808B04944BC42CBF804201960F3
:104AE000DFF8A49016D0B8F10F0F40F2FD80626895
:104AF000A8F10C0323F00703E01802F001024FF0C5
:104B0000050E1A430F2B6260C0F804E0C0F808E0FD
:104B100000F21C811D4BBC681A68914288BF196065
:104B20001B4B1A689142626888BF196022F0030229
:104B30009542A2EB050301D80F2B04DC304600F0B0
:104B400027FA002438E7621943F0010345F0010514
:104B500065603046BA60536000F01AFA08342046A7
:104B600003B0BDE8F08F142B71D9542B00F2A48050
:104B7000280B00F16F0E4FEA4E036E3076E600BF51
:104B8000D0610020A49C0020749C00209C9C0020EC
:104B9000A09C0020D86500205A0A042A5ED9142A55
:104BA00000F2B38002F15C0149005B3207EB810C3B
:104BB00057F82110DFF8DC81ACF1080C8C4500F0CF
:104BC00088804A6822F00302934202D289688C45A9
:104BD000F7D1D1F80CC07A68C4F80CC0A160CCF849
:104BE0000840CC6088E6631942F0010745F00105F2
:104BF000656030464B610B61C3F80CE0C3F808E018
:104C00005F609A50083400F0C3F9D5E64A6873E64D
:104C100008F1010818F0030F0CF1080C7FF47FAEC7
:104C200030E0DC68A34208BF02303FF435AEB3E6A3
:104C30000B440C465A68C96854F8085F42F00102F8
:104C40005A603046E9608D6000F0A2F9B4E603F1E5
:104C50005C0E03F15B004FEA4E0307E69A0902F18E
:104C6000390149003832A1E7BC424A4B3FF400AF5A
:104C70009C68626822F003025AE759F8083999459E
:104C800040F0828010F0030F00F1FF30F5D17B6817
:104C900023EA04037B6064009C423FF6BDAE002C17
:104CA0003FF4BAAE1C4240467FF435AE64001C426D
:104CB00000F10400FAD02EE6B3F5AA7F18D8E80B6D
:104CC00000F1780E4FEA4E037730CFE54FF4805174
:104CD000EBE60121D8F80430921001FA02F21A43EF
:104CE000C8F80420614677E70123CBF8043025E7B4
:104CF00040F25452934220D8A80C00F17D0E4FEAA6
:104D00004E037C30B2E51032A4E6542A26D81A0BA2
:104D100002F16F0149006E3248E7BC68626822F018
:104D2000030205E7CAF30B0000287FF4A8AE424453
:104D3000BB6842F001025A60ECE6FE234FF07F0EA2
:104D40007E2093E501224FF00009C1E604F108013D
:104D5000304605F025F9D9F80010DBE6B2F5AA7F58
:104D600005D8DA0B02F17801490077321EE740F2EC
:104D700054518A4205D89A0C02F17D0149007C32D7
:104D800014E7FE217E2211E77B6884E7E808431CD4
:104D90005B00F8E5D061002082B049B15AB16BB137
:104DA00013780B601278101C18BF012002B07047F6
:104DB00001A9002AF3D1104602B070476FF001003C
:104DC000F4E700BF032A70B426D940EA01039B0729
:104DD00011D004780D78AC4222D10244431C05E086
:104DE00013F8014B11F8015FAC4219D19342F7D18E
:104DF000002070BC70470C4603461E682568AE4212
:104E00001846214603F1040304F10404E1D1043AF5
:104E1000032A18462146F0D8002ADAD11046E8E7DE
:104E2000601B70BC704700BF8842F0B50DD98B186D
:104E300098420AD28118002A51D09A1A13F8014DCB
:104E400001F8014D9342F9D1F0BD0F2A48D941EA4A
:104E500000039B0746D100F1100401F11003154631
:104E600053F8106C44F8106C53F80C6C44F80C6C4C
:104E700053F8086C44F8086C103D53F8046C44F87F
:104E8000046C0F2D03F1100304F11004E8D8A2F113
:104E9000100323F00F0302F00F0E1033BEF1030FC7
:104EA0001944034421D91E1F0D467446043C55F88D
:104EB000047B46F8047F032CF8D8AEF1040424F0F8
:104EC000030404342344214402F0030262B1013B91
:104ED0000A4411F8014B03F8014F8A42F9D1F0BDA1
:104EE0000346F3E70346F2E7F0BD7246EEE700BF84
:104EF00070B4840746D0541E002A41D0CDB2034678
:104F000002E0621EE4B3144603F8015B9A07F8D18D
:104F1000032C2ED9CDB245EA05250F2C45EA0545CF
:104F200019D903F110022646103E0F2E42F8105CEC
:104F300042F80C5C42F8085C42F8045C02F1100292
:104F4000F2D8A4F1100222F00F0204F00F04103284
:104F5000032C13440DD91E462246043A032A46F870
:104F6000045BFAD8221F22F003020432134404F037
:104F700003042CB1C9B21C4403F8011BA342FBD1AA
:104F800070BC704714460346C2E700BF704700BFBD
:104F9000704700BF0FB400B5074983B004AB086881
:104FA00053F8042B8168019302F0E0FA03B05DF836
:104FB00004EB04B0704700BFE0650020034B1B68A2
:104FC00001469A68184605F063BE00BFE065002000
:104FD000F0B5054689B008460C4600F0EFFCAB6B17
:104FE000144F04940126441C04A902220394059042
:104FF000AC680697079601910292B3B1B4F90C30F0
:105000009A0406D4626E43F4005322F40052A38142
:1050100062662146284601AA05F0AAF8002814BFB6
:105020004FF0FF300A2009B0F0BD284604F060FFC1
:10503000E4E700BFF02C0020024B01461868FFF7A0
:10504000C7BF00BFE065002010B40C4B0C4C1968C2
:105050000C4AD1F8A830D1F8AC0004FB03F402FBF1
:105060000040A3FB02230344013243F10003C1E9E2
:105070002A2323F000405DF8044B7047E0650020D0
:105080002DF451582D7F954C024B0A460146186865
:1050900000F002B8E06500202DE9F04F174683B01C
:1050A000002900F0C1800E46814607F10B05FFF78D
:1050B0006DFF56F804EC162D2EF00304A6F1080837
:1050C00040D810221546AF4241D8944275DAC94BF8
:1050D000996808EB04008842416800F0D98021F00B
:1050E000010303445B68DB077DD51EF0010F35D05B
:1050F00039464846FFF798FB0746E0B156F8043CAE
:1051000023F001034344A0F108029A4200F04481D5
:10511000221F242A00F23181132A00F2048103465F
:105120003246116819605168596092689A60314638
:10513000484604F035FF4846FFF72AFF384603B0DB
:10514000BDE8F08F25F00705002D2A46BBDA0C23B9
:105150000020C9F8003003B0BDE8F08F56F8083CD5
:10516000C3EB080ADAF8043023F0030C04EB0C0359
:105170009342BDDB5746DAF80C1057F8080F221F90
:10518000242AC160886000F21781132A40F212813C
:105190003168CAF808107168CAF80C101B2A00F2AE
:1051A0002B8108360AF11002316811607168516074
:1051B000B16891603E461C46D046631B0F2B1DD83C
:1051C000D8F8043003F0010323434444C8F8043002
:1051D000636843F0010363604846FFF7D9FE304639
:1051E00003B0BDE8F08F21F003012144914221DB9F
:1051F000C36882680C46D3609A60DEE7D8F8042062
:1052000008EB050102F00102154343F001020B44D3
:10521000C8F804504A605A6842F0010208315A60E6
:10522000484604F0BDFED7E7114603B0BDE8F04F95
:10523000FFF7FABA1EF0010F7FF45AAF56F8083C98
:10524000C3EB080ADAF8043023F0030C01EB0C0E70
:1052500096458BDBC36882685746D3609A6057F8DF
:10526000081FDAF80C30CB60221F242A996000F264
:105270009980132A62D93368CAF808307368CAF86B
:105280000C301B2A00F2A08008360AF1100356E009
:1052900021F0030BA34405F11000834559DA1EF0F9
:1052A000010F7FF425AF56F8081CC1EB080ADAF8A5
:1052B000041021F0030CE34458453FF757AF57461D
:1052C000DAF80C1057F8080F221F242AC1608860F2
:1052D00000F2B480132A40F2A5803168CAF80810A1
:1052E0007168CAF80C101B2A00F2AF8008360AF168
:1052F00010023168116071685160B16891600AEB09
:105300000501C5EB0B0242F0010299604A60DAF830
:10531000043003F001031D434846CAF80450FFF768
:1053200037FE38465CE733680360736843601B2AC6
:1053300027D800F1080306F10802F2E63B4632687E
:105340001A6072685A60B2689A603E467446D046E7
:1053500033E708EB0501C5EB0B0B4BF0010299603D
:105360004A6056F8043C03F001031D43484646F8E2
:10537000045CFFF70DFE304632E73146FFF754FD7F
:10538000D5E6B3688360F368C360242A28D000F1AF
:10539000100306F11002C4E650F8043C23F00303A6
:1053A0001C440AE7314638467446D046FFF73CFDB8
:1053B0003E4602E73A46F7E6314638461C46D046B6
:1053C000FFF732FD3E46F8E6B368CAF81030F368DE
:1053D000CAF81430242A1BD010360AF11803AEE79D
:1053E000336903617369436106F1180200F1180320
:1053F00097E600BFD0610020B168CAF81010F168CC
:10540000CAF81410242A0FD010360AF11802CBE67D
:105410003369CAF818307369CAF81C3018360AF1B3
:1054200020038CE73A4664E73269CAF818207269AB
:10543000CAF81C2018360AF12002B5E63146384673
:105440000193FFF7F1FC019B59E7B168CAF810100E
:10545000F168CAF81410242A03D010360AF1180291
:1054600047E73269CAF818207269CAF81C20183652
:105470000AF120023DE700BF38B5074C002305467E
:1054800008462360FCF7AEFD431C00D038BD2368FE
:10549000002BFBD02B6038BDEC7501200CB4F0B5AF
:1054A000244B00299DB01D683EDB4FF402730C466F
:1054B00002900690ADF8143023AE17D04C1E229AFD
:1054C000049433464FF6FF7702A9284607940196C5
:1054D000ADF8167000F04EFD421C1BDB029B002253
:1054E0001A701DB0BDE8F04002B0704733464FF669
:1054F000FF77229A049402A9284607940196ADF8F2
:10550000167000F037FD431C07DB1DB0BDE8F0400E
:1055100002B070478B232B60E0E78B232B601DB01C
:10552000BDE8F04002B070478B232B604FF0FF3096
:10553000EBE700BFE065002070B411F0FF0434D049
:1055400085070FD00378002B5AD09C422BD0431CE8
:1055500005E013F8012B002A4FD0944223D09A077C
:105560001846F6D10E0206F47F462643036846EA43
:10557000064601E050F8043F86EA0305A5F1013232
:10558000A3F1013122EA050221EA0303134313F0D8
:10559000803FEFD0037823B932E010F8013F002BB1
:1055A0002ED09C42F9D170BC704784070BD0037891
:1055B000002BF8D0431C03E002780133002AF2D01C
:1055C00099071846F8D10268A2F1013323EA0203D1
:1055D00013F0803F08D150F8042FA2F1013323EAE1
:1055E000020313F0803FF6D00378002BDBD010F8D5
:1055F000013F002BFBD170BC7047104670BC704758
:10560000184670BC704700BF00000000000000009A
:10561000000000000000000000000000A2EB0300FA
:10562000704700BF02780B78012A28BF9A42F5D153
:105630006DE9044540EA0104CDE902676FF0000C12
:105640004FEA447212B380EA010414F0070F6AD1E2
:1056500000F0070420F0070004F0030521F0070123
:105660004FEAC505F0E8042314F0040FF1E80467DD
:105670000CFA05F462EA040266EA04060AD063EA58
:105680000403624667EA0407664603E0F0E8042381
:10569000F1E8046782FA4CF582EA0604A4FA8CF475
:1056A0006CBB83FA4CF583EA0705A5FA8CF595B92E
:1056B00050E9022351E9026782FA4CF582EA0604B6
:1056C000A4FA8CF483FA4CF583EA0705A5FA8CF565
:1056D0002543DBD09CB92DBAB5FA85F424F0070434
:1056E00027FA04F1DDE9026723FA04F303F0FF006F
:1056F00001F0FF01FDE80445A0EB0100704724BA6A
:10570000B4FA84F424F0070426FA04F1DDE9026710
:1057100022FA04F202F0FF0001F0FF01FDE8044567
:10572000A0EB0100704714F0030F3CD110F003040C
:1057300028D150F8082B51F8083B82FA4CF582EA40
:105740000305A5FA8CF55DB950F8042C51F8043C1A
:1057500082FA4CF582EA0305A5FA8CF5002DE8D013
:105760002DBAB5FA85F424F0070423FA04F122FADD
:1057700004F202F0FF0001F0FF01FDE80445A0EB98
:10578000010070474FEAC40420F0030050F8082BD2
:1057900021F0030151F8083B0CFA04F462EA040218
:1057A00063EA0403C9E710F003041AD0A1EB040173
:1057B00020F00300E40750F8042B06D00FD28B78BA
:1057C0005FFAA2F4E41A06D12BB1CB785FFAB2F4F7
:1057D000E41A00D11BB920465DF8104B704701F167
:1057E000040150F8042BCC0721F0030151F8043BCD
:1057F00048D824D222F07F4482FA4CF594EA13254B
:10580000A5FA8CF50AD165B951F8043B84EA020483
:10581000B4EB036F0ED150F8042BEBE74FEA1323E0
:1058200055E035F07F454DD10878FDE80445C0F1DD
:10583000000070474FEA126203F0FF0347E002EAFC
:105840001C4482FA4CF594EA1345A5FA8CF50AD16A
:1058500065B951F8043B84EA0204B4EB034F0CD160
:1058600050F8042BEBE74FEA134330E015EA1C45F0
:1058700028D10B884FEA124229E04FEA124203EA8C
:105880001C4324E002F0FF0482FA4CF594EA13650D
:10589000A5FA8CF50AD165B951F8043B84EA0204F3
:1058A000B4EB032F09D150F8042BEBE74FEA136355
:1058B0000DE015F0FF0F05D10B684FEA122223F01F
:1058C0007F4304E04FF00000FDE80445704712BA42
:1058D0001BBA82FA4CF482EA0304A4FA8CF5B5FAF6
:1058E00085F402FA04F203FA04F34FEA1260FDE8C9
:1058F0000445A0EB1360704780EA0102844612F071
:10590000030F4FD111F0030F32D14DF8044D11F0B8
:10591000040F51F8043B0BD0A3F101329A4312F06B
:10592000803F04BF4CF8043B51F8043B16D100BF44
:1059300051F8044BA3F101329A4312F0803FA4F1D5
:1059400001320BD14CF8043BA24312F0803F04BF5C
:1059500051F8043B4CF8044BEAD023460CF8013BC9
:1059600013F0FF0F4FEA3323F8D15DF8044B704773
:1059700011F0010F06D011F8012B0CF8012B002AB1
:1059800008BF704711F0020FBFD031F8022B12F0A0
:10599000FF0F16BF2CF8022B8CF8002012F47F4F5B
:1059A000B3D1704711F8012B0CF8012B002AF9D163
:1059B000704700BF000000000000000090F800F0F9
:1059C0006DE9024520F007016FF0000C10F00704AC
:1059D00091F820F040F049804FF000046FF007008C
:1059E000D1E9002391F840F000F1080082FA4CF26E
:1059F000A4FA8CF283FA4CF3A2FA8CF34BBBD1E9F4
:105A0000022382FA4CF200F10800A4FA8CF283FA25
:105A10004CF3A2FA8CF3E3B9D1E9042382FA4CF2F5
:105A200000F10800A4FA8CF283FA4CF3A2FA8CF38A
:105A30007BB9D1E9062301F1200182FA4CF200F191
:105A40000800A4FA8CF283FA4CF3A2FA8CF3002B30
:105A5000C6D0002A04BF04301A4612BAB2FA82F243
:105A6000FDE8024500EBD2007047D1E9002304F0C5
:105A70000305C4F100004FEAC50514F0040F91F8C6
:105A800040F00CFA05F562EA05021CBF63EA050363
:105A900062464FF00004A9E72DE9F0414FF0010EF6
:105AA000744600254FF0FF362B198B4200EB06079A
:105AB0000DD23F5D10F803C0BC452DD21D46012418
:105AC000C6EB030E2B198B4200EB0607F1D34FF008
:105AD0000108C2F800E0444600254FF0FF372B19BB
:105AE000994200EB070E0ED91EF804E010F803C02F
:105AF000F44518D91D460124C7EB03082B19994218
:105B000000EB070EF0D80137701C874224BFC2F8A3
:105B100000803846BDE8F0810CD04FF0010E2E46D3
:105B200074467544C0E70CD04FF001082F46444638
:105B30004544D4E7744509BFA64601341D460124F7
:105B4000B2E7444509BFA04601341D460124C6E71B
:105B50002DE9F04FADF2144D164605468B46104622
:105B6000194603AA1C46FFF797FF03AB81460DF2C7
:105B70000C4243F8044F9342FBD14CB1631E3246B2
:105B800004A812F8011B40F8213013F1FF33F8D2BA
:105B900003994A4631443046FFF714F9002871D181
:105BA00009F1FF330093F3188246019323468046A0
:105BB000544658469A4608EB0A073A1A00212844E8
:105BC00004F004FD002858D1002F56D0EB1904AA88
:105BD00013F8013C52F823304BB124B1039A93429D
:105BE00001D2C2EB0A03984400243846E3E74C454F
:105BF00023460AF1FF3E38BF4B46734513D208EBEC
:105C0000030216F803C0A85C84452A4406EB03018E
:105C100006D02EE011F801CF12F8010F844528D1EB
:105C200001337345F6D34C45009980F08B80009B7F
:105C3000019808EB03020378A85C83422A4440F0F1
:105C40008180019B06EB040B06E013F801ED12F8CE
:105C5000010D864504D161469B4501F1FF3CF4D11D
:105C600001348C4270D8039C3846A044C4EB0A042B
:105C7000A1E7C9F101029044B5E700200DF2144DEF
:105C8000BDE8F08FC9EB04034B4538BF4B460133E9
:105C900009F1FF38039306EB080358464FF0000A5A
:105CA000CB4699460AEB04073A1A0021284404F02F
:105CB0008DFC0028E1D1002FDFD0EB1904AA13F8E6
:105CC000013C52F82330A3BB611E8B4515D20AEB71
:105CD0000B0216F80B3015F802E09E452A4406EB3D
:105CE0000B005B4606D027E010F801CF12F801EF59
:105CF000F44521D101338B42F6D3B8F1FF3F11D0E7
:105D00000AEB080299F80010AB5C99422A440FD1C3
:105D10004B4605E013F8010D12F8011D884207D12A
:105D2000B342F7D105EB0A000DF2144DBDE8F08F38
:105D3000039B9A443846B5E7CBF1010292449A445A
:105D40003846AFE749468BE705EB080096E700BF0A
:105D50000378002B00F004812DE9F04F91F80080CA
:105D600085B04446B8F1000F16D0864601F1010C0B
:105D7000012703E012F8014B6CB194469C4214BF1A
:105D8000002707F001071EF8013F6246002BF1D102
:105D90009CF800300BBB17B105B0BDE8F08F0E4684
:105DA000054641460130C6EB0C04FFF7C5FB07462C
:105DB00098B1012CF0D02819874294BFC7EB000B93
:105DC0004FF0010B1F2C0CD923463246594638465A
:105DD000FFF7BEFE05B0BDE8F08F002005B0BDE8BE
:105DE000F08F03AA21463046FFF756FE03998046FE
:105DF000024631443046FEF7E5FF002858D108F14D
:105E0000FF330193F3188146054600935846B24686
:105E10006619321A0021384404F0D8FB0028DCD17E
:105E2000002EDAD0C845434638BF4B469C4212D9B3
:105E30005A191AF80310B85C88423A440AEB030E68
:105E400006D02DE01EF8010F12F8011F884227D15D
:105E500001339C42F6D8019BC845194640F2838025
:105E6000EA1800980378B85C83423A447BD1009BDF
:105E70000AEB090B06E013F801CD12F801EDF44529
:105E800004D101465B4501F1FF30F4D109F101096C
:105E9000894557D8039B30461D44C3EB0409B7E737
:105EA000C8F1010215441D444FF000093046AFE728
:105EB000C8EB0403434538BF4346013308F1FF39BB
:105EC000039306EB090358460025BB469A4667191B
:105ED0003A1A0021584404F079FB00287FF47DAF82
:105EE000002F3FF47AAF444515D908EB050216F8A8
:105EF00008301BF8020098425A4406EB080143465A
:105F000006D023E011F801EF12F8010F86451DD1EC
:105F100001339C42F6D8B9F1FF3F12D005EB0902DC
:105F20009AF800101BF8023099425A4414D1534693
:105F300005E013F8010D12F8011D88420CD1B3429F
:105F4000F7D15F46781905B0BDE8F08FC8F10102BE
:105F500015441D443846BAE7039B38461D44B6E74E
:105F60000B7813B97047414690E70020704700BF97
:105F7000000000002DE9F04F2DED068BB9B00C4666
:105F8000039192460993059004F09EFA03681093DA
:105F90001846FFF713FDA3890F90190603D523694F
:105FA000002B01F07D8000239FEDA48B9FEDA59B2E
:105FB0000D931D931C931193069328AB1B93994645
:105FC0009AF800305446EBB1252B02D11AE0252B6C
:105FD00003D014F8013F002BF9D1CAEB04058DB1B1
:105FE0001C9B1D9AC9F800A001332A44072BC9F84D
:105FF00004501D921C9300F3A38009F10809069B2D
:106000002B4406932378002B00F0A38000231A462C
:106010008DF84F30194607939B464FF0FF38637851
:1060200004F1010A45460AF1010AA3F120005828AB
:1060300000F2F883DFE810F06303F603F6036B0366
:10604000F603F603F603F603F603F60370037E0386
:10605000F6035D00DF00F603FB000C010C010C01F0
:106060000C010C010C010C010C010C01F603F603F0
:10607000F603F603F603F603F603F603F603F60358
:106080001C015E01F6035E01F603F603F603F60358
:10609000A102F603F603A602F603F603F603F603DF
:1060A000F603D802F603F6030503F603F603F60338
:1060B000F603F603F603F603F603F603F6034303CB
:1060C00056035E015E015E015E035603F603F603AE
:1060D000A403F603B103A2006200C303F603C803DE
:1060E000F6038303F603F6038B03079809934042F4
:1060F00007904BF0040B9AF8003094E7A8460998F3
:1061000000213023782288458DF8503004688DF8BE
:10611000512000F104074FF000058DF84F104BF0AF
:106120000203C0F29C832BF0800343F0020B54EA7D
:106130000503099700F069830F460C924348AEE2CD
:106140001BAA0399059804F009FE48B90DF1A009AE
:1061500055E71D9B23B1059803991BAA04F0FEFD8A
:10616000039B9B8913F0400F069B18BF4FF0FF3332
:10617000184639B0BDEC068BBDE8F08F0C93A846ED
:10618000002A41F09A811BF0200300F00682099F4B
:10619000073727F00703002703F10802B8450992E3
:1061A000D3E900458DF84F70C0F25E8654EA0503CE
:1061B0002BF0800B00F04B8328AEE20842EA4572D8
:1061C000E90804F007030D461446303354EA05028B
:1061D00006F8013DF1D11BF0010F00F02782302BB2
:1061E00000F024823022731E06F8012C28AAD21A4D
:1061F00008921E461DE29AF800302A2B0AF101048B
:1062000001F02F81A3F13000092898BF002501F289
:10621000D58014F8013B05EB850500EB4505A3F19E
:1062200030000928F5D945EAE575A246FDE64BF0B0
:10623000800B9AF80030F6E6AFF300800000000013
:1062400000000000FFFFFFFFFFFFEF7F1055002061
:10625000A3F1300000231C461AF8013B04EB840430
:1062600000EB4404A3F130000928F5D90794DCE6DB
:106270000C93A846002A41F02C814BF0100B1BF028
:10628000200F00F00385099F073727F00707D7E99C
:10629000002307F10801099114461D46002A73F1F5
:1062A0000003C0F23785B8F1000F9DF84F70C0F2BF
:1062B000B58154EA05032BF0800B00F0F683002D26
:1062C00008BF0A2CC0F0AE8128AE204629460A221B
:1062D0000023FEF78DF8303206F8012D20462946BE
:1062E00000230A22FEF784F804460D4654EA05030B
:1062F000EBD19BE10C93A846002A41F0E680099F70
:106300001BF0080F07F1070700F0408627F007038E
:1063100093ED008B03F108020992B0EEC87BB4EE56
:10632000497BF1EE10FA40F3BC85B5EEC08BF1EE7F
:1063300010FA00F1CA879DF84F70A74EA74B0C9931
:1063400003224FF0000804922BF0800B4729D8BF9E
:106350001E460892CDF8388017B1049B0133049390
:106360001BF002030A9302D0049B023304931BF038
:1063700084030B9340F08082079B049A9C1A002CA4
:1063800040F37A82102C1D991C9A954F23DD4846C4
:106390001025C146B046059E04E0103C102C00F1CB
:1063A000080015DD01321031072A1D911C9207608B
:1063B0004560F2DD1BAA0399304604F0CFFC0028AB
:1063C0007FF4CEAE103C102C1D991C9A28A8E9DC55
:1063D0004646C846814601326318072A1D931C921F
:1063E000C9F80070C9F8044000F3E2839DF84F70CB
:1063F00009F1080977B11C9A013201330DF14F0000
:106400000121072A1D931C9289E8030000F35F8392
:1064100009F108090A9A6AB11C9A0132023314A8D8
:106420000221072A1D931C9289E8030000F35B8375
:1064300009F108090B9A802A00F07E82089AC2EBC3
:106440000804002C34DD102C1C9A664F23DD4946CD
:106450004FF01008B146059D039E04E0103C102C3F
:1064600001F1080115DD01321033072A1D931C923A
:1064700081E88001F2DD1BAA3146284604F06EFC5B
:1064800000287FF46DAE103C102C1D9B1C9A28A98F
:10649000E9DC4E46894601322344072A1D931C92AB
:1064A000C9F80070C9F8044000F3058309F1080930
:1064B0001BF4807F40F0E2811C9A0898C9F80060C4
:1064C00001320344072A1D93C9F804001C9200F30B
:1064D000C28209F108091BF0040F3ED0079A049903
:1064E000541A002C39DD102C1C9A3D4F22DD10254A
:1064F000059EDDF80C8004E0103C102C09F1080921
:1065000018DD01321033072A1D931C92C9F8007060
:10651000C9F80450F0DD1BAA4146304604F01EFCC9
:1065200000287FF41DAE103C102C1D9B1C9A0DF111
:10653000A009E6DC01322344072A1D931C92C9F806
:106540000070C9F8044008DD1BAA0399059804F0FF
:1065500005FC00287FF404AE1D9B069A0799049859
:106560008142ACBF521812180692002B40F07F8275
:1065700000231C930DF1A00922E54BF0080B9AF8BB
:10658000003050E50C93A846002A40F09A874BF063
:10659000100B1BF020037FF4FAAD1BF0100240F04B
:1065A00091831BF0400300F08D8309998DF84F20F3
:1065B0000B46B8F1000F03F104030C884FF00005FF
:1065C000C0F2AB8554EA05012BF0800B099300F073
:1065D0003E811746F0E500BF04550020005500201D
:1065E000540C0020D85600200C93A846002A40F0F6
:1065F00059874BF0100B1BF0200300F0E782099F36
:10660000073727F00703002703F10802B84509926E
:10661000D3E900458DF84F70BFF64BAE54EA050341
:106620007FF44DAE38AE303406F8414D28AB9B1B9D
:106630000893089B4345B8BF4346049300230E9339
:106640008AE60C93A846002A40F028871BF0200F0A
:10665000C24800F08680099F073727F00703D3E977
:10666000004503F1080209921BF0010700F0478280
:1066700054EA050300F0A384002730239DF830205E
:106680008DF85030B8458DF851208DF84F704BF093
:106690000203C0F217862BF0800343F0020B28AEF2
:1066A000230904F00F0143EA05732A091C46154625
:1066B000435C06F8013D54EA0503F1D1B6E70999B8
:1066C0000C930A688DF8782000230A461F468DF83F
:1066D0004F30043201230493B8460E970992089371
:1066E0001EAE3DE60C93A846002A3FF4C8AD8DF8D7
:1066F0004F10C4E54BF0400B9AF8003093E49AF841
:10670000003000297FF48FAC012220218BE44BF074
:10671000010B9AF8003086E4099C23680793184619
:106720000028234603F10403FFF6DFAC09939AF82F
:10673000003078E49AF8003001222B2173E40C93A6
:10674000A846002A3FF457AF8DF84F1053E70C933B
:10675000A846002A40F0AA861BF0200F80487FF44C
:106760007AAF099A1BF0100F134640F0C1821BF05C
:10677000400F00F0BD82043314880993002573E7AD
:106780009AF800306C2B03BF9AF801304BF0200BC5
:106790000AF1010A4BF0100B45E4002A40F06F8625
:1067A0001BF0200F00F06683099A06991368CD1735
:1067B0000846043229460992C3E9000100E44BF07F
:1067C000200B9AF800302EE4099A0C9316680024E6
:1067D0008DF84F40171D002E00F06585002DC0F28A
:1067E000A2842A462146304603F0F0FE002800F03D
:1067F000CC85831B0893A04623EAE373099704938F
:10680000CDF838809DF84F70A6E555480C92B8F148
:10681000000F40F0848147464FF00008CDF82080FB
:1068200028AE06E70C93002A40F02D860C9A002A29
:106830003FF48FAC002301211F4604918DF878208E
:106840008DF84F3098460E9308911EAE88E5B8F14A
:10685000000F00F08B85002700240025ACE44048A1
:106860000C929B4654EA050309974FF000077FF40A
:1068700016AF0024002512E71D9BBBE50C9A652A84
:1068800040F3A180B5EE408BF1EE10FA40F0498163
:106890001C9A3449C9F80010013201330121072A3A
:1068A0001D931C92C9F8041000F3928309F10809A2
:1068B000159A0D998A4203DB1BF0010F3FF40BAED2
:1068C0001C9A0F981099C9F8001001320344072A46
:1068D0001D93C9F804001C9200F3D68309F108093E
:1068E0000D9A541E002C7FF7F6AD102C1C9A1E4FEB
:1068F00040F3DC811025059EDDF80C8005E009F1F0
:106900000809103C102C40F3D18101321033072AC2
:106910001D931C92C9F80070C9F80450EFDD1BAA42
:106920004146304604F01AFA00287FF419AC1D9B4A
:106930001C9A0DF1A009E4E7079A0499541A002C57
:106940007FF77CAD102C1C9A074F2EDD4946102591
:10695000C1461846B046059E0DE000BF681D0020E8
:1069600010550020EC540020D8560020103C102C6C
:1069700001F1080115DD01321030072A1D901C922B
:106980000F604D60F2DD1BAA0399304604F0E6F972
:1069900000287FF4E5AB103C102C1D981C9A28A908
:1069A000E9DC46460346C846894601322344072AA5
:1069B0001D931C92C9F80070C9F8044000F3468288
:1069C00009F108093AE50D9AC9F80060012A1C9AF4
:1069D00003F1010302F101024FF001011D931C922A
:1069E000C9F8041040F31082072A00F3158209F158
:1069F00008090F981099C9F8001001320344072ABA
:106A00001D931C92C9F8040000F3138209F10809D0
:106A1000B5EE408BF1EE10FA0D9900F0F5800139DA
:106A2000013201360B44072AC9F800601C921D93FD
:106A3000C9F8041000F31D8109F108091198C9F87B
:106A400004000132034417A9072A1D931C92C9F8B8
:106A500000107FF73EAD1BAA0399059804F07EF95C
:106A600000287FF47DAB1D9B0DF1A00933E51BAA27
:106A70000399059804F072F900283FF479ADFFF707
:106A80006FBB0999B8F1000F0C688DF84F3001F118
:106A900004074FF00005C0F2718354EA050209971C
:106AA0002BF0800B1F467FF40AACB8F1000F3FF4C7
:106AB000B3AE0024B6E51BAA0399059804F04EF97D
:106AC00000287FF44DAB1D9B0DF1A009F0E41BAA3B
:106AD0000399059804F042F900287FF441AB1D9B0F
:106AE0000DF1A00996E41BAA0399059804F036F964
:106AF00000287FF435AB1D9B0DF1A0099AE4B8F195
:106B0000000F8DF84F70C0F26F8254EA05032BF02E
:106B1000800B7FF4C4ADB8F1000F3FF47CAE0027CA
:106B2000A7E6159C002C40F361820E9A0D998A42CB
:106B3000A8BF0A46002A14460DDD1C9AC9F8006059
:106B400001322344072A1D93C9F804401C9200F324
:106B5000728309F108090E9A002CA8BF121B002AA3
:106B6000144640F3F180102C1C9AC14F40F3198257
:106B700049461025B146DDF81480039E04E0083133
:106B8000103C102C40F30B8201321033072A1D9366
:106B90001C920F604D60F2DD1BAA3146404604F0A6
:106BA000DDF800287FF4DCAA1D9B1C9A28A9E7E7E2
:106BB0001BAA0399059804F0D1F800287FF4D0AA05
:106BC0009DF84F701D9B0DF1A00913E41BF01002FE
:106BD0007FF457AF1BF040033FF453AF09998DF892
:106BE0004F200B46B8F1000F03F104030C884FF05F
:106BF0000005C0F2948254EA05012BF0800B099342
:106C000017467FF45CAB50E74C1E002C7FF716AFA5
:106C1000102C974F22DD1025059EDDF80C8004E036
:106C2000103C102C09F1080918DD01321033072A35
:106C30001D931C92C9F80070C9F80450F0DD1BAA1E
:106C40004146304604F08AF800287FF489AA103CB7
:106C5000102C1D9B1C9A0DF1A009E6DC0132234487
:106C6000072A1D931C92C9F80070C9F804407FF7E9
:106C7000E3AE1BAA0399059804F070F800287FF48E
:106C80006FAA1D9B1C9A0DF1A009D7E61BF0100FEF
:106C900033D11BF0400F30D00999B1F900400431D5
:106CA000E51722462B460991FFF7F8BA0132234433
:106CB000072A1D931C92C9F80070C9F804407FF799
:106CC00008ACC8E60999B8F1000F0C688DF84F3090
:106CD00001F104074FF00005C0F2C58054EA050237
:106CE0002BF0800B09973FF4B2AD1F46FFF764BA53
:106CF0001C68043309930025B6E4099A1468134606
:106D00000433E51722460993002A2B4673F100034A
:106D1000BFF6C9AA64424FF02D0765EB4505B8F1EF
:106D2000000F8DF84F70FFF6CAAA2BF0800BFFF70B
:106D3000C6BA1BAA0399059804F010F800287FF43E
:106D40000FAA1D9B0DF1A0090E99159A31440D460D
:106D50000D998A4247DB1BF0010F44D10D98064480
:106D6000741B821A9442A8BF1446002C26460DDDDF
:106D70001C99C9F800500131234407291D93C9F813
:106D800004401C9100F3808209F10809002EACBF79
:106D9000941B1446002C7FF79EAB102C1C9A344F8A
:106DA00084DD1025059EDDF80C8005E009F1080959
:106DB000103C102C7FF77AAF01321033072A1D9355
:106DC0001C92C9F80070C9F80450EFDD1BAA4146B7
:106DD000304603F0C3FF00287FF4C2A91D9B1C9A14
:106DE0000DF1A009E4E71C990F9C1098C9F8000068
:106DF0000131234407291D93C9F804401C9100F375
:106E0000268209F10809A9E71BF0010F7FF4ECAD18
:106E1000072A7FF711AE2CE71BAA0399059803F008
:106E20009DFF00287FF49CA91D9B1C9A0DF1A009D1
:106E3000DFE51BAA0399059803F090FF00287FF473
:106E40008FA91D9B1C9A0DF1A009E1E51BAA0399CE
:106E5000059803F083FF00287FF482A91D9B0DF1A4
:106E6000A009FFF7EBBA09970027FFF7A5B900BF04
:106E7000D85600201BF0100F0BD11BF0400F08D08C
:106E8000099A136804320992BDF818201A80FFF796
:106E900097B8099A136804320992069A1A60FFF7A4
:106EA0008FB8B4EE488BF1EE10FA80F19E820C9B05
:106EB000B8F1FF3F23F0200500F02582472D00F0B8
:106EC00026814BF480730A9318EE903A002BC0F29F
:106ED0001D82B0EE48AB00270C9B662B00F00282AF
:106EE000462B00F0EC80B0EE4A0B452D0CBF08F1AC
:106EF0000104444619AA16AB01920093224615AB31
:106F00000221059802F012F80C9B672B064640F010
:106F10000E821BF0010F00F066823119B5EE40AB16
:106F2000F1EE10FA00F08581199B994206D93020C4
:106F30005A1C19921870199B9942F9D89B1B472D1E
:106F40000D9300F01F810C9B652B40F3FF810C9B80
:106F5000662B159B00F0FC810E930E9A0D998A42C8
:106F6000C0F2D8811BF0010F40F0348222EAE273B4
:106F7000089267220C92002F40F0F680B8460493E6
:106F8000DDF828B09DF84F70FFF7E6B927F0070746
:106F900007F1080397ED008B0993FFF7BEB94E4642
:106FA000894601322344072A1D931C92C9F80070B8
:106FB000C9F804403FF7BDAE09F10809C4E600274F
:106FC000B8458DF84F70FFF654AC2BF0800B1EE4E3
:106FD0001BAA0399059803F0C1FE00287FF4C0A8FE
:106FE0001D9B0DF1A00963E4099F3BE41C9AB9497C
:106FF000C9F80010013201330121072A1D931C92A8
:10700000C9F8041076DC09F108092CB90D9A1AB9EF
:107010001BF0010F3FF45FAA1C9A0F981099C9F852
:10702000001001320344072A1D93C9F804001C9282
:1070300000F3B68109F108096442002C40F387800F
:10704000102CA54F40F3128149461025B146DDF8BA
:107050001480039E04E00831103C102C40F304819E
:1070600001321033072A1D931C920F604D60F2DD30
:107070001BAA3146404603F071FE00287FF470A839
:107080001D9B1C9A28A9E7E71BAA0399059803F002
:1070900065FE00287FF464A81D9B0DF1A0091FE484
:1070A00040210598FDF7C0FB039A1060106100288D
:1070B00000F0ED81039A40235361FEF774BF19AAD3
:1070C00016AB01920093424615AB0321B0EE4A0B7A
:1070D000059801F02BFF444606460C9B462B06EB19
:1070E00004017FF41BAF3378302B00F08D81159CA9
:1070F000214413E71BAA0399059803F02FFE0028EB
:107100007FF42EA8159C1D9B0DF1A0097DE7B8F119
:10711000000F08BF4FF00108D3E60993A4E60993D6
:107120001746FFF77BBA3046FEF748FCA0460346F9
:107130000890FFF761BB1BAA0399059803F00EFEA8
:1071400000287FF40DA81D9B1C9A0DF1A0090D9835
:10715000C9F8006001320344072A1D931C92C9F844
:1071600004007FF7B6A976E42D270493DDF828B054
:107170008DF84F704FF00008FFF7EFB809971F46E2
:10718000FFF74CBA159BDA1C02DB9845BFF6E4AE5C
:107190000C9A023A0C92013B002B9DF8302015937B
:1071A000B8BF5B428DF85C20B4BF2D222B22092B87
:1071B0008DF85D2040F306810DF16B000446474ACF
:1071C00082FB0321DA17C2EBA10202EB8201A3EBDF
:1071D000410303F13001092A134604F8011DEEDCD6
:1071E00021463033DAB201F8012D884240F2628143
:1071F0000DF15E01234601E013F8012B01F8012B8C
:107200009842F9D1431C1B1B0DF15E02134417AACF
:107210009B1A0D9A1193012A1344089340F3FF809F
:10722000089B0F9A1344002208930E9223EAE373FB
:10723000A1E60B4682E61BAA0399059803F08EFD92
:1072400000287EF48DAF1D9B0DF1A00983E41BAADD
:107250000399059803F082FD00287EF481AF159A0A
:107260001D9B0DF1A00979E54E4689460132234464
:10727000072A1D931C92C9F80070C9F804403FF713
:107280005AAF09F1080962E71BAA0399059803F0B0
:1072900065FD00287EF464AF159A0D991D9B8A1A2E
:1072A0000DF1A00972E5062D2B4628BF0623089391
:1072B00023EAE373B04609970E9637460493084EC7
:1072C000FFF74AB89B46FFF7EAB92D278DF84F70B4
:1072D000FFF733B8EC540020D85600206766666686
:1072E0002455002019AA16AB01920093032115AB77
:1072F0004246B0EE4A0B059801F018FE4446064699
:1073000000EB0801EFE64FF00608DAE5B1EE48AB16
:107310002D27E1E50F9A0D9B13440E9A0893002A3E
:1073200040F38680672223EAE3730C9223E60C9BEA
:10733000472B7FF4F2AD1BF0010F7FF4CEAE199B0B
:10734000472DA3EB06030D933FF41CAF159B22E7DB
:10735000002B1A460E9373DDB8F1000F4BD11BF0D2
:10736000010F48D123EAE373089204E61BF0010FF2
:10737000474605D038AE302306F8413DFFF756B9F1
:10738000CDF8208028AEFFF754B925EAE5730997B8
:107390000493089580460E909DF84F70FEF7DCBF71
:1073A0001BAA0399059803F0D9FC00287EF4D8AEF7
:1073B000159C1D9B1C9A0DF1A0093DE6A2460025D7
:1073C000FEF733BE303330228DF85F308DF85E200B
:1073D00018AB1CE70F9A0E9B1344672208930C927C
:1073E00023EAE373C7E5199BA8E53C4E3C4B9DF8A7
:1073F0004F70FEF7A4BF0E9B0F9A9D1805EB080374
:10740000089323EAE373B6E5B5EE40ABF1EE10FA6C
:107410003FF46DAEC4F10104159421447EE51BF0E8
:1074200001037FF4FDAE0E93089B23EAE373A2E50C
:107430000E9B089AC3F101031A441346089271E7A0
:10744000B8F1000F02D11BF0010F07D00F9B5D1C9C
:1074500005EB0803089323EAE3738CE50123089303
:1074600089E509989AF8013005680430002D0990E3
:10747000A246BEF6D8AD4FF0FF35FEF7D4BD8DF86D
:107480004F10FFF78DB98DF84F10FFF7CFB9059A60
:107490000C2313604FF0FF30FEF76BBE8DF84F10DA
:1074A000FFF7D4B88DF84F10FFF7A3B88DF84F1041
:1074B000FFF752B90DF15E03A9E68DF84F10FEF704
:1074C00062BE8DF84F10FFF762B88DF84F10FEF7CF
:1074D00016BF8DF84F10FEF7D0BE00BF0C55002030
:1074E00008550020F0B5DFF878E0164604460F4650
:1074F000BEE80F008BB06D460FC5BEE80F000FC58C
:107500009EE80300B31E45F8040B222B297022D8F5
:107510007D1E2846002200E01A46B4FBF6F10AABB5
:1075200006FB114423440C4613F8283C00F8013FA5
:10753000531C0029F0D1F954BB184AB1197815F839
:10754000010F29700134111B8C4203F80109F5DB8E
:1075500038460BB0F0BD002038700BB0F0BD00BF56
:107560002C550020FFF7BEBF000000002DE9F04FB2
:107570002DED068BB9B01C468A4616460546059089
:1075800002F0A2FF036810931846FEF717FA099459
:107590000F901DB1AB6B002B00F02781BAF90C20C6
:1075A00093B29F040AD4DAF8641042F4005321F431
:1075B0000051AAF80C30CAF864109BB21D0740F1C4
:1075C000DB80DAF81020002A00F0D68003F01A03DE
:1075D0000A2B00F0DF8000239FEDA68B9FEDA79B79
:1075E0000D931D931C931193069328AB1B939946FF
:1075F000B3469BF800305C46EBB1252B02D11AE074
:10760000252B03D014F8013F002BF9D1CBEB040557
:107610008DB11C9B1D9AC9F800B001332A44072B79
:10762000C9F804501D921C9300F3C48009F10809A5
:10763000069B2B4406932378002B00F0C480002384
:107640001A468DF84F301946079303934FF0FF38D1
:10765000637804F1010B45460BF1010BA3F1200007
:10766000582800F23A84DFE810F0F00338043804B8
:10767000F9033804380438043804380438045C0347
:107680002A0438045D000F0138042B016A036A03E1
:107690006A036A036A036A036A036A036A033804B3
:1076A00038043804380438043804380438043804FA
:1076B00038047A03970338049703380438043804ED
:1076C0003804CC0338043804320138043804380450
:1076D000380438045B0138043804AE023804380436
:1076E00038043804380438043804380438043804BA
:1076F000EF02020397039703970339030203380449
:107700003804400338044A03C40064000104380408
:1077100009043804D30338043804DB0307980993B9
:1077200040420790039B43F0040303939BF800300F
:1077300092E70998A846002104688DF84F10071DAC
:1077400003983023782288458DF850304FF000059B
:107750008DF8512040F00203C0F2DC8320F080035A
:1077600043F00203039354EA0503099700F0AD8345
:107770000F460C92434857E25146059801F08CFAA7
:10778000002840F0EB87BAF80C3003F01A030A2BFC
:107790007FF421AFBAF90E30002BFFF61CAF234661
:1077A00032465146059801F01DFA39B0BDEC068B02
:1077B000BDE8F08F1BAA5146059803F08BFB48B932
:1077C0000DF1A00934E71D9B23B105981BAA514672
:1077D00003F080FBBAF80C30590600F1BF87069819
:1077E00039B0BDEC068BBDE8F08F059802F080FB48
:1077F000D4E60C93A846002A41F0CC81039A12F0FB
:10780000200371D0099F073727F00703002703F1F2
:107810000801B8450991D3E900458DF84F70C0F2D1
:10782000168722F08003039354EA050300F06A836D
:1078300028AEE20842EA4572E90804F007030D4663
:107840001446303354EA050206F8013DF1D1039A9B
:10785000D40740F1A380302B00F0A0803022731EAB
:1078600006F8012C28AAD21A08921E4699E000BFF9
:10787000AFF300800000000000000000FFFFFFFFEA
:10788000FFFFEF7F105500209BF800302A2B0BF1F3
:10789000010401F05881A3F13000092898BF0025A8
:1078A00001F2FB8014F8013B05EB850500EB450573
:1078B000A3F130000928F5D945EAE575A346CDE6E0
:1078C000039B43F0800303939BF80030C4E60C93C2
:1078D000A846002A41F07581039B43F010030393EF
:1078E000039A12F020038DD1039911F0100200F0D9
:1078F000838609988DF84F30B8F1000F046800F1C5
:1079000004074FF00005C0F2A1860A4622F080026B
:10791000039254EA0502099700F0F4821F4687E7B4
:107920000C93A846002A41F04481039B43F01003C6
:107930000393039A12F0200300F0B584099F0737E0
:1079400027F00703002703F10801B8450991D3E99F
:1079500000458DF84F70C0F2DF8422F0800303935E
:1079600054EA050300F0A981002D08BF0A2CC0F0DD
:10797000D78428AE204629460A220023FCF738FD8A
:10798000303206F8012D2046294600230A22FCF752
:107990002FFD04460D4654EA0503EBD128AB9B1B93
:1079A0000893089B4345B8BF4346049300230E93B6
:1079B00017B1049B01330493039B13F002030A9352
:1079C00002D0049B02330493039B13F084030B93B4
:1079D00040F0AD82079B049A9C1A002C40F3A782CA
:1079E000102C1D991C9ABA4F21DD4B461025B1462B
:1079F000059E04E0103C102C03F1080315DD013254
:107A00001031072A1D911C921F605D60F2DD1BAAD8
:107A10005146304603F05EFA00287FF4DBAE103C9E
:107A2000102C1D991C9A28ABE9DC4E469946013270
:107A30006318072A1D931C92C9F80070C9F8044006
:107A400000F3F2839DF84F7009F1080977B11C9A91
:107A5000013201330DF14F000121072A1D931C92C1
:107A600089E8030000F36D8309F108090A9A6AB1F5
:107A70001C9A0132023314A80221072A1D931C927A
:107A800089E8030000F3698309F108090B9A802A49
:107A900000F0AB82089AC2EB0804002C30DD102CF9
:107AA0001C9A8C4F1FDD4FF01008059D04E0103C20
:107AB000102C09F1080916DD01321033072A1D9335
:107AC0001C9289E88001F2DD1BAA5146284603F08A
:107AD00001FA00287FF47EAE103C102C1D9B1C9AEE
:107AE0000DF1A009E8DC01322344072A1D931C9202
:107AF000C9F80070C9F8044000F3178309F10809B8
:107B0000039AD00500F115821C9A0898C9F8006004
:107B100001320344072A1D93C9F804001C9200F3A4
:107B2000EE8209F10809039A50073CD5079A049997
:107B3000541A002C37DD102C1C9A654F20DD1025BF
:107B4000059E04E0103C102C09F1080918DD0132F3
:107B50001033072A1D931C92C9F80070C9F804500D
:107B6000F0DD1BAA5146304603F0B4F900287FF43B
:107B700031AE103C102C1D9B1C9A0DF1A009E6DCC7
:107B800001322344072A1D931C92C9F80070C9F8DA
:107B9000044008DD1BAA5146059803F09BF9002814
:107BA0007FF418AE1D9B069A079904988142ACBFDA
:107BB000521812180692002B40F0AD8200231C933D
:107BC0000DF1A00915E50C93A846002A40F0ED87B9
:107BD000039B41489E0640F12D81099F073727F0FE
:107BE0000703D3E9004503F108020992039A12F052
:107BF000010700F0BE8254EA050300F046859DF8B7
:107C000030208DF851200027039A8DF84F703023D3
:107C1000B8458DF8503042F00203C0F2EC8622F0F5
:107C2000800343F00203039328AE230904F00F01FD
:107C300043EA05732A091C461546435C06F8013DD4
:107C400054EA0503F1D1A9E609990C930A688DF865
:107C5000782000230A461F468DF84F300432012356
:107C60000493B8460E97099208931EAEA4E60C93AF
:107C7000A846002A40F0A187039B9C067BD5099F5C
:107C8000073727F00707D7E9002307F10801099113
:107C900014461D46002A73F10003C0F20284B8F1B5
:107CA000000F9DF84F70C0F23783039B23F08003D1
:107CB000039354EA05037FF457AEB8F1000F40F088
:107CC000D5834FF00008CDF8208028AE69E600BFCC
:107CD000640C0020E8560020681D0020039B43F040
:107CE000400303939BF80030B6E49BF800306C2B04
:107CF00000F08485039840F010000390ACE4002A63
:107D000040F04087039B9A0640F15D84099A0699EA
:107D10001368CD170846043229460992C3E90001C9
:107D200067E4099C2368079318460028234603F15B
:107D30000403FFF6F3AC09939BF800308CE4A3F145
:107D4000300000231C461BF8013B04EB840400EBCD
:107D50004404A3F130000928F5D907947EE40C937C
:107D6000A846002A40F01D87039B43F010030393AD
:107D7000039B9C0683D4039BD80600F16382039B7C
:107D8000590640F15F820999B1F900400431E517C5
:107D900022462B4609917DE70C93A846002A40F025
:107DA0001887039B099F1A0707F1070740F1028410
:107DB00027F0070393ED008B03F108020992B0EE60
:107DC000C87BB4EE497BF1EE10FA40F37D83B5EE4B
:107DD000C08BF1EE10FA00F111869DF84F70A04EA5
:107DE000A04B039921F0800103910C9903224FF0DD
:107DF000000804924729D8BF1E460892CDF8388063
:107E0000D6E5039B43F0080303939BF8003023E47B
:107E10000C93A846002A3FF48CAD8DF84F1088E5EE
:107E20000C93A846002A40F0D086039B8E489E06FD
:107E30003FF5D3AE039BDD0640F10C84099A13464F
:107E40000433146809930025D0E69BF8003000291C
:107E50007FF402AC01222021FFF7FEBB039B43F01D
:107E6000010303939BF80030FFF7F6BB039B43F03D
:107E7000200303939BF80030FFF7EEBB099A0C93A5
:107E8000166800248DF84F40171D002E00F07885ED
:107E9000002DC0F2CA842A462146304602F096FBE5
:107EA000002800F0CF85831B0893A04623EAE373E4
:107EB00009970493CDF838809DF84F7078E59BF8CA
:107EC000003001222B21FFF7C7BB67480C92B8F1A5
:107ED000000F40F05F814746F3E60C93002A40F024
:107EE00055860C9A002A3FF46EAC002301211F46F0
:107EF00004918DF878208DF84F3098460E930891B4
:107F00001EAE59E5B8F1000F00F0A7850027002448
:107F100000258DE4544803930C9254EA0503099715
:107F20004FF000077FF480AE002400257CE61D9B07
:107F30008CE50C9A652A40F39D80B5EE408BF1EEFE
:107F400010FA40F029811C9A4849C9F80010013202
:107F500001330121072A1D931C92C9F8041000F374
:107F60009F8309F10809159A0D998A4203DB039A48
:107F7000D1077FF5D8AD1C9A0F981099C9F8001059
:107F800001320344072A1D93C9F804001C9200F330
:107F90003F8409F108090D9A541E002C7FF7C3ADE8
:107FA000102C1C9A324F40F398811025059E05E055
:107FB00009F10809103C102C40F38F810132103375
:107FC000072A1D931C92C9F80070C9F80450EFDD10
:107FD0001BAA5146304602F07DFF00287FF4FAAB21
:107FE0001D9B1C9A0DF1A009E4E7079A0499541A05
:107FF000002C7FF74FAD102C1C9A1D4F21DD4946F8
:108000001025B146059E04E0103C102C01F108013A
:1080100015DD01321033072A1D931C920F604D604D
:10802000F2DD1BAA5146304602F054FF00287FF4CF
:10803000D1AB103C102C1D9B1C9A28A9E9DC4E46A4
:10804000894601322344072A1D931C92C9F8007007
:10805000C9F8044000F3188209F108091AE500BFC5
:10806000045500200055002010550020EC5400203D
:10807000E85600200D9A012A40F3C0811C9AC9F8E5
:108080000060013201330121072A1D931C92C9F8B7
:10809000041000F3D18109F108090F981099C9F86B
:1080A000001001320344072A1D931C92C9F80400F2
:1080B00000F3CF8109F10809B5EE408BF1EE10FA1B
:1080C0000D9900F0C8800139013201360B44072AAE
:1080D0001C921D93C9F80060C9F8041000F39F8139
:1080E00009F108091198C9F804000132034417A9DD
:1080F000072A1D931C92C9F800107FF712AD1BAA26
:108100005146059802F0E6FE00287FF463AB1D9B04
:108110000DF1A00907E51BAA5146059802F0DAFE09
:1081200000283FF44BADFFF755BB1BAA51460598FD
:1081300002F0D0FE00287FF44DAB1D9B0DF1A0098D
:10814000DEE41BAA5146059802F0C4FE00287FF425
:1081500041AB1D9B0DF1A00988E41BAA514605986F
:1081600002F0B8FE00287FF435AB1D9B0DF1A0098D
:108170008CE4B8F1000F8DF84F70C0F2EC8222F061
:108180008003039354EA05037FF44EADB8F1000F6A
:108190003FF4A1AE0027C7E6159C002C40F38C826B
:1081A0000E9A0D998A42A8BF0A46002A14460DDD90
:1081B0001C9AC9F8006001322344072A1D93C9F8AC
:1081C00004401C9200F3658309F108090E9A002C03
:1081D000A8BF121B002A144640F3B380102C1C9A2F
:1081E000B84F40F344821025DDF8148005E009F112
:1081F0000809103C102C40F33A8201321033072A50
:108200001D931C92C9F80070C9F80450EFDD1BAA39
:108210005146404602F05EFE00287FF4DBAA1D9B1B
:108220001C9A0DF1A009E4E71BAA5146059802F03B
:1082300051FE00287FF4CEAA9DF84F701D9B0DF1D2
:10824000A00903E4099A146813460433E517099357
:1082500022462B461EE54C1E002C7FF743AF102C08
:10826000984F40F305811025059E05E009F10809A6
:10827000103C102C40F3FC8001321033072A1D9370
:108280001C92C9F80070C9F80450EFDD1BAA5146D2
:10829000304602F01FFE00287FF49CAA1D9B1C9A0A
:1082A0000DF1A009E4E7039911F0100221D009981B
:1082B0008DF84F30B8F1000F046800F104074FF05B
:1082C000000527DB0A4622F08002039254EA0502E9
:1082D00009971F467FF448ABEFE401322344072A95
:1082E0001D931C92C9F80070C9F804407FF719ACBF
:1082F00005E7039911F0400340F03A8209998DF89F
:108300004F30B8F1000F0C6801F104074FF0000581
:1083100080F2708109971F4654EA05037FF424AB6D
:1083200038AE303406F8414DFFF738BB1BAA514632
:10833000059802F0CFFD00287FF44CAA1D9B0DF19B
:10834000A0090E99159A31440D460D998A4244DBD5
:108350000399CF0741D40D980644741B821A9442A6
:10836000A8BF1446002C26460DDD1C99C9F8005004
:108370000131234407291D93C9F804401C9100F3DF
:10838000178309F10809002EACBF941B1446002C7A
:108390007FF7C9AB102C1C9A4A4F9EDD1025059E15
:1083A00004E009F10809103C102C96DD013210336D
:1083B000072A1D931C92C9F80070C9F80450F0DD1B
:1083C0001BAA5146304602F085FD00287FF402AA20
:1083D0001D9B1C9A0DF1A009E5E71C990F9C1098B4
:1083E000C9F800000131234407291D93C9F804404E
:1083F0001C9100F3678209F10809ACE7039AD407DE
:108400003FF53CAE1C9AC9F80060013201330121EE
:10841000072A1D931C92C9F804107FF761AE1BAAAE
:108420005146059802F056FD00287FF4D3A91D9B04
:108430001C9A0DF1A00955E61BAA5146059802F0B9
:1084400049FD00287FF4C6A91D9B1C9A0DF1A009C7
:1084500023E61BAA5146059802F03CFD00287FF454
:10846000B9A91D9B1C9A0DF1A00925E6002457E728
:1084700001322344072A1D931C92C9F80070C9F8E1
:1084800004407FF72DAECAE71BAA5146059802F0BB
:1084900021FD00287FF49EA91D9B0DF1A009FFF787
:1084A000F9BA64424FF02D0765EB4505B8F1000FAE
:1084B0008DF84F70FFF658AA039B23F080030393B7
:1084C000FFF752BAE8560020B4EE488BF1EE10FAEE
:1084D00080F116830C9BB8F1FF3F23F0200500F0DC
:1084E0008782472D00F08481039B43F480730A93B5
:1084F00018EE903A002BC0F28682B0EE48AB00270F
:108500000C9B662B00F06382462B00F05681B0EE88
:108510004A0B452D0CBF08F10104444619AA16ABBD
:1085200001920093224615AB0221059800F0FEFC53
:108530000C9B672B064640F09F82039BDA0740F1B5
:10854000D4823119B5EE40ABF1EE10FA00F09F8104
:10855000199B994206D930205A1C19921870199B00
:108560009942F9D89B1B472D0D9300F089810C9BF4
:10857000652B40F390820C9B662B159B0E9300F0AD
:1085800053820E9A0D998A42C0F24182039BD90709
:1085900000F1978222EAE273089267220C92002F80
:1085A00040F0648104930A9B0393B8469DF84F7092
:1085B000FFF7FEB927F0070707F1080397ED008BD7
:1085C0000993FFF7FCBB039BDB060BD4039B5F0601
:1085D00008D5099A136804320992BDF818201A8048
:1085E000FFF707B8099A136804320992069A1A60CD
:1085F000FEF7FFBF039A66E6039911F0400317D018
:1086000009988DF84F200346B8F1000F03F10403D9
:1086100004884FF00005C0F2528221F080010391DE
:1086200054EA050109933FF46DAC1746FFF700B912
:1086300009998DF84F30B8F1000F0C6801F104076B
:108640004FF0000502DB039AFFF760B90997002796
:10865000FFF7EEB8039B099A13F0400F134600F0A2
:1086600081800433148809930025FFF7BFBA0132D3
:108670002344072A1D931C92C9F80070C9F80440CE
:108680003FF754AE09F108095BE60027B8458DF8BD
:108690004F70FFF649AC039B23F08003039316E46D
:1086A0001BAA5146059802F015FC00287FF492A8F9
:1086B0001D9B0DF1A00956E41C9AB949C9F8001098
:1086C000013201330121072A1D931C92C9F80410BD
:1086D00066DC09F108092CB90D9A1AB9039AD20778
:1086E0007FF521AA1C9A0F981099C9F80010013241
:1086F0000344072A1D93C9F804001C9200F3D1819A
:1087000009F108096442002C40F3A380102CA54F06
:1087100040F3CB801025DDF8148005E009F108094D
:10872000103C102C40F3C18001321033072A1D93F6
:108730001C92C9F80070C9F80450EFDD1BAA51461D
:10874000404602F0C7FB00287FF444A81D9B1C9AFA
:108750000DF1A009E4E7099FFFF7DFBB4FF0FF3001
:10876000FFF73EB80433146809930025FFF73EBABB
:1087700009988DF84F200346B8F1000F03F1040368
:1087800004884FF00005C0F2A58121F0800103911B
:1087900054EA0501099317467FF4E6A8FFF78DBA5E
:1087A0001BAA5146059802F095FB00287FF412A8F9
:1087B000159C1D9B0DF1A0098DE719AA16AB01921E
:1087C0000093424615AB0321B0EE4A0B059800F02A
:1087D000ADFB444606460C9B462B06EB04017FF49A
:1087E000B1AE3378302B00F09181159C2144A9E67D
:1087F000B8F1000F08BF4FF0010875E6039B43F086
:10880000200303930BF1010B9BF80030FEF724BF0C
:108810001BAA5146059802F05DFB00287EF4DAAFF2
:108820001D9B0DF1A009FFF7B6BB3046FDF7C6F85A
:10883000A04603460890FFF739BB1BAA514605988E
:1088400002F048FB00287EF4C5AF1D9B1C9A0DF179
:10885000A0090D98C9F8006001320344072A1D934E
:108860001C92C9F804007FF75CA948E42D27049303
:108870000A9B03938DF84F704FF00008FFF799B8EB
:10888000159BDD1C2BDB984529DB0E9379E60B4607
:1088900068E61BAA5146059802F01CFB00287EF4EE
:1088A00099AF1D9B0DF1A00990E401322344072AE2
:1088B0001D931C92C9F80070C9F80440BDDC09F191
:1088C0000809C6E71BAA5146059802F003FB0028D9
:1088D0007EF480AF159A1D9B0DF1A0093BE50C9A23
:1088E000023A0C92013B002B9DF830201593B8BF43
:1088F0005B428DF85C20B4BF2D222B22092B8DF812
:108900005D2040F3EA800DF16B000446264A82FBAD
:108910000321DA17C2EBA10202EB8201A3EB4103B0
:1089200003F13001092A134604F8011DEEDC21464B
:108930003033DAB201F8012D884240F22F810DF177
:108940005E01234601E013F8012B01F8012B984248
:10895000F9D1431C1B1B0DF15E02134417AA9B1A8D
:108960000D9A1193012A1344089340F3DA80089B6F
:108970000F9A1344002208930E9223EAE3730EE643
:10898000062D2B4628BF0623089323EAE373B0463F
:1089900009970E9637460493044EFFF709B800BFB7
:1089A000EC540020E85600206766666624550020D7
:1089B0001BAA5146059802F08DFA00287EF40AAFF2
:1089C000159A0D991D9B8A1A0DF1A009DBE419AACD
:1089D00016AB01920093032115AB4246B0EE4A0B51
:1089E000059800F0A3FA4446064600EB0801F8E6B5
:1089F0004FF0060878E50393FFF716B92D278DF899
:108A00004F70FFF7ECB9B1EE48AB2D2778E50F9A20
:108A10000D9B13440E9A0893002A40F38C80672222
:108A200023EAE3730C92BAE5002B40F39A80B8F185
:108A3000000F5CD1039AD40759D41A46089223EA4E
:108A4000E373ACE525EAE57309970493089580463E
:108A50000E909DF84F70FEF7ABBF039BDB074746B8
:108A600005D538AE302306F8413DFEF797BFCDF867
:108A7000208028AEFEF795BF0C9B472B7FF461AD9D
:108A8000039BDB073FF5A7AE199B472DA3EB06031E
:108A90000D933FF4F5AE159B24E7A3460025FEF7A2
:108AA000DDBD1BAA5146059802F014FA00287EF499
:108AB00091AE159C1D9B1C9A0DF1A00922E609930D
:108AC000C5E50F9A0E9B1344672208930C9223EA84
:108AD000E37364E5099317461EE4303330228DF8C2
:108AE0005F308DF85E2018AB38E7199B3AE50E9B96
:108AF0000F9A9D1805EB0803089323EAE3734EE5EC
:108B0000364E374B9DF84F70FFF76BB9B5EE40AB63
:108B1000F1EE10FA3FF469AEC4F10104159421445A
:108B200010E5039B13F001037FF421AF0E93089B24
:108B300023EAE37333E50E9B089AC3F101031A4459
:108B4000134608926BE709989BF8013005680430DA
:108B5000002D0990A346BEF67FAD4FF0FF35FEF71E
:108B60007BBDB8F1000F02D1039BD80707D50F9B3F
:108B70005D1C05EB0803089323EAE3730FE501236B
:108B800008930CE58DF84F10FFF7BCB88DF84F1027
:108B9000FFF7A7B98DF84F10FEF730BE0DF15E0359
:108BA000DCE68DF84F10FFF7DFB88DF84F10FFF7B8
:108BB0000FB88DF84F10FEF7B8BE8DF84F10FFF7C5
:108BC0005BB88DF84F10FEF787BE8DF84F10FFF79A
:108BD0002CB98DF84F10FFF7E4B800BF0C550020FA
:108BE00008550020F0B50C46ADF26C4D8989666ED3
:108BF000E589199621F00201666AADF80E5000254C
:108C0000E769ADF80C10099606951AAE4FF4806529
:108C10006946009604960295059507970646FEF765
:108C2000A5FC051E07DB3046694601F0CDF800289B
:108C300018BF4FF0FF35BDF80C305B0603D5A38994
:108C400043F04003A38128460DF26C4DF0BD00BFF8
:108C500021B1FF2A04D80A700120704708467047E6
:108C60008A2303604FF0FF30704700BF70B50D4698
:108C7000084C114606461A46284600232360F7F79B
:108C80002FFC431C00D070BD2368002BFBD0336049
:108C900070BD00BFEC75012038B5304B1B68054630
:108CA0000C4613B19A6B002A38D0B4F90C2093B259
:108CB00018070CD52069A8B113F001021ED0636912
:108CC00000225B42A361A260F0B1002038BDD9064A
:108CD0003CD5580726D4206942F00803A3819BB2F3
:108CE0000028E9D103F42072B2F5007FE4D02846D1
:108CF000214601F027FCA3892069DDE7990758BFC9
:108D00006269A2600028E0D1B4F90C301A06DDD502
:108D100043F04003A3814FF0FF3038BD184601F007
:108D2000E7F8C2E7216B51B104F14003994204D046
:108D3000284601F035F9B4F90C2000232363002301
:108D40002069636022F024022060C5E742F04002FF
:108D500009232B604FF0FF30A28138BDE065002071
:108D60002DE9F047254C2568D5F848410646884648
:108D700092469946C4B360681F2817DC431C76B13D
:108D800004EB80050122C5F888A0D4F88811824040
:108D90001143022EC4F88811C5F808911ED0023084
:108DA000636044F820800020BDE8F087144B03B3D3
:108DB0004FF4C870FBF728FD0446D0B1D5F8483110
:108DC000002780E88800C5F8484138460123C4F8E8
:108DD0008871C4F88C71002EE1D0D1E7D4F88C11E1
:108DE0000A43C4F88C21DAE705F5A674C5F84841B2
:108DF000C1E74FF0FF30BDE8F08700BF500C002006
:108E00000D50010002690B69934200F38D802DE93A
:108E1000F04F03F1FF3801F1140700F1140B57F87C
:108E200028205BF828304FEA880483B00132B3FB76
:108E3000F2F90BEB0403009407EB040A0193B9F178
:108E4000000F39D00025BC46DE462B465CF8046B8B
:108E5000DEF80020B4B209FB0455360C2C0C09FBDB
:108E60000644ADB25B1BA6B213FA82F3C6EB124600
:108E700006EB23469BB243EA0643E2454EF8043B29
:108E80004FEA14454FEA2643E0D2009B5BF80330DB
:108E900093B9019C231F9B450CD254F8043C4BB959
:108EA000A4F1080302E01A68043B1AB99B4508F1D3
:108EB000FF38F8D3C0F81080044601F0DFFD002829
:108EC0002EDB09F101095D46002357F8041B2868D1
:108ED0008AB29A1A090C12FA80F2C1EB104303EB22
:108EE000224391B241EA0341BA4545F8041B4FEAD7
:108EF0002343EAD25BF828200BEB880382B91A1FC0
:108F000093450BD253F8042C42B9083B02E01A688F
:108F1000043B1AB99B4508F1FF38F8D3C4F8108018
:108F2000484603B0BDE8F08F002070472DE9F04FB0
:108F300057EC106B93B0056C019104469046049376
:108F400010EE10AABB464DB1426C6A6001239340FB
:108F5000AB60294601F0B0FB00232364BBF1000F96
:108F60005E4634DB1C9A00231360C44B1A46334020
:108F7000934215D04BEC17ABB5EE407BF1EE10FAF7
:108F8000CDE902AB2AD1049A012313601D9B002B6B
:108F900000F0B780BA481860013813B0BDE8F08F10
:108FA000049A42F20F731360BAF1000F00F092803E
:108FB000B4481D9B002BF0D0C378002B00F0A38099
:108FC00000F108031D9A136013B0BDE8F08F1C9ADE
:108FD00001232BF000461360B346C6E711A910AA7F
:108FE0009DED020B204601F0F5FD310D07907AD181
:108FF00010981199014401F23243202B40F3418231
:10900000C3F1400301F212429E402AFA02F33343B5
:1090100007EE903AB8EE677B012553EC172B013928
:10902000A3F1F8730A9543EC172BB7EE086B9FED8D
:109030008D4B37EE466B9FED8D7B9FED8E5BA6EEE5
:10904000047B06EE901AB8EEE66BA6EE057BFDEE0D
:10905000C76BB5EEC07BF1EE10FACDED026A00F100
:109060001C81029D162D00F21581874B03EBC50371
:1090700093ED007B4BEC16ABB4EEC67BF1EE10FA31
:1090800040F306826B1E029300230C93411AB1F148
:10909000010900F1178100230693029B002BC0F207
:1090A000088199440B9300230593019B092B2CD82D
:1090B000052B40F35F85043B019300230E93019B36
:1090C000023B032B00F25F85DFE813F0A902E50104
:1090D000B502C8036B4B6D4AC6F31300002814BFDA
:1090E0001846104665E7DDE90223C3F3130040F09C
:1090F0007F530025A1F2FF3143F4401310980A95E5
:1091000091E7634849E7C31C5CE70021616420469E
:109110008846019101F0AAFA4FF0FF370123089029
:1091200020640D970993119B002B7ADB029A0E2A7B
:1091300077DC554BB8F1000F03EBC20393ED004B06
:10914000C0F28482B1EE442B4BEC17AB87EE046B7C
:10915000BDEEC66B089A16EE103A012F03F13003EC
:10916000B8EEC65B02F1010B1370A2EE057B22D0B4
:10917000B2EE043B27EE037BB5EE407BF1EE10FA36
:109180003AD0089A06E027EE037BB5EE407BF1EE7D
:1091900010FA31D087EE046BBDEEC66B16EE103AB6
:1091A00030330BF8013BC2EB0B03BB42B8EEC65B9E
:1091B000A2EE057BE7D137EE077BB4EEC74BF1EEAD
:1091C00010FA08D4B4EE474BF1EE10FA14D116EEB3
:1091D000103ADB0710D51BF8010C089A0BF1FF338E
:1091E00004E09A4200F0E58313F8010D392803F1F9
:1091F000010BF6D0013018700799204601F05CFA97
:109200000022029B8BF80020049A013313601D9BFF
:10921000002B00F066830898C3F800B013B0BDE8D7
:10922000F08F099A002A53D0019A012A40F32E8226
:1092300005997A1E9142C0F257838B1A0E93002F24
:10924000069BC0F224840A933B46069A01211A44E5
:1092500020460692994401F0C7FA06463DE000BF59
:10926000AFF3008061436F63A787D23FB3C8608BC1
:10927000288AC63FFB799F501344D33F0000F07FFC
:10928000ED54002060550020E802002054550020D5
:10929000EC54002001230C93F8E6B8EEE66BB4EE34
:1092A000467BF1EE10FA3FF4DCAE029B013B0293E9
:1092B000D7E6069A029BD21A5B42059300230692D8
:1092C0000B93F2E6C9F1000306934FF00009E4E6C0
:1092D000059B0E93099E069B0A930A990B4661B162
:1092E000B9F1000F09DD4945069AA8BF4B46D21ACD
:1092F0000692CA1A0A92C3EB0909059B002B40F398
:109300008082099A002A00F09A810E9A002A00F0C1
:1093100096813146204601F009FB079A0146064630
:10932000204601F06BFA07990546204601F0C4F982
:10933000059B0E9A9B1A059340F0808101212046DF
:1093400001F052FA0B9B0590002B00F0AC81014616
:109350001A46204601F0EAFA019B0590012B40F3E2
:10936000808200230793059A136902EB830318692F
:1093700001F0ECF9C0F12000484410F01F0000F0AB
:109380009081C0F12003042B40F3F883C0F11C004E
:10939000069B034406930A9B03440A938144069B5D
:1093A000002B05DD29461A46204601F00FFB054635
:1093B000B9F1000F05DD4A460599204601F006FB8C
:1093C00005900C9B002B40F00182002F40F320827F
:1093D000099B002B40F07B81DDF820B0DDF814A064
:1093E000D84602E001F072F9054651462846FFF7DB
:1093F00009FD00F1300908F8019BCBEB0803BB42E3
:109400004FF00A024FF0000329462046EADB089B92
:10941000012FACBFDB1901339B464FF0000A2946F0
:109420000122204601F0D2FA0599079001F026FBAF
:10943000002840F38C821BF8012C08990BF1FF33B4
:1094400004E08B4200F0038213F8012D392A03F166
:10945000010BF6D001321A700599204601F02CF963
:10946000002E3FF4C9AEBAF1000F05D0B24503D0CB
:109470005146204601F020F93146204601F01CF902
:10948000BAE6C3F120030AFA03F307EE903AC1E506
:1094900000230C93FAE500230993029B43445F1CCD
:1094A000002F0D9340F32D823E463D460021172E9E
:1094B00061640AD9012204235B0003F11400B04265
:1094C000114602F10102F7D96164204601F0CEF89D
:1094D0000E2D089020643FF626AE0E9B002B3FF425
:1094E00022AE02990029CDE90EAB40F34182C64B72
:1094F00001F00F0203EBC2020B11DE0692ED006BCE
:1095000040F1FB81C14A92ED087B4BEC14AB03F0B8
:109510000F03032184EE075B5BB1BC4ADD0704D572
:1095200092ED007B013126EE076B5B1002F1080221
:10953000F4D185EE064B0C9B3BB1B7EE007BB4EE4D
:10954000C74BF1EE10FA00F1B78207EE901AB8EEB1
:10955000E76BB1EE0C7BA6EE047B53EC172BA3F16B
:109560005073002F00F0A681029E3946099800280A
:1095700000F04D82B6EE003BA348089D00EBC10011
:1095800010ED026BBDEEC47B83EE065B17EE100A96
:1095900043EC162B3030C0B235EE465BB8EEC77BDD
:1095A00034EE477BB4EEC75BF1EE10FA287005F19C
:1095B000010B32DCB7EE003B33EE476BB4EEC65B1B
:1095C000F1EE10FA00F3AE82012940F3CD81B2EE44
:1095D000044B089B19440AE033EE476BB4EEC56BAD
:1095E000F1EE10FA00F19E828B4500F0BD8127EE6E
:1095F000047B25EE045BBDEEC76B16EE103A03F15B
:109600003000C0B2B8EEC66B37EE467BB4EEC57B19
:10961000F1EE10FA0BF8010BDED50296ECE5002313
:109620000993B8F1000F40F3708146464546CDF8E6
:10963000348047463AE701230993F2E70795059AF4
:109640000799204601F072F9054677E6002F3FF7AB
:1096500079AD40F04281B1EE047B24EE074B4BEC38
:1096600017ABB4EEC74BF1EE10FA3E460597C0F2C9
:10967000E5806FEA0803DDF820B0029305992046E3
:1096800001F01AF8002E3FF4B7ADF5E60A9A002A69
:1096900000F00282059A0E92069A0A9203F2334370
:1096A000D3E51C2074E6019B012B40F340820B9B09
:1096B0000793012060E6314600230A22204601F08C
:1096C00005F80D9B002B064640F34D821F460A9B72
:1096D000002B05DD31461A46204601F077F9064693
:1096E000079B002B40F06E81B046089B013FDA19C2
:1096F00009920AF001020A921F46DDF814B02846CA
:109700005946FFF77FFB31468246284601F0B6F9FD
:10971000424659468146204601F0D2F9C368834645
:109720000AF13002002B49D101462846079201F088
:10973000A5F959460690204600F0BEFF069B079A01
:109740002BB9019919B90A99002900F0F581B9F1ED
:10975000000FC0F2DF8005D1019919B90A990029DB
:1097600000F0D880002B00F34181099B3A7007F18B
:1097700001099F42CB4600F04681294600230A2278
:10978000204600F0A3FF4645054631464FF0000352
:109790004FF00A0220460BD000F098FF41460646E3
:1097A00000230A22204600F091FF4F468046A4E79E
:1097B00000F08CFF4F46064680469EE70146204655
:1097C000069200F079FF0123069AC0E70599284622
:1097D00001F054F90028BFF6F8AD2946029D002398
:1097E000013D0A222046029500F070FF099B0546C4
:1097F000002B7FF460AF0D9B002B40F3AD811F4623
:10980000EAE5079D9AE500BFE8020020C0020020BB
:10981000019B022B7FF7DCAD002F40F069813B46B6
:1098200005990522204600F051FF01460590284683
:1098300001F024F9002807957FF71BAF029A0899D9
:109840003123013202920B7001F1010B16E7029AEB
:1098500001320292089A31231370FDE50123099326
:109860001BE6BAF1000F7FF47CADCBF31303002BA2
:1098700040F01B812BF000431B0D1B05002B00F05B
:109880005481069B01330693012309F101090793D3
:109890000B9B0120002B3FF46FAD64E507EE901A9F
:1098A000B8EEE76BB1EE0C7BA4EE067B53EC172B06
:1098B000A3F1507343EC162BB1EE047B34EE477BDF
:1098C000B4EEC67BF1EE10FA00F3DD80B1EE466B2C
:1098D000B4EEC67BF1EE10FA46D5002305931E4682
:1098E000C7E60898FFF759BB059B0B990592D31A59
:1098F000194400230B910E93A1E49DED0E5B022110
:109900000AE63D4600216164DFE501250D952F46FD
:10991000A846F7E7002B914611DD29460122204693
:1099200001F054F80599054601F0A8F8002840F325
:109930000C81B9F1390F00F0DD800AF13109B2462E
:1099400087F8009007F1010B4646079584E504D19E
:1099500019F0010F01D06EE593461BF8013C302B46
:109960000BF1FF32F8D077E5DDE90EABFFF7DBBB9B
:10997000029B5B42002B00F09B808B4A03F00F019F
:1099800002EBC10292ED007B9DED0E6B1B1126EEEA
:10999000074B00F0E680854A0221D80704D592EDF6
:1099A000007B013124EE074B5B1002F10802F4D179
:1099B000C1E5089930220A70029A1BF8010C0132A5
:1099C000029217E47168204600F050FE33699A1C39
:1099D0008046920006F10C010C30F7F7C1FC4146BD
:1099E0000122204600F0F2FF80467EE6392A00F090
:1099F000818002F10109B24687F8009007F1010B5E
:109A00004646079528E5B2469146464607E566482C
:109A1000BDEEC46B4D1E00EBC50043EC172B90ED63
:109A2000003B16EE103A23EE073B0898303301292D
:109A3000B8EEC66B037000F1010B34EE467B14D018
:109A4000B2EE045B089B19445B4627EE057BBDEE36
:109A5000C76B16EE102A303203F8012B9942B8EE8C
:109A6000C66B37EE467BF0D1AB44B6EE006B33EEFF
:109A7000065BB4EEC75BF1EE10FA43D502961BF815
:109A8000010CFFF7AABB002305931E46D6E6DB1B9D
:109A90000A930023FFF7D9BB059A109B0E92069AF2
:109AA0000A92C3F13603FFF7D0BB00230793EFE61A
:109AB0009DED0E4B02213EE5002F3FF4EFAE0D98D9
:109AC00000287FF751AFB2EE045BB1EE0C7B0131A1
:109AD00006EE901A24EE054B029BB8EEE66B5E1E76
:109AE000A4EE067B53EC172B0146A3F150733DE522
:109AF0000795BEE53922B246079546463A7007F10A
:109B0000010B9AE436EE436BB4EEC76BF1EE10FA3C
:109B100001DC29E793461BF8013C302B0BF1FF32A7
:109B2000F8D07AE50296FFF758BB0793B0E6BAF192
:109B3000000F7FF4BCAD98E6392ACB469146D9D0C8
:109B4000BBF1000F3FF7F9AEF9E67FF4F8AE19F07C
:109B5000010F3FF4F4AEECE6019B022B08DC0D9FF5
:109B60003AE40221E7E4019B022B01DC0D9FAEE504
:109B70000D9F51E601230E93FFF7A1BA3FF40FACFE
:109B8000C0F13C0004E4002565642946204600F04D
:109B90006DFD4FF0FF3701230890A84620640D9714
:109BA0000993FFF7C0BA00BFE8020020C0020020FE
:109BB0002DE9F043314D87B02F6804460E4690469C
:109BC0001D46002B3BD0B7EE007BB4EEC70B05ABB8
:109BD000F1EE10FA0193CDF8008038463346224664
:109BE00022D40321FFF7A2F9059B31689842C1F105
:109BF00000012BD2491B2B4610F8012B03F8012B37
:109C0000059A824203EB0106F6D8B44221DDA21B7D
:109C10001A44302103F8011B9A42FBD10023137030
:109C2000284607B0BDE8F083BFEE007BB4EEC70B5B
:109C3000F1EE10FAD5DD0221FFF778F9D4E73A6D9D
:109C400000F123039A4206DD7D6DBCE70E462B46EC
:109C5000DBE71A46E2E700F124094A46796D384607
:109C60008DED020BFBF718FA05460028D8D0C7F88F
:109C7000509078659DED020BA5E700BFE0650020E0
:109C8000B1F90C309AB22DE9F0410D46110780462A
:109C90003CD46A6843F40063002AAB8173DDAC6A8C
:109CA000002C4BD09BB203F48052002192B2D8F822
:109CB0000060C8F80010002A69D02A6D5F0705D53A
:109CC00069682B6B521A0BB1EB6BD21A0023E9694E
:109CD0004046A047441C3CD0B5F90C302A692A60A4
:109CE00023F400630022AB81DB046A6049D4296B52
:109CF000C8F8006011B305F14003994202D0404614
:109D000000F04EF900202863BDE8F0812E69AEB165
:109D10002C682E6090070CBF6B690023A41BAB60FE
:109D20000AE0234632466F6AE9694046B847002890
:109D3000A4EB0004064404DD002CF2DC0020BDE8A6
:109D4000F081AB8943F04003AB814FF0FF30BDE8B9
:109D5000F081D8F800201D2AF3D81A4BD34003F025
:109D6000010383F00104002BEBD0B5F90C30296915
:109D7000296023F40063D9046C60AB81B7D5002A55
:109D8000B5D12865B3E7EA6B002A88DCD6E7012362
:109D9000E9694046A047431C024602D0AB89AC6A41
:109DA0008CE7D8F80030002BF8D01D2B01D0162BF3
:109DB00002D1C8F80060C1E7AB8943F04003AB8132
:109DC000BDE8F0810100402010B5044682B008B122
:109DD000836B53B1B1F90C0008B902B010BD204635
:109DE00002B0BDE81040FFF74BBF019100F080F8D2
:109DF0000199EFE7014900F03DBB00BFBDB701008D
:109E00002DE9F04F354B4568C3630024074600F544
:109E10003B7204230321C0F8E412C0F8E822C0F822
:109E2000E04283B02C606C60AC606C66EC812C61AD
:109E30006C61AC61AB81214605F15C000822FBF747
:109E400057F8BE68DFF898B0DFF898A0DFF8989070
:109E5000DFF89880C5F820B001230922C5F824A0B6
:109E6000C5F82890C5F82C80ED612146F381B281B8
:109E700006F15C0034607460B460746634617461CF
:109E8000B46108220193FBF733F8FD68F6611220F4
:109E90000222C6F820B0C6F824A0C6F82890C6F85A
:109EA0002C802146A881EA812C606C60AC606C66D5
:109EB0002C616C61AC6105F15C000822FBF718F8BD
:109EC000019BED61C5F820B0C5F824A0C5F8289025
:109ED000C5F82C80BB6303B0BDE8F08FF9A5010085
:109EE000D9B40100FDB4010039B5010059B5010034
:109EF000836B03B17047FFF783BF00BF704700BF9C
:109F0000704700BFF8B5234F0C460646FBF73EF8F6
:109F1000BB685D6825F00305291B01F6EF7121F48C
:109F20007F6121F00F01A1F58054B4F5805F07DB5C
:109F300000213046FBF7A0FABB682B44984204D0BE
:109F40003046FBF725F80020F8BD61423046FBF7AC
:109F500093FA01300DD0104BBA6819682D1B45F0EB
:109F600001053046091B55601960FBF711F8012007
:109F7000F8BD00213046FBF77FFABA68831A0F2B31
:109F8000DEDD064C0449246843F00103001B5360E6
:109F90000860D5E7D0610020749C0020D8650020BF
:109FA000002945D02DE9F0410D468046FAF7EEFF35
:109FB00055F8047C6A4927F00103A5F10804E2186A
:109FC0008E685068B24220F0030062D0FE075060F5
:109FD0000BD455F8087CE41B01F1080EA568754503
:109FE0003B446FD0E768EF60BD6015186D68ED0702
:109FF00042D543F001026260E350B3F5007F18D20E
:10A00000DB085A1C4D6851F83270A76001209B1084
:10A0100000FA03F301EBC2001D430838E0604D6015
:10A0200041F83240FC604046BDE8F041FAF7B0BF6D
:10A0300070475A0A042A53D89A0902F139077F0057
:10A0400002F1380501EB870051F827204449083810
:10A0500090424DD0516821F003018B4202D29268A8
:10A060009042F7D1D068E060A2608460D46040463E
:10A07000BDE8F041FAF78CBF95683A4FBD42034402
:10A080003FD0D068E86043F0010285606260E35031
:10A09000B3E7FF07034407D455F8082CA41A134468
:10A0A000A068E268C26090602F4A126843F0010025
:10A0B000934260608C60B6D32C4B40461968FFF722
:10A0C00021FFB0E711184968C90744D49168D268E4
:10A0D000CA60034443F0010091606060E350A2E76E
:10A0E000142A17D802F15C077F0002F15B05A9E78B
:10A0F000AA104B68012505FA02F213434B60024691
:10A10000B1E743F001024C610C61E560A56062605B
:10A11000E35088E7542A06D81A0B02F16F077F0034
:10A1200002F16E058EE7B2F5AA7F06D8DA0B02F1CE
:10A1300078077F0002F1770584E740F254508242AD
:10A1400006D89A0C02F17D077F0002F17C0579E7C1
:10A15000FE277E2576E743F001026260E35062E766
:10A16000D0610020D8610020DC650020A49C002084
:10A170009368002B76D02DE9F04F8B8985B00C4683
:10A1800019070190164629D522693AB303F002084F
:10A190001FFA88F0356800282FD04FF00009B44F1F
:10A1A000C846B246B84543464A4628BF3B46019892
:10A1B000B8F1000F50D0E169666AB047002871DD40
:10A1C000DAF808301B1A8144C0EB0808CAF80830D6
:10A1D000002BE7D1002005B0BDE8F08F21460198A3
:10A1E000FEF75AFD002840F03A81A389356803F054
:10A1F00002081FFA88F00028CFD113F001095BD1C3
:10A200004F4602961FB39A05D4F808802CD54745CF
:10A21000C246C0F0A48013F4906F40F0B180206873
:10A2200052464946FAF700FEA0682368C8EB0000D2
:10A230005344A06023603846029A93681B1A8144F5
:10A240003F1A9360002BC5D0A389002FDBD1D5F82E
:10A2500000906F680835D5E7D5F80090D5F80480F0
:10A2600008359FE70020704720682369984203D88B
:10A2700061698F4280F0B780B84528BFB846424632
:10A280004946FAF7D1FDA3682268C8EB03034244AC
:10A29000A3602260002B49D121460198FFF794FD6D
:10A2A000002843D0B4F90C3043F040034FF0FF30A6
:10A2B000A38105B0BDE8F08F8046029082468146BA
:10A2C000B9F1000F2AD0029B002B4CD020682369E3
:10A2D0006269C845C34628BFCB4698425F4604D949
:10A2E000A36813449B4500F39080934520DB1346FD
:10A2F000676AE16901985246B847071ED2DDB8EB9C
:10A30000070823D0B368DB1BBA44C7EB0909B36065
:10A31000002B3FF45FAFB9F1000FD4D10023D5F883
:10A3200000A0D5F8049002930835C9E7404683E7BA
:10A330005A465146FAF778FDA2682368CBEB020231
:10A340005B44B8EB0708A2602360DBD1214601988B
:10A35000FFF73AFD0028A5D1CDF80880D2E72068A4
:10A36000B846BA465CE74A460A21504600F02EF944
:10A3700000286FD001300123CAEB00080293A5E743
:10A3800062692068216902EB4208C1EB000A08EB10
:10A39000D8780AF101004FEA68083844404542463F
:10A3A00084BF804642465B0542D511460198FAF7C4
:10A3B0003BFA8346002855D052462169F6F7D0FF74
:10A3C000A38923F4906343F08003A381CAEB0803BD
:10A3D0000BEB0A00C4F81480C4F810B02060A3602E
:10A3E000B846BA461CE76FF00043BB4228BF3B4665
:10A3F0004A4693FBF1F30198666A01FB03F3E169B6
:10A40000B04700283FF718AF4CE71A465146039370
:10A41000FAF70AFD2268039B01981A44226021463C
:10A42000FFF7D2FC039B00287FF43CAF1F4666E792
:10A430000198FAF731FE83460028C7D1019D2169B2
:10A440002846FFF7ADFDB4F90C300C2223F0800351
:10A450002A6029E7012309F10108029336E74FF04A
:10A46000FF30B8E6019A0C231360B4F90C301BE7F7
:10A4700000FCFF7F2DE9F84310F538771FD08846A0
:10A4800006464FF000097D68BC68013D11D4A389E0
:10A49000012B05F1FF3508D9B4F90E3001332146FF
:10A4A000304602D0C04749EA00096B1C04F1680439
:10A4B000EDD13F68002FE6D14846BDE8F883B946A4
:10A4C0004846BDE8F88300BF044A054B1268506B4C
:10A4D000002808BF1846F030704700BFE065002034
:10A4E0006460002070B50D46B1F90E10002990B0DF
:10A4F00014461E4614DB01AA00F000FE00280FDB04
:10A50000029A02F47042A2F50052B2FA82F25209A3
:10A510004FF480634FF400603260236010B070BD70
:10A52000A88900F0800082B2002030601AB1402378
:10A53000236010B070BD4FF480631046236010B0EC
:10A5400070BD00BF8A8992070B4606D501F1430210
:10A5500001211A601A6159617047F0B583B001ABEF
:10A560006A460C460546FFF7BDFF00990646284699
:10A57000FAF75AF9B4F90C30D0B1019A124F009998
:10A58000EF6343F08003A3812060206161611AB909
:10A590003343A38103B0F0BD2846B4F90E1000F098
:10A5A000C1FDB4F90C300028F2D043F00103EFE70D
:10A5B0009A05EFD404F1430243F002030121A38181
:10A5C000226022616161E5E7F9A5010001F0FF0168
:10A5D000102A2BDB10F0070F08D010F8013B013ACE
:10A5E0008B422DD010F0070F42B3F6D1F0B441EA00
:10A5F000012141EA014122F007047FF00007002316
:10A60000F0E80256083C85EA010586EA010685FA6B
:10A6100047F5A3FA87F586FA47F6A5FA87F68EB9C5
:10A62000EED1F0BC01F0FF0102F0070232B110F8E8
:10A63000013B013A83EA010313B1F8D100207047CE
:10A6400001387047002D06BF35460338073815F02E
:10A65000010F07D1013015F4807F02BF013015F4DE
:10A66000C03F0130F0BC0138704700BFC36C70B50B
:10A6700005460C464BB153F8240080B1026843F8FC
:10A68000242000230361C36070BD21220421FAF756
:10A6900043F8E86403460028EDD1002070BD012195
:10A6A00001FA04F6721D28469200FAF735F80028E0
:10A6B000F3D044608660E4E731B1C36C4A6853F874
:10A6C0002200086043F82210704700BFF0B50C6903
:10A6D00083B00D46064601F1140E0027DEF8000097
:10A6E00081B202FB01310B0C000C02FB003389B27A
:10A6F000013701EB0341BC424EF8041B4FEA134300
:10A70000ECDC3BB1AA68944207DA05EB8402013421
:10A7100053612C61284603B0F0BD69680193013193
:10A720003046FFF7A3FF2A69023205F10C01074604
:10A7300092000C30F6F714FEF26C6968019B52F837
:10A740002100286042F821503D46DEE7030C1B043F
:10A75000B3B90004102310F07F4F04BF0002083388
:10A7600010F0704F04BF0001043310F0404F04BFDD
:10A7700080000233002807DB420003D4202070470A
:10A780000023E8E7581C704718467047036813F029
:10A79000070207D0D90720D49A0720D49B0803606A
:10A7A0000220704799B209B91B0C102213F0FF0F59
:10A7B00004BF1B0A0832190704BF1B09043299079A
:10A7C00004BF9B080232D90704D45B0801D12020C2
:10A7D00070470132036010467047002070475B08E5
:10A7E00003600120704700BF10B50C460121FFF740
:10A7F0003DFF01224461026110BD00BF2DE9F04F11
:10A800000D691769BD4283B00C46164604DA2A4624
:10A8100034463D460E461746A368616805EB0708B7
:10A820009845C8BF0131FFF721FF00F1140C0CEB74
:10A830008809CC45009005D26346002143F8041BEB
:10A840009945FBD806F1140202EB870A04F11403C0
:10A85000524503EB850E54D2CDF80490994652F838
:10A86000043B1FFA83FBBBF1000F20D000204F46B2
:10A870006646054600E01E4657F8044B3068A1B214
:10A8800083B20BFB0131240C000C4B190BFB0400B1
:10A8900000EB134099B2334641EA0041BE454FEA0E
:10A8A000104543F8041BE6D8756052F8043C5FEA93
:10A8B000134B20D0DCF80030674618464D46002187
:10A8C00000E037462C88000C0BFB040001449CB2CE
:10A8D0003E4644EA014346F8043B786855F8044B89
:10A8E00083B2240C0BFB043404EB1143AE454FEA56
:10A8F0001341E6D87B6092450CF1040CAFD8DDF82B
:10A900000490B8F1000F0BDD59F8043CA9F10409DB
:10A910001BB105E059F8043D13B9B8F10108F9D1AC
:10A920000098C0F8108003B0BDE8F08F12F0030368
:10A930002DE9F041144607462ED10E46A4101CD036
:10A94000BD6C95B3E3074FF0000806D4641014D033
:10A950002868A8B10546E307F8D52A4631463846A7
:10A96000FFF74CFFB6B17268FB6C641053F822100D
:10A97000316043F822600646EAD13046BDE8F081F6
:10A980002A4629463846FFF739FF2860C0F800807C
:10A990000546E0E70646D9E75A1E0B4D002355F859
:10A9A0002220FFF793FE0646C8E701213846FFF74D
:10A9B0005DFE40F2712101220023416102610546E2
:10A9C000B8640360BEE700BF641100202DE9F047C2
:10A9D00091460A698B684FEA691404EB020808F192
:10A9E00001059D420E468246496804DD5B009D429A
:10A9F00001F10101FADC5046FFF738FE002C00F1AE
:10AA0000140238DD02EB8403002142F8041B934258
:10AA1000FBD1346906F1140119F01F0901EB840E12
:10AA200021D0C9F1200200240F6807FA09FC4CEA82
:10AA300004049C4643F8044B51F8044B8E4524FA19
:10AA400002F4F1D8CCF804400CB108F10205DAF8B0
:10AA50004C307268013D53F822100561316043F8B3
:10AA60002260BDE8F087043B51F8042B43F8042F23
:10AA70008E45F9D8EBE71346CBE700BF02690B69B7
:10AA8000D21A13D19B0014301431194410B403446A
:10AA900001E098420CD253F8044D51F8042D944231
:10AAA000F7D009D301205DF8044B7047104670477A
:10AAB00000205DF8044B70474FF0FF30F3E700BF14
:10AAC0002DE9F8430B690F4611695B1A002B90467C
:10AAD00017D1890007F1140208F11405531829440D
:10AAE00001E09A425ED253F8046D51F8044DA6423B
:10AAF000F7D060D23B46144647464FF001099846CE
:10AB000006E05DDB07F1140502F114044FF00009C3
:10AB10007968FFF7ABFDD8F810303E69C0F80C90AB
:10AB200004EB830CA64605EB860700F11404002312
:10AB30005EF8041B55F8048B8AB213FA88F3090CEB
:10AB40009A1AC1EB184303EB224392B242EA034242
:10AB5000F44544F8042B4FEA2343E9D8AF4217D910
:10AB6000A446294651F804EB13FA8EF2131403EBB2
:10AB70001E4392B242EA03428F424CF8042B4FEA42
:10AB80002343EFD8ED433D4425F0030504352C4421
:10AB9000043C22B954F8043D013E002BFAD0066172
:10ABA000BDE8F8830021FFF761FD01220023026167
:10ABB0004361BDE8F8832C464FF000091546A7E72E
:10ABC0003B4607F1140408F1140547464FF001090C
:10ABD00098469DE72DE9F04357EC106B83B088460B
:10ABE00001213C46C7F30A551746FFF73FFDC4F362
:10ABF000130481460DB144F4801401941EB302A8DD
:10AC000040F8086DFFF7C2FD002834D19DE80C0024
:10AC1000C9F81420002B0CBF01210221C9F81830FB
:10AC2000C9F81010DDB909EB8103A0F23240C8F871
:10AC300000001869FFF78AFDC0EB411038604846F4
:10AC400003B0BDE8F08301A8FFF7A0FD019BC9F8A0
:10AC5000143001212030C9F81010002DE3D0A5F2E6
:10AC600033450544C0F13500C8F800503860484607
:10AC700003B0BDE8F0839DE80C00C0F1200103FAA9
:10AC800001F10A43C3400193C9F81420C2E700BF91
:10AC900070B50D461446064618B1836B0BB9FFF725
:10ACA00027F9A368013B002BA36005DBE8B223680A
:10ACB0005A1C22601D7070BDA269934202DBE8B28B
:10ACC0000A28F4D1224629463046BDE8704000F0FB
:10ACD0000BB900BF10B50C46B1F90E1000F04AFADE
:10ACE000002803DB236D0344236510BDA38923F4EF
:10ACF0008053A38110BD00BF2DE9F0411646B1F984
:10AD00000C201F46D3050C46054607D5002202231A
:10AD1000B1F90E1000F018FAB4F90C20B4F90E10C5
:10AD200022F48052A2813B4632462846BDE8F041DB
:10AD3000FDF79CBF10B50C46B1F90E1000F004FAF7
:10AD4000A389421C0EBF23F4805343F48053206533
:10AD5000A38110BDB1F90E1000F01CB92DE9F04F20
:10AD6000936883B09046002B72D083464FF0000961
:10AD7000166808688B680D464C46002C45D09C42EE
:10AD80001F469A4646D3AB8913F4906F2DD06F6956
:10AD9000296907EB4707C1EB000A07EBD777601C6F
:10ADA0007F105044B8423A4684BF07463A465B0596
:10ADB00033D511465846F9F737FD002837D05246AB
:10ADC00029690190F6F7CCFAAA89019B22F49062D6
:10ADD00042F08002AA81CAEB070203EB0A006F610E
:10ADE0002B612860AA602746A24652464946FAF7D8
:10ADF0001BF8D8F80820AB682868DB1B5044141BEC
:10AE0000AB602860C8F8084014B3D6F800907468A6
:10AE10000836B2E72746A246E7E75846FAF73CF974
:10AE200003460028D7D129695846FFF7B9F80C2303
:10AE3000CBF80030AB89002243F040034FF0FF30E5
:10AE4000AB81C8F80820C8F8042003B0BDE8F08F33
:10AE50000020C8F8040003B0BDE8F08F4B6E2DE968
:10AE6000F0479C0492462CD5936812683BB30F467A
:10AE7000804602F1080919E96000B60817D0043DC0
:10AE8000002401E0A64210D03A4655F8041F40467F
:10AE900000F020F9431C04F10104F3D10023CAF8A7
:10AEA0000830CAF80430BDE8F087DAF80830A3EBC0
:10AEB0008603CAF8083009F10809002BDBD100200D
:10AEC000ECE7FFF755F90023CAF80830CAF8043058
:10AED000BDE8F08793680BB1FFF7C0BF10B4184608
:10AEE00053605DF8044B7047F8B50D4614460646AE
:10AEF00010B1836B002B4AD0B4F90C20A369A36076
:10AF000091B2080738D52369002B35D08904EFB2F8
:10AF100015D522686169D31A8B421CDA0133A16806
:10AF2000501C0139A1602060157062699A421AD0E4
:10AF3000A389DB0701D50A2F15D03846F8BD616E0D
:10AF400042F4005221F40051A281226861666169D5
:10AF5000D31A8B42E2DB21463046FEF735FF40B97B
:10AF600022680123DBE721463046FEF72DFF00284B
:10AF7000E3D04FF0FF37E0E721463046FDF78CFE87
:10AF80000028F6D1B4F90C20236991B2BEE7FEF790
:10AF9000AFFFB1E738B5074C0023054608462360EC
:10AFA000F7F73AF8431C00D038BD2368002BFBD0DC
:10AFB0002B6038BDEC75012000293DD070B50546E9
:10AFC0000C4608B1836B7BB3B4F90C300BB900208D
:10AFD00070BD21462846FEF753FEE36A064633B1AC
:10AFE000E169284698470028B8BF4FF0FF36A3898B
:10AFF0001B061CD4216B41B104F14003994202D0DD
:10B000002846FEF7CDFF00232363616C21B128465B
:10B01000FEF7C6FF00236364FEF770FF0023A381E1
:10B02000FEF76EFF304670BDFEF762FFCCE7216988
:10B030002846FEF7B5FFDDE7002070472DE9F04711
:10B0400082B0804689461446F9F7D0FB012833D0F8
:10B0500004F15C034A4601A9404600F0A1F8B0F1B2
:10B06000FF3F824621D088B39DF80460002508E0A8
:10B0700023685A1C22601E700135554526D201AB4B
:10B080005E5DA368013B002BA360F1DAA769BB42B8
:10B0900031462246404601DB0A2EE9D1FFF724FF64
:10B0A000431CE9D102B0BDE8F087A38943F0400317
:10B0B000A38102B0BDE8F08709F1FF33FE2BC7D8AA
:10B0C0005FFA89F682468DF80460CFE7484602B001
:10B0D000BDE8F087B2F90C3013F4005F0BD110B467
:10B0E000546E43F4005344F40054546693815DF865
:10B0F000044BFFF7A3BFFFF7A1BF00BF38B50B4656
:10B10000074C05461146184600232360F6F788FFD2
:10B11000431C00D038BD2368002BFBD02B6038BD0A
:10B12000EC75012038B5074C00230546084623601E
:10B13000F6F77CFF431C00D038BD2368002BFBD002
:10B140002B6038BDEC75012070B50D46084C1146DA
:10B1500006461A46284600232360F6F769FF431C7B
:10B1600000D070BD2368002BFBD0336070BD00BFE2
:10B17000EC75012070B50D46084C114606461A467E
:10B18000284600232360F6F745FF431C00D070BD1E
:10B190002368002BFBD0336070BD00BFEC7501202D
:10B1A000F0B5064685B01F4689B1104C104D246895
:10B1B000646B002C08BF2C46D4F8E040A047431C29
:10B1C00003D100228A233A60336005B0F0BD0C46FB
:10B1D0000649074A0968496B002908BF11462246FB
:10B1E000D1F8E04001A9A047E9E700BFE0650020F1
:10B1F000646000205FF800F0551600605FF800F012
:10B20000C12B02605FF800F0152C02605FF800F0BF
:0CB21000A5DF01605FF800F0D9D00160FC
:04B21C00F8B500BFC2
:08B22000C491FF7F0100000052
:10B228000000000000000000000000000000000016
:10B238000000000000000000000000000000000006
:10B2480000000000000000000000000000000000F6
:10B2580000000000000000000000000000000000E6
:10B2680000000000000000000000000000000000D6
:10B2780000000000000000000000000000000000C6
:10B2880000000000000000000000000000000000B6
:10B2980000000000000000000000000000000000A6
:10B2A8000000000000000000000000000000000096
:10B2B8000000000000000000000000000000000086
:10B2C8000000000000000000000000000000000076
:10B2D8000000000000000000000000000000000066
:10B2E8000000000000000000000000000000000056
:10B2F8000000000000000000000000000000000046
:10B308000000000000000000000000000000000035
:10B318000000000000000000000000000000000025
:10B328000000000000000000000000000000000015
:10B338000000000000000000000000000000000005
:10B3480000000000000000000000000000000000F5
:10B3580000000000000000000000000000000000E5
:10B3680000000000000000000000000000000000D5
:10B3780000000000000000000000000000000000C5
:10B3880000000000000000000000000000000000B5
:10B3980000000000000000000000000000000000A5
:10B3A8000000000000000000000000000000000095
:10B3B8000000000000000000000000000000000085
:10B3C8000000000000000000000000000000000075
:10B3D8000000000000000000000000000000000065
:10B3E8000000000000000000000000000000000055
:10B3F8000000000000000000000000000000000045
:10B408000000000000000000000000000000000034
:10B418000000000000000000000000000000000024
:10B428000000000000000000000000000000000014
:10B438000000000000000000000000000000000004
:10B4480000000000000000000000000000000000F4
:10B4580000000000000000000000000000000000E4
:10B4680000000000000000000000000000000000D4
:10B4780000000000000000000000000000000000C4
:10B4880000000000000000000000000000000000B4
:10B4980000000000000000000000000000000000A4
:10B4A80000000040FB21F93F000000002D44743EDD
:10B4B800000000809846F83C0000006051CC783BC2
:10B4C80000000080831BF0390000004020257A38F6
:10B4D800000000802282E336000000001DF3693579
:10B4E8000080E03779C34143176E05B5B5B8934678
:10B4F800F5F93FE9034F384D321D30F94877825A44
:10B508003CBF737FDD4F1575000000000000F03F61
:10B518000000000000002440000000000000594026
:10B528000000000000408F40000000000088C34079
:10B5380000000000006AF8400000000080842E41EE
:10B5480000000000D01263410000000084D797413A
:10B558000000000065CDCD41000000205FA0024240
:10B56800000000E876483742000000A2941A6D42B5
:10B57800000040E59C30A2420000901EC4BCD642A8
:10B5880000003426F56B0C430080E03779C3414353
:10B5980000A0D8855734764300C84E676DC1AB43C9
:10B5A800003D9160E458E143408CB5781DAF1544E7
:10B5B80050EFE2D6E41A4B4492D54D06CFF08044C2
:10B5C800F64AE1C7022DB544B49DD9794378EA44D7
:10B5D8003C185000000001010001010101020101B5
:10B5E800020201020301020302020402020502022E
:10B5F80005030206030207030207040307040307FF
:10B6080005040705040706050706060706060707D3
:10B618000707070001000400A025002018260020C5
:10B628004C26002080260020B4260020E826002092
:10B638002B810400210000002B810400220000005F
:10B64800AABBCC03020100FFFFFFFFFF1122330A50
:10B658000B0CCCDDDDDDDDDD00000000020305079D
:10B668000B0D1113171D1F25292B2F353B3D434764
:10B67800494F53596165676B6D717F83898B9597C6
:10B688009DA3A7ADB3B5BFC1C5C7D3DFE3E5E9EF58
:10B69800F1FB0000FFFFFFFFFFFFFFFFC90FDAA26A
:10B6A8002168C234C4C6628B80DC1CD129024E08D2
:10B6B8008A67CC74020BBEA63B139B22514A0879B9
:10B6C8008E3404DDEF9519B3CD3A431B302B0A6D48
:10B6D800F25F14374FE1356D6D51C245E485B5769B
:10B6E800625E7EC6F44C42E9A637ED6B0BFF5CB692
:10B6F800F406B7EDEE386BFB5A899FA5AE9F24116F
:10B708007C4B1FE649286651ECE45B3DC2007CB8DF
:10B71800A163BF0598DA48361C55D39A69163FA825
:10B72800FD24CF5F83655D23DCA3AD961C62F356D1
:10B73800208552BB9ED529077096966D670C354EAD
:10B748004ABC9804F1746C08CA18217C32905E4691
:10B758002E36CE3BE39E772C180E86039B2783A2BA
:10B76800EC07A28FB5C55DF06F4C52C9DE2BCBF646
:10B77800955817183995497CEA956AE515D226181F
:10B7880098FA051015728E5A8AACAA68FFFFFFFF57
:10B79800FFFFFFFF00000000551D2500000000000E
:10B7A8000D0A000000C03D4000003E4000403E4001
:10B7B80000C01D4000001E4000401E40E44C002018
:10B7C800EC4C0020F44C0020FC4C002028D00260F7
:10B7D800F8CF0260C8CF026098CF026068CF0260DD
:10B7E80038CF0260030405060708000001020304BD
:10B7F80005060000A8D9026078D9026048D902601D
:10B8080018D90260000200000004000000080000CF
:10B818000010000000000000963007772C610EEE43
:10B82800BA51099919C46D078FF46A7035A563E98F
:10B83800A395649E3288DB0EA4B8DC791EE9D5E0B6
:10B8480088D9D2972B4CB609BD7CB17E072DB8E7B5
:10B85800911DBF906410B71DF220B06A4871B9F30A
:10B86800DE41BE847DD4DA1AEBE4DD6D51B5D4F443
:10B87800C785D38356986C13C0A86B647AF962FDA8
:10B88800ECC9658A4F5C0114D96C0663633D0FFAF5
:10B89800F50D088DC8206E3B5E10694CE44160D5FB
:10B8A800727167A2D1E4033C47D4044BFD850DD2E5
:10B8B8006BB50AA5FAA8B5356C98B242D6C9BBDBF8
:10B8C80040F9BCACE36CD832755CDF45CF0DD6DCF3
:10B8D800593DD1ABAC30D9263A00DE518051D7C89A
:10B8E8001661D0BFB5F4B42123C4B3569995BACF25
:10B8F8000FA5BDB89EB802280888055FB2D90CC646
:10B9080024E90BB1877C6F2F114C6858AB1D61C1BE
:10B918003D2D66B69041DC760671DB01BC20D298DD
:10B928002A10D5EF8985B1711FB5B606A5E4BF9F6A
:10B9380033D4B8E8A2C9077834F9000F8EA809965D
:10B9480018980EE1BB0D6A7F2D3D6D08976C6491C8
:10B95800015C63E6F4516B6B62616C1CD8306585E1
:10B968004E0062F2ED95066C7BA5011BC1F40882BE
:10B9780057C40FF5C6D9B06550E9B712EAB8BE8BFF
:10B988007C88B9FCDF1DDD62492DDA15F37CD38C88
:10B99800654CD4FB5861B24DCE51B53A7400BCA386
:10B9A800E230BBD441A5DF4AD795D83D6DC4D1A4B8
:10B9B800FBF4D6D36AE96943FCD96E34468867AD8F
:10B9C800D0B860DA732D0444E51D03335F4C0AAA2E
:10B9D800C97C0DDD3C710550AA41022710100BBE31
:10B9E80086200CC925B56857B3856F2009D466B978
:10B9F8009FE461CE0EF9DE5E98C9D9292298D0B0AD
:10BA0800B4A8D7C7173DB359810DB42E3B5CBDB759
:10BA1800AD6CBAC02083B8EDB6B3BF9A0CE2B603DA
:10BA28009AD2B1743947D5EAAF77D29D1526DB048F
:10BA38008316DC73120B63E3843B64943E6A6D0DDA
:10BA4800A85A6A7A0BCF0EE49DFF099327AE000A25
:10BA5800B19E077D44930FF0D2A3088768F2011EB8
:10BA6800FEC206695D5762F7CB67658071366C194F
:10BA7800E7066B6E761BD4FEE02BD3895A7ADA1070
:10BA8800CC4ADD676FDFB9F9F9EFBE8E43BEB71751
:10BA9800D58EB060E8A3D6D67E93D1A1C4C2D838DB
:10BAA80052F2DF4FF167BBD16757BCA6DD06B53F41
:10BAB8004B36B248DA2B0DD84C1B0AAFF64A033680
:10BAC800607A0441C3EF60DF55DF67A8EF8E6E31FF
:10BAD80079BE69468CB361CB1A8366BCA0D26F2548
:10BAE80036E2685295770CCC03470BBBB916022295
:10BAF8002F260555BE3BBAC5280BBDB2925AB42BAA
:10BB0800046AB35CA7FFD7C231CFD0B58B9ED92CBE
:10BB18001DAEDE5BB0C2649B26F263EC9CA36A7523
:10BB28000A936D02A906099C3F360EEB85670772DA
:10BB380013570005824ABF95147AB8E2AE2BB17B41
:10BB4800381BB60C9B8ED2920DBED5E5B7EFDC7CC8
:10BB580021DFDB0BD4D2D38642E2D4F1F8B3DD681F
:10BB68006E83DA1FCD16BE815B26B9F6E177B06F1A
:10BB78007747B718E65A0888706A0FFFCA3B066607
:10BB88005C0B0111FF9E658F69AE62F8D3FF6B6194
:10BB980045CF6C1678E20AA0EED20DD75483044E36
:10BBA800C2B30339612667A7F71660D04D476949C4
:10BBB800DB776E3E4A6AD1AEDC5AD6D9660BDF40D7
:10BBC800F03BD83753AEBCA9C59EBBDE7FCFB2478A
:10BBD800E9FFB5301CF2BDBD8AC2BACA3093B3536F
:10BBE800A6A3B4240536D0BA9306D7CD2957DE5478
:10BBF800BF67D9232E7A66B3B84A61C4021B685D51
:10BC0800942B6F2A37BE0BB4A18E0CC31BDF055AC9
:10BC18008DEF022D0000000000000000A553000079
:10BC2800AD000000555C00008D050000F15A0000D1
:10BC380091050000950500000000000000000000CC
:10BC480081490000E9030000FD5D00008105000056
:10BC5800ED51000085050000890500000000000086
:10BC6800000000009D3D000045020000A55F0000A7
:10BC7800DD0300007D230000E1030000E503000070
:10BC88000000000000000000257A0000357B00005D
:10BC98007D0000003D7A00001D7A00004D7B000009
:10BCA800CD7B0000617A0000F17B0000417A000042
:10BCB8000D7B0000AD7A00001D7B0000417C000078
:10BCC800857B0000FD790000057A0000157A0000E8
:10BCD800297B0000197A0000000000000000000025
:10BCE80065090100990C0100E9030100C104010084
:10BCF8000904010031040100DD0401000000000016
:10BD08000000000021320100193201001532010043
:10BD1800113201000D320100093201000532010023
:10BD2800013201000000000000000000F170000076
:10BD3800217100007D000000ED700000A970000076
:10BD4800B5700000D5700000000000000000000081
:10BD5800DD0A01007576000009770000057700000C
:10BD6800797600007D760000000000000020202089
:10BD78002020202020202828282828202020202093
:10BD88002020202020202020202020202088101063
:10BD980010101010101010101010101010040404BF
:10BDA800040404040404041010101010101041417D
:10BDB800414141410101010101010101010101016B
:10BDC800010101010101010110101010101042427F
:10BDD800424242420202020202020202020202023B
:10BDE80002020202020202021010101020000000DB
:10BDF800000000000000000000000000000000003B
:10BE0800000000000000000000000000000000002A
:10BE1800000000000000000000000000000000001A
:10BE2800000000000000000000000000000000000A
:10BE380000000000000000000000000000000000FA
:10BE480000000000000000000000000000000000EA
:10BE580000000000000000000000000000000000DA
:10BE680000000000000000000000000000000000CA
:10BE7800485700202020202020202020202020207B
:10BE880020202020202020202020202020202020AA
:10BE98002020202000000042C8801F40B8821F4098
:10BEA8000800000000000042C4801F40B4821F4008
:10BEB8000400000000C0004224801F4014821F407C
:10BEC8001000000000C0004228801F4018821F4058
:10BED8002000000000C000422C801F401C821F4030
:10BEE8004000000000C0004234801F4024821F40F0
:10BEF800000100000040004264811F4054831F403D
:10BF0800000400000040004280811F4070831F40F1
:10BF180000000200004000427C811F406C831F40EB
:10BF2800000001000040004268811F4058831F4004
:10BF380000080000004000423C811F402C831F4045
:10BF4800010000000040004244811F4034831F402C
:10BF5800040000000040004240811F4030831F4021
:10BF6800020000000040004248811F4038831F4003
:10BF7800080000000000004204811F40F4821F40B6
:10BF8800000004000000004208811F40F8821F40A2
:10BF9800000008000000004218811F4008831F406D
:10BFA800000080000000004214811F4004831F40ED
:10BFB800000040000000004200811F40F0821F4046
:10BFC8000000020000000042FC801F40EC821F407D
:10BFD800000001000000004224811F4014831F401C
:10BFE800000000040000004228811F4018831F4001
:10BFF80000000008000000421C811F400C831F4005
:10C00800000000010000004220811F4010831F40F3
:10C018000000000200000042EC801F40DC821F404C
:10C028000010000000000042F0801F40E0821F4026
:10C03800002000000000004234811F4024831F407C
:10C04800000000400000004238811F4028831F4044
:10C05800000000800080004294801F4084821F40BE
:10C068000000040000C0004290801F4080821F40F2
:10C078000000008000800042A8801F4098821F4076
:10C088000000800000800042A4801F4094821F406E
:10C0980000004000004000426C811F405C831F404C
:10C0A8000010000000C0004230801F4020821F4066
:10C0B8008000000000400042B0811F40A0831F4064
:10C0C8000000002000400042AC811F409C831F40BC
:10C0D800000000100040004284811F4074831F400C
:10C0E800000004000040004288811F4078831F4000
:10C0F80000000800000000422C811F401C831F40E4
:10C10800000000100000004230811F4020831F40C3
:10C1180000000020000000420C811F40FC821F40EC
:10C12800000010000000004210811F4000831F40E3
:10C138000000200000800042C8811F40B8831F40D3
:10C148000080000000800042C4811F40B4831F406B
:10C158000040000000800042C0811F40B0831F40A3
:10C168000020000000800042BC811F40AC831F40BB
:10C178000010000000800042D0811F40C0831F4093
:10C188000000020000800042CC811F40BC831F4099
:10C198000000010000C0004274801F4064821F40FC
:10C1A8000000000100C0004280801F4070821F40D4
:10C1B8000000000800C0004284801F4074821F40B5
:10C1C8000000001000C000426C801F405C821F40CD
:10C1D8000000400000C000427C801F406C821F406D
:10C1E8000000000400C0004278801F4068821F40A1
:10C1F8000000000200C0004288801F4078821F4073
:10C208000000002063825363FFFFFFFFFFFF000071
:10C21800000000000000000001000000060000000F
:10C228002D86000005860000F5A20000C1A20000CE
:10C23800BDA2000031840000858500006DA40000C7
:10C2480075840000D1A300008DA3000030100020E9
:10C25800BD840000218500009C6600200068002045
:10C2680024680020DC6700200000000011C70000DF
:10C27800E9C80000B5C800000000000051C800006F
:10C2880059C7000029C70000E1A9000021AA000041
:10C298000000000001000000BDDD00007DF9000085
:10C2A80061F0000089DD000079E70000FDEE000084
:10C2B80089E9000075E0000009DD0000C1F8000010
:10C2C80000000000BDFE0000390101000D01010061
:10C2D80000000000AD00010015FF0000E5FE0000B1
:10C2E800E1A9000021AA00000000000002000000EF
:10C2F8000300000004000000060000001B05000009
:10C3080017050000FB21F93FFB2109407CD91240A9
:10C31800FB2119407A6A1F407CD92240BBFD254089
:10C32800FB2129403A462C407A6A2F405C4731402D
:10C338007CD932409C6B3440BBFD3540DB8F3740A5
:10C34800FB2139401BB43A403A463C405AD83D405C
:10C358007A6A3F404C7E40405C4741406C10424006
:10C368007CD942408CA243409C6B4440AC3445404D
:10C37800BBFD4540CBC64640DB8F4740EB584840A5
:10C38800FB21494005000000190000007D00000065
:10C3980007080C0B06050F000D0E01028384070821
:10C3A8000C0B06050F000D0E01028384FFFFFFFF33
:10C3B800FFFFFFFFFFFF8182090A0000010100045F
:10C3C80001000004013201010132020101100101E2
:10C3D8000111010101120102010302060103010614
:10C3E8000112020202000001020200010201000122
:10C3F80002100001022200010223000100000000D7
:10C4080000000000022100010220000100000000DD
:10C4180000000000013001010131010101020004A6
:10C4280001030004000000000000000001210201D7
:10C4380001210101000000000000000000000000D0
:10C4480001100201000000000000000001130106B5
:10C4580001130206000000000000000000000000B8
:10C4680000000000010102010101010101000201B7
:10C4780001000101010202010102010100000000A6
:10C48800000000000000000001230201000000007D
:10C49800000000000120010141444320436F6E6EFB
:10C4A8006563746F6E204F4B0000000041444320C9
:10C4B800436F6E6E6563746F6E204641494C454408
:10C4C800210000004175746F737465657220727580
:10C4D8006E6E696E672C2077616974696E67206675
:10C4E8006F722041674F70656E475053000000001F
:10C4F8004175746F73746565722064697361626CE9
:10C5080065642C20475053206F6E6C79206D6F64E2
:10C51800650000004572726F723A204D6573736151
:10C52800676520746F6F206C6F6E6720666F72206E
:10C538006861726477617265206D657373616765A0
:10C548002062756666657200496E697469616C6916
:10C558007A696E672065746865726E65742077699C
:10C56800746820737461746963204950206164643D
:10C57800726573730000000045746865726E6574B7
:10C5880020736869656C6420776173206E6F74200E
:10C59800666F756E642E204750532076696120556A
:10C5A8005342206F6E6C792E000000004574686558
:10C5B800726E6574206361626C65206973206E6FAA
:10C5C8007420636F6E6E6563746564202D205768F0
:10C5D8006F2063617265732077652077696C6C20C2
:10C5E80073746172742065746865726E6574206115
:10C5F8006E797761792E00000D0A45746865726E50
:10C60800657420737461747573204F4B00000000CB
:10C61800495020736574204D616E75616C6C793A70
:10C62800200000000D0A45746865726E6574204923
:10C6380050206F66206D6F64756C653A20000000AD
:10C6480045746865726E65742073656E64696E679B
:10C6580020746F2049503A2000000000416C6C2083
:10C66800646174612073656E64696E6720746F20FD
:10C67800706F72743A20000045746865726E657454
:10C6880020475053205544502073656E64696E6787
:10C698002066726F6D20706F72743A20000000007F
:10C6A80045746865726E6574204E54524950205521
:10C6B8004450206C697374656E696E6720746F20CE
:10C6C800706F72743A20000045746865726E657404
:10C6D800204175746F537465657220554450206C01
:10C6E800697374656E696E6720746F2026207365A0
:10C6F8006E642066726F6D20706F72743A2000004D
:10C7080053657474696E6720657874656E646564D2
:10C718002066696C74657220307800005365747403
:10C72800696E67207374616E646172642066696CF7
:10C738007465722030780000427574746F6E2043FF
:10C74800414E42555320736574757020636F6D7048
:10C758006C657465000000004B6579612043414EAB
:10C7680042555320736574757020636F6D706C65E6
:10C7780074650000475053205258206275666665FC
:10C78800723A2031303234206279746573000000C7
:10C7980047505320525820627566666572206E6F46
:10C7A8007420656E61626C65640000000D0A2A2AB7
:10C7B80020414752494342206578706572696D652A
:10C7C8006E74616C202A2A0D0A000000435055201F
:10C7D80073706565642073657420746F3A20000077
:10C7E800554D3938322041475249434220696E69D4
:10C7F8007469616C69736564210000000D0A5374E3
:10C80800617274696E67204175746F5374656572DF
:10C818002E2E2E000D0A5374617274696E672045BE
:10C82800746865726E65742E2E2E00000D0A53749E
:10C83800617274696E67204B6579612043414E428D
:10C8480055532E2E2E0000000D0A456E6420736588
:10C858007475702C2077616974696E6720666F72D1
:10C86800204750532E2E2E0D0A00000043414E4201
:10C8780055532049443A200020200000427974652D
:10C88800206F6620696E7465726573742061742008
:10C898006F66667365742000202056616C75653A72
:10C8A8002000000043414E425553206269742073B2
:10C8B800746174653A20747275650000456E67612D
:10C8C80067696E67207374656572696E670000003A
:10C8D800446973656E676167696E6720737465651F
:10C8E80072696E67000000000A4B65796120726505
:10C8F800706F7274732035616D70206375746F6624
:10C908006620636F6E666967757265640000000073
:10C9180045786974696E6720636F6E666967206D14
:10C928006F6465000A4B657961207265706F727477
:10C93800732035616D70206375746F6666204E4F85
:10C948005420636F6E666967757265640000000045
:10C958005365742035616D70206375746F66660069
:10C968004B657961206865617274626561742064E1
:10C97800657465637465642120456E61626C696ED7
:10C9880067204B6579612043414E42555320616EC3
:10C99800642073657474696E67203520616D70203A
:10C9A8006D61782063757272656E740053657420CA
:10C9B800746F2035616D70206375746F6666000052
:10C9C8007374656572696E67506F736974696F6EA9
:10C9D8003A2000000943757272656E74416374757C
:10C9E800616C53706565643A2000000009437572F4
:10C9F80072656E743A2000000943757272656E7430
:10CA080053657453706565643A2000000945727275
:10CA18006F723A0044697361626C656409000000D2
:10CA2800456E61626C656420090000004F7665728E
:10CA380020766F6C74616765090000004861726454
:10CA4800776172652070726F74656374696F6E09BF
:10CA580000000000453250524F4D0900556E646584
:10CA68007220766F6C746167650900004E2F41096A
:10CA7800000000004F7665722063757272656E74EF
:10CA8800090000004D6F6465206661696C75726508
:10CA9800090000004C6573732070686173650900B4
:10CAA8004D6F746F72207374616C6C090000000024
:10CAB80052657365727665640900000048616C6CA4
:10CAC800206661696C7572650900000043757272B1
:10CAD800656E742073656E73696E670900000000E7
:10CAE8004E6F20525332333220537465657220439F
:10CAF8006F6D6D616E6409004E6F2043414E205387
:10CB08007465657220436F6D6D616E640900000085
:10CB18004D6F746F72207374616C6C6564090000EA
:10CB28004B696C6C204175746F7374656572000095
:10CB38004661696C656420746F206465636F646521
:10CB480020554D393832206D657373616765000073
:10CB580044726F70706564206261642064617461FE
:10CB680021000000253032642530372E3866000059
:10CB7800253033642530372E3866000052657365DA
:10CB88007474696E6720616E6420636F6E6669678E
:10CB98007572696E6720475053000000554E4C4F20
:10CBA800470D0A00434F4E46494720414E54454ED3
:10CBB8004E4120504F5745524F4E0D0A000000007D
:10CBC800434F4E464947204E4D45415645525349DD
:10CBD8004F4E20563431300D0A000000434F4E4668
:10CBE80049472052544B2054494D454F55542036FF
:10CBF80030300D0A00000000434F4E46494720528E
:10CC0800544B2052454C494142494C4954592033D0
:10CC180020310D0A00000000434F4E46494720507E
:10CC280050502054494D454F5554203330300D0A4B
:10CC380000000000434F4E46494720534D4F4F5484
:10CC4800482052544B48454947485420300D0A0063
:10CC5800434F4E4649472048454144494E47204F97
:10CC680046465345542039302E3020302E300D0A98
:10CC780000000000434F4E4649472048454144497B
:10CC88004E472052454C494142494C49545920335A
:10CC98000D0A0000434F4E46494720484541444944
:10CCA8004E472054524143544F520D0A0000000091
:10CCB800434F4E4649472048454144494E47205630
:10CCC80041524941424C454C454E4754480D0A0093
:10CCD800434F4E46494720444750532054494D45F9
:10CCE8004F5554203630300D0A000000434F4E4651
:10CCF8004947205254434D42314342324120454E28
:10CD080041424C450D0A0000434F4E4649472053C7
:10CD18004D4F4F54482048454144494E4720300D17
:10CD28000A000000434F4E46494720414E54454EA5
:10CD38004E4144454C544148454E20302E30303009
:10CD48003020302E3030303020302E303030300D22
:10CD58000A000000434F4E464947205342415320A2
:10CD680044495341424C450D0A000000434F4E468A
:10CD780049472050505320454E41424C452047508A
:10CD88005320504F534954495645203530303030A0
:10CD9800302031303030203020300D0A00000000C3
:10CDA800434F4E464947204D4D5020454E41424C39
:10CDB800450D0A00434F4E464947205349474E41C7
:10CDC8004C47524F5550203420350D0A00000000C2
:10CDD800434F4E46494720414E54494A414D204110
:10CDE80055544F0D0A000000434F4E464947204115
:10CDF800474E53532044495341424C450D0A0000C5
:10CE0800434F4E46494720434F4D31203436303842
:10CE180030300D0A00000000434F4E46494720437A
:10CE28004F4D32203436303830300D0A00000000C3
:10CE3800434F4E46494720434F4D33203436303810
:10CE480030300D0A000000004D4F444520524F5627
:10CE58004552205355525645590D0A0041475249EB
:10CE6800434220302E310D0A00000000436F6E66E9
:10CE780069672066696E6973686564002530366C79
:10CE8800750000002450414F47492C002C00000039
:10CE98002A25303258000000537461746545727257
:10CEA8003A200000436F6E6E656374204572723AD3
:10CEB8002000000053656E644572723A200000003D
:10CEC8002563000064656300656E630020204145AA
:10CED800532D4543422D25336420282573293A20B4
:10CEE80000000000736B6970706564007061737393
:10CEF8006564000020204145532D4342432D2533CE
:10CF08006420282573293A2000000000202041458C
:10CF1800532D4346423132382D253364202825735A
:10CF2800293A200020204145532D4354522D3132B7
:10CF38003820282573293A20000000006661696CB2
:10CF480065640000202042617365363420656E6395
:10CF58006F64696E6720746573743A20000000007E
:10CF68007061737365640A202042617365363420EA
:10CF78006465636F64696E6720746573743A200032
:10CF88007061737365640A00303132333435363773
:10CF98003839414243444546000000004546453083
:10CFA80032314332363435464431444335383645D8
:10CFB80036393138344146344133314544354635C4
:10CFC80033453933423546313233464134313638C8
:10CFD80030383637424131313031333139343446E3
:10CFE80045373935324532353137333337373830CD
:10CFF8004342304442383045363141414537433861
:10D00800444443364335433641414445423334452D
:10D01800423338413246343044354536000000004A
:10D028004232453745464433373037354239463042
:10D038003346463938394337433530353143323052
:10D04800333444324133323338313032353131328E
:10D05800374537424638363235413446343941351A
:10D0680046334532374634444138424435394334EF
:10D0780037443644414142413443383132374244DF
:10D0880035423543323537363332323246454643F8
:10D0980043464333384238333233363643323945E0
:10D0A80000000000303036364131393831383643E7
:10D0B80031384331304232463545443942353232CF
:10D0C80037353241393833304236393931364535DA
:10D0D80033354338463034373531384138383941BB
:10D0E800343341353934423642454432374131369A
:10D0F8003844333144344135324638383932354191
:10D108004138463500000000363032414237454349
:10D118004135393741334436423536464639383257
:10D12800394135453842383539453835374541393B
:10D138003541303335313245324241453733393163
:10D148003638384432363441413536363342303356
:10D1580034314442394343464432433443354634F8
:10D168003231464543383134383030314237324530
:10D1780038343841333843414531433635463738FA
:10D1880045353641424445464531324433433033D0
:10D1980039423841303244364245353933463042D7
:10D1A80042424441353646314543463637373135B4
:10D1B80032454638303433373043314133303543E4
:10D1C80041463342354246313330383739423536B5
:10D1D80043363144453538344130463533413234AD
:10D1E800343741353145000020204D5049207465C1
:10D1F800737420233120286D756C5F6D7069293A2E
:10D20800200000003235363536373333363035397D
:10D218004535324341453232393235343734373087
:10D2280035463339413934003636313346323631B2
:10D238003632323233444634383845394344343848
:10D248004343313332433741304143393343373035
:10D258003142303031423039324534453542394631
:10D268003733424344323742394545353044303606
:10D2780035374337374633373445393033434446F7
:10D28800413443363432000020204D504920746523
:10D29800737420233220286469765F6D7069293A97
:10D2A8002000000020204D5049207465737420230D
:10D2B8003320286578705F6D6F64293A200000007C
:10D2C80020204D5049207465737420233420286928
:10D2D8006E765F6D6F64293A200000006661696CA4
:10D2E80065642061742025640A000000556E657825
:10D2F800706563746564206572726F722C20726544
:10D308007475726E20636F6465203D20253038582F
:10D318000A0000003336453133394145413535324D
:10D328003135363039443238313639393845443078
:10D338003230424242443936433337383930463640
:10D34800353137314439343845394243374342411E
:10D35800413444393332354432344436413343312D
:10D368003237313046313041303946413038414228
:10D378003837000030303341304141454444374567
:10D3880037383446433037443846394543364533D1
:10D3980042464435433344424137363435363336D2
:10D3A80033413130383639363232454143324444DC
:10D3B8003834454343354238413734444143344493
:10D3C80030394530334235453042453737394632B2
:10D3D800444636310000000020204D504920746535
:10D3E8007374202335202873696D706C652067631A
:10D3F80064293A2000000000202043414D454C4C50
:10D4080049412D4543422D25336420282573293A67
:10D4180020000000202043414D454C4C49412D43FC
:10D4280042432D25336420282573293A2000000023
:10D43800202043414D454C4C49412D4354522D31F8
:10D44800323820282573293A200000002020434341
:10D458004D3A207365747570206661696C65640067
:10D46800202043434D2D414553202325753A200064
:10D478004445532D454445332D43424300000000A5
:10D488004445532D454445332D4543420000000093
:10D498004445532D4544452D434243004445532DAF
:10D4A8004544452D454342004445532D45434200DC
:10D4B80043414D454C4C49412D3235362D43434D62
:10D4C8000000000043414D454C4C49412D31393253
:10D4D8002D43434D0000000043414D454C4C49410C
:10D4E8002D3132382D43434D0000000043414D4556
:10D4F8004C4C49412D3235362D47434D0000000034
:10D5080043414D454C4C49412D3139322D47434D0E
:10D518000000000043414D454C4C49412D31323803
:10D528002D47434D0000000043414D454C4C4941B7
:10D538002D3235362D4354520000000043414D45ED
:10D548004C4C49412D3139322D43545200000000D2
:10D5580043414D454C4C49412D3132382D435452AD
:10D568000000000043414D454C4C49412D323536B1
:10D578002D4346423132380043414D454C4C4941D8
:10D588002D3139322D4346423132380043414D4521
:10D598004C4C49412D3132382D4346423132380006
:10D5A80043414D454C4C49412D3235362D4342437C
:10D5B8000000000043414D454C4C49412D31393262
:10D5C8002D4342430000000043414D454C4C494126
:10D5D8002D3132382D4342430000000043414D4570
:10D5E8004C4C49412D3235362D4543420000000050
:10D5F80043414D454C4C49412D3139322D4543422B
:10D608000000000043414D454C4C49412D31323812
:10D618002D454342000000004145532D3235362D3B
:10D6280043434D004145532D3139322D43434D007D
:10D638004145532D3132382D43434D004145532D3B
:10D648003235362D47434D004145532D3139322D62
:10D6580047434D004145532D3132382D47434D0046
:10D668004145532D3235362D435452004145532DF3
:10D678003139322D435452004145532D3132382D22
:10D68800435452004145532D3235362D43464231DD
:10D69800323800004145532D3139322D434642314D
:10D6A800323800004145532D3132382D434642313E
:10D6B800323800004145532D3235362D4342430060
:10D6C8004145532D3139322D434243004145532DB5
:10D6D8003132382D434243004145532D3235362DE2
:10D6E800454342004145532D3139322D45434200CF
:10D6F8004145532D3132382D4543420020204445C1
:10D708005325632D4543422D25336420282573294D
:10D718003A200000202044455325632D4342432DE1
:10D7280025336420282573293A2000002D2D2D2D1E
:10D738002D454E4420444820504152414D455445C2
:10D7480052532D2D2D2D2D002D2D2D2D2D4245479C
:10D75800494E20444820504152414D45544552536A
:10D768002D2D2D2D2D000000202044484D207061C6
:10D7780072616D65746572206C6F61643A20000097
:10D7880073656370333834723100000020204543DC
:10D798005020746573742023312028636F6E73746E
:10D7A800616E74206F705F636F756E742C20626198
:10D7B800736520706F696E742047293A2000000055
:10D7C8003030303030303030303030303030303051
:10D7D8003030303030303030303030303030303041
:10D7E8003030303030303030303030303030303130
:10D7F800000000006661696C656420282575290AA7
:10D8080000000000202045435020746573742023D5
:10D81800322028636F6E7374616E74206F705F635B
:10D828006F756E742C206F7468657220706F696EE6
:10D8380074293A20000000004646464646464646B9
:10D848004646464646464646464646464646464670
:10D858003939444546383336313436424339423112
:10D868004234443232383330000000003545413606
:10D8780046333839413338423842433831453736F0
:10D88800373735334231354141353536394531370A
:10D8980038324533304142453744323500000000C4
:10D8A800343030303030303030303030303030306C
:10D8B8003030303030303030303030303030303060
:10D8C8003030303030303030303030303030303050
:10D8D8000000000037464646464646464646464607
:10D8E80046464646464646464646464646464646D0
:10D8F80046464646464646464646464646464646C0
:10D90800464646460000000035353535353535354F
:10D9180035353535353535353535353535353535AF
:10D92800353535353535353535353535353535359F
:10D93800353535353535353500000000736563708C
:10D9480032353672310000007365637032323472DA
:10D9580031000000736563703139327231000000A4
:10D9680020204145532D47434D2D25336420232541
:10D978006420282573293A20000000002020414512
:10D98800532D47434D2D2533642023256420737080
:10D998006C697420282573293A2000002020484DFE
:10D9A80041435F4452424720285052203D20547240
:10D9B800756529203A2000002020484D41435F44E6
:10D9C80052424720285052203D2046616C736529F9
:10D9D800203A20004D44350020204D443520746500
:10D9E8007374202325643A20000000002A864886A4
:10D9F800F70D01010400000025642E2564000000D5
:10DA08002E256400551D1300550403002A864886F8
:10DA1800F70D0101010000002A8648CE3D020100F1
:10DA28002A8648CE3D030101000000002A86488668
:10DA3800F70D0205000000002A864886F70D020748
:10DA4800000000002B060105050703010000000087
:10DA58002B0E03021A0000002B0E03020700000021
:10DA68002A864886F70D010C01030000706265578D
:10DA7800697468534841416E64332D4B657954721B
:10DA880069706C654445532D43424300504245201C
:10DA980077697468205348413120616E6420332DC2
:10DAA8004B65792033444553000000002A86488698
:10DAB800F70D010C01040000706265576974685322
:10DAC8004841416E64322D4B6579547269706C65BA
:10DAD8004445532D434243005042452077697468BA
:10DAE800205348413120616E6420322D4B657920E6
:10DAF8003344455300000000686D61635348413169
:10DB080000000000484D41432D5348412D3100008D
:10DB18002A864886F70D020800000000686D6163D8
:10DB28005348413232340000484D41432D53484157
:10DB38002D323234000000002A864886F70D02098B
:10DB480000000000686D61635348413235360000BB
:10DB5800484D41432D5348412D32353600000000D1
:10DB68002A864886F70D020A00000000686D616386
:10DB78005348413338340000484D41432D53484100
:10DB88002D333834000000002A864886F70D020B32
:10DB980000000000686D6163534841353132000070
:10DBA800484D41432D5348412D3531320000000086
:10DBB80069642D6D6435000069642D7368613100F6
:10DBC8005348412D31000000608648016503040276
:10DBD8000400000069642D7368613232340000006B
:10DBE8005348412D323234006086480165030402EF
:10DBF8000100000069642D73686132353600000049
:10DC08005348412D323536006086480165030402C9
:10DC18000200000069642D73686133383400000025
:10DC28005348412D333834006086480165030402A7
:10DC38000300000069642D7368613531320000000B
:10DC48005348412D35313200646573434243000027
:10DC58002A864886F70D0307000000006465732DC7
:10DC6800656465332D636263000000002A8648CE30
:10DC78003D03010700000000727361456E6372790D
:10DC88007074696F6E0000005253410069642D651D
:10DC9800635075626C69634B6579000047656E6512
:10DCA800726963204543206B657900002B8104016C
:10DCB8000C00000069642D65634448004543206BEF
:10DCC800657920666F722045434448006D64355776
:10DCD800697468525341456E6372797074696F6EE6
:10DCE800000000005253412077697468204D443584
:10DCF800000000002A864886F70D01010500000093
:10DD08007368612D3157697468525341456E637267
:10DD1800797074696F6E0000525341207769746896
:10DD280020534841310000002A864886F70D01013A
:10DD38000E000000736861323234576974685253B8
:10DD480041456E6372797074696F6E005253412059
:10DD580077697468205348412D323234000000003E
:10DD68002A864886F70D01010B00000073686132AE
:10DD7800353657697468525341456E6372797074C9
:10DD8800696F6E0052534120776974682053484187
:10DD98002D323536000000002A864886F70D01012D
:10DDA8000C00000073686133383457697468525343
:10DDB80041456E6372797074696F6E0052534120E9
:10DDC80077697468205348412D33383400000000C7
:10DDD8002A864886F70D01010D0000007368613539
:10DDE800313257697468525341456E637279707461
:10DDF800696F6E0052534120776974682053484117
:10DE08002D353132000000002B0E03021D000000EA
:10DE18002A8648CE3D04010065636473612D7769E5
:10DE280074682D5348413100454344534120776974
:10DE380074682053484131002A8648CE3D040301C6
:10DE48000000000065636473612D776974682D5361
:10DE58004841323234000000454344534120776939
:10DE68007468205348413232340000002A8648CE74
:10DE78003D0403020000000065636473612D776947
:10DE880074682D53484132353600000045434453E9
:10DE980041207769746820534841323536000000C4
:10DEA8002A8648CE3D0403030000000065636473BE
:10DEB800612D776974682D53484133383400000068
:10DEC80045434453412077697468205348413338A7
:10DED800340000002A8648CE3D04030400000000F8
:10DEE80065636473612D776974682D5348413531D2
:10DEF8003200000045434453412077697468205339
:10DF080048413531320000002A864886F70D010164
:10DF18000A0000005253415353412D5053530000FF
:10DF280069642D6B702D73657276657241757468BE
:10DF380000000000544C53205765622053657276E8
:10DF480065722041757468656E7469636174696F80
:10DF58006E0000002B060105050703020000000003
:10DF680069642D6B702D636C69656E744175746896
:10DF780000000000544C532057656220436C6965CB
:10DF88006E742041757468656E7469636174696F35
:10DF98006E0000002B0601050507030300000000C2
:10DFA80069642D6B702D636F64655369676E696E64
:10DFB80067000000436F6465205369676E696E6788
:10DFC800000000002B0601050507030400000000FF
:10DFD80069642D6B702D656D61696C50726F746525
:10DFE8006374696F6E000000452D6D61696C205087
:10DFF800726F74656374696F6E0000002B0601050B
:10E00800050703080000000069642D6B702D746912
:10E018006D655374616D70696E67000054696D6554
:10E02800205374616D70696E670000002B0601054E
:10E03800050703090000000069642D6B702D4F432C
:10E0480053505369676E696E670000004F43535021
:10E05800205369676E696E670000000069642D636C
:10E06800652D6261736963436F6E73747261696E63
:10E0780074730000426173696320436F6E73747236
:10E0880061696E7473000000551D0F0069642D638B
:10E09800652D6B6579557361676500004B6579205F
:10E0A8005573616765000000551D250069642D637F
:10E0B800652D6578744B6579557361676500000057
:10E0C800457874656E646564204B65792055736185
:10E0D80067650000551D110069642D63652D737512
:10E0E800626A656374416C744E616D65000000007E
:10E0F8005375626A65637420416C74204E616D6566
:10E10800000000006086480186F842010100000016
:10E1180069642D6E657473636170652D63657274CF
:10E1280074797065000000004E65747363617065F2
:10E1380020436572746966696361746520547970F7
:10E148006500000069642D61742D636F6D6D6F6EDD
:10E158004E616D6500000000436F6D6D6F6E204E5F
:10E16800616D6500434E00005504060069642D6129
:10E17800742D636F756E7472794E616D6500000061
:10E18800436F756E747279004300000055040700F0
:10E1980069642D61742D6C6F63616C69747900001A
:10E1A8004C6F63616C697479000000004C000000DA
:10E1B8005504080069642D61742D737461746500D9
:10E1C80053746174650000005354000055040A003C
:10E1D80069642D61742D6F7267616E697A61746903
:10E1E8006F6E4E616D6500004F7267616E697A618E
:10E1F80074696F6E000000004F00000055040B00AA
:10E2080069642D61742D6F7267616E697A617469D2
:10E218006F6E616C556E69744E616D65000000002B
:10E228004F726720556E6974000000004F5500005A
:10E238002A864886F70D010901000000656D6169AD
:10E248006C4164647265737300000000452D6D6154
:10E25800696C20616464726573730000550405007D
:10E2680069642D61742D73657269616C4E756D6298
:10E278006572000053657269616C206E756D626528
:10E288007200000073657269616C4E756D6265722B
:10E29800000000005504100069642D61742D706F32
:10E2A8007374616C4164647265737300506F737446
:10E2B800616C20616464726573730000706F7374BD
:10E2C800616C416464726573730000005504110049
:10E2D80069642D61742D706F7374616C436F64652C
:10E2E80000000000506F7374616C20636F646500F8
:10E2F800706F7374616C436F6465000055040400AB
:10E3080069642D61742D7375724E616D650000002E
:10E318005375726E616D6500534E000055042A00F6
:10E3280069642D61742D676976656E4E616D65004F
:10E33800476976656E206E616D650000474E000086
:10E3480055042B0069642D61742D696E69746961C7
:10E358006C730000496E697469616C730000000099
:10E36800696E697469616C730000000055042C00C3
:10E3780069642D61742D67656E65726174696F6E6D
:10E388005175616C696669657200000047656E6564
:10E39800726174696F6E207175616C696669657206
:10E3A8000000000067656E65726174696F6E517573
:10E3B800616C69666965720055040C0069642D61B9
:10E3C800742D7469746C65005469746C6500000080
:10E3D8007469746C6500000055042E0069642D6131
:10E3E800742D646E5175616C696669657200000010
:10E3F80044697374696E67756973686564204E61F2
:10E408006D65207175616C69666965720000000050
:10E41800646E5175616C69666965720055044100E6
:10E4280069642D61742D70736575646F6E796D0004
:10E4380050736575646F6E796D0000007073657553
:10E44800646F6E796D0000000992268993F22C643E
:10E458000119000069642D646F6D61696E436F6D09
:10E46800706F6E656E740000446F6D61696E206335
:10E478006F6D706F6E656E7400000000444300009D
:10E4880055042D0069642D61742D756E697175656B
:10E498004964656E7469666965720000556E6971D4
:10E4A8007565204964656E74696669657200000067
:10E4B800756E697175654964656E746966696572BA
:10E4C8000000000050726F632D547970653A203453
:10E4D8002C454E43525950544544000044454B2D59
:10E4E800496E666F3A204445532D454445332D43C4
:10E4F80042432C0044454B2D496E666F3A204445F3
:10E50800532D4342432C000044454B2D496E666F02
:10E518003A204145532D000044454B2D496E666F06
:10E528003A204145532D3132382D4342432C0000C7
:10E5380044454B2D496E666F3A204145532D31397C
:10E54800322D4342432C000044454B2D496E666FE3
:10E558003A204145532D3235362D4342432C000095
:10E56800696E76616C696420504B00002A86488683
:10E57800F70D01050C000000202050424B444632A4
:10E5880020285348413129202325643A20000000DF
:10E598002A8648CE3D0101002A864886F70D010CDF
:10E5A800010100002A864886F70D01050D000000CC
:10E5B8002D2D2D2D2D454E4420525341205052498A
:10E5C80056415445204B45592D2D2D2D2D00000029
:10E5D8002D2D2D2D2D424547494E20525341205077
:10E5E800524956415445204B45592D2D2D2D2D006E
:10E5F8002D2D2D2D2D454E44204543205052495652
:10E60800415445204B45592D2D2D2D2D000000003E
:10E618002D2D2D2D2D424547494E20454320505242
:10E628004956415445204B45592D2D2D2D2D00007F
:10E638002D2D2D2D2D454E442050524956415445DF
:10E64800204B45592D2D2D2D2D0000002D2D2D2D24
:10E658002D424547494E2050524956415445204B7A
:10E6680045592D2D2D2D2D002D2D2D2D2D454E446B
:10E6780020454E4352595054454420505249564122
:10E688005445204B45592D2D2D2D2D002D2D2D2D4B
:10E698002D424547494E20454E4352595054454412
:10E6A8002050524956415445204B45592D2D2D2D6A
:10E6B8002D0000002D2D2D2D2D454E442052534167
:10E6C800205055424C4943204B45592D2D2D2D2D79
:10E6D800000000002D2D2D2D2D424547494E20527A
:10E6E8005341205055424C4943204B45592D2D2D1F
:10E6F8002D2D00002D2D2D2D2D454E4420505542F9
:10E708004C4943204B45592D2D2D2D2D000000003F
:10E718002D2D2D2D2D424547494E205055424C490F
:10E7280043204B45592D2D2D2D2D00007273612E40
:10E738004E0000007273612E4500000065636B6532
:10E74800792E51005253412D616C74004543445356
:10E758004100000045435F44480000004543000075
:10E768003932393237353834353330363344383046
:10E7780033444436303344354537373744373838EF
:10E7880038454431443542463335373836313930E7
:10E7980046413246323345424330383438414541A8
:10E7A80044444139324341364333443830423332AA
:10E7B8004334443130394245304633364436414596
:10E7C8003731333042394345443741434446353481
:10E7D8004346433735353541433134454542414257
:10E7E8003933413839383133464246334334463871
:10E7F800303636443244383030463743333841387F
:10E808003141453331393432393137343033464682
:10E818003439343642304138334433443345303563
:10E828004545353743364635463536303646423522
:10E83800443442433643443334454530383031411B
:10E84800354539344242373742303735303732333D
:10E8580033413042433742414338463930463739ED
:10E8680000000000433336443045423746434432C3
:10E8780038353232334346423541414241354244CC
:10E8880041334438324330314341443139454134CE
:10E8980038344138374541343337373633374537DD
:10E8A80035353030464342323030354335433744CE
:10E8B800443645433441433032334344413238359A
:10E8C800443739364333443945373545314546436E
:10E8D8003432343838424234463144313341433398
:10E8E8003041353700000000433030304446353180
:10E8F8004137433737414538443743373337304357
:10E90800314646353542363945323131433242395E
:10E918004535444231454430424636314430443925
:10E928003839393632304634393130453431363871
:10E938003338374533433330414131453030433341
:10E94800333941373935303838343532444439363B
:10E9580041394135454135443944434136384441CC
:10E9680036333630333241460000000032344246F6
:10E978003631383534363837383646444433303310
:10E9880030383344323545363445464336364341CC
:10E9980034373242433434443235333130324638F6
:10E9A80042344139443342464137353039313338BE
:10E9B80036433030373739333746453333464133BA
:10E9C80032353244323838353538333741453142BB
:10E9D8003438344138413941343546374545384370
:10E9E8003043363334463939453843444446373959
:10E9F800433543453037454537324337463132335F
:10EA08003134323139383136343233344341424289
:10EA1800373234434637384238313733423946384B
:10EA2800383046433836333232343037414631464F
:10EA380045444644444532424542363734434131E1
:10EA48003546334538314131353231453037313546
:10EA5800313341314538354235444641303331460A
:10EA680032314543414539314133344400000000D7
:10EA780031303030310000002020525341206B6586
:10EA8800792076616C69646174696F6E3A20000060
:10EA98007061737365640A2020504B4353233120FF
:10EAA80064656372797074696F6E203A20000000A3
:10EAB8007061737365640A2020504B4353233120DF
:10EAC800656E6372797074696F6E203A2000000079
:10EAD8002020504B435323312064617461207369B3
:10EAE800676E20203A2000007061737365640A2005
:10EAF80020504B43532331207369672E207665726B
:10EB08006966793A2000000020205348412D3120C1
:10EB180074657374202325643A2000004275666684
:10EB2800657220616C6C6F636174696F6E206661D9
:10EB3800696C65640000000020205348412D25645D
:10EB48002074657374202325643A2000544C532D97
:10EB580045434448452D45434453412D574954485E
:10EB68002D4145532D3132382D4342432D534841D1
:10EB780000000000756E6B6E6F776E00544C532D5D
:10EB880045434448452D45434453412D574954482E
:10EB98002D4145532D3235362D4342432D5348419F
:10EBA80000000000544C532D45434448452D45432F
:10EBB8004453412D574954482D4145532D3132383E
:10EBC8002D4342432D53484132353600544C532D82
:10EBD80045434448452D45434453412D57495448DE
:10EBE8002D4145532D3132382D47434D2D53484142
:10EBF80032353600544C532D45434448452D454342
:10EC08004453412D574954482D4145532D323536EB
:10EC18002D4342432D53484133383400544C532D2F
:10EC280045434448452D45434453412D574954488D
:10EC38002D4145532D3235362D47434D2D534841EF
:10EC480033383400544C532D45434448452D4543EF
:10EC58004453412D574954482D4145532D3235369B
:10EC68002D43434D00000000544C532D4543444868
:10EC7800452D45434453412D574954482D4145534B
:10EC88002D3235362D43434D2D380000544C532D2D
:10EC980045434448452D45434453412D574954481D
:10ECA8002D4145532D3132382D43434D000000008E
:10ECB800544C532D45434448452D45434453412D19
:10ECC800574954482D4145532D3132382D43434D32
:10ECD8002D380000544C532D45434448452D454399
:10ECE8004453412D574954482D43414D454C4C49B7
:10ECF800412D3132382D4342432D53484132353668
:10ED080000000000544C532D45434448452D4543CD
:10ED18004453412D574954482D43414D454C4C4986
:10ED2800412D3235362D4342432D53484133383433
:10ED380000000000544C532D45434448452D45439D
:10ED48004453412D574954482D43414D454C4C4956
:10ED5800412D3132382D47434D2D534841323536F8
:10ED680000000000544C532D45434448452D45436D
:10ED78004453412D574954482D43414D454C4C4926
:10ED8800412D3235362D47434D2D534841333834C4
:10ED980000000000544C532D45434448452D45433D
:10EDA8004453412D574954482D334445532D454428
:10EDB800452D4342432D534841000000544C532DE8
:10EDC80045434448452D5253412D574954482D41F8
:10EDD80045532D3132382D4342432D5348410000CD
:10EDE800544C532D45434448452D5253412D5749C2
:10EDF80054482D4145532D3235362D4342432D532A
:10EE080048410000544C532D45434448452D525326
:10EE1800412D574954482D4145532D3132382D4302
:10EE280042432D534841323536000000544C532D8F
:10EE380045434448452D5253412D574954482D4187
:10EE480045532D3132382D47434D2D5348413235E6
:10EE580036000000544C532D45434448452D525329
:10EE6800412D574954482D4145532D3235362D43B0
:10EE780042432D534841333834000000544C532D3D
:10EE880045434448452D5253412D574954482D4137
:10EE980045532D3235362D47434D2D534841333890
:10EEA80034000000544C532D45434448452D5253DB
:10EEB800412D574954482D43414D454C4C49412D0E
:10EEC8003132382D4342432D534841323536000004
:10EED800544C532D45434448452D5253412D5749D1
:10EEE80054482D43414D454C4C49412D3235362D22
:10EEF8004342432D5348413338340000544C532D7A
:10EF080045434448452D5253412D574954482D43B4
:10EF1800414D454C4C49412D3132382D47434D2DFB
:10EF28005348413235360000544C532D454344482C
:10EF3800452D5253412D574954482D43414D454C79
:10EF48004C49412D3235362D47434D2D53484133D9
:10EF580038340000544C532D45434448452D5253F2
:10EF6800412D574954482D334445532D4544452D8B
:10EF78004342432D53484100544C532D4448452D9A
:10EF88005253412D574954482D4145532D3235365A
:10EF98002D47434D2D53484133383400544C532D9D
:10EFA8004448452D5253412D574954482D41455306
:10EFB8002D3132382D47434D2D53484132353600D7
:10EFC800544C532D4448452D5253412D57495448CC
:10EFD8002D4145532D3132382D4342432D5348415D
:10EFE80032353600544C532D4448452D5253412D4B
:10EFF800574954482D4145532D3235362D43424308
:10F008002D53484132353600544C532D4448452D34
:10F018005253412D574954482D4145532D313238CB
:10F028002D4342432D53484100000000544C532DBA
:10F038004448452D5253412D574954482D41455375
:10F048002D3235362D4342432D53484100000000F0
:10F05800544C532D4448452D5253412D574954483B
:10F068002D4145532D3235362D43434D00000000C8
:10F07800544C532D4448452D5253412D574954481B
:10F088002D4145532D3235362D43434D2D38000043
:10F09800544C532D4448452D5253412D57495448FB
:10F0A8002D4145532D3132382D43434D000000008A
:10F0B800544C532D4448452D5253412D57495448DB
:10F0C8002D4145532D3132382D43434D2D38000005
:10F0D800544C532D4448452D5253412D57495448BB
:10F0E8002D43414D454C4C49412D3132382D434239
:10F0F800432D53484132353600000000544C532DFF
:10F108004448452D5253412D574954482D43414DAC
:10F11800454C4C49412D3235362D4342432D5348F9
:10F128004132353600000000544C532D4448452DDB
:10F138005253412D574954482D43414D454C4C4954
:10F14800412D3132382D4342432D534841000000B0
:10F15800544C532D4448452D5253412D574954483A
:10F168002D43414D454C4C49412D3235362D4342B6
:10F17800432D534841000000544C532D4448452D1D
:10F188005253412D574954482D43414D454C4C4904
:10F19800412D3132382D47434D2D534841323536B4
:10F1A80000000000544C532D4448452D5253412D26
:10F1B800574954482D43414D454C4C49412D323512
:10F1C800362D47434D2D5348413338340000000055
:10F1D800544C532D4448452D5253412D57495448BA
:10F1E8002D334445532D4544452D4342432D534823
:10F1F80041000000544C532D5253412D5749544857
:10F208002D4145532D3235362D47434D2D53484119
:10F2180033383400544C532D5253412D57495448D8
:10F228002D4145532D3132382D47434D2D534841FB
:10F2380032353600544C532D5253412D57495448BA
:10F248002D4145532D3132382D4342432D534841EA
:10F2580032353600544C532D5253412D574954489A
:10F268002D4145532D3235362D4342432D534841C8
:10F2780032353600544C532D5253412D574954487A
:10F288002D4145532D3132382D4342432D534841AA
:10F2980000000000544C532D5253412D57495448F7
:10F2A8002D4145532D3235362D4342432D53484188
:10F2B80000000000544C532D5253412D57495448D7
:10F2C8002D4145532D3235362D43434D0000000066
:10F2D800544C532D5253412D574954482D414553B1
:10F2E8002D3235362D43434D2D380000544C532DC7
:10F2F8005253412D574954482D4145532D313238E9
:10F308002D43434D00000000544C532D5253412DC2
:10F31800574954482D4145532D3132382D43434DDB
:10F328002D380000544C532D5253412D5749544801
:10F338002D43414D454C4C49412D3132382D4342E6
:10F34800432D53484132353600000000544C532DAC
:10F358005253412D574954482D43414D454C4C4932
:10F36800412D3235362D4342432D534841323536EF
:10F3780000000000544C532D5253412D5749544816
:10F388002D43414D454C4C49412D3132382D434296
:10F39800432D534841000000544C532D5253412DE6
:10F3A800574954482D43414D454C4C49412D323520
:10F3B800362D4342432D534841000000544C532DF1
:10F3C8005253412D574954482D43414D454C4C49C2
:10F3D800412D3132382D47434D2D53484132353672
:10F3E80000000000544C532D5253412D57495448A6
:10F3F8002D43414D454C4C49412D3235362D47431F
:10F408004D2D53484133383400000000544C532DDF
:10F418005253412D574954482D334445532D4544A3
:10F42800452D4342432D534841000000544C532D71
:10F43800454344482D5253412D574954482D414581
:10F44800532D3132382D4342432D5348410000009B
:10F45800544C532D454344482D5253412D5749543C
:10F46800482D4145532D3235362D4342432D5348BF
:10F4780041000000544C532D454344482D525341FC
:10F488002D574954482D4145532D3132382D43428B
:10F49800432D53484132353600000000544C532D5B
:10F4A800454344482D5253412D574954482D414511
:10F4B800532D3132382D47434D2D5348413235367F
:10F4C80000000000544C532D454344482D525341ED
:10F4D8002D574954482D4145532D3235362D434239
:10F4E800432D53484133383400000000544C532D09
:10F4F800454344482D5253412D574954482D4145C1
:10F50800532D3235362D47434D2D5348413338342A
:10F5180000000000544C532D454344482D5253419C
:10F528002D574954482D43414D454C4C49412D31A7
:10F5380032382D4342432D534841323536000000BE
:10F54800544C532D454344482D5253412D5749544B
:10F55800482D43414D454C4C49412D3235362D43BC
:10F5680042432D534841333834000000544C532D46
:10F57800454344482D5253412D574954482D434142
:10F588004D454C4C49412D3132382D47434D2D5373
:10F598004841323536000000544C532D4543444809
:10F5A8002D5253412D574954482D43414D454C4CFC
:10F5B80049412D3235362D47434D2D534841333877
:10F5C80034000000544C532D454344482D525341B8
:10F5D8002D574954482D334445532D4544452D4313
:10F5E80042432D5348410000544C532D4543444851
:10F5F8002D45434453412D574954482D4145532DDA
:10F608003132382D4342432D53484100544C532D39
:10F61800454344482D45434453412D574954482DAB
:10F628004145532D3235362D4342432D5348410031
:10F63800544C532D454344482D45434453412D577D
:10F648004954482D4145532D3132382D4342432DDD
:10F658005348413235360000544C532D45434448F5
:10F668002D45434453412D574954482D4145532D69
:10F678003132382D47434D2D53484132353600003D
:10F68800544C532D454344482D45434453412D572D
:10F698004954482D4145532D3235362D4342432D8B
:10F6A8005348413338340000544C532D45434448A3
:10F6B8002D45434453412D574954482D4145532D19
:10F6C8003235362D47434D2D5348413338340000E9
:10F6D800544C532D454344482D45434453412D57DD
:10F6E8004954482D43414D454C4C49412D31323800
:10F6F8002D4342432D53484132353600544C532D47
:10F70800454344482D45434453412D574954482DBA
:10F7180043414D454C4C49412D3235362D434243EA
:10F728002D53484133383400544C532D45434448F5
:10F738002D45434453412D574954482D43414D4588
:10F748004C4C49412D3132382D47434D2D534841BA
:10F7580032353600544C532D454344482D454344D7
:10F7680053412D574954482D43414D454C4C49412F
:10F778002D3235362D47434D2D534841333834000B
:10F78800544C532D454344482D45434453412D572C
:10F798004954482D334445532D4544452D43424350
:10F7A8002D53484100000000544C532D50534B2D0D
:10F7B800574954482D4145532D3132382D47434D33
:10F7C8002D53484132353600544C532D50534B2D50
:10F7D800574954482D4145532D3235362D47434D11
:10F7E8002D53484133383400544C532D50534B2D2E
:10F7F800574954482D4145532D3132382D43424302
:10F808002D53484132353600544C532D50534B2D0F
:10F81800574954482D4145532D3235362D434243DF
:10F828002D53484133383400544C532D50534B2DED
:10F83800574954482D4145532D3132382D434243C1
:10F848002D53484100000000544C532D50534B2D6C
:10F85800574954482D4145532D3235362D4342439F
:10F868002D53484100000000544C532D50534B2D4C
:10F87800574954482D4145532D3235362D43434D74
:10F8880000000000544C532D50534B2D57495448F9
:10F898002D4145532D3235362D43434D2D3800002B
:10F8A800544C532D50534B2D574954482D414553D3
:10F8B8002D3132382D43434D00000000544C532D58
:10F8C80050534B2D574954482D4145532D3132380B
:10F8D8002D43434D2D380000544C532D50534B2D80
:10F8E800574954482D43414D454C4C49412D3132DF
:10F8F800382D4342432D534841323536000000002D
:10F90800544C532D50534B2D574954482D43414D7A
:10F91800454C4C49412D3235362D4342432D5348F1
:10F928004133383400000000544C532D50534B2DB4
:10F93800574954482D43414D454C4C49412D31328E
:10F94800382D47434D2D53484132353600000000CD
:10F95800544C532D50534B2D574954482D43414D2A
:10F96800454C4C49412D3235362D47434D2D534892
:10F978004133383400000000544C532D50534B2D64
:10F98800574954482D334445532D4544452D43424A
:10F99800432D534841000000544C532D4448452DF5
:10F9A80050534B2D574954482D4145532D3132382A
:10F9B8002D47434D2D53484132353600544C532D75
:10F9C8004448452D50534B2D574954482D414553D4
:10F9D8002D3235362D47434D2D53484133383400A9
:10F9E800544C532D4448452D50534B2D574954489A
:10F9F8002D4145532D3132382D4342432D53484133
:10FA080032353600544C532D4448452D50534B2D18
:10FA1800574954482D4145532D3235362D434243DD
:10FA28002D53484133383400544C532D4448452D08
:10FA380050534B2D574954482D4145532D31323899
:10FA48002D4342432D53484100000000544C532D90
:10FA58004448452D50534B2D574954482D41455343
:10FA68002D3235362D4342432D53484100000000C6
:10FA7800544C532D4448452D50534B2D5749544809
:10FA88002D4145532D3235362D43434D000000009E
:10FA9800544C532D4448452D50534B2D57495448E9
:10FAA8002D4145532D3235362D43434D2D38000019
:10FAB800544C532D4448452D50534B2D57495448C9
:10FAC8002D4145532D3132382D43434D0000000060
:10FAD800544C532D4448452D50534B2D57495448A9
:10FAE8002D4145532D3132382D43434D2D380000DB
:10FAF800544C532D4448452D50534B2D5749544889
:10FB08002D43414D454C4C49412D3132382D43420E
:10FB1800432D53484132353600000000544C532DD4
:10FB28004448452D50534B2D574954482D43414D7A
:10FB3800454C4C49412D3235362D4342432D5348CF
:10FB48004133383400000000544C532D4448452DAF
:10FB580050534B2D574954482D43414D454C4C4922
:10FB6800412D3132382D47434D2D534841323536DA
:10FB780000000000544C532D4448452D50534B2D44
:10FB8800574954482D43414D454C4C49412D323538
:10FB9800362D47434D2D534841333834000000007B
:10FBA800544C532D4448452D50534B2D57495448D8
:10FBB8002D334445532D4544452D4342432D534849
:10FBC80041000000544C532D45434448452D5053A3
:10FBD8004B2D574954482D4145532D3132382D432B
:10FBE80042432D534841323536000000544C532DC2
:10FBF80045434448452D50534B2D574954482D41B2
:10FC080045532D3235362D4342432D534841333821
:10FC180034000000544C532D45434448452D50535F
:10FC28004B2D574954482D4145532D3132382D43DA
:10FC380042432D5348410000544C532D45434448FA
:10FC4800452D50534B2D574954482D4145532D327E
:10FC580035362D4342432D5348410000544C532D13
:10FC680045434448452D50534B2D574954482D433F
:10FC7800414D454C4C49412D3132382D4342432D9D
:10FC88005348413235360000544C532D45434448BF
:10FC9800452D50534B2D574954482D43414D454C04
:10FCA8004C49412D3235362D4342432D534841337B
:10FCB80038340000544C532D45434448452D505387
:10FCC8004B2D574954482D334445532D4544452D14
:10FCD8004342432D53484100544C532D5253412D18
:10FCE80050534B2D574954482D4145532D313238E7
:10FCF8002D47434D2D53484132353600544C532D32
:10FD08005253412D50534B2D574954482D4145537B
:10FD18002D3235362D47434D2D5348413338340065
:10FD2800544C532D5253412D50534B2D5749544841
:10FD38002D4145532D3132382D4342432D534841EF
:10FD480032353600544C532D5253412D50534B2DC0
:10FD5800574954482D4145532D3235362D4342439A
:10FD68002D53484133383400544C532D5253412DB0
:10FD780050534B2D574954482D4145532D31323856
:10FD88002D4342432D53484100000000544C532D4D
:10FD98005253412D50534B2D574954482D414553EB
:10FDA8002D3235362D4342432D5348410000000083
:10FDB800544C532D5253412D50534B2D57495448B1
:10FDC8002D43414D454C4C49412D3132382D43424C
:10FDD800432D53484132353600000000544C532D12
:10FDE8005253412D50534B2D574954482D43414DA3
:10FDF800454C4C49412D3235362D4342432D53480D
:10FE08004133383400000000544C532D5253412DD7
:10FE180050534B2D574954482D43414D454C4C495F
:10FE2800412D3132382D47434D2D53484132353617
:10FE380000000000544C532D5253412D50534B2D6C
:10FE4800574954482D43414D454C4C49412D323575
:10FE5800362D47434D2D53484133383400000000B8
:10FE6800544C532D5253412D50534B2D5749544800
:10FE78002D334445532D4544452D4342432D534886
:10FE880041000000636C69656E742066696E697371
:10FE9800686564007365727665722066696E697359
:10FEA8006865640044544C5376312E3000000000DD
:10FEB80044544C5376312E3200000000756E6B6E40
:10FEC8006F776E202844544C532900006578746578
:10FED8006E646564206D6173746572207365637206
:10FEE800657400006D617374657220736563726573
:10FEF800740000006B657920657870616E73696FB6
:10FF08006E00000053534C76332E3000544C537619
:10FF1800312E3000544C5376312E3100544C5376E8
:10FF2800312E3200202B20002C20000025733D00AC
:10FF38003F3F3D003A00000025303258257300004D
:10FF48002E2E2E2E000000002020582E353039206D
:10FF58006365727469666963617465206C6F616456
:10FF68003A2000007061737365640A2020582E35AA
:10FF78003039207369676E617475726520766572B1
:10FF88006966793A200000002A864886F70D010143
:10FF9800080000003F3F3F00202825732C204D47D4
:10FFA80046312D25732C2030782530325829000011
:10FFB8002573206B65792073697A6500747275659D
:10FFC8000000000066616C73650000000A436572FA
:10FFD800746966696361746520697320756E696EFA
:10FFE800697469616C69736564210A0025736365C6
:08FFF80072742E20766572730D
:02000004600595
:10000000696F6E20202020203A2025640A0000001D
:10001000257373657269616C206E756D62657220FF
:10002000202020203A2000000A257369737375652B
:1000300072206E616D65202020202020203A200053
:100040000A25737375626A656374206E616D65203D
:1000500020202020203A20000A25736973737565DB
:100060006420206F6E20202020202020203A202590
:100070003034642D253032642D2530326420253013
:1000800032643A253032643A253032640000000090
:100090000A257365787069726573206F6E20202061
:1000A00020202020203A20253034642D2530326451
:1000B0002D2530326420253032643A253032643ABE
:1000C00025303264000000000A25737369676E658D
:1000D00064207573696E672020202020203A20005C
:1000E0000A2573252D3138733A20256420626974FE
:1000F000730000000A2573626173696320636F6E89
:1001000073747261696E7473203A2043413D2573A4
:10011000000000002C206D61785F706174686C6570
:100120006E3D2564000000000A25737375626A65E0
:10013000637420616C74206E616D6520203A20002C
:100140000A2573636572742E2074797065202020EF
:1001500020202020203A2000257353534C20436C4C
:1001600069656E7400000000257353534C2053657D
:1001700072766572000000002573456D61696C0040
:1001800025734F626A656374205369676E696E6791
:100190000000000025735265736572766564000087
:1001A000257353534C204341000000002573456DD7
:1001B00061696C204341000025734F626A65637476
:1001C000205369676E696E67204341000A25736B8F
:1001D000657920757361676520202020202020200C
:1001E000203A200025734469676974616C20536963
:1001F000676E61747572650025734E6F6E2052656F
:10020000707564696174696F6E00000025734B65D9
:100210007920456E6369706865726D656E74000063
:1002200025734461746120456E6369706865726D01
:10023000656E740025734B65792041677265656D45
:10024000656E740025734B65792043657274205385
:1002500069676E00257343524C205369676E000036
:100260002573456E636970686572204F6E6C790006
:1002700025734465636970686572204F6E6C790000
:100280000A2573657874206B6579207573616765DD
:1002900020202020203A2000257325730000000034
:1002A000546865206365727469666963617465206A
:1002B00076616C696469747920686173206578700F
:1002C0006972656400000000257325730A00000050
:1002D0002573556E6B6E6F776E20726561736F6EEE
:1002E0002028746869732073686F756C64206E6F62
:1002F000742068617070656E290A00002D2D2D2D07
:100300002D424547494E20434552544946494341B1
:1003100054452D2D2D2D2D002D2D2D2D2D454E44AB
:100320002043455254494649434154452D2D2D2DD6
:100330002D00000054686520636572746966696306
:1003400061746520686173206265656E20726576F0
:100350006F6B656420286973206F6E2061204352A3
:100360004C2900005468652063657274696669638E
:1003700061746520436F6D6D6F6E204E616D6520F9
:1003800028434E2920646F6573206E6F74206D6161
:100390007463682077697468207468652065787074
:1003A000656374656420434E000000005468652056
:1003B0006365727469666963617465206973206E30
:1003C0006F7420636F72726563746C7920736967F0
:1003D0006E65642062792074686520747275737428
:1003E00065642043410000005468652043524C205E
:1003F0006973206E6F7420636F72726563746C79B9
:10040000207369676E656420627920746865207462
:100410007275737465642043410000005468652060
:1004200043524C20697320657870697265640000DE
:1004300043657274696669636174652077617320CE
:100440006D697373696E6700436572746966696389
:1004500061746520766572696669636174696F6E3F
:100460002077617320736B69707065640000000011
:100470004F7468657220726561736F6E20286361C6
:100480006E206265207573656420627920766572DE
:100490006966792063616C6C6261636B290000009E
:1004A0005468652063657274696669636174652068
:1004B00076616C69646974792073746172747320F5
:1004C000696E207468652066757475726500000039
:1004D0005468652043524C2069732066726F6D200A
:1004E0007468652066757475726500005573616780
:1004F0006520646F6573206E6F74206D617463682E
:1005000020746865206B657955736167652065782F
:1005100074656E73696F6E00557361676520646FF3
:100520006573206E6F74206D6174636820746865F4
:1005300020657874656E6465644B65795573616791
:100540006520657874656E73696F6E0055736167B9
:100550006520646F6573206E6F74206D61746368CD
:1005600020746865206E73436572745479706520D9
:10057000657874656E73696F6E000000546865205D
:100580006365727469666963617465206973207359
:1005900069676E6564207769746820616E20756E86
:1005A00061636365707461626C6520686173682E55
:1005B00000000000546865206365727469666963B1
:1005C000617465206973207369676E65642077695B
:1005D000746820616E20756E61636365707461621A
:1005E0006C6520504B20616C672028656720525352
:1005F00041207673204543445341292E00000000DA
:100600005468652063657274696669636174652006
:100610006973207369676E65642077697468206107
:100620006E20756E61636365707461626C65206BCA
:10063000657920286567206261642063757276653C
:100640002C2052534120746F6F2073686F7274298D
:100650002E0000005468652043524C2069732073BB
:1006600069676E6564207769746820616E20756EB5
:1006700061636365707461626C6520686173682E84
:10068000000000005468652043524C2069732073B9
:1006900069676E6564207769746820616E20756E85
:1006A00061636365707461626C6520504B20616C9E
:1006B00067202865672052534120767320454344C4
:1006C0005341292E000000005468652043524C20FD
:1006D0006973207369676E65642077697468206147
:1006E0006E20756E61636365707461626C65206B0A
:1006F000657920286567206261642063757276657C
:100700002C2052534120746F6F2073686F727429CC
:100710002E0000003000000073717274660000004B
:10072000504F534958000000494E4600696E66001C
:100730004E414E006E616E00303132333435363703
:10074000383961626364656600000000286E756C6C
:100750006C29000030313233343536373839616234
:10076000636465666768696A6B6C6D6E6F707172E1
:10077000737475767778797A00000000496E66693F
:100780006E697479000000004E614E0083F9A2008A
:10079000444E6E00FC291500D1572700DD34F500CA
:1007A00062DBC0003C999500419043006351FE001C
:1007B000BBDEAB00B761C5003A6E2400D24D4200EB
:1007C0004906E00009EA2E001C92D100EB1DFE0054
:1007D00029B11C00E83EA700F535820044BB2E007D
:1007E0009CE98400B4267000417E5F00D6913900F8
:1007F000538339009CF439008B5F840028F9BD00D5
:10080000F81F3B00DEFF97000F980500112FEF0047
:100810000A5A8B006D1F6D00CF7E360009CB270072
:10082000464FB7009E663F002DEA5F00BA2775006D
:10083000E5EBC7003D7BF100F739070092528A00D3
:10084000FB6BEA001FB15F00085D8D0030035600AE
:100850007BFC4600F0AB6B0020BCCF0036F49A0066
:10086000E3A91D005E619100081BE6008599650003
:10087000A0145F008D40680080D8FF0027734D00F2
:1008800006063100CA561500C9A873007BE2600055
:100890006B8CC00000010000EC650020120000001D
:1008A00000060000F0F702600A00000000020000ED
:1008B000A4F702604B0000000007000058F7026038
:1008C0004B0000000003000054F70260000000002D
:1008D000010309043CF70260000000000203090460
:1008E00024F70260000000000303090408690020E7
:1008F00000000000000000000000000000000000F8
:1009000030303030303030303030303030303030E7
:1009100030303030303030303030303030303030D7
:1009200000000000000000000100000600000000C0
:1009300000000000000000000000000000000000B7
:100940000000000000000000000000000000C07F68
:100950000000C07F0000C07F0000C07F0000C07F9B
:100960000000C07F0000C07F0000C07F00000000CA
:1009700000000000345A00209C5A0020045B002034
:100980000000000000000000000000000000000067
:100990000000000000000000000000000000000057
:1009A0000000000000000000000000000000000047
:1009B0000000000000000000000000000000000037
:1009C0000000000000000000000000000000000027
:1009D0000000000000000000000000000000000017
:1009E0000000000000000000000000000000000007
:1009F00000000000000000000000000000000000F7
:100A000000000000000000000000000000000000E6
:100A100000000000000000000100000000000000D5
:100A20000E33CDAB34126DE6ECDE05000B0000009A
:100A300000000000000000000000000000000000B6
:100A400000000000000000000000000000000000A6
:100A50000000000000000000000000000000000096
:100A60000000000000000000000000000000000086
:100A70000000000000000000000000000000000076
:100A80000000000000000000000000000000000066
:100A90000000000000000000000000000000000056
:100AA0000000000000000000000000000000000046
:100AB0000000000000000000000000000000000036
:100AC0000000000000000000000000000000000026
:100AD0000000000000000000000000000000000016
:100AE0000000000000000000000000000000000006
:100AF00000000000000000000000000000000000F6
:100B000000000000000000000000000000000000E5
:100B100000000000000000000000000000000000D5
:100B200000000000000000000000000000000000C5
:100B300000000000000000000000000000000000B5
:100B400000000000000000000000000000000000A5
:100B50000000000000000000000000000000000095
:100B60000000000000000000000000000000000085
:100B70000000000000000000000000000000000075
:100B80000000000000000000000000000000000065
:100B90000000000000000000000000000000000055
:100BA0000000000000000000000000000000000045
:100BB0000000000000000000000000000000000035
:100BC0000000000000000000000000000000000025
:100BD0000000000000000000000000000000000015
:100BE0000000000000000000000000000000000005
:100BF00000000000000000000000000000000000F5
:100C000000000000000000000000000000000000E4
:100C100000000000000000000000000000000000D4
:100C200000000000000000000000000000000000C4
:100C300000000000000000000000000000000000B4
:100C400000000000000000000000000000000000A4
:100C50000000000000000000000000000000000094
:100C60000000000000000000000000000000000084
:100C70000000000000000000000000000000000074
:100C80000000000000000000000000000000000064
:100C90000000000000000000000000000000000054
:100CA0000000000000000000000000000000000044
:100CB0000000000000000000000000000000000034
:100CC0000000000000000000000000000000000024
:100CD0000000000000000000000000000000000014
:100CE0000000000000000000000000000000000004
:100CF00000000000000000000000000000000000F4
:100D000000000000000000000000000000000000E3
:100D100000000000000000000000000000000000D3
:100D200000000000000000000000000000000000C3
:100D300000000000000000000000000000000000B3
:100D400000000000000000000000000000000000A3
:100D50000000000000000000000000000000000093
:100D60000000000000000000000000000000000083
:100D70000000000000000000000000000000000073
:100D80000000000000000000000000000000000063
:100D900000000000000000009105000600000000B7
:100DA00000000000B8220000B9080000031AFF1874
:100DB00002000000150000000029DE07007B9A17E2
:100DC00080817EFA080000000000000000CC0000D6
:100DD00080817EFD080000000000000000CC0000C3
:100DE000E40A002000000000E8030000000000000A
:100DF000C00A002000000000E8030000000000001E
:100E000000001940F05F002000000000A89B0020B7
:100E1000689B002000000000000000002800000087
:100E2000400000002800000040000000000000001A
:100E300000000000000000000000000000000000B2
:100E400000000000000000000000000000000000A2
:100E50000C0B002000000000E80300000000000070
:100E600000003F40802D02600000000000000000F4
:100E70000000000000000000000000000000000072
:100E80000000000000000000000000000000000062
:100E90000000000000000000000000000000000052
:100EA0000000000000000000000000000000000042
:100EB0000000000000000000000000000000000032
:100EC0000000000000000000000000000000000022
:100ED0000000000000000000000000000000000012
:100EE0000000000000000000000000000000000002
:100EF00000000000000000000000000000000000F2
:100F000000000000000000000000000000000000E1
:100F100000000000000000000000000000000000D1
:100F200000000000000000000000000000000000C1
:100F300000000000000000000000000000000000B1
:100F400000000000000000000000000000000000A1
:100F50000000000000000000000000000000000091
:100F60000000000000000000000000000000000081
:100F70000000000000000000000000000000000071
:100F80000000000000000000000000000000000061
:100F90000C0B002000000000E8030000000000002F
:100FA00000803F40302D0260000000000000000083
:100FB0000000000000000000000000000000000031
:100FC0000000000000000000000000000000000021
:100FD0000000000000000000000000000000000011
:100FE0000000000000000000000000000000000001
:100FF00000000000000000000000000000000000F1
:1010000000000000000000000000000000000000E0
:1010100000000000000000000000000000000000D0
:1010200000000000000000000000000000000000C0
:1010300000000000000000000000000000000000B0
:1010400000000000000000000000000000000000A0
:101050000000000000000000000000000000000090
:101060000000000000000000000000000000000080
:101070000000000000000000000000000000000070
:101080000000000000000000000000000000000060
:101090000000000000000000000000000000000050
:1010A0000000000000000000000000000000000040
:1010B0000000000000000000000000000000000030
:1010C0000000000000000000000000000000000020
:1010D0000C0B002000000000E803000000000000EE
:1010E00000C03F40E02C0260000000000000000053
:1010F00000000000000000000000000000000000F0
:1011000000000000000000000000000000000000DF
:1011100000000000000000000000000000000000CF
:1011200000000000000000000000000000000000BF
:1011300000000000000000000000000000000000AF
:10114000000000000000000000000000000000009F
:10115000000000000000000000000000000000008F
:10116000000000000000000000000000000000007F
:10117000000000000000000000000000000000006F
:10118000000000000000000000000000000000005F
:10119000000000000000000000000000000000004F
:1011A000000000000000000000000000000000003F
:1011B000000000000000000000000000000000002F
:1011C000000000000000000000000000000000001F
:1011D000000000000000000000000000000000000F
:1011E00000000000000000000000000000000000FF
:1011F00000000000000000000000000000000000EF
:1012000000000000000000000000000000000000DE
:10121000000000008000000001170000D10A01005A
:101220005526010020F702606CC00F40000000034B
:10123000070000000200000040851F40020000007F
:10124000FF000000FF0000000000000000000000A0
:10125000080000000200000044851F40020000005A
:10126000FF000000FF000000000000000000000080
:10127000FF004000260018007A0000000000000077
:1012800080000000FFFFFFFF8030202043000000AF
:10129000000000000000000000000000000000004E
:1012A00000000000000000000000000043000000FB
:1012B000000000000000000000000000000000002E
:1012C00000000000000000000000000043000000DB
:1012D000000000000000000000000000000000000E
:1012E00000000000000000000000000043000000BB
:1012F00000000000000000000000000000000000EE
:10130000000000000000000000000000430000009A
:1013100000000000000000000000000000000000CD
:10132000000000000000000000000000430000007A
:1013300000000000000000000000000000000000AD
:10134000000000000000000000000000430000005A
:10135000000000000000000000000000000000008D
:101360000000000000000000000000005594010093
:101370009D550100000000004C0B0020E8540020A7
:10138000082800200828002008280020082800201D
:10139000082800200828002008280020082800200D
:1013A00008280020FFFFFFFFFFFFFFFFFFFFFFFFF9
:1013B000FFFF0000010041534349490000000000C5
:1013C000000000000000000000000000000000001D
:1013D00000000000000041534349490000000000A4
:1013E00000000000000000000000000000000000FD
:1013F00000000000000000000000000000000000ED
:10140000D0610020D0610020D8610020D861002088
:10141000E0610020E0610020E8610020E861002038
:10142000F0610020F0610020F8610020F8610020E8
:101430000062002000620020086200200862002094
:101440001062002010620020186200201862002044
:1014500020620020206200202862002028620020F4
:1014600030620020306200203862002038620020A4
:101470004062002040620020486200204862002054
:101480005062002050620020586200205862002004
:1014900060620020606200206862002068620020B4
:1014A0007062002070620020786200207862002064
:1014B0008062002080620020886200208862002014
:1014C00090620020906200209862002098620020C4
:1014D000A0620020A0620020A8620020A862002074
:1014E000B0620020B0620020B8620020B862002024
:1014F000C0620020C0620020C8620020C8620020D4
:10150000D0620020D0620020D8620020D862002083
:10151000E0620020E0620020E8620020E862002033
:10152000F0620020F0620020F8620020F8620020E3
:10153000006300200063002008630020086300208F
:10154000106300201063002018630020186300203F
:1015500020630020206300202863002028630020EF
:10156000306300203063002038630020386300209F
:10157000406300204063002048630020486300204F
:1015800050630020506300205863002058630020FF
:1015900060630020606300206863002068630020AF
:1015A000706300207063002078630020786300205F
:1015B000806300208063002088630020886300200F
:1015C00090630020906300209863002098630020BF
:1015D000A0630020A0630020A8630020A86300206F
:1015E000B0630020B0630020B8630020B86300201F
:1015F000C0630020C0630020C8630020C8630020CF
:10160000D0630020D0630020D8630020D86300207E
:10161000E0630020E0630020E8630020E86300202E
:10162000F0630020F0630020F8630020F8630020DE
:10163000006400200064002008640020086400208A
:10164000106400201064002018640020186400203A
:1016500020640020206400202864002028640020EA
:10166000306400203064002038640020386400209A
:10167000406400204064002048640020486400204A
:1016800050640020506400205864002058640020FA
:1016900060640020606400206864002068640020AA
:1016A000706400207064002078640020786400205A
:1016B000806400208064002088640020886400200A
:1016C00090640020906400209864002098640020BA
:1016D000A0640020A0640020A8640020A86400206A
:1016E000B0640020B0640020B8640020B86400201A
:1016F000C0640020C0640020C8640020C8640020CA
:10170000D0640020D0640020D8640020D864002079
:10171000E0640020E0640020E8640020E864002029
:10172000F0640020F0640020F8640020F8640020D9
:101730000065002000650020086500200865002085
:101740001065002010650020186500201865002035
:1017500020650020206500202865002028650020E5
:101760003065002030650020386500203865002095
:101770004065002040650020486500204865002045
:1017800050650020506500205865002058650020F5
:1017900060650020606500206865002068650020A5
:1017A0007065002070650020786500207865002055
:1017B0008065002080650020886500208865002005
:1017C00090650020906500209865002098650020B5
:1017D000A0650020A0650020A8650020A865002065
:1017E000B0650020B0650020B8650020B865002015
:1017F000C0650020C0650020C8650020C8650020C5
:10180000FFFFFFFF000002004857002028000000F3
:101810002800000012010002EF020140C0168304FC
:1018200080020102030100006574683000000000BE
:10183000DC050000C0660020F80F0020000000005A
:101840000000000000000000000000000000000098
:101850000000000000000000000000000000000088
:101860000000000000000000000000000000000078
:101870000000000000000000000000000000000068
:1018800000000000010306333A3B000001040000A1
:1018900000802D4000802D408200000000000000EC
:1018A0000000000000000000000000000000000038
:1018B0000000000000000000000000000000000028
:1018C000C06E0020000000000100000001000000C8
:1018D000000000000000000091A6000000000000D1
:1018E000000000000000000068660020000000000A
:1018F00000000000B5880000A1890000358A0000C2
:10190000258200002182000000000000000000008D
:1019100000000000000000000000000000000000C7
:1019200000000000000000000000000000000000B7
:1019300000000000000000000000000000000000A7
:101940000000000000000000000000000000000097
:101950000000000000000000000000000000000087
:101960000000000000000000000000000000000077
:101970000000000000000000000000000000000067
:101980000000000000000000000000000000000057
:101990000000000000000000000000000000000047
:1019A0000000000000000000000000000000000037
:1019B0000000000000000000000000000000000027
:1019C0000000000000000000000000000000000017
:1019D0000000000000000000000000000000000007
:1019E00000000000000000000000000000000000F7
:1019F00000000000000000000000000000000000E7
:101A000000000000000000000100030000000000D2
:101A10000000000005C9000021C90000000000000E
:101A2000000000004810002000000000010001003C
:101A30000600000091E1000059FD000019F10000CE
:101A400019E100001DF900007410002000000000E2
:101A5000010002001100000000000000550101001B
:101A6000710101005503010000000000A0100020DA
:101A700080817E7E0500000000004700808179792A
:101A80000500000000004700AAAA000300020000B1
:101A9000230C2001230D200101900000FAFA000020
:101AA000FAFA00AABBBB00000003002023002001BB
:101AB000FAFA000828000000000056000078000034
:101AC000E897026020760260F5560100C0A8050084
:101AD000010000000F2700000014000008000000B3
:101AE00007000000060000000500000004000000E0
:101AF000000000002BC000002CC00000000000000F
:101B000003040000060000000700000000000000C1
:101B100000000001010000000000050000000000BE
:101B2000280A0000093C00000000F0410000803F4E
:101B30000C03000000000000000000000000000096
:101B400000000000000000C0010D0DFF01010801B0
:101B500001246601000000000000000000000000F9
:101B60000000000000000000000000000000000075
:101B70000000000000000000000000000000000065
:101B80000000000000000000000000000000000055
:101B90000000000000000000000000000000000045
:101BA0000000000000000000000000000000000035
:101BB0000000000000000000000000000000000025
:101BC0000000000000000000000000000000000015
:101BD0000000000000000000000000000000000005
:101BE00000000000000000000000000000000000F5
:101BF00000000000000000000000000000000000E5
:101C000000000000000000000000000000000000D4
:101C100000000000000000000000000000000000C4
:101C200000000000000000000000000000000000B4
:101C300000000000000000000000000000000000A4
:101C40000000000000000000000000000000000094
:101C50000000000000000000000000000000000084
:101C60000000000000000000000000000000000074
:101C70000000000000000000000000000000000064
:101C80000000000000000000000000000000000054
:101C90000000000000000000000000000000000044
:101CA0000000000000000000000000000000000034
:101CB0000000000000000000000000000000000024
:101CC0000000000000000000000000000000000014
:101CD0000000000000000000000000000000000004
:101CE00000000000000000000000000000000000F4
:101CF00000000000000000000000000000000000E4
:101D000000000000000000000000000000000000D3
:101D100000000000000000000000000000000000C3
:101D200000000000000000000000000000000000B3
:101D300000000000000000000000000000000000A3
:101D40000000000000000000000000000000000093
:101D50000000000000000000000000000000000083
:101D60000000000000000000000000000000000073
:101D70000000000000000000000000000000000063
:101D80000000000000000000000000000000000053
:101D90000000000000000000000000000000000043
:101DA0000000000000000000000000000000000033
:101DB0000000000000000000000000000000000023
:101DC0000000000000000000000000000000000013
:101DD0000000000000000000000000000000000003
:101DE00000000000000000000000000000000000F3
:101DF00000000000000000000000000000000000E3
:101E000000000000000000000000000000000000D2
:101E100000000000000000000000000000000000C2
:101E200000000000000000000000000000000000B2
:101E300000000000000000000000000000000000A2
:101E40000000000000000000000000000000000092
:101E50000000000000000000000000000000000082
:101E60000000000000000000000000000000000072
:101E70000000000000000000000000000000000062
:101E80000000000000000000000000000000000052
:101E90000000000000000000000000000000000042
:101EA0000000000000000000000000000000000032
:101EB0000000000000000000000000000000000022
:101EC0000000000000000000000000000000000012
:101ED0000000000000000000000000000000000002
:101EE00000000000000000000000000000000000F2
:101EF00000000000000000000000000000000000E2
:101F000000000000000000000000000000000000D1
:101F100000000000000000000000000000000000C1
:101F200000000000000000000000000000000000B1
:101F300000000000000000000000000000000000A1
:101F40000000000000000000000000000000000091
:101F50000000000000000000000000000000000081
:101F60000000000000000000000000000000000071
:101F70000000000000000000000000000000000061
:101F80000000000000000000000000000000000051
:101F90000000000000000000000000000000000041
:101FA0000000000000000000000000000000000031
:101FB0000000000000000000000000000000000021
:101FC0000000000000000000000000000000000011
:101FD0000000000000000000000000000000000001
:101FE00000000000000000000000000000000000F1
:101FF00000000000000000000000000000000000E1
:1020000000000000000000000000000000000000D0
:1020100000000000000000000000000000000000C0
:1020200000000000000000000000000000000000B0
:1020300000000000000000000000000000000000A0
:102040000000000000000000000000000000000090
:102050000000000000000000000000000000000080
:102060000000000000000000000000000000000070
:102070000000000000000000000000000000000060
:102080000000000000000000000000000000000050
:102090000000000000000000000000000000000040
:1020A0000000000000000000000000000000000030
:1020B0000000000000000000000000000000000020
:1020C0000000000000000000000000000000000010
:1020D0000000000000000000000000000000000000
:0820E0000000000000000000F8
:1020E80000000000000000000000000000000000E8
:1020F80000000000000000000000000000000000D8
:1021080000000000000000000000000000000000C7
:1021180000000000000000000000000000000000B7
:1021280000000000000000000000000000000000A7
:102138000000000000000000000000000000000097
:102148000000000000000000000000000000000087
:102158000000000000000000000000000000000077
:102168000000000000000000000000000000000067
:102178000000000000000000000000000000000057
:102188000000000000000000000000000000000047
:102198000000000000000000000000000000000037
:1021A8000000000000000000000000000000000027
:1021B8000000000000000000000000000000000017
:1021C8000000000000000000000000000000000007
:1021D80000000000000000000000000000000000F7
:1021E80000000000000000000000000000000000E7
:1021F80000000000000000000000000000000000D7
:1022080000000000000000000000000000000000C6
:1022180000000000000000000000000000000000B6
:1022280000000000000000000000000000000000A6
:102238000000000000000000000000000000000096
:102248000000000000000000000000000000000086
:102258000000000000000000000000000000000076
:102268000000000000000000000000000000000066
:102278000000000000000000000000000000000056
:102288000000000000000000000000000000000046
:102298000000000000000000000000000000000036
:1022A8000000000000000000000000000000000026
:1022B8000000000000000000000000000000000016
:1022C8000000000000000000000000000000000006
:1022D80000000000000000000000000000000000F6
:1022E80000000000000000000000000000000000E6
:1022F80000000000000000000000000000000000D6
:1023080000000000000000000000000000000000C5
:1023180000000000000000000000000000000000B5
:1023280000000000000000000000000000000000A5
:102338000000000000000000000000000000000095
:102348000000000000000000000000000000000085
:102358000000000000000000000000000000000075
:102368000000000000000000000000000000000065
:102378000000000000000000000000000000000055
:102388000000000000000000000000000000000045
:102398000000000000000000000000000000000035
:1023A8000000000000000000000000000000000025
:1023B8000000000000000000000000000000000015
:1023C8000000000000000000000000000000000005
:1023D80000000000000000000000000000000000F5
:1023E80000000000000000000000000000000000E5
:1023F80000000000000000000000000000000000D5
:1024080000000000000000000000000000000000C4
:1024180000000000000000000000000000000000B4
:1024280000000000000000000000000000000000A4
:102438000000000000000000000000000000000094
:102448000000000000000000000000000000000084
:102458000000000000000000000000000000000074
:102468000000000000000000000000000000000064
:102478000000000000000000000000000000000054
:102488000000000000000000000000000000000044
:102498000000000000000000000000000000000034
:1024A8000000000000000000000000000000000024
:1024B8000000000000000000000000000000000014
:1024C8000000000000000000000000000000000004
:1024D80000000000000000000000000000000000F4
:1024E80000000000000000000000000000000000E4
:1024F80000000000000000000000000000000000D4
:1025080000000000000000000000000000000000C3
:1025180000000000000000000000000000000000B3
:1025280000000000000000000000000000000000A3
:102538000000000000000000000000000000000093
:102548000000000000000000000000000000000083
:102558000000000000000000000000000000000073
:102568000000000000000000000000000000000063
:102578000000000000000000000000000000000053
:102588000000000000000000000000000000000043
:102598000000000000000000000000000000000033
:1025A8000000000000000000000000000000000023
:1025B8000000000000000000000000000000000013
:1025C8000000000000000000000000000000000003
:1025D80000000000000000000000000000000000F3
:1025E80000000000000000000000000000000000E3
:1025F80000000000000000000000000000000000D3
:1026080000000000000000000000000000000000C2
:1026180000000000000000000000000000000000B2
:1026280000000000000000000000000000000000A2
:102638000000000000000000000000000000000092
:102648000000000000000000000000000000000082
:102658000000000000000000000000000000000072
:102668000000000000000000000000000000000062
:102678000000000000000000000000000000000052
:102688000000000000000000000000000000000042
:102698000000000000000000000000000000000032
:1026A8000000000000000000000000000000000022
:1026B8000000000000000000000000000000000012
:1026C8000000000000000000000000000000000002
:1026D80000000000000000000000000000000000F2
:1026E80000000000000000000000000000000000E2
:1026F80000000000000000000000000000000000D2
:1027080000000000000000000000000000000000C1
:1027180000000000000000000000000000000000B1
:1027280000000000000000000000000000000000A1
:102738000000000000000000000000000000000091
:102748000000000000000000000000000000000081
:102758000000000000000000000000000000000071
:102768000000000000000000000000000000000061
:102778000000000000000000000000000000000051
:102788000000000000000000000000000000000041
:102798000000000000000000000000000000000031
:1027A8000000000000000000000000000000000021
:1027B8000000000000000000000000000000000011
:1027C8000000000000000000000000000000000001
:1027D80000000000000000000000000000000000F1
:1027E80000000000000000000000000000000000E1
:1027F80000000000000000000000000000000000D1
:1028080000000000000000000000000000000000C0
:1028180000000000000000000000000000000000B0
:1028280000000000000000000000000000000000A0
:102838000000000000000000000000000000000090
:102848000000000000000000000000000000000080
:102858000000000000000000000000000000000070
:102868000000000000000000000000000000000060
:102878000000000000000000000000000000000050
:102888000000000000000000000000000000000040
:102898000000000000000000000000000000000030
:1028A8000000000000000000000000000000000020
:1028B8000000000000000000000000000000000010
:1028C8000000000000000000000000000000000000
:1028D80000000000000000000000000000000000F0
:1028E80000000000000000000000000000000000E0
:1028F80000000000000000000000000000000000D0
:1029080000000000000000000000000000000000BF
:1029180000000000000000000000000000000000AF
:10292800000000000000000000000000000000009F
:10293800000000000000000000000000000000008F
:10294800000000000000000000000000000000007F
:10295800000000000000000000000000000000006F
:10296800000000000000000000000000000000005F
:10297800000000000000000000000000000000004F
:10298800000000000000000000000000000000003F
:10299800000000000000000000000000000000002F
:1029A800000000000000000000000000000000001F
:1029B800000000000000000000000000000000000F
:1029C80000000000000000000000000000000000FF
:1029D80000000000000000000000000000000000EF
:1029E80000000000000000000000000000000000DF
:1029F80000000000000000000000000000000000CF
:102A080000000000000000000000000000000000BE
:102A180000000000000000000000000000000000AE
:102A2800000000000000000000000000000000009E
:102A3800000000000000000000000000000000008E
:102A4800000000000000000000000000000000007E
:102A5800000000000000000000000000000000006E
:102A6800000000000000000000000000000000005E
:102A7800000000000000000000000000000000004E
:102A8800000000000000000000000000000000003E
:102A9800000000000000000000000000000000002E
:102AA800000000000000000000000000000000001E
:102AB800000000000000000000000000000000000E
:102AC80000000000000000000000000000000000FE
:102AD80000000000000000000000000000000000EE
:102AE80000000000000000000000000000000000DE
:102AF80000000000000000000000000000000000CE
:102B080000000000000000000000000000000000BD
:102B180000000000000000000000000000000000AD
:102B2800000000000000000000000000000000009D
:102B3800000000000000000000000000000000008D
:102B4800000000000000000000000000000000007D
:102B5800000000000000000000000000000000006D
:102B6800000000000000000000000000000000005D
:102B7800000000000000000000000000000000004D
:102B8800000000000000000000000000000000003D
:102B9800000000000000000000000000000000002D
:102BA800000000000000000000000000000000001D
:102BB800000000000000000000000000000000000D
:102BC80000000000000000000000000000000000FD
:102BD80000000000000000000000000000000000ED
:102BE80000000000000000000000000000000000DD
:102BF80000000000000000000000000000000000CD
:102C080000000000000000000000000000000000BC
:102C180000000000000000000000000000000000AC
:102C2800000000000000000000000000000000009C
:102C3800000000000000000000000000000000008C
:102C4800000000000000000000000000000000007C
:102C5800000000000000000000000000000000006C
:102C6800000000000000000000000000000000005C
:102C7800000000000000000000000000000000004C
:102C8800000000000000000000000000000000003C
:102C9800000000000000000000000000000000002C
:102CA800000000000000000000000000000000001C
:102CB800000000000000000000000000000000000C
:102CC80000000000000000000000000000000000FC
:102CD80000000000000000000000000000000000EC
:102CE80000000000000000000000000000000000DC
:102CF80000000000000000000000000000000000CC
:102D080000000000000000000000000000000000BB
:102D180000000000000000000000000000000000AB
:102D2800000000000000000000000000000000009B
:102D3800000000000000000000000000000000008B
:102D4800000000000000000000000000000000007B
:102D5800000000000000000000000000000000006B
:102D6800000000000000000000000000000000005B
:102D7800000000000000000000000000000000004B
:102D8800000000000000000000000000000000003B
:102D9800000000000000000000000000000000002B
:102DA800000000000000000000000000000000001B
:102DB800000000000000000000000000000000000B
:102DC80000000000000000000000000000000000FB
:102DD80000000000000000000000000000000000EB
:102DE80000000000000000000000000000000000DB
:102DF80000000000000000000000000000000000CB
:102E080000000000000000000000000000000000BA
:102E180000000000000000000000000000000000AA
:102E2800000000000000000000000000000000009A
:102E3800000000000000000000000000000000008A
:102E4800000000000000000000000000000000007A
:102E5800000000000000000000000000000000006A
:102E6800000000000000000000000000000000005A
:102E7800000000000000000000000000000000004A
:102E8800000000000000000000000000000000003A
:102E9800000000000000000000000000000000002A
:102EA800000000000000000000000000000000001A
:102EB800000000000000000000000000000000000A
:102EC80000000000000000000000000000000000FA
:102ED80000000000000000000000000000000000EA
:102EE80000000000000000000000000000000000DA
:102EF80000000000000000000000000000000000CA
:102F080000000000000000000000000000000000B9
:102F180000000000000000000000000000000000A9
:102F28000000000000000000000000000000000099
:102F38000000000000000000000000000000000089
:102F48000000000000000000000000000000000079
:102F58000000000000000000000000000000000069
:102F68000000000000000000000000000000000059
:102F78000000000000000000000000000000000049
:102F88000000000000000000000000000000000039
:102F98000000000000000000000000000000000029
:102FA8000000000000000000000000000000000019
:102FB8000000000000000000000000000000000009
:102FC80000000000000000000000000000000000F9
:102FD80000000000000000000000000000000000E9
:102FE80000000000000000000000000000000000D9
:102FF80000000000000000000000000000000000C9
:1030080000000000000000000000000000000000B8
:1030180000000000000000000000000000000000A8
:103028000000000000000000000000000000000098
:103038000000000000000000000000000000000088
:103048000000000000000000000000000000000078
:103058000000000000000000000000000000000068
:103068000000000000000000000000000000000058
:103078000000000000000000000000000000000048
:103088000000000000000000000000000000000038
:103098000000000000000000000000000000000028
:1030A8000000000000000000000000000000000018
:1030B8000000000000000000000000000000000008
:1030C80000000000000000000000000000000000F8
:1030D80000000000000000000000000000000000E8
:1030E80000000000000000000000000000000000D8
:1030F80000000000000000000000000000000000C8
:1031080000000000000000000000000000000000B7
:1031180000000000000000000000000000000000A7
:103128000000000000000000000000000000000097
:103138000000000000000000000000000000000087
:103148000000000000000000000000000000000077
:103158000000000000000000000000000000000067
:103168000000000000000000000000000000000057
:103178000000000000000000000000000000000047
:103188000000000000000000000000000000000037
:103198000000000000000000000000000000000027
:1031A8000000000000000000000000000000000017
:1031B8000000000000000000000000000000000007
:1031C80000000000000000000000000000000000F7
:1031D80000000000000000000000000000000000E7
:1031E80000000000000000000000000000000000D7
:1031F80000000000000000000000000000000000C7
:1032080000000000000000000000000000000000B6
:1032180000000000000000000000000000000000A6
:103228000000000000000000000000000000000096
:103238000000000000000000000000000000000086
:103248000000000000000000000000000000000076
:103258000000000000000000000000000000000066
:103268000000000000000000000000000000000056
:103278000000000000000000000000000000000046
:103288000000000000000000000000000000000036
:103298000000000000000000000000000000000026
:1032A8000000000000000000000000000000000016
:1032B8000000000000000000000000000000000006
:1032C80000000000000000000000000000000000F6
:1032D80000000000000000000000000000000000E6
:1032E80000000000000000000000000000000000D6
:1032F80000000000000000000000000000000000C6
:1033080000000000000000000000000000000000B5
:1033180000000000000000000000000000000000A5
:103328000000000000000000000000000000000095
:103338000000000000000000000000000000000085
:103348000000000000000000000000000000000075
:103358000000000000000000000000000000000065
:103368000000000000000000000000000000000055
:103378000000000000000000000000000000000045
:103388000000000000000000000000000000000035
:103398000000000000000000000000000000000025
:1033A8000000000000000000000000000000000015
:1033B8000000000000000000000000000000000005
:1033C80000000000000000000000000000000000F5
:1033D80000000000000000000000000000000000E5
:1033E80000000000000000000000000000000000D5
:1033F80000000000000000000000000000000000C5
:1034080000000000000000000000000000000000B4
:1034180000000000000000000000000000000000A4
:103428000000000000000000000000000000000094
:103438000000000000000000000000000000000084
:103448000000000000000000000000000000000074
:103458000000000000000000000000000000000064
:103468000000000000000000000000000000000054
:103478000000000000000000000000000000000044
:103488000000000000000000000000000000000034
:103498000000000000000000000000000000000024
:1034A8000000000000000000000000000000000014
:1034B8000000000000000000000000000000000004
:1034C80000000000000000000000000000000000F4
:1034D80000000000000000000000000000000000E4
:1034E80000000000000000000000000000000000D4
:1034F80000000000000000000000000000000000C4
:1035080000000000000000000000000000000000B3
:1035180000000000000000000000000000000000A3
:103528000000000000000000000000000000000093
:103538000000000000000000000000000000000083
:103548000000000000000000000000000000000073
:103558000000000000000000000000000000000063
:103568000000000000000000000000000000000053
:103578000000000000000000000000000000000043
:103588000000000000000000000000000000000033
:103598000000000000000000000000000000000023
:1035A8000000000000000000000000000000000013
:1035B8000000000000000000000000000000000003
:1035C80000000000000000000000000000000000F3
:1035D80000000000000000000000000000000000E3
:1035E80000000000000000000000000000000000D3
:1035F80000000000000000000000000000000000C3
:1036080000000000000000000000000000000000B2
:1036180000000000000000000000000000000000A2
:103628000000000000000000000000000000000092
:103638000000000000000000000000000000000082
:103648000000000000000000000000000000000072
:103658000000000000000000000000000000000062
:103668000000000000000000000000000000000052
:103678000000000000000000000000000000000042
:103688000000000000000000000000000000000032
:103698000000000000000000000000000000000022
:1036A8000000000000000000000000000000000012
:1036B8000000000000000000000000000000000002
:1036C80000000000000000000000000000000000F2
:1036D80000000000000000000000000000000000E2
:1036E80000000000000000000000000000000000D2
:1036F80000000000000000000000000000000000C2
:1037080000000000000000000000000000000000B1
:1037180000000000000000000000000000000000A1
:103728000000000000000000000000000000000091
:103738000000000000000000000000000000000081
:103748000000000000000000000000000000000071
:103758000000000000000000000000000000000061
:103768000000000000000000000000000000000051
:103778000000000000000000000000000000000041
:103788000000000000000000000000000000000031
:103798000000000000000000000000000000000021
:1037A8000000000000000000000000000000000011
:1037B8000000000000000000000000000000000001
:1037C80000000000000000000000000000000000F1
:1037D80000000000000000000000000000000000E1
:1037E80000000000000000000000000000000000D1
:1037F80000000000000000000000000000000000C1
:1038080000000000000000000000000000000000B0
:1038180000000000000000000000000000000000A0
:103828000000000000000000000000000000000090
:103838000000000000000000000000000000000080
:103848000000000000000000000000000000000070
:103858000000000000000000000000000000000060
:103868000000000000000000000000000000000050
:103878000000000000000000000000000000000040
:103888000000000000000000000000000000000030
:103898000000000000000000000000000000000020
:1038A8000000000000000000000000000000000010
:1038B8000000000000000000000000000000000000
:1038C80000000000000000000000000000000000F0
:1038D80000000000000000000000000000000000E0
:1038E80000000000000000000000000000000000D0
:1038F80000000000000000000000000000000000C0
:1039080000000000000000000000000000000000AF
:10391800000000000000000000000000000000009F
:10392800000000000000000000000000000000008F
:10393800000000000000000000000000000000007F
:10394800000000000000000000000000000000006F
:10395800000000000000000000000000000000005F
:10396800000000000000000000000000000000004F
:10397800000000000000000000000000000000003F
:10398800000000000000000000000000000000002F
:10399800000000000000000000000000000000001F
:1039A800000000000000000000000000000000000F
:1039B80000000000000000000000000000000000FF
:1039C80000000000000000000000000000000000EF
:1039D80000000000000000000000000000000000DF
:1039E80000000000000000000000000000000000CF
:1039F80000000000000000000000000000000000BF
:103A080000000000000000000000000000000000AE
:103A1800000000000000000000000000000000009E
:103A2800000000000000000000000000000000008E
:103A3800000000000000000000000000000000007E
:103A4800000000000000000000000000000000006E
:103A5800000000000000000000000000000000005E
:103A6800000000000000000000000000000000004E
:103A7800000000000000000000000000000000003E
:103A8800000000000000000000000000000000002E
:103A9800000000000000000000000000000000001E
:103AA800000000000000000000000000000000000E
:103AB80000000000000000000000000000000000FE
:103AC80000000000000000000000000000000000EE
:103AD80000000000000000000000000000000000DE
:103AE80000000000000000000000000000000000CE
:103AF80000000000000000000000000000000000BE
:103B080000000000000000000000000000000000AD
:103B1800000000000000000000000000000000009D
:103B2800000000000000000000000000000000008D
:103B3800000000000000000000000000000000007D
:103B4800000000000000000000000000000000006D
:103B5800000000000000000000000000000000005D
:103B6800000000000000000000000000000000004D
:103B7800000000000000000000000000000000003D
:103B8800000000000000000000000000000000002D
:103B9800000000000000000000000000000000001D
:103BA800000000000000000000000000000000000D
:103BB80000000000000000000000000000000000FD
:103BC80000000000000000000000000000000000ED
:103BD80000000000000000000000000000000000DD
:103BE80000000000000000000000000000000000CD
:103BF80000000000000000000000000000000000BD
:103C080000000000000000000000000000000000AC
:103C1800000000000000000000000000000000009C
:103C2800000000000000000000000000000000008C
:103C3800000000000000000000000000000000007C
:103C4800000000000000000000000000000000006C
:103C5800000000000000000000000000000000005C
:103C6800000000000000000000000000000000004C
:103C7800000000000000000000000000000000003C
:103C8800000000000000000000000000000000002C
:103C9800000000000000000000000000000000001C
:103CA800000000000000000000000000000000000C
:103CB80000000000000000000000000000000000FC
:103CC80000000000000000000000000000000000EC
:103CD80000000000000000000000000000000000DC
:103CE80000000000000000000000000000000000CC
:103CF80000000000000000000000000000000000BC
:103D080000000000000000000000000000000000AB
:103D1800000000000000000000000000000000009B
:103D2800000000000000000000000000000000008B
:103D3800000000000000000000000000000000007B
:103D4800000000000000000000000000000000006B
:103D5800000000000000000000000000000000005B
:103D6800000000000000000000000000000000004B
:103D7800000000000000000000000000000000003B
:103D8800000000000000000000000000000000002B
:103D9800000000000000000000000000000000001B
:103DA800000000000000000000000000000000000B
:103DB80000000000000000000000000000000000FB
:103DC80000000000000000000000000000000000EB
:103DD80000000000000000000000000000000000DB
:103DE80000000000000000000000000000000000CB
:103DF80000000000000000000000000000000000BB
:103E080000000000000000000000000000000000AA
:103E1800000000000000000000000000000000009A
:103E2800000000000000000000000000000000008A
:103E3800000000000000000000000000000000007A
:103E4800000000000000000000000000000000006A
:103E5800000000000000000000000000000000005A
:103E6800000000000000000000000000000000004A
:103E7800000000000000000000000000000000003A
:103E8800000000000000000000000000000000002A
:103E9800000000000000000000000000000000001A
:103EA800000000000000000000000000000000000A
:103EB80000000000000000000000000000000000FA
:103EC80000000000000000000000000000000000EA
:103ED80000000000000000000000000000000000DA
:103EE80000000000000000000000000000000000CA
:103EF80000000000000000000000000000000000BA
:103F080000000000000000000000000000000000A9
:103F18000000000000000000000000000000000099
:103F28000000000000000000000000000000000089
:103F38000000000000000000000000000000000079
:103F48000000000000000000000000000000000069
:103F58000000000000000000000000000000000059
:103F68000000000000000000000000000000000049
:103F78000000000000000000000000000000000039
:103F88000000000000000000000000000000000029
:103F98000000000000000000000000000000000019
:103FA8000000000000000000000000000000000009
:103FB80000000000000000000000000000000000F9
:103FC80000000000000000000000000000000000E9
:103FD80000000000000000000000000000000000D9
:103FE80000000000000000000000000000000000C9
:103FF80000000000000000000000000000000000B9
:1040080000000000000000000000000000000000A8
:104018000000000000000000000000000000000098
:104028000000000000000000000000000000000088
:104038000000000000000000000000000000000078
:104048000000000000000000000000000000000068
:104058000000000000000000000000000000000058
:104068000000000000000000000000000000000048
:104078000000000000000000000000000000000038
:104088000000000000000000000000000000000028
:104098000000000000000000000000000000000018
:1040A8000000000000000000000000000000000008
:1040B80000000000000000000000000000000000F8
:1040C80000000000000000000000000000000000E8
:1040D80000000000000000000000000000000000D8
:1040E80000000000000000000000000000000000C8
:1040F80000000000000000000000000000000000B8
:1041080000000000000000000000000000000000A7
:104118000000000000000000000000000000000097
:104128000000000000000000000000000000000087
:104138000000000000000000000000000000000077
:104148000000000000000000000000000000000067
:104158000000000000000000000000000000000057
:104168000000000000000000000000000000000047
:104178000000000000000000000000000000000037
:104188000000000000000000000000000000000027
:104198000000000000000000000000000000000017
:1041A8000000000000000000000000000000000007
:1041B80000000000000000000000000000000000F7
:1041C80000000000000000000000000000000000E7
:1041D80000000000000000000000000000000000D7
:1041E80000000000000000000000000000000000C7
:1041F80000000000000000000000000000000000B7
:1042080000000000000000000000000000000000A6
:104218000000000000000000000000000000000096
:104228000000000000000000000000000000000086
:104238000000000000000000000000000000000076
:104248000000000000000000000000000000000066
:104258000000000000000000000000000000000056
:104268000000000000000000000000000000000046
:104278000000000000000000000000000000000036
:104288000000000000000000000000000000000026
:104298000000000000000000000000000000000016
:1042A8000000000000000000000000000000000006
:1042B80000000000000000000000000000000000F6
:1042C80000000000000000000000000000000000E6
:1042D80000000000000000000000000000000000D6
:1042E80000000000000000000000000000000000C6
:1042F80000000000000000000000000000000000B6
:1043080000000000000000000000000000000000A5
:104318000000000000000000000000000000000095
:104328000000000000000000000000000000000085
:104338000000000000000000000000000000000075
:104348000000000000000000000000000000000065
:104358000000000000000000000000000000000055
:104368000000000000000000000000000000000045
:104378000000000000000000000000000000000035
:104388000000000000000000000000000000000025
:104398000000000000000000000000000000000015
:1043A8000000000000000000000000000000000005
:1043B80000000000000000000000000000000000F5
:1043C80000000000000000000000000000000000E5
:1043D80000000000000000000000000000000000D5
:1043E80000000000000000000000000000000000C5
:1043F80000000000000000000000000000000000B5
:1044080000000000000000000000000000000000A4
:104418000000000000000000000000000000000094
:104428000000000000000000000000000000000084
:104438000000000000000000000000000000000074
:104448000000000000000000000000000000000064
:104458000000000000000000000000000000000054
:104468000000000000000000000000000000000044
:104478000000000000000000000000000000000034
:104488000000000000000000000000000000000024
:104498000000000000000000000000000000000014
:1044A8000000000000000000000000000000000004
:1044B80000000000000000000000000000000000F4
:1044C80000000000000000000000000000000000E4
:1044D80000000000000000000000000000000000D4
:1044E80000000000000000000000000000000000C4
:1044F80000000000000000000000000000000000B4
:1045080000000000000000000000000000000000A3
:104518000000000000000000000000000000000093
:104528000000000000000000000000000000000083
:104538000000000000000000000000000000000073
:104548000000000000000000000000000000000063
:104558000000000000000000000000000000000053
:104568000000000000000000000000000000000043
:104578000000000000000000000000000000000033
:104588000000000000000000000000000000000023
:104598000000000000000000000000000000000013
:1045A8000000000000000000000000000000000003
:1045B80000000000000000000000000000000000F3
:1045C80000000000000000000000000000000000E3
:1045D80000000000000000000000000000000000D3
:1045E80000000000000000000000000000000000C3
:1045F80000000000000000000000000000000000B3
:1046080000000000000000000000000000000000A2
:104618000000000000000000000000000000000092
:104628000000000000000000000000000000000082
:104638000000000000000000000000000000000072
:104648000000000000000000000000000000000062
:104658000000000000000000000000000000000052
:104668000000000000000000000000000000000042
:104678000000000000000000000000000000000032
:104688000000000000000000000000000000000022
:104698000000000000000000000000000000000012
:1046A8000000000000000000000000000000000002
:1046B80000000000000000000000000000000000F2
:1046C80000000000000000000000000000000000E2
:1046D80000000000000000000000000000000000D2
:1046E80000000000000000000000000000000000C2
:0C46F800000000000000000000000000B6
:10470400FFFFFFFFFFFFFFFFFFFFFFFFFFFFFFFFB5
:10471400FFFFFFFFFFFFFFFFFFFFFFFFFFFFFFFFA5
:10472400FFFFFFFFFFFFFFFFFFFFFFFFFFFFFFFF95
:10473400FFFFFFFFFFFFFFFFFFFFFFFFFFFFFFFF85
:10474400FFFFFFFFFFFFFFFFFFFFFFFFFFFFFFFF75
:10475400FFFFFFFFFFFFFFFFFFFFFFFFFFFFFFFF65
:10476400FFFFFFFFFFFFFFFFFFFFFFFFFFFFFFFF55
:10477400FFFFFFFFFFFFFFFFFFFFFFFFFFFFFFFF45
:10478400FFFFFFFFFFFFFFFFFFFFFFFFFFFFFFFF35
:10479400FFFFFFFFFFFFFFFFFFFFFFFFFFFFFFFF25
:1047A400FFFFFFFFFFFFFFFFFFFFFFFFFFFFFFFF15
:1047B400FFFFFFFFFFFFFFFFFFFFFFFFFFFFFFFF05
:1047C400FFFFFFFFFFFFFFFFFFFFFFFFFFFFFFFFF5
:1047D400FFFFFFFFFFFFFFFFFFFFFFFFFFFFFFFFE5
:1047E400FFFFFFFFFFFFFFFFFFFFFFFFFFFFFFFFD5
:1047F400FFFFFFFFFFFFFFFFFFFFFFFF00000000C1
:1048040000000000000000000000000000000000A4
:104814000000000000000000000000000000000094
:104824000000000000000000000000000000000084
:104834000000000000000000000000000000000074
:104844000000000000000000000000000000000064
:104854000000000000000000000000000000000054
:104864000000000000000000000000000000000044
:104874000000000000000000000000000000000034
:104884000000000000000000000000000000000024
:104894000000000000000000000000000000000014
:1048A4000000000000000000000000000000000004
:1048B40000000000000000000000000000000000F4
:1048C40000000000000000000000000000000000E4
:1048D40000000000000000000000000000000000D4
:1048E40000000000000000000000000000000000C4
:1048F40000000000000000000000000000000000B4
:1049040000000000000000000000000000000000A3
:104914000000000000000000000000000000000093
:104924000000000000000000000000000000000083
:104934000000000000000000000000000000000073
:104944000000000000000000000000000000000063
:104954000000000000000000000000000000000053
:104964000000000000000000000000000000000043
:104974000000000000000000000000000000000033
:104984000000000000000000000000000000000023
:104994000000000000000000000000000000000013
:1049A4000000000000000000000000000000000003
:1049B40000000000000000000000000000000000F3
:1049C40000000000000000000000000000000000E3
:1049D40000000000000000000000000000000000D3
:1049E40000000000000000000000000000000000C3
:1049F40000000000000000000000000000000000B3
:104A040000000000000000000000000000000000A2
:104A14000000000000000000000000000000000092
:104A24000000000000000000000000000000000082
:104A34000000000000000000000000000000000072
:104A44000000000000000000000000000000000062
:104A54000000000000000000000000000000000052
:104A64000000000000000000000000000000000042
:104A74000000000000000000000000000000000032
:104A84000000000000000000000000000000000022
:104A94000000000000000000000000000000000012
:104AA4000000000000000000000000000000000002
:104AB40000000000000000000000000000000000F2
:104AC40000000000000000000000000000000000E2
:104AD40000000000000000000000000000000000D2
:104AE40000000000000000000000000000000000C2
:104AF40000000000000000000000000000000000B2
:104B040000000000000000000000000000000000A1
:104B14000000000000000000000000000000000091
:104B24000000000000000000000000000000000081
:104B34000000000000000000000000000000000071
:104B44000000000000000000000000000000000061
:104B54000000000000000000000000000000000051
:104B64000000000000000000000000000000000041
:104B74000000000000000000000000000000000031
:104B84000000000000000000000000000000000021
:104B94000000000000000000000000000000000011
:104BA4000000000000000000000000000000000001
:104BB40000000000000000000000000000000000F1
:104BC40000000000000000000000000000000000E1
:104BD40000000000000000000000000000000000D1
:104BE40000000000000000000000000000000000C1
:104BF40000000000000000000000000000000000B1
:104C040000000000000000000000000000000000A0
:104C14000000000000000000000000000000000090
:104C24000000000000000000000000000000000080
:104C34000000000000000000000000000000000070
:104C44000000000000000000000000000000000060
:104C54000000000000000000000000000000000050
:104C64000000000000000000000000000000000040
:104C74000000000000000000000000000000000030
:104C84000000000000000000000000000000000020
:104C94000000000000000000000000000000000010
:104CA4000000000000000000000000000000000000
:104CB40000000000000000000000000000000000F0
:104CC40000000000000000000000000000000000E0
:104CD40000000000000000000000000000000000D0
:104CE40000000000000000000000000000000000C0
:104CF40000000000000000000000000000000000B0
:104D0400000000000000000000000000000000009F
:104D1400000000000000000000000000000000008F
:104D2400000000000000000000000000000000007F
:104D3400000000000000000000000000000000006F
:104D4400000000000000000000000000000000005F
:104D5400000000000000000000000000000000004F
:104D6400000000000000000000000000000000003F
:104D7400000000000000000000000000000000002F
:104D8400000000000000000000000000000000001F
:104D9400000000000000000000000000000000000F
:104DA40000000000000000000000000000000000FF
:104DB40000000000000000000000000000000000EF
:104DC40000000000000000000000000000000000DF
:104DD40000000000000000000000000000000000CF
:104DE40000000000000000000000000000000000BF
:104DF40000000000000000000000000000000000AF
:104E0400000000000000000000000000000000009E
:104E1400000000000000000000000000000000008E
:104E2400000000000000000000000000000000007E
:104E3400000000000000000000000000000000006E
:104E4400000000000000000000000000000000005E
:104E5400000000000000000000000000000000004E
:104E6400000000000000000000000000000000003E
:104E7400000000000000000000000000000000002E
:104E8400000000000000000000000000000000001E
:104E9400000000000000000000000000000000000E
:104EA40000000000000000000000000000000000FE
:104EB40000000000000000000000000000000000EE
:104EC40000000000000000000000000000000000DE
:104ED40000000000000000000000000000000000CE
:104EE40000000000000000000000000000000000BE
:104EF40000000000000000000000000000000000AE
:104F0400000000000000000000000000000000009D
:104F1400000000000000000000000000000000008D
:104F2400000000000000000000000000000000007D
:104F3400000000000000000000000000000000006D
:104F4400000000000000000000000000000000005D
:104F5400000000000000000000000000000000004D
:104F6400000000000000000000000000000000003D
:104F7400000000000000000000000000000000002D
:104F8400000000000000000000000000000000001D
:104F9400000000000000000000000000000000000D
:104FA40000000000000000000000000000000000FD
:104FB40000000000000000000000000000000000ED
:104FC40000000000000000000000000000000000DD
:104FD40000000000000000000000000000000000CD
:104FE40000000000000000000000000000000000BD
:104FF40000000000000000000000000000000000AD
:10500400000000000000000000000000000000009C
:10501400000000000000000000000000000000008C
:10502400000000000000000000000000000000007C
:10503400000000000000000000000000000000006C
:10504400000000000000000000000000000000005C
:10505400000000000000000000000000000000004C
:10506400000000000000000000000000000000003C
:10507400000000000000000000000000000000002C
:10508400000000000000000000000000000000001C
:10509400000000000000000000000000000000000C
:1050A40000000000000000000000000000000000FC
:1050B40000000000000000000000000000000000EC
:1050C40000000000000000000000000000000000DC
:1050D40000000000000000000000000000000000CC
:1050E40000000000000000000000000000000000BC
:1050F40000000000000000000000000000000000AC
:10510400000000000000000000000000000000009B
:10511400000000000000000000000000000000008B
:10512400000000000000000000000000000000007B
:10513400000000000000000000000000000000006B
:10514400000000000000000000000000000000005B
:10515400000000000000000000000000000000004B
:10516400000000000000000000000000000000003B
:10517400000000000000000000000000000000002B
:10518400000000000000000000000000000000001B
:10519400000000000000000000000000000000000B
:1051A40000000000000000000000000000000000FB
:1051B40000000000000000000000000000000000EB
:1051C40000000000000000000000000000000000DB
:1051D40000000000000000000000000000000000CB
:1051E40000000000000000000000000000000000BB
:1051F40000000000000000000000000000000000AB
:10520400000000000000000000000000000000009A
:10521400000000000000000000000000000000008A
:10522400000000000000000000000000000000007A
:10523400000000000000000000000000000000006A
:10524400000000000000000000000000000000005A
:10525400000000000000000000000000000000004A
:10526400000000000000000000000000000000003A
:10527400000000000000000000000000000000002A
:10528400000000000000000000000000000000001A
:10529400000000000000000000000000000000000A
:1052A40000000000000000000000000000000000FA
:1052B40000000000000000000000000000000000EA
:1052C40000000000000000000000000000000000DA
:1052D40000000000000000000000000000000000CA
:1052E40000000000000000000000000000000000BA
:1052F40000000000000000000000000000000000AA
:105304000000000000000000000000000000000099
:105314000000000000000000000000000000000089
:105324000000000000000000000000000000000079
:105334000000000000000000000000000000000069
:105344000000000000000000000000000000000059
:105354000000000000000000000000000000000049
:105364000000000000000000000000000000000039
:105374000000000000000000000000000000000029
:105384000000000000000000000000000000000019
:105394000000000000000000000000000000000009
:1053A40000000000000000000000000000000000F9
:1053B40000000000000000000000000000000000E9
:1053C40000000000000000000000000000000000D9
:1053D40000000000000000000000000000000000C9
:1053E40000000000000000000000000000000000B9
:0C53F400000000000000000000000000AD
:040000056000100087
:00000001FF
