:0200000460009A
:100000004643464200000156000000000103030081
:1000100000000000000000000000000000000000E0
:1000200000000000000000000000000000000000D0
:1000300000000000000000000000000000000000C0
:1000400000000000010408000000000000000000A3
:100050000000800000000000000000000000000020
:100060000000000000000000000000000000000090
:100070000000000000000000000000000000000080
:10008000EB04180A063204260000000000000000FD
:10009000050404240000000000000000000000002F
:1000A0000000000000000000000000000000000050
:1000B0000604000000000000000000000000000036
:1000C0000000000000000000000000000000000030
:1000D00020041808000000000000000000000000DC
:1000E0000000000000000000000000000000000010
:1000F0000000000000000000000000000000000000
:10010000D8041808000000000000000000000000F3
:100110000204180804200000000000000000000095
:1001200000000000000000000000000000000000CF
:10013000600400000000000000000000000000005B
:1001400000000000000000000000000000000000AF
:10015000000000000000000000000000000000009F
:10016000000000000000000000000000000000008F
:10017000000000000000000000000000000000007F
:10018000000000000000000000000000000000006F
:10019000000000000000000000000000000000005F
:1001A000000000000000000000000000000000004F
:1001B000000000000000000000000000000000003F
:1001C000000100000010000001000000000000001D
:1001D000000001000000000000000000000000001E
:1001E000000000000000000000000000000000000F
:1001F00000000000000000000000000000000000FF
:10020000FFFFFFFFFFFFFFFFFFFFFFFFFFFFFFFFFE
:10021000FFFFFFFFFFFFFFFFFFFFFFFFFFFFFFFFEE
:10022000FFFFFFFFFFFFFFFFFFFFFFFFFFFFFFFFDE
:10023000FFFFFFFFFFFFFFFFFFFFFFFFFFFFFFFFCE
:10024000FFFFFFFFFFFFFFFFFFFFFFFFFFFFFFFFBE
:10025000FFFFFFFFFFFFFFFFFFFFFFFFFFFFFFFFAE
:10026000FFFFFFFFFFFFFFFFFFFFFFFFFFFFFFFF9E
:10027000FFFFFFFFFFFFFFFFFFFFFFFFFFFFFFFF8E
:10028000FFFFFFFFFFFFFFFFFFFFFFFFFFFFFFFF7E
:10029000FFFFFFFFFFFFFFFFFFFFFFFFFFFFFFFF6E
:1002A000FFFFFFFFFFFFFFFFFFFFFFFFFFFFFFFF5E
:1002B000FFFFFFFFFFFFFFFFFFFFFFFFFFFFFFFF4E
:1002C000FFFFFFFFFFFFFFFFFFFFFFFFFFFFFFFF3E
:1002D000FFFFFFFFFFFFFFFFFFFFFFFFFFFFFFFF2E
:1002E000FFFFFFFFFFFFFFFFFFFFFFFFFFFFFFFF1E
:1002F000FFFFFFFFFFFFFFFFFFFFFFFFFFFFFFFF0E
:10030000FFFFFFFFFFFFFFFFFFFFFFFFFFFFFFFFFD
:10031000FFFFFFFFFFFFFFFFFFFFFFFFFFFFFFFFED
:10032000FFFFFFFFFFFFFFFFFFFFFFFFFFFFFFFFDD
:10033000FFFFFFFFFFFFFFFFFFFFFFFFFFFFFFFFCD
:10034000FFFFFFFFFFFFFFFFFFFFFFFFFFFFFFFFBD
:10035000FFFFFFFFFFFFFFFFFFFFFFFFFFFFFFFFAD
:10036000FFFFFFFFFFFFFFFFFFFFFFFFFFFFFFFF9D
:10037000FFFFFFFFFFFFFFFFFFFFFFFFFFFFFFFF8D
:10038000FFFFFFFFFFFFFFFFFFFFFFFFFFFFFFFF7D
:10039000FFFFFFFFFFFFFFFFFFFFFFFFFFFFFFFF6D
:1003A000FFFFFFFFFFFFFFFFFFFFFFFFFFFFFFFF5D
:1003B000FFFFFFFFFFFFFFFFFFFFFFFFFFFFFFFF4D
:1003C000FFFFFFFFFFFFFFFFFFFFFFFFFFFFFFFF3D
:1003D000FFFFFFFFFFFFFFFFFFFFFFFFFFFFFFFF2D
:1003E000FFFFFFFFFFFFFFFFFFFFFFFFFFFFFFFF1D
:1003F000FFFFFFFFFFFFFFFFFFFFFFFFFFFFFFFF0D
:10040000FFFFFFFFFFFFFFFFFFFFFFFFFFFFFFFFFC
:10041000FFFFFFFFFFFFFFFFFFFFFFFFFFFFFFFFEC
:10042000FFFFFFFFFFFFFFFFFFFFFFFFFFFFFFFFDC
:10043000FFFFFFFFFFFFFFFFFFFFFFFFFFFFFFFFCC
:10044000FFFFFFFFFFFFFFFFFFFFFFFFFFFFFFFFBC
:10045000FFFFFFFFFFFFFFFFFFFFFFFFFFFFFFFFAC
:10046000FFFFFFFFFFFFFFFFFFFFFFFFFFFFFFFF9C
:10047000FFFFFFFFFFFFFFFFFFFFFFFFFFFFFFFF8C
:10048000FFFFFFFFFFFFFFFFFFFFFFFFFFFFFFFF7C
:10049000FFFFFFFFFFFFFFFFFFFFFFFFFFFFFFFF6C
:1004A000FFFFFFFFFFFFFFFFFFFFFFFFFFFFFFFF5C
:1004B000FFFFFFFFFFFFFFFFFFFFFFFFFFFFFFFF4C
:1004C000FFFFFFFFFFFFFFFFFFFFFFFFFFFFFFFF3C
:1004D000FFFFFFFFFFFFFFFFFFFFFFFFFFFFFFFF2C
:1004E000FFFFFFFFFFFFFFFFFFFFFFFFFFFFFFFF1C
:1004F000FFFFFFFFFFFFFFFFFFFFFFFFFFFFFFFF0C
:10050000FFFFFFFFFFFFFFFFFFFFFFFFFFFFFFFFFB
:10051000FFFFFFFFFFFFFFFFFFFFFFFFFFFFFFFFEB
:10052000FFFFFFFFFFFFFFFFFFFFFFFFFFFFFFFFDB
:10053000FFFFFFFFFFFFFFFFFFFFFFFFFFFFFFFFCB
:10054000FFFFFFFFFFFFFFFFFFFFFFFFFFFFFFFFBB
:10055000FFFFFFFFFFFFFFFFFFFFFFFFFFFFFFFFAB
:10056000FFFFFFFFFFFFFFFFFFFFFFFFFFFFFFFF9B
:10057000FFFFFFFFFFFFFFFFFFFFFFFFFFFFFFFF8B
:10058000FFFFFFFFFFFFFFFFFFFFFFFFFFFFFFFF7B
:10059000FFFFFFFFFFFFFFFFFFFFFFFFFFFFFFFF6B
:1005A000FFFFFFFFFFFFFFFFFFFFFFFFFFFFFFFF5B
:1005B000FFFFFFFFFFFFFFFFFFFFFFFFFFFFFFFF4B
:1005C000FFFFFFFFFFFFFFFFFFFFFFFFFFFFFFFF3B
:1005D000FFFFFFFFFFFFFFFFFFFFFFFFFFFFFFFF2B
:1005E000FFFFFFFFFFFFFFFFFFFFFFFFFFFFFFFF1B
:1005F000FFFFFFFFFFFFFFFFFFFFFFFFFFFFFFFF0B
:10060000FFFFFFFFFFFFFFFFFFFFFFFFFFFFFFFFFA
:10061000FFFFFFFFFFFFFFFFFFFFFFFFFFFFFFFFEA
:10062000FFFFFFFFFFFFFFFFFFFFFFFFFFFFFFFFDA
:10063000FFFFFFFFFFFFFFFFFFFFFFFFFFFFFFFFCA
:10064000FFFFFFFFFFFFFFFFFFFFFFFFFFFFFFFFBA
:10065000FFFFFFFFFFFFFFFFFFFFFFFFFFFFFFFFAA
:10066000FFFFFFFFFFFFFFFFFFFFFFFFFFFFFFFF9A
:10067000FFFFFFFFFFFFFFFFFFFFFFFFFFFFFFFF8A
:10068000FFFFFFFFFFFFFFFFFFFFFFFFFFFFFFFF7A
:10069000FFFFFFFFFFFFFFFFFFFFFFFFFFFFFFFF6A
:1006A000FFFFFFFFFFFFFFFFFFFFFFFFFFFFFFFF5A
:1006B000FFFFFFFFFFFFFFFFFFFFFFFFFFFFFFFF4A
:1006C000FFFFFFFFFFFFFFFFFFFFFFFFFFFFFFFF3A
:1006D000FFFFFFFFFFFFFFFFFFFFFFFFFFFFFFFF2A
:1006E000FFFFFFFFFFFFFFFFFFFFFFFFFFFFFFFF1A
:1006F000FFFFFFFFFFFFFFFFFFFFFFFFFFFFFFFF0A
:10070000FFFFFFFFFFFFFFFFFFFFFFFFFFFFFFFFF9
:10071000FFFFFFFFFFFFFFFFFFFFFFFFFFFFFFFFE9
:10072000FFFFFFFFFFFFFFFFFFFFFFFFFFFFFFFFD9
:10073000FFFFFFFFFFFFFFFFFFFFFFFFFFFFFFFFC9
:10074000FFFFFFFFFFFFFFFFFFFFFFFFFFFFFFFFB9
:10075000FFFFFFFFFFFFFFFFFFFFFFFFFFFFFFFFA9
:10076000FFFFFFFFFFFFFFFFFFFFFFFFFFFFFFFF99
:10077000FFFFFFFFFFFFFFFFFFFFFFFFFFFFFFFF89
:10078000FFFFFFFFFFFFFFFFFFFFFFFFFFFFFFFF79
:10079000FFFFFFFFFFFFFFFFFFFFFFFFFFFFFFFF69
:1007A000FFFFFFFFFFFFFFFFFFFFFFFFFFFFFFFF59
:1007B000FFFFFFFFFFFFFFFFFFFFFFFFFFFFFFFF49
:1007C000FFFFFFFFFFFFFFFFFFFFFFFFFFFFFFFF39
:1007D000FFFFFFFFFFFFFFFFFFFFFFFFFFFFFFFF29
:1007E000FFFFFFFFFFFFFFFFFFFFFFFFFFFFFFFF19
:1007F000FFFFFFFFFFFFFFFFFFFFFFFFFFFFFFFF09
:10080000FFFFFFFFFFFFFFFFFFFFFFFFFFFFFFFFF8
:10081000FFFFFFFFFFFFFFFFFFFFFFFFFFFFFFFFE8
:10082000FFFFFFFFFFFFFFFFFFFFFFFFFFFFFFFFD8
:10083000FFFFFFFFFFFFFFFFFFFFFFFFFFFFFFFFC8
:10084000FFFFFFFFFFFFFFFFFFFFFFFFFFFFFFFFB8
:10085000FFFFFFFFFFFFFFFFFFFFFFFFFFFFFFFFA8
:10086000FFFFFFFFFFFFFFFFFFFFFFFFFFFFFFFF98
:10087000FFFFFFFFFFFFFFFFFFFFFFFFFFFFFFFF88
:10088000FFFFFFFFFFFFFFFFFFFFFFFFFFFFFFFF78
:10089000FFFFFFFFFFFFFFFFFFFFFFFFFFFFFFFF68
:1008A000FFFFFFFFFFFFFFFFFFFFFFFFFFFFFFFF58
:1008B000FFFFFFFFFFFFFFFFFFFFFFFFFFFFFFFF48
:1008C000FFFFFFFFFFFFFFFFFFFFFFFFFFFFFFFF38
:1008D000FFFFFFFFFFFFFFFFFFFFFFFFFFFFFFFF28
:1008E000FFFFFFFFFFFFFFFFFFFFFFFFFFFFFFFF18
:1008F000FFFFFFFFFFFFFFFFFFFFFFFFFFFFFFFF08
:10090000FFFFFFFFFFFFFFFFFFFFFFFFFFFFFFFFF7
:10091000FFFFFFFFFFFFFFFFFFFFFFFFFFFFFFFFE7
:10092000FFFFFFFFFFFFFFFFFFFFFFFFFFFFFFFFD7
:10093000FFFFFFFFFFFFFFFFFFFFFFFFFFFFFFFFC7
:10094000FFFFFFFFFFFFFFFFFFFFFFFFFFFFFFFFB7
:10095000FFFFFFFFFFFFFFFFFFFFFFFFFFFFFFFFA7
:10096000FFFFFFFFFFFFFFFFFFFFFFFFFFFFFFFF97
:10097000FFFFFFFFFFFFFFFFFFFFFFFFFFFFFFFF87
:10098000FFFFFFFFFFFFFFFFFFFFFFFFFFFFFFFF77
:10099000FFFFFFFFFFFFFFFFFFFFFFFFFFFFFFFF67
:1009A000FFFFFFFFFFFFFFFFFFFFFFFFFFFFFFFF57
:1009B000FFFFFFFFFFFFFFFFFFFFFFFFFFFFFFFF47
:1009C000FFFFFFFFFFFFFFFFFFFFFFFFFFFFFFFF37
:1009D000FFFFFFFFFFFFFFFFFFFFFFFFFFFFFFFF27
:1009E000FFFFFFFFFFFFFFFFFFFFFFFFFFFFFFFF17
:1009F000FFFFFFFFFFFFFFFFFFFFFFFFFFFFFFFF07
:100A0000FFFFFFFFFFFFFFFFFFFFFFFFFFFFFFFFF6
:100A1000FFFFFFFFFFFFFFFFFFFFFFFFFFFFFFFFE6
:100A2000FFFFFFFFFFFFFFFFFFFFFFFFFFFFFFFFD6
:100A3000FFFFFFFFFFFFFFFFFFFFFFFFFFFFFFFFC6
:100A4000FFFFFFFFFFFFFFFFFFFFFFFFFFFFFFFFB6
:100A5000FFFFFFFFFFFFFFFFFFFFFFFFFFFFFFFFA6
:100A6000FFFFFFFFFFFFFFFFFFFFFFFFFFFFFFFF96
:100A7000FFFFFFFFFFFFFFFFFFFFFFFFFFFFFFFF86
:100A8000FFFFFFFFFFFFFFFFFFFFFFFFFFFFFFFF76
:100A9000FFFFFFFFFFFFFFFFFFFFFFFFFFFFFFFF66
:100AA000FFFFFFFFFFFFFFFFFFFFFFFFFFFFFFFF56
:100AB000FFFFFFFFFFFFFFFFFFFFFFFFFFFFFFFF46
:100AC000FFFFFFFFFFFFFFFFFFFFFFFFFFFFFFFF36
:100AD000FFFFFFFFFFFFFFFFFFFFFFFFFFFFFFFF26
:100AE000FFFFFFFFFFFFFFFFFFFFFFFFFFFFFFFF16
:100AF000FFFFFFFFFFFFFFFFFFFFFFFFFFFFFFFF06
:100B0000FFFFFFFFFFFFFFFFFFFFFFFFFFFFFFFFF5
:100B1000FFFFFFFFFFFFFFFFFFFFFFFFFFFFFFFFE5
:100B2000FFFFFFFFFFFFFFFFFFFFFFFFFFFFFFFFD5
:100B3000FFFFFFFFFFFFFFFFFFFFFFFFFFFFFFFFC5
:100B4000FFFFFFFFFFFFFFFFFFFFFFFFFFFFFFFFB5
:100B5000FFFFFFFFFFFFFFFFFFFFFFFFFFFFFFFFA5
:100B6000FFFFFFFFFFFFFFFFFFFFFFFFFFFFFFFF95
:100B7000FFFFFFFFFFFFFFFFFFFFFFFFFFFFFFFF85
:100B8000FFFFFFFFFFFFFFFFFFFFFFFFFFFFFFFF75
:100B9000FFFFFFFFFFFFFFFFFFFFFFFFFFFFFFFF65
:100BA000FFFFFFFFFFFFFFFFFFFFFFFFFFFFFFFF55
:100BB000FFFFFFFFFFFFFFFFFFFFFFFFFFFFFFFF45
:100BC000FFFFFFFFFFFFFFFFFFFFFFFFFFFFFFFF35
:100BD000FFFFFFFFFFFFFFFFFFFFFFFFFFFFFFFF25
:100BE000FFFFFFFFFFFFFFFFFFFFFFFFFFFFFFFF15
:100BF000FFFFFFFFFFFFFFFFFFFFFFFFFFFFFFFF05
:100C0000FFFFFFFFFFFFFFFFFFFFFFFFFFFFFFFFF4
:100C1000FFFFFFFFFFFFFFFFFFFFFFFFFFFFFFFFE4
:100C2000FFFFFFFFFFFFFFFFFFFFFFFFFFFFFFFFD4
:100C3000FFFFFFFFFFFFFFFFFFFFFFFFFFFFFFFFC4
:100C4000FFFFFFFFFFFFFFFFFFFFFFFFFFFFFFFFB4
:100C5000FFFFFFFFFFFFFFFFFFFFFFFFFFFFFFFFA4
:100C6000FFFFFFFFFFFFFFFFFFFFFFFFFFFFFFFF94
:100C7000FFFFFFFFFFFFFFFFFFFFFFFFFFFFFFFF84
:100C8000FFFFFFFFFFFFFFFFFFFFFFFFFFFFFFFF74
:100C9000FFFFFFFFFFFFFFFFFFFFFFFFFFFFFFFF64
:100CA000FFFFFFFFFFFFFFFFFFFFFFFFFFFFFFFF54
:100CB000FFFFFFFFFFFFFFFFFFFFFFFFFFFFFFFF44
:100CC000FFFFFFFFFFFFFFFFFFFFFFFFFFFFFFFF34
:100CD000FFFFFFFFFFFFFFFFFFFFFFFFFFFFFFFF24
:100CE000FFFFFFFFFFFFFFFFFFFFFFFFFFFFFFFF14
:100CF000FFFFFFFFFFFFFFFFFFFFFFFFFFFFFFFF04
:100D0000FFFFFFFFFFFFFFFFFFFFFFFFFFFFFFFFF3
:100D1000FFFFFFFFFFFFFFFFFFFFFFFFFFFFFFFFE3
:100D2000FFFFFFFFFFFFFFFFFFFFFFFFFFFFFFFFD3
:100D3000FFFFFFFFFFFFFFFFFFFFFFFFFFFFFFFFC3
:100D4000FFFFFFFFFFFFFFFFFFFFFFFFFFFFFFFFB3
:100D5000FFFFFFFFFFFFFFFFFFFFFFFFFFFFFFFFA3
:100D6000FFFFFFFFFFFFFFFFFFFFFFFFFFFFFFFF93
:100D7000FFFFFFFFFFFFFFFFFFFFFFFFFFFFFFFF83
:100D8000FFFFFFFFFFFFFFFFFFFFFFFFFFFFFFFF73
:100D9000FFFFFFFFFFFFFFFFFFFFFFFFFFFFFFFF63
:100DA000FFFFFFFFFFFFFFFFFFFFFFFFFFFFFFFF53
:100DB000FFFFFFFFFFFFFFFFFFFFFFFFFFFFFFFF43
:100DC000FFFFFFFFFFFFFFFFFFFFFFFFFFFFFFFF33
:100DD000FFFFFFFFFFFFFFFFFFFFFFFFFFFFFFFF23
:100DE000FFFFFFFFFFFFFFFFFFFFFFFFFFFFFFFF13
:100DF000FFFFFFFFFFFFFFFFFFFFFFFFFFFFFFFF03
:100E0000FFFFFFFFFFFFFFFFFFFFFFFFFFFFFFFFF2
:100E1000FFFFFFFFFFFFFFFFFFFFFFFFFFFFFFFFE2
:100E2000FFFFFFFFFFFFFFFFFFFFFFFFFFFFFFFFD2
:100E3000FFFFFFFFFFFFFFFFFFFFFFFFFFFFFFFFC2
:100E4000FFFFFFFFFFFFFFFFFFFFFFFFFFFFFFFFB2
:100E5000FFFFFFFFFFFFFFFFFFFFFFFFFFFFFFFFA2
:100E6000FFFFFFFFFFFFFFFFFFFFFFFFFFFFFFFF92
:100E7000FFFFFFFFFFFFFFFFFFFFFFFFFFFFFFFF82
:100E8000FFFFFFFFFFFFFFFFFFFFFFFFFFFFFFFF72
:100E9000FFFFFFFFFFFFFFFFFFFFFFFFFFFFFFFF62
:100EA000FFFFFFFFFFFFFFFFFFFFFFFFFFFFFFFF52
:100EB000FFFFFFFFFFFFFFFFFFFFFFFFFFFFFFFF42
:100EC000FFFFFFFFFFFFFFFFFFFFFFFFFFFFFFFF32
:100ED000FFFFFFFFFFFFFFFFFFFFFFFFFFFFFFFF22
:100EE000FFFFFFFFFFFFFFFFFFFFFFFFFFFFFFFF12
:100EF000FFFFFFFFFFFFFFFFFFFFFFFFFFFFFFFF02
:100F0000FFFFFFFFFFFFFFFFFFFFFFFFFFFFFFFFF1
:100F1000FFFFFFFFFFFFFFFFFFFFFFFFFFFFFFFFE1
:100F2000FFFFFFFFFFFFFFFFFFFFFFFFFFFFFFFFD1
:100F3000FFFFFFFFFFFFFFFFFFFFFFFFFFFFFFFFC1
:100F4000FFFFFFFFFFFFFFFFFFFFFFFFFFFFFFFFB1
:100F5000FFFFFFFFFFFFFFFFFFFFFFFFFFFFFFFFA1
:100F6000FFFFFFFFFFFFFFFFFFFFFFFFFFFFFFFF91
:100F7000FFFFFFFFFFFFFFFFFFFFFFFFFFFFFFFF81
:100F8000FFFFFFFFFFFFFFFFFFFFFFFFFFFFFFFF71
:100F9000FFFFFFFFFFFFFFFFFFFFFFFFFFFFFFFF61
:100FA000FFFFFFFFFFFFFFFFFFFFFFFFFFFFFFFF51
:100FB000FFFFFFFFFFFFFFFFFFFFFFFFFFFFFFFF41
:100FC000FFFFFFFFFFFFFFFFFFFFFFFFFFFFFFFF31
:100FD000FFFFFFFFFFFFFFFFFFFFFFFFFFFFFFFF21
:100FE000FFFFFFFFFFFFFFFFFFFFFFFFFFFFFFFF11
:100FF000FFFFFFFFFFFFFFFFFFFFFFFFFFFFFFFF01
:10100000D10020432914006000000000000000000F
:101010002010006000100060003C0560000000002F
:10102000000000600048050000000000FFFFFFFF17
:10103000FFFFFFFFFFFFFFFFFFFFFFFFFFFFFFFFC0
:10104000FFFFFFFFFFFFFFFFFFFFFFFFFFFFFFFFB0
:10105000FFFFFFFFFFFFFFFFFFFFFFFFFFFFFFFFA0
:10106000FFFFFFFFFFFFFFFFFFFFFFFFFFFFFFFF90
:10107000FFFFFFFFFFFFFFFFFFFFFFFFFFFFFFFF80
:10108000FFFFFFFFFFFFFFFFFFFFFFFFFFFFFFFF70
:10109000FFFFFFFFFFFFFFFFFFFFFFFFFFFFFFFF60
:1010A000FFFFFFFFFFFFFFFFFFFFFFFFFFFFFFFF50
:1010B000FFFFFFFFFFFFFFFFFFFFFFFFFFFFFFFF40
:1010C000FFFFFFFFFFFFFFFFFFFFFFFFFFFFFFFF30
:1010D000FFFFFFFFFFFFFFFFFFFFFFFFFFFFFFFF20
:1010E000FFFFFFFFFFFFFFFFFFFFFFFFFFFFFFFF10
:1010F000FFFFFFFFFFFFFFFFFFFFFFFFFFFFFFFF00
:10110000FFFFFFFFFFFFFFFFFFFFFFFFFFFFFFFFEF
:10111000FFFFFFFFFFFFFFFFFFFFFFFFFFFFFFFFDF
:10112000FFFFFFFFFFFFFFFFFFFFFFFFFFFFFFFFCF
:10113000FFFFFFFFFFFFFFFFFFFFFFFFFFFFFFFFBF
:10114000FFFFFFFFFFFFFFFFFFFFFFFFFFFFFFFFAF
:10115000FFFFFFFFFFFFFFFFFFFFFFFFFFFFFFFF9F
:10116000FFFFFFFFFFFFFFFFFFFFFFFFFFFFFFFF8F
:10117000FFFFFFFFFFFFFFFFFFFFFFFFFFFFFFFF7F
:10118000FFFFFFFFFFFFFFFFFFFFFFFFFFFFFFFF6F
:10119000FFFFFFFFFFFFFFFFFFFFFFFFFFFFFFFF5F
:1011A000FFFFFFFFFFFFFFFFFFFFFFFFFFFFFFFF4F
:1011B000FFFFFFFFFFFFFFFFFFFFFFFFFFFFFFFF3F
:1011C000FFFFFFFFFFFFFFFFFFFFFFFFFFFFFFFF2F
:1011D000FFFFFFFFFFFFFFFFFFFFFFFFFFFFFFFF1F
:1011E000FFFFFFFFFFFFFFFFFFFFFFFFFFFFFFFF0F
:1011F000FFFFFFFFFFFFFFFFFFFFFFFFFFFFFFFFFF
:10120000FFFFFFFFFFFFFFFFFFFFFFFFFFFFFFFFEE
:10121000FFFFFFFFFFFFFFFFFFFFFFFFFFFFFFFFDE
:10122000FFFFFFFFFFFFFFFFFFFFFFFFFFFFFFFFCE
:10123000FFFFFFFFFFFFFFFFFFFFFFFFFFFFFFFFBE
:10124000FFFFFFFFFFFFFFFFFFFFFFFFFFFFFFFFAE
:10125000FFFFFFFFFFFFFFFFFFFFFFFFFFFFFFFF9E
:10126000FFFFFFFFFFFFFFFFFFFFFFFFFFFFFFFF8E
:10127000FFFFFFFFFFFFFFFFFFFFFFFFFFFFFFFF7E
:10128000FFFFFFFFFFFFFFFFFFFFFFFFFFFFFFFF6E
:10129000FFFFFFFFFFFFFFFFFFFFFFFFFFFFFFFF5E
:1012A000FFFFFFFFFFFFFFFFFFFFFFFFFFFFFFFF4E
:1012B000FFFFFFFFFFFFFFFFFFFFFFFFFFFFFFFF3E
:1012C000FFFFFFFFFFFFFFFFFFFFFFFFFFFFFFFF2E
:1012D000FFFFFFFFFFFFFFFFFFFFFFFFFFFFFFFF1E
:1012E000FFFFFFFFFFFFFFFFFFFFFFFFFFFFFFFF0E
:1012F000FFFFFFFFFFFFFFFFFFFFFFFFFFFFFFFFFE
:10130000FFFFFFFFFFFFFFFFFFFFFFFFFFFFFFFFED
:10131000FFFFFFFFFFFFFFFFFFFFFFFFFFFFFFFFDD
:10132000FFFFFFFFFFFFFFFFFFFFFFFFFFFFFFFFCD
:10133000FFFFFFFFFFFFFFFFFFFFFFFFFFFFFFFFBD
:10134000FFFFFFFFFFFFFFFFFFFFFFFFFFFFFFFFAD
:10135000FFFFFFFFFFFFFFFFFFFFFFFFFFFFFFFF9D
:10136000FFFFFFFFFFFFFFFFFFFFFFFFFFFFFFFF8D
:10137000FFFFFFFFFFFFFFFFFFFFFFFFFFFFFFFF7D
:10138000FFFFFFFFFFFFFFFFFFFFFFFFFFFFFFFF6D
:10139000FFFFFFFFFFFFFFFFFFFFFFFFFFFFFFFF5D
:1013A000FFFFFFFFFFFFFFFFFFFFFFFFFFFFFFFF4D
:1013B000FFFFFFFFFFFFFFFFFFFFFFFFFFFFFFFF3D
:1013C000FFFFFFFFFFFFFFFFFFFFFFFFFFFFFFFF2D
:1013D000FFFFFFFFFFFFFFFFFFFFFFFFFFFFFFFF1D
:1013E000FFFFFFFFFFFFFFFFFFFFFFFFFFFFFFFF0D
:1013F000FFFFFFFFFFFFFFFFFFFFFFFFFFFFFFFFFD
:10140000884207D0904205D251F8043B40F8043B93
:101410008242F9D8704700BF884204D2002340F8C6
:10142000043B8142FBD87047664B4FF42A01664A61
:1014300066482DE9F0475A641864654A99639546F1
:10144000BFF34F8FBFF36F8F21F030F8614B08204F
:10145000614A6249C3F854016148FFF7D1FF614A0C
:1014600061496248FFF7CCFF61496248FFF7D4FF4A
:10147000614C62494FF470000023614A086044F8EF
:1014800023200133B02BFAD15E4B80215E4A03F852
:10149000011B9342FBD14F4D4FF080385B494FF019
:1014A000FF325B4B0026DFF8A4A1DFF8A4911C609B
:1014B000C5F80481C5F800A1C5F8F480C5F8F0901E
:1014C0000B68544F43F4E0230B60FB693D4923F064
:1014D0007F0343F04003FB617B6A23F07F0343F00B
:1014E00040037B628A66CA660A674A6720F0E4FFA7
:1014F000494A4A4B6320A2630321E363484A494BAC
:10150000106000F160401E6042F8041C00F6A170FB
:101510004549464AC3F8082D0B68454A43F0807395
:101520000B601368434943F00103136003680B60C9
:1015300021F012FAC5F804813F48C5F800A1C5F8AA
:10154000F480C5F8F09021F0B7FBF96E3B4A41F406
:1015500040513B4BF9661660C2F80861C2F8186149
:10156000C2F82861C2F838619A6BD20708D442F6F3
:101570001562344959651A659A6B42F001029A6303
:101580002F4A314C936843F00113936021F006F821
:1015900020F060FF21F098FB21F010FA20F088FF86
:1015A0002368132BFCD921F097FA2368B3F5967FB3
:1015B000FBD320F07FFF21F07BFB21F065FB30BFE8
:1015C000FDE700BF00C00A40FFAAAAAA070020004A
:1015D0000000062000800D40E8B001000CF8026019
:1015E00000000000C06A0020F8A80460000000208D
:1015F00060F70020DC9000200068002088ED00E00B
:10160000C916010000E400E0A0E400E024ED00E0E1
:1016100008ED00E000C00F40D5F50000D9F500004E
:1016200014E000E018E000E0FCED00E00000202005
:10163000001000E028F500200046C32300400840C9
:1016400000400D400000C0562CF500201B10182053
:101650000C0D11134FF48C72002121F0FDBA00BF64
:1016600018B14FF48C7110F079BA7047C02A2DE987
:10167000F0473AD0B2F5807F33D0802A03D06FF0A4
:101680001F00BDE8F0870A239846036000F10803B5
:101690008446520900274CF8043F01EB870E11F8ED
:1016A000275001379EF802609EF8014097424FEAAA
:1016B00006469EF803E046EA042444EA050444EAA8
:1016C0000E644CF8044FE8D3B8F10C0F11D0B8F108
:1016D0000E0F00F08180B8F10A0F47D00020BDE85E
:1016E000F0870E2303609846D0E70C2303609846EA
:1016F000CCE76B4AC8300121964601E05EF8041F32
:101700005E69183353F8184CC6F3072702EB166CC2
:1017100052FA86F517449CF8288095F828C097F867
:101720002850C6F3074745EA08451744654097F82F
:10173000288053F8147C85EA0C6453F8105C84EA22
:101740000824614053F8084C4F40196053F80C1CB2
:101750007D405F6069409D604C40D96066401C617F
:101760005E619842CAD10020BDE8F0874C4A00F182
:10177000A80C0121964601E05EF8041FD8681033DA
:1017800053F8104CC0F3072702EB106852FA80F5AB
:10179000C0F30746174498F828A095F828901644F7
:1017A00097F8285096F8288045EA0A4553F80C6CBB
:1017B00053F8087C654085EA096484EA082461409E
:1017C0004E40196077405E6078409F60D860634506
:1017D000D2D10020BDE8F087314AE8304FF001084F
:1017E000964601E05EF8048FDF69203353F8201C31
:1017F000C7F3072502EB176652FA87F4154496F8EB
:1018000028C094F8284095F82860C7F3074546EAB1
:101810000C461544714095F828C053F81C6C81EAB9
:10182000046153F8185C81EA0C2484EA080484EA11
:1018300006011C6053F80C6C81EA0504596053F8EA
:10184000141C9C60614053F8104C53F8085C52FA29
:1018500081FC02EB1169C1F30728D9609CF828C00C
:10186000C1F3074199F8289090448CEA040402EBF4
:10187000010C98F8281084EA09649CF828C084EACE
:10188000012484EA0C414E40196175405E616F404D
:101890009D61DF619842A5D10020BDE8F08700BFBF
:1018A000F02C02602DE9F04FC9B005460C461646F3
:1018B00000214FF48C7202A821F0CEF905F1080343
:1018C000324621466B6002A8FFF7D0FE0190002847
:1018D0006DD1DDF8089005F1180A039A4FEA09184E
:1018E00009F1FF3CC5F8009052F8083002EB080EF1
:1018F000BCF1000FAB60AEF1100BDEF80430EB6012
:10190000DEF808302B61DEF80C306B613FDDAEF1A4
:10191000140E14352A4805F11004714651F8043F9D
:1019200050FA83F700EB1366C3F30722C3F30743B0
:1019300097F8287096F82860024400EB8707034464
:1019400000EB860692F82820D7F82871D6F828658B
:1019500000EB820293F828307740D2F8282900EB78
:1019600083037A40D3F8283D534045F8043FAC4206
:10197000D4D1BCF1010CAEF1100E2546CBD14FEA0B
:101980000919A8F11003C9F110099A44CB44DBF8F6
:101990000030CAF80030DBF80430CAF80430DBF855
:1019A0000830CAF80830DBF80C30CAF80C3002A84E
:1019B0004FF48C7110F0D2F8019849B0BDE8F08F67
:1019C000F02C026003682DE9F04F5B1089B0D1F86C
:1019D0000080059242681846079302F110041368CC
:1019E00001388D68069488EA0308044693680290DB
:1019F000D1F804E05D405068002CD368D1F80CA009
:101A00008EEA000E12698AEA030B019240F32B82E0
:101A1000069F7046DFF858A429465FFA88F2C0F3A3
:101A200007254FEA1B63C1F3074E0AEB82020AEB5C
:101A30008303166B0AEB8505D3F83024CBB25FFA2B
:101A40008BF40AEB830372400AEB8E0E1B6B060EBF
:101A50000AEB840403934FEA1169D5F830380AEB96
:101A60008605246B5FFA80FC82EA0306DEF8303CD0
:101A70000AEB8909C0F307407340FE68D9F8309437
:101A80004FEA18627440C8F307260AEB8000C1F3DE
:101A900007210AEB860684EA09040AEB8C0CD0F8CD
:101AA00030ECD6F830980AEB8202DCF830C00AEB52
:101AB0008101786884EA0909019EC8F30748D2F8D1
:101AC00030248CEA00005E40CBF307235040039A99
:101AD0000AEB8304BB68D5F83054CBF3074B534073
:101AE000D4F83048D1F830180AEB88080AEB8B0B91
:101AF0005D4089EA0E024140DBF830CC6540D8F801
:101B0000300C5FFA86FE81EA0C01130E6840C2F3C6
:101B1000074CCDB20196C0F3074B0AEB8E0E0AEBD1
:101B20008303C1F30729340EDEF830E0D3F83034F4
:101B30000AEB8B0B0AEB85050AEB8C0CDBF8306C9F
:101B40004FEA1168D5F830B08EEA030EC0F30725CE
:101B5000DCF8303C0AEB84045FFA80FC0396D4F88E
:101B600030440AEB88080AEB8C0C04930AEB8909D1
:101B70008BEA040B0AEB8505C1F30741D9F83098CD
:101B8000000ED5F830580AEB8101D8F830340AEB52
:101B900080007E69DCF83040C2F3072C8BEA060B2C
:101BA000D2B2BE695C403B690AEB8C0C74400AEB14
:101BB0008202019E8EEA0303D0F830048BEA050509
:101BC00083EA0909126BDCF83038C6F3072C42406F
:101BD000C6F307465C400AEB8C0CFB690AEB8606F1
:101BE000DCF830085A40D1F8303CD6F8301C42407E
:101BF000039E0498614082EA030B029B57F8204F32
:101C000089EA0608013B85EA0000019402937FF40B
:101C100004AF6FF07843079A86460D461A44134680
:101C2000069A02EB43130693069B5FFA8EF7C5F301
:101C300007244FEA186259682E0EEBB2C5F3074528
:101C40005FFA8BF0CBF3072C02950AEB82020AEBCA
:101C500087050AEB8000D2F830242D6B0AEB86064C
:101C6000076B4FEA1E605540D6F830645FFA88F281
:101C70007E404FEA1B670AEB8202694004960AEB3A
:101C80008000166B0AEB83030AEB8702D0F830540E
:101C90001B6BC8F30727D2F830240AEB840406989C
:101CA0005D400AEB8C0386EA020CCEF30722039117
:101CB000049ECBF30741D3F830B80AEB8203C26825
:101CC0000AEB8707CEF3074E0AEB8109724086685C
:101CD00001980AEB8E0E0399C8F30748D7F83078BD
:101CE0008CEA000CD4F830480AEB8808D3F83008A6
:101CF00085EA0603029D4C40DEF830EC7A40D9F8C4
:101D0000301C0AEB850582EA0E02D8F8307C61406F
:101D100083EA0B03D5F8304C8CEA000C83EA070009
:101D2000524B8CEA040CC2F30744C2F30728C1F3F8
:101D3000072E1C4453FA8CF69E4403EB126901945F
:101D400003EB08049EF828E0C0F30747039453FA16
:101D500082F41F4453FA80F80494C0F3072596F8E0
:101D6000282003EB1060069E53FA81FB99F8289017
:101D700003EB1C6A36691D440790724097F82800EF
:101D8000019C03EB116782EA0962CCF3072694F801
:101D90002840C1F3074182EA0E22CCF3074C02949B
:101DA000194482EA00429C441E44039B1446069A4E
:101DB00093F828E0506998F828800190019B906979
:101DC0009BF828B09AF828A088EA000097F82870B5
:101DD0008BEA030BD2F81C90049B8BEA0A6B079AE0
:101DE00080EA076095F8285092F8288080EA0E274C
:101DF000059A8BEA052B93F82830A646147000202C
:101E0000029C83EA090996F828608BEA04449CF84E
:101E1000285089EA086391F82810147187EA054769
:101E200083EA06231646724683EA01433772110A93
:101E3000150C3373120E7170210AB570F2703A0CE2
:101E40007171390A250CB272240E71721A0CB571B7
:101E5000190AF4713F0EB2731B0E7173F772F373AC
:101E600009B0BDE8F08FDFF808A0DDE6F02C0260D5
:101E7000E83D02602DE9F047089E984607461C6839
:101E8000DDF82490DDF828A0B1B182B10AF1FF3A63
:101E9000154654B3315D621C19F8013B013D83EADC
:101EA00001030AF8013F335502F00F04F1D1C8F8DD
:101EB00000400020BDE8F087002AF8D0154674B134
:101EC000335D611C19F8012B013D83EA02030AF816
:101ED000013B325501F00F04E9D0002CF0D132461D
:101EE00031463846FFF76EFDEAE73246314638465E
:101EF000FFF768FDCEE700BF002A45D02DE9F04787
:101F000086B01C46894682460F9B164603F101089F
:101F10000E9B5F1C19E017F8012C23788DF8142014
:101F2000534008F8013CDDF80500013EDDF80910DA
:101F300008F10108DDF80D2007F10107DDF8113087
:101F400020606160A260E3601AD0206801AD616822
:101F5000A268E3680FC5224621465046FFF732FDCE
:101F6000B9F1000FD7D02278B9F1010F17F8013C71
:101F700083EA020308F8013C08BF8DF81430D2E769
:101F8000002006B0BDE8F087002070472DE9F04F33
:101F9000156883B00F2DDDF830B0DDF83480DDF842
:101FA00038902AD81F460E468246019271B19DB1E3
:101FB0001BF80510013E18F8012B05F1010582EA16
:101FC000010205F00F0509F8012BF0D1019B00205B
:101FD0001D6003B0BDE8F08F5A4639465046FFF702
:101FE000F1FC07F1100212F8014D0134E4B2147053
:101FF000002CDDD19742F6D1DAE76FF02000E8E758
:102000002DE9F04F03688BB0D1F804805B10089283
:1020100042680993013B02F110041068029307948F
:102020001C465368D1F800E0002C88EA03038F684F
:102030008EEA000EC96890681E46D368126987EA66
:10204000000783EA0103019240F34082DDF81C900F
:10205000B446DFF884A41C465FFA8EF0C4F307216F
:102060004FEA1C62C7F30743FEB20AEB80000AEB9B
:102070008202D0F828010AEB8606D2F828250AEB5E
:1020800081015FFA8CF580EA020BD6F828010AEB91
:10209000830303900AEB8505D1F828094FEA1E61F6
:1020A000D3F8283D5FFA84F88BEA00000AEB81013F
:1020B000D5F828513A0E80EA030BD9F80430D1F84C
:1020C0002805CEF307215D40CEF307430AEB810ECE
:1020D000D9F80C100AEB8808C7F3072704910AEB1C
:1020E000820201990AEB8707D8F82881260E8BEA2D
:1020F000010B0499D2F82825C4F3074488EA0101AA
:10210000D7F828795540DEF828294840CCF3072E27
:102110006A400AEB8606039D0AEB8E0E7840D9F8DA
:102120000870DEF828190AEB840485EA070ED6F851
:102130002865D4F8284D0AEB83038EEA0606CCF313
:10214000074C6240D3F8285D0AEB8C0C7140130EEB
:102150006940DCF8287D5FFA8BF47840C1F3074CC6
:102160000AEB8303CBF307275FFA82FEC0F307284D
:10217000D3F828350AEB8C0C0AEB8404C0F307462D
:1021800003930AEB8E0EDCF8283D0AEB8808D4F89E
:1021900028410AEB8707DEF828C1050E0194C0B27A
:1021A000D8F828890AEB860604930AEB8505D7F848
:1021B0002879C2F30724D6F8286DC2F307420597A1
:1021C0000AEB8007039B0AEB840401980AEB820266
:1021D00006964340D5F82865D9F810000D0ED2F8C0
:1021E000282D43400AEB8505C8B2C1F30721D5F875
:1021F000285583EA08030AEB800E8CEA050C4FEAA7
:102200001B60DEF828510AEB81010AEB8000CBF35A
:10221000074B6E40049D0AEB8B0B83EA050ED9F841
:102220001450D4F828398CEA050CD9F81850D7F88E
:1022300028416E40059FD0F828558CEA070C5E4077
:10224000069B6C40D1F828098CEA030CD9F81C10C5
:1022500059F8203F4C40DBF8287D0193029B444015
:102260007740013B84EA020402937FF4F5AE6FF0FD
:10227000784209996646234611440A46079901EBBC
:10228000421207925FFA8EF5B146340EC7F3072863
:102290000AEB8505C3F3072CF0B2C7F30746390EE6
:1022A000CEF3072B0296FAB2D5F828611D0E0AEB81
:1022B0008404CEF307470AEB80000AEB8101D4F8CF
:1022C00028450AEB8202D0F828010AEB8505D1F8EF
:1022D0002815D2F828217440D5F8285541404FEAF6
:1022E0001E660397D8B26A40019D0AEB86060AEB88
:1022F0008000C3F307436C40079DD0F828710AEBB8
:102300008C00D6F828650AEB880E6D68C9F307487B
:1023100087EA060C029E0195C9F307250AEB86079A
:10232000079E0AEB8509019D0AEB8303D0F8280973
:102330006940B56801930AEB8B0B02950AEB88089C
:10234000029B4440DEF828595A40039BDBF8286979
:102350000AEB830E079BD7F8287D7140DB687C4031
:10236000D9F828B98CEA030C019B82EA0B02D3F856
:10237000280D8CEA0506D8F8283D4840C4F307210B
:102380005E40544BDEF828EDC0F307271944C6F32E
:10239000072A82EA0E0553FA80F211F8C81CDF19E9
:1023A00003EB156812F8C82C02919A44079953FA66
:1023B00084F918F8C88C03EB106C4969C6F3074B15
:1023C0000397C5F3074E4A4053FA85F703EB1661AE
:1023D0001AF8C8AC82EA0862C0F3074003EB14683D
:1023E000C5F30725C4F30744CDF804A0184419F831
:1023F000C8AC9B441CF8C89C9E4411F8C8CC1D4432
:10240000079953FA86F62344079C0490A46902981E
:1024100017F8C87C096982EA002267400398079C84
:102420008AEA010116F8C86C87EA0C6710F8C8AC94
:1024300081EA09610198E46987EA0A2A1BF8C8BCA5
:1024400081EA002118F8C88C6640049882EA0B42A1
:102450001EF8C8EC86EA086610F8C84C002081EA2D
:102460000E4E15F8C85C13F8C8CC089986EA052604
:102470008AEA0C4A0A710D4681F800E04FEA1E21F3
:1024800086EA044385F808A04FEA1E446970110AE1
:102490002B73AC70140C6971120E4FEA1A21AC71D7
:1024A0004FEA1E6EEA714FEA1A4469721A0C85F8F7
:1024B00003E0190AAC724FEA1A6AAA731B0E697319
:1024C00085F80BA0EB730BB0BDE8F08FDFF808A028
:1024D000D8E600BFE04E0260F02C026010B4012983
:1024E00014461A46214603D05DF8044BFFF788BD19
:1024F0005DF8044BFFF766BA2DE9F047160784B084
:102500000C9C0D9D59D1174680468A461E4669BBD4
:1025100042B303F1FF392068EE466168A268E368C0
:10252000AEE80F002B46002122464046FFF7D6FFBB
:102530006B1E494605F10F0E13F8010F11F8012F1C
:10254000734582EA00021A70F6D1EE46103F04F19C
:10255000100405F11005BEE80F0030607160B26034
:10256000F360D8D1002004B0BDE8F087002AF9D08C
:10257000013C03F1FF3949466A1E04F1100E14F8BC
:10258000010F11F8013F744583EA000302F8013F8F
:10259000F5D12B462A4651464046FFF79FFF286853
:1025A0006968103FAA6805F1100555F8043C3060D1
:1025B0007160B260F360DED1D4E76FF02100D2E742
:1025C000FFF700BAFFF71CBD2DE9F04FF7B000216F
:1025D000202283460DF1600A884620ACDFF8A891DE
:1025E000504620F039FB30A84FF48C72414620F061
:1025F00033FB4FEA680708F00106BD1CAD01BBF1D3
:10260000000F07D05A4A29465A48002E08BF4A46AA
:1026100020F03EFB00232A46514630A82360636029
:10262000A360E36066BBFFF73DF9534B03EB07176D
:1026300010F1230F01D1C02D28D068B942F21075D6
:1026400002E0013D00F09D8123462246314630A83C
:10265000FFF744FF0028F4D00346BBF1000F04D07D
:102660004648049320F02CFB049B30A84FF48C7157
:1026700004930FF073FA049B184677B0BDE8F08F0F
:10268000FEF7F4FF3E4B03EB0717D1E73D4820F080
:1026900017FB08F10108B8F1060FAAD1BBF1000F32
:1026A00040F05A8100230DF120090CAE0493049BE5
:1026B0005F1003F00108BD1CAD01BBF1000F09D094
:1026C0002B4A2946304B3148B8F1000F08BF1A4653
:1026D00020F0DEFA00232A46514630A8C9F800301F
:1026E000C9F80430C9F80830C9F80C303360736099
:1026F000B360F36023606360A360E360B8F1000F30
:102700002ED0FEF7B3FF224B03EB0713059310F116
:10271000230F01D1C02D41D000289DD142F2107568
:1027200014AFB8F1000F40F01F8101944B460094A4
:102730001022414630A8FFF7DFFE00288CD1013D72
:10274000EFD105991022204620F096FA002840F09B
:102750005781BBF1000F24D00E4820F0B1FA20E0E1
:10276000FFF7A0F80C4B03EB07130593CFE700BF6F
:102770005018002054180020584F0260C418002040
:10278000884F02606C1800204C1800207C18002034
:10279000E84F026074180020B84F0260994820F09A
:1027A0008FFA049B0133062B049380D1BBF1000FF9
:1027B00040F00D8100277D1007F0010605F10208A9
:1027C0004FEA8818BBF1000F08D08F4A41468F4B63
:1027D0008F48002E08BF1A4620F05AFA8D4B0FCBB7
:1027E00089E80F008C4B4FEAD802504603EB4511A5
:1027F00020F046FA00234246514630A80793FEF7E0
:1028000035FF10F1230F03D1B8F1C00F00F0A880FD
:1028100000287FF421AF002E40F0C1807F4BA646F8
:1028200003EB851503F1380805F5D4750FCDAEE837
:102830000F000FCDAEE80F000FCDAEE80F0095E80A
:102840000F008EE80F0002943146019407ABCDF8DB
:102850000090402230A8FFF70DFB00287FF4FCAE6B
:1028600041464022204620F007FA002840F0C88068
:10287000BBF1000F40F0BC800137062F9BD1BBF1AC
:10288000000F40F0B980654B00260DF1400905931B
:10289000751006F00108BBF1000F08D05A495B4BD8
:1028A0005F48B8F1000F08BF194620F0F1F94FEA70
:1028B000051E059B5B490022734407928E4403F575
:1028C0001A73A1F526770FCB89E80F009EE80F0059
:1028D0008AE80F008022514630A8FEF7C7FE034663
:1028E00000287FF4BAAE07EB8507204605EB4505C7
:1028F000D7F8C8723A46B8F1000F6CD12D014A4B97
:10290000591990331D4420F0BBF914AA4B46029488
:102910003946009230A8019407AAFFF737FB034617
:1029200000287FF49AAE04903A462946204620F0CB
:10293000A3F9002864D1049BBBF1000F53D10136E9
:10294000062EA5D1BBF1000F3FF48FAE0A200493F1
:1029500020F0BEF9049B88E60A2020F0B9F9A1E630
:10296000284820F0ADF987E796E80F0087E80F00C8
:1029700094E80F0086E80F0097E80F0084E80F0046
:10298000D3E639461022204620F076F9C0BBBBF1D1
:10299000000F3FF47EAE254820F092F979E6DFF88B
:1029A00090E0A446BEE80F00ACE80F00BEE80F00C0
:1029B000ACE80F00BEE80F00ACE80F000EF5A07801
:1029C0009EE80F0008EB85188CE80F003BE70A2013
:1029D00020F07EF9EEE62901134B5D18903319447F
:1029E00020F04EF991E7114820F06AF9049BA6E720
:1029F0000E4820F065F93FE70A2020F069F942E728
:102A000001232AE66C180020501800204C180020E2
:102A1000941800201850026028500260E04E0260B6
:102A2000AC18002078510260B45102607418002084
:102A3000184F02600368F0B5CD1A002D43DD1C78F5
:102A4000260608D45E1C06601C781460891BA1420F
:102A500039D30020F0BD04F07F04013C032C35D8AD
:102A6000DFE804F02A201302042D2CDD9F785E1D80
:102A700093F801E03F041D79DC7847EA0E632B43AD
:102A800043EA042414600660E0E7032D1BDD9C7814
:102A90001E1D5D782402DB7844EA05441C43146063
:102AA0000660D3E7022D0EDD5C78DE1C9B7843EADE
:102AB000042414600660C9E7012D04D05C789E1CD4
:102AC00014600660C2E76FF05F00F0BD6FF0630056
:102AD000F0BD00BF70B404680E1B002E0BDD26781D
:102AE0009E4204D10134046070BCFFF7A3BF6FF0B5
:102AF000610070BC70476FF05F00FAE770B5056861
:102B000082B04C1B002C06DD2C78012C07D06FF016
:102B1000610002B070BD6FF05F0002B070BD0135A2
:102B2000164601AA04460560FFF784FF0028F0D18D
:102B3000019B012B09D1236813F8011B003118BF39
:102B400001213160236002B070BD6FF06300E0E7E7
:102B50000368F0B5CC1A83B0002C06DD1C78022C7B
:102B600007D06FF0610003B0F0BD6FF05F0003B0FD
:102B7000F0BD0133174601AA06460360FFF75AFF6E
:102B80000028F0D1019B013B032B13D8316891F948
:102B90000020002A0EDB04463860019311F8015B27
:102BA000013B45EA04245A1C01933C603160F5D195
:102BB00003B0F0BD6FF06300D5E700BFF8B5036860
:102BC000CF1A002F05DD1F78032F05D06FF06100AD
:102BD000F8BD6FF05F00F8BD013304460E46036098
:102BE000FFF728FF0028F3D113681546002BF0D01B
:102BF0002268013B2B601278072A2A710CD82268C0
:102C000001322260AA60226813449E4223600CBFF6
:102C100000206FF06500F8BD6FF06300F8BD00BFE5
:102C200070B505684C1B002C05DD2C78032C05D0F5
:102C30006FF0610070BD6FF05F0070BD013504463C
:102C40000560FFF7F7FE0028F4D113681646012B44
:102C500003F1FF32326005D923685A1C22601B78C9
:102C6000002BE7D06FF0670070BD00BF2DE9F04387
:102C700099460368164683B0CA1A002A08DD1A78F6
:102C8000302A0BD06FF06108404603B0BDE8F083F6
:102C90006FF05F08404603B0BDE8F083013301AA3E
:102CA00005460F460360FFF7C5FE80460028EBD1BE
:102CB0002A68019B13449F421FD19742A7EB02034E
:102CC00016D91178002B3160E2DD13789945D9D1FE
:102CD000541C3946321D28462C60FFF7ABFED8B98C
:102CE0002B687268B3602B681A4497422A6007D831
:102CF0000023F3602B689F42C6D06FF06508C3E7DE
:102D0000102101201FF0C8FFF060064608B12A68B4
:102D1000D3E76FF06908B7E78046B5E770B5056897
:102D200082B04C1B002C06DD2C78022C07D06FF0F3
:102D3000610002B070BD6FF05F0002B070BD013580
:102D4000164601AA04460560FFF774FE0028F0D17C
:102D5000019A3046216801F037F92268019B13443B
:102D6000236002B070BD00BF2DE9F041066882B05B
:102D7000C6EB010EBEF1000F0ADD96F800E0BEF1D1
:102D8000300F0BD06FF06106304602B0BDE8F08125
:102D90006FF05F06304602B0BDE8F0810136904624
:102DA00001AA044606600D461F46FFF743FE06468D
:102DB0000028E9D12368ED1A002DE9DD019D1A787C
:102DC000002DC8F80020E3DD1A78062ADAD11D4468
:102DD000013308F10402204623602946FFF72AFE4A
:102DE00006460028D0D12368D8F80420C8F8083057
:102DF00021688B189D4223601ED08E5C01333A46B9
:102E00002946204642F8046B2360FFF713FE70B991
:102E100022687B68BA60226813449D4223600CBF1D
:102E200000266FF06506304602B0BDE8F081064628
:102E3000304602B0BDE8F08138460C210EF08EFE1F
:102E4000A2E700BF10B584B0002401AB0294019446
:102E50000394FFF789FF48B9019B052B00D03BB9CC
:102E6000029B002B14BF6FF06700002004B010BD60
:102E70006FF06700FAE700BF70B5044670B10E4608
:102E8000154601E0A4694CB16368AB42FAD12A4609
:102E90003146A0681FF0F0FE0028F3D1204670BD37
:102EA00068B110B5044680681FF0CAFE60691FF063
:102EB000C7FE20462021BDE810400EF04FBE7047EF
:102EC00038B504685CB10546A36920462B60FFF75E
:102ED000E7FF20461FF0B4FE2C68002CF4D138BD6B
:102EE0007F2A0346F0B40AD80468611A00296ADD13
:102EF000611E0120196004F8012CF0BC7047FF2A04
:102F000010D80468611A01295DDD651E8121022047
:102F10001D6004F8012C1A68541E1C6002F8011C84
:102F2000F0BC7047B2F5803F1FD3B2F1807F28D24A
:102F30000468611A032946DD601E160A150C8321F8
:102F40001860042004F8012C1A68541E1C6002F852
:102F5000016C1A68541E1C6002F8015C1A68541E49
:102F60001C6002F8011CF0BC70470468611A022959
:102F700029DD661E150A822103201E6004F8012C3B
:102F8000E7E70068411A04291DDD441E160A150CE6
:102F900084211C60140E00F8012C05201A68571EAD
:102FA0001F6002F8016C1A68561E1E6002F8015C70
:102FB0001A68551E1D6002F8014C1A68541E1C60E8
:102FC00002F8011C99E76FF06B0096E70368591A45
:102FD000002909DD012110B45C1E0460084603F8D5
:102FE000012C5DF8044B70476FF06B010846704789
:102FF00038B505688D420CD36C1A9C4209D31C4627
:1030000003461146281B224618601FF039FE204651
:1030100038BD6FF06B0038BDF8B5054610460E465A
:10302000174600F0CBFF2968B1422ED38B1B044614
:1030300098422AD8091A02463846296000F0FAFF59
:10304000A0B93B68012B12D0224631462846FFF733
:1030500047FF00280ADB2B6801349E1B002E14DD7D
:10306000591E02222044296003F8012CF8BD2B6868
:1030700093F90020002AE7DA9A1B002A05DD5A1E80
:1030800001342A6003F8010CDEE76FF06B00F8BD35
:1030900002680346501A002812DD002010B4541EA6
:1030A0001C6002F8010C1A68511A81420BDD541E93
:1030B000052102201C6002F8011C5DF8044B7047DA
:1030C0006FF06B0070476FF06B005DF8044B70475A
:1030D000F8B50568A94202D86C1AA34203D96FF06B
:1030E0006B042046F8BD0746E81A1C460E463860B9
:1030F00011461A461FF0C4FD002CF2DB2246314671
:103100003846FFF7EDFE00280CDB3B680134991BC5
:103110000029E4DD591E062204443960204603F8E4
:10312000012CF8BD04462046F8BD00BFF8B5069D49
:103130008DB90468661A002E27DD661E066004F845
:10314000015C0468651A002D1FDD671E0526022537
:10315000076004F8016C0C460646FFF7B9FF00282B
:1031600015DB0544214630462A46FFF7B9FE002804
:103170000DDB336801351C1B002C06DD591E302287
:103180002844316003F8012CF8BD6FF06B00F8BDE6
:10319000F8B505686E1A002E1BDD131C05F1FF370C
:1031A0004FF00102044618BF012307600E465B4240
:1031B00005F8013CFFF794FE002809DB2368991B02
:1031C000002906DD591E01220230216003F8012C7E
:1031D000F8BD6FF06B00F8BD036870B55C1A002C89
:1031E0001EDD5C1E002A046003F8012C04DD036868
:1031F00093F90020002A16DB012632460C460546CC
:10320000FFF76EFE00280ADB2B680136191B002928
:1032100006DD591E02223044296003F8012C70BDDE
:103220006FF06B0070BD5A1A002AF9DD5C1E002297
:103230000226046003F8012CDFE700BFF8B505683B
:10324000A94202D86C1AA34203D96FF06B0420463E
:10325000F8BD0746E81A1C460E46386011461A4665
:103260001FF00EFD002CF2DB224631463846FFF7F8
:1032700037FE00280CDB3B680134991B0029E4DD94
:10328000591E132204443960204603F8012CF8BD6E
:1032900004462046F8BD00BFF8B50568A94202D82B
:1032A0006C1AA34203D96FF06B042046F8BD0746A1
:1032B000E81A1C460E46386011461A461FF0E0FC1C
:1032C000002CF2DB224631463846FFF709FE002883
:1032D0000CDB3B680134991B0029E4DD591E1622E2
:1032E00004443960204603F8012CF8BD044620460A
:1032F000F8BD00BF2DE9F84313F00704066818BFB6
:1033000001248E4204EBD3042DD30F4604F10109AE
:10331000711A494527D38046301B11462246C8F80A
:1033200000001D461FF0ACFCD8F80060C5EBC403DC
:103330004A46751E39464046C8F8005006F8013C1A
:10334000FFF7CEFD00280CDBD8F800300234DF1B7D
:10335000002F08DD591E03222044C8F8001003F88E
:10336000012CBDE8F8836FF06B00BDE8F88300BF67
:10337000F8B50568A94202D86C1AA34203D96FF0C8
:103380006B042046F8BD0746E81A1C460E46386016
:1033900011461A461FF074FC002CF2DB224631461F
:1033A0003846FFF79DFD00280CDB3B680134991B74
:1033B0000029E4DD591E042204443960204603F844
:1033C000012CF8BD04462046F8BD00BF2DE9F047AA
:1033D00082B0074600681E46894690460A9DFFF760
:1033E0004BFDF0B1036904469D4209D8AEB12A46AF
:1033F000314660691FF044FC204602B0BDE8F0870A
:10340000294601201FF048FC074640B360691FF0C1
:1034100017FC67612561002EE9D1204602B0BDE8A6
:10342000F087202101201FF037FC0446B8B1C0F816
:103430000480414601201FF02FFC8246A06080B12D
:10344000424649461FF01CFC2561294601201FF019
:1034500023FC606150B13B683C60A361C6E700207B
:10346000CBE720461FF0ECFB5046C6E701905046E4
:103470001FF0E6FB20461FF0E3FB019B1846BCE76C
:103480002DE9F04F099D4D4CA4FB0554099D64089E
:1034900004EB440B5D4518BF0134B4F1804F80F05C
:1034A0008580A400013400287BD08C4294BF002189
:1034B0000121002975D1BBF1000F6FD08946DD1CB9
:1034C000041D3F4915F803EC09F1030915F8027CC6
:1034D0002B4615F8016C4FEA0E184FEA870CCB45C6
:1034E00008F0300801EB961A0CF03C0C4FEAAE0ED7
:1034F00001EB171706F03F0611F80EE005F1030582
:1035000017F808708E5D1AF80C80A44604F8037C46
:1035100004F1040404F808EC04F8068C04F8056CC3
:10352000D0D8099949451FD909F10109099C197891
:103530004C4522D95B780E01214D89109C0006F084
:10354000300605EB13136F5C04F03C019C5D0CF13D
:103550000303695C8CF801408CF802108CF8007051
:103560003D2103F1010C1970C0EB0C000023106029
:1035700018468CF80030BDE8F08F0C01104D891012
:103580003D2604F030040CF103036F5C295D8CF8D8
:1035900000708CF801108CF80260E1E7D94684468F
:1035A000BFE714606FF02900BDE8F08F4FF0FF33E4
:1035B0006FF029001360BDE8F08F00BFABAAAAAA84
:1035C000D452026030B4029C0CB130BC58E72046A3
:1035D000146030BC704700BF2DE9F047DDF820E0F3
:1035E0009146BEF1000F00F09E8000229C46DFF85D
:1035F0005CA1904617461CF807300CEB07053C46CB
:10360000202B04D07DE015F8016F202E04D1013469
:10361000A645A4EB0703F6D8A6451DD0C4EB0E05BE
:10362000012D1CF8045001D90D2D5BD00A2D0FD0AF
:10363000002B5ED13D2D60D02E065AD4554495F80E
:1036400040307F2B55D00AB13F2B52D908F10108E9
:10365000671CBE45CFD8BE46B8F1000F63D008F056
:1036600007034FEAD80803EB430308EB48085B0065
:10367000C2EB4808073308EBD30300285DD08B4228
:1036800094BF00210121002957D1BEF1000F52D073
:1036900007460326E6440C46DFF8B0802A4D0EE0CC
:1036A0004244013492F8403003F03F02402B08BFFF
:1036B000013E042C42EA811125D0E6450CD01CF8CD
:1036C000012BA2F10A03DBB2162BE9D825FA03F38A
:1036D000DB07E5D5E645F2D1381AC9F8000000202D
:1036E000BDE8F087671C1CF807600A2EB1D0002BDC
:1036F000A4D06FF02B00BDE8F0870132022A9DD9DB
:10370000F7E7002388E766B10B0C012E3B7007D06A
:103710000B0A022E7B700BD0B97000240337CCE764
:1037200001370024C9E70020C9F80000BDE8F08790
:1037300002370024C1E77046CFE7C9F800306FF0C8
:103740002900BDE8F08700BF09004000D4520260A4
:1037500010B54024A4B058B92B4B03AA04A8009478
:103760008021FFF78DFED8B10124204624B010BD82
:1037700026481FF08DFA03AA04A80094224B80214A
:10378000FFF77EFE28B9582204A921481FF074FAD9
:1037900000B301241F481FF093FA204624B010BD47
:1037A000582204A91A481FF067FA0028DCD15820D3
:1037B00003AA174B8021009004A8FFF70DFF0028F3
:1037C000D2D1224604A910481FF056FA0446002818
:1037D000CAD1CAE710481FF05BFA582103AA0C4B64
:1037E000009104A88021FFF7F7FE0028D1D12246DE
:1037F00004A905481FF040FA04460028C9D107482B
:103800001FF05EFAB1E700BF94530260CC180020AD
:10381000D4530260C4180020E818002008190020C2
:1038200050B30023F0B5A1F1040E15461E462F68D3
:103830000136FC1A2C605EF8041F8C42A4EB0104D4
:103840002CBF4FF0000C4FF0010C45F8044B9F4289
:103850002CBF63460CF10103B042E8D102EB8002B9
:103860004BB111689942A1EB030134BF012300233E
:1038700042F8041BF5D3F0BD704700BFF0B5864693
:1038800087B00020BEF10F0F0391029201930590C3
:1038900040F2D080F446ACF1100C03980299059ADE
:1038A000019B50F8044B4FF000050E68E3FB042524
:1038B000B71845F1000241F8047B50F8044B4FF073
:1038C00000050E68E3FB0425B71845F1000241F836
:1038D000047B50F8044B4FF000050E68E3FB042511
:1038E000B71845F1000241F8047B50F8044B4FF043
:1038F00000050E68E3FB0425B71845F1000241F806
:10390000047B50F8044B4FF000050E68E3FB0425E0
:10391000B71845F1000241F8047B50F8044B4FF012
:1039200000050E68E3FB0425B71845F1000241F8D5
:10393000047B50F8044B4FF000050E68E3FB0425B0
:10394000B71845F1000241F8047B50F8044B4FF0E2
:1039500000050E68E3FB0425B71845F1000241F8A5
:10396000047B50F8044B4FF000050E68E3FB042580
:10397000B71845F1000241F8047B50F8044B4FF0B2
:1039800000050E68E3FB0425B71845F1000241F875
:10399000047B50F8044B4FF000050E68E3FB042550
:1039A000B71845F1000241F8047B50F8044B4FF082
:1039B00000050E68E3FB0425B71845F1000241F845
:1039C000047B50F8044B4FF000050E68E3FB042520
:1039D000B71845F1000241F8047B50F8044B4FF052
:1039E00000050E68E3FB0425B71845F1000241F815
:1039F000047B50F8044B4FF000050E68E3FB0425F0
:103A0000B71845F1000241F8047B50F8044B4FF021
:103A100000050E68E3FB0425B71845F1000241F8E4
:103A2000047B059202910390BCF10F0F3FF633AF78
:103A30000EF00F0EBEF1070F68D90EF0070E0398B7
:103A40000299059A019B50F8044B4FF000050E684F
:103A5000E3FB0425B71845F1000241F8047B50F858
:103A6000044B4FF000050E68E3FB0425B71845F141
:103A7000000241F8047B50F8044B4FF000050E683B
:103A8000E3FB0425B71845F1000241F8047B50F828
:103A9000044B4FF000050E68E3FB0425B71845F111
:103AA000000241F8047B50F8044B4FF000050E680B
:103AB000E3FB0425B71845F1000241F8047B50F8F8
:103AC000044B4FF000050E68E3FB0425B71845F1E1
:103AD000000241F8047B50F8044B4FF000050E68DB
:103AE000E3FB0425B71845F1000241F8047B50F8C8
:103AF000044B4FF000050E68E3FB0425B71845F1B1
:103B0000000241F8047B059202910390BEF1000F80
:103B100015D003980299059A019B50F8044B4FF079
:103B200000050E68E3FB0425B71845F1000241F8D3
:103B3000047B059202910390BEF1010EE9D1029936
:103B4000059A0B68134441F8043B059A934234BF2D
:103B5000012200220592F4D307B0F0BDF0B44E6804
:103B60001EB38F68002307EB860656F8044D250C1C
:103B7000B742A4B245EA0343B3FBF2F502FB1533A7
:103B800044EA0343B3FBF2F402FB1433EDD10968BA
:103B9000002903DB03600020F0BC7047002BF9D044
:103BA000D31AF0BC0360002070473346F2E700BF31
:103BB00020B100230122836080E80C00704700BF21
:103BC00080B110B50446806830B1616889000DF09D
:103BD000C5FFA0681FF034F800230122A36084E829
:103BE0000C0010BD704700BF42F21073994223D8F9
:103BF0002DE9F0414668B14202D80020BDE8F081CD
:103C00000C460546042120461FF046F88046B0B118
:103C1000AF685FB1B600394632461FF031F838461A
:103C200031460DF09BFFA8681FF00AF86C60002079
:103C3000C5F80880BDE8F0816FF00F0070476FF0A5
:103C40000F00BDE8F08100BF2DE9F04146688E42CB
:103C50002ED9731E05460C460CD081689A0051F887
:103C6000230048BB0A4403E052F8040D18B90B4680
:103C7000591EF9D101239C424FF0040138BF1C4664
:103C800020461FF009F88046C0B1AF6857B1A200C6
:103C900039461EF0F5FF3846B1000DF05FFFA86809
:103CA0001EF0CEFF6C600020C5F80880BDE8F081F2
:103CB000BDE8F041FFF798BF3346DCE76FF00F0037
:103CC000BDE8F08188423AD08A68F0B50E4683B0EC
:103CD000002A36D04D6807466B1E0BD052F82310D1
:103CE0009C0041B9224403E052F8045D05BB234621
:103CF0005C1EF9D101257A683368AA423B600FD374
:103D0000521BB868AD000021920028441EF0A4FFA9
:103D10002A46B168B8681EF0B3FF002003B0F0BDBA
:103D200029463846FFF760FF0028F7D1AD00EFE7DE
:103D30001D467A683368AA423B60E1D2F0E7002072
:103D400070470192FFF73CFF019A1046E6E700BF7B
:103D5000F0B585B005460C46006801AB6968AA68F5
:103D60001E46D4F800C0D4F804E0A768C5F800C027
:103D7000C5F804E0AF6007C307CE20606160A260B1
:103D800005B0F0BD2DE9F0410C4649681646804665
:103D9000FFF72AFF98BB73422568D8F8001046EA5F
:103DA00003026368C2F3C012C2F1010705FB02F50A
:103DB00001FB0751C8F8001083B1A668D8F80810B5
:103DC000043E01EB830E56F8045F0C6805FB02F518
:103DD00004FB075441F8044B8E45F4D1D8F8041085
:103DE0008B420CD2D8F8082002EB830302EB81014E
:103DF0001A6807FB02F243F8042B9942F8D1BDE898
:103E0000F08100BF88423BD0F8B50C4649681546A2
:103E10000646FFF7E9FE00B1F8BD71682046FFF7DE
:103E2000E3FE0028F8D16A423168206815437368C0
:103E3000C5F3C015C5F1010705FB01FE07FB01F144
:103E400000FB05113160226802FB07E22260ABB182
:103E5000A268B168043A01EB83060B6852F8040FBC
:103E600007FB03F405FB03F300FB054041F8040BDB
:103E7000B142106800FB07331360EED10020F8BD9B
:103E80000020704770B50E4601210546FFF7ACFED5
:103E9000044688B96A680146A86892001EF0DCFEF4
:103EA000002E86EAE671AA68B4BF4FF0FF33012303
:103EB000A1EBE67111602B60204670BD4368B1EB49
:103EC000431F0AD283684A0901F01F0053F82230C9
:103ED00023FA00F000F0010070470020704700BF97
:103EE000012A22D8F8B5436805464F091646B1EBBA
:103EF000431F0C4602D392B91046F8BD04F01F01CF
:103F0000AD680124002055F8273006FA01F204FAC2
:103F100001F123EA01031A4345F82720F8BD791C73
:103F2000FFF762FE0028E9D0F8BD6FF0030070478C
:103F300003464068A0B170B49D680026043D314638
:103F400055F8044F002203E0202A01F1010108D0B6
:103F500024FA02F3013213F00103F5D0084670BCD5
:103F600070470136B042EBD11846F8E74368DBB141
:103F7000013B1ED080689A0050F82310B1B902446A
:103F800002E052F8041D89B9013BFAD101682023EF
:103F900000204FF0004202E00130202803D00A4206
:103FA0004FEA5202F8D01B1A184670475B012033C3
:103FB000EEE7826820231168EAE700BF08B5FFF743
:103FC000D5FF0730C00808BDF8B50C4612F0030154
:103FD0004368174618BF0121064601EB92059D4232
:103FE0000BD0FFF7EDFD0023012229463046736018
:103FF0003260B360FFF7F8FDD0B900213046FFF71B
:1040000041FFB0B99FB1B268E1190546EB0011F864
:10401000014DAE08013503F01803AF4204FA03F373
:1040200052F8264043EA040342F82630EED1F8BDA8
:10403000F8BDF8BDF8B514460D460746FFF796FFE4
:104040000730C608B44217D32246002128461EF086
:1040500003FE7EB12A1900239808B968DC000133F9
:1040600051F8205004F01804B34225FA04F402F881
:10407000014DF1D10020F8BD6FF00700F8BD00BF81
:10408000F8B50D460646FFF771FF72682B186C09EC
:1040900005F01F05B3EB421F34D8DCB173689C42B6
:1040A0003CD26FF04042B0681A4400EB840700EB4A
:1040B0008303121B00EB820252F8041943F8041D1B
:1040C000BB42F9D1234600EB8303002243F8042DC1
:1040D0009842FBD1A5B17068844211D2B268002128
:1040E000C5F1200602EB840302EB8004186800FA95
:1040F00005F20A4320FA06F143F8042B9C42F5D15D
:104100000020F8BD13F01F01304618BF012101EB5C
:104110005311FFF769FD0028BFD0F8BD002BD9D09F
:10412000B068D0E7F0B443684D099D4205D8CA068F
:1041300001F01F0605D09D4203D10021F0BCFFF71E
:10414000A1BECDB15A1B0BD08468214604EB850477
:1041500001EB820754F8045B41F8045BB942F9D1E2
:10416000934209D98168002401EB820201EB8301AB
:1041700042F8044B9142FBD18EB183B18468C6F101
:104180002005002004EB830353F8041D21FA06F2F6
:104190009C4242EA000201FA05F01A60F4D10020C4
:1041A000F0BC7047436870B473B16FF040448268EC
:1041B0001C4452F8245002EB84021DB11BE052F85B
:1041C000044DC4B9013BFAD14A68002A46D06FF0C9
:1041D00040448D68144455F8243005EB84011BB12C
:1041E0003EE051F8044D94B9013AFAD1181C18BFB9
:1041F000012070BC70474A684AB36FF040448D6834
:10420000144455F8246005EB8401002EECD09A424A
:104210001DD39A421ED8BBB16FF0404481681C4444
:10422000A20051F8240055F8244011442A44844245
:104230000DD307D90EE051F8044D52F8040D844215
:1042400005D807D3013BF6D1184670BC7047012052
:1042500070BC70474FF0FF3070BC70471046C8E725
:104260000023D6E72DE9F04F5C6887B00134119D3B
:10427000AC4272D8129C2668002E6ED01F460C46A7
:1042800093468246AA003046002102931EF0E4FCC9
:104290002368D7F80480129A4345126828BF434622
:1042A00004920393B8F1000F54D008F101030026E3
:1042B00015469B00019602EB03090593019E2A46D1
:1042C000DAF80830DBF8001053F8264033460F6860
:1042D0002E680133039807FB0467109E0193234661
:1042E000FFF7CCFA06FB07F702992A463B46404601
:1042F0008968FFF7C3FA002345F8044B49F8043FE7
:10430000019B9845DAD1059B049A043B1A44049218
:10431000059A0499DAF808001EF0B2FC029C504697
:104320002146FFF73FFF002809DB4046DAF8082066
:10433000A168FFF775FA002007B0BDE8F08F129B67
:104340004046DAF808101A68FFF76AFA002007B04A
:10435000BDE8F08F04230593DAE76FF00300EBE785
:10436000436870B473B16FF0404482681C4452F8E3
:10437000245002EB84021DB11EE052F8044DDCB95A
:10438000013BFAD14A6882B16FF040448E68144410
:1043900056F8243006EB84041BB150E054F8045D59
:1043A000BDB9013AFAD11BB91A46104670BC704724
:1043B000026870BC104670474A68002AF8D06FF057
:1043C00040448E68144456F8245006EB8404002DB3
:1043D000E7D09A42ECD39A4225D802680968002AAD
:1043E00001DD002929DB002901DD002A22DB002B69
:1043F000DAD06FF0404480681C44A10050F824508B
:1044000056F8244008443144AC42CED307D90FE0DB
:1044100050F8045D51F8044DA542C6D808D3013BBD
:10442000F6D11A46C1E70A68524270BC104670477E
:104430005242BAE74FF0FF32B7E70122B5E7002357
:10444000C9E700BF0B4610B583EAE37284B0002BC6
:104450004FF00104A2EBE37201A9B4BF4FF0FF33A8
:10446000234602940092CDF80CD00193FFF778FF19
:1044700004B010BD90422DE9F041074664D0884257
:10448000144603D0FFF71EFC0646C8B90123656831
:104490003B6075B16FF04042A3682A4453F8221084
:1044A00003EB820319B10EE053F8041D59B9013D25
:1044B000FAD138460021BDE8F041FFF795BB06462A
:1044C0003046BDE8F08129463846FFF78DFB0646A9
:1044D0000028F5D1A068B6463446B968043800E033
:1044E000C6460B680EF1010850F8042FE418144476
:1044F0002CBF0123002341F8044BA24294BF1C4669
:104500005C1C45450A46EBD8002CD9D00EF10205BB
:104510004FEA88080BE01368013508F104082344CA
:10452000A34242F8043B34BF01240024C8D26B1ECE
:1045300079689942EFD829463846FFF755FB00289D
:10454000BDD1BA684244E6E70C469FE72DE9F04149
:10455000884684B00546114640461746FFF722FEBE
:10456000002838DB00230122AF4201AE0192029302
:10457000039325D0A84505D041462846FFF7A2FB66
:104580000446B0B9012378682B6010B36FF0404344
:10459000B968034451F8232001EB83031AB104E006
:1045A00053F8042D0AB90138FAD1AA680024FFF79C
:1045B00037F93046FFF704FB204604B0BDE8F08130
:1045C00039463046FFF77EFB04460028F1D13746D6
:1045D000D0E7B968E9E76FF00900EEE7F8B50E68D3
:1045E0000746136803FB06F3002B04DBFFF742FFCB
:1045F00000B93E60F8BD0D46114614462846FFF747
:10460000D1FD002807DB224629463846FFF79EFFEA
:104610000028EED0F8BD2A4621463846FFF796FF1F
:104620000028E7D176423E60F8BD00BFF8B50E68BD
:104630000746136803FB06F3002B0EDD0D461146FB
:1046400014462846FFF7AEFD00280CDB224629461B
:104650003846FFF77BFF20B1F8BDFFF70BFF0028BE
:10466000FAD13E60F8BD2A4621463846FFF76EFF74
:104670000028F1D176423E60F8BD00BF134630B548
:10468000002B85B083EAE3744FF0010501AACDF851
:104690000CD0A4EBE374B4BF4FF0FF332B4602956C
:1046A00000940193FFF79AFF05B030BD134630B573
:1046B000002B85B083EAE3744FF0010501AACDF821
:1046C0000CD0A4EBE374B4BF4FF0FF332B4602953C
:1046D00000940193FFF7AAFF05B030BD2DE9F04F1C
:1046E000074689B0002301208F4291460290059031
:1046F00003930493069307935ED002AB884601931D
:104700004F450DF1140B60D0D8F804507DB16FF017
:104710004042D8F808302A4453F8221003EB8203B1
:1047200019B104E053F8042D0AB9013DFAD1D9F8C2
:1047300004407CB16FF04042D9F80830224453F86D
:10474000221003EB820319B104E053F8042D0AB9D7
:10475000013CFAD129193846FFF746FA824648B19A
:104760005846FFF72DFA0198FFF72AFA504609B08C
:10477000BDE8F08F01463846FFF784FB82460028EB
:10478000EED18CB16FF040462644B600D9F808301F
:104790002846BA689B593244D8F80810FFF76EF8DB
:1047A000013CA6F10406F1D1D8F80020D9F8003078
:1047B00003FB02F33B60D3E702A80190FFF782FA04
:1047C000824658B9DDF804809AE739465846FFF723
:1047D00079FA82460028C3D1D94695E70DF1140B2A
:1047E000BEE700BF8B1E0E2B00F2D3802DE9F04FE9
:1047F0000C468BB04FF00009012605461046924644
:104800000F460496CDF81490CDF818901EF030FAAB
:10481000102C804632D049462846FFF733FB01462C
:1048200000283DD1B8F1000F00F0AD8083460DF1B6
:104830001009BBF1000F00F0AF801AF80B20A2F1B5
:104840003004A2F14101E0B2092888BFFF24052904
:10485000A2F1610198BFA2F13704052998BFA2F126
:104860005704A7421FD86FF0050148460191FFF792
:10487000A7F9019908460BB0BDE8F08FB0F1804F61
:1048800080F084808100284611F01C0F14BF33464D
:104890004B4603EB5111FFF7A7F90146002831D031
:1048A0000DF11009E1E703AB294607AA4846079630
:1048B000089609930397FFF711FF01460028D4D10A
:1048C0002B6807AA4946012B10D003AB2846039456
:1048D000079608960993FFF7A9FE01460028C4D160
:1048E0000BF1010BD845A4D10021BEE70793284660
:1048F000089303AB03940993FFF770FE0146002869
:10490000EED0B2E72846FFF7BDFA01460028C7D12E
:10491000B8F1000F37D00AEB080301938300B8F118
:10492000010F4FEAD00608F1FF3803F01C033CD01A
:10493000019A013012F801ED0192AEF13002AEF1B0
:104940004109AEF1610C5FFA82FBBBF1090F88BF30
:10495000FF22B9F1050F98BFAEF13702BCF1050F88
:1049600098BFAEF15702944202FA03F302D80DF158
:10497000100978E7AA6852F826703B4342F82630BF
:10498000B8F1000FCAD10DF11009ADE76FF00300C7
:1049900071E76FF0030070479AF800202D2A7FF42A
:1049A0004CAF4FF0FF322A609AE79AF800202D2A88
:1049B000BED14FF0FF330DF110092B6055E700BF5A
:1049C00000B585B00123009201AA01930293CDF8AE
:1049D0000CD0FFF783FE05B05DF804FB2DE9F04F26
:1049E000A7B04FF0010B0024814620AE019118467C
:1049F00023A91D4617462094CDF88CB0CDF890B071
:104A00002596FFF7ADFC00286FD029463846CDF833
:104A100050B015941694CDF85CB018941994CDF854
:104A200068B01B941C94CDF874B01E941F94CDF8FC
:104A300080B021942294FFF7B5FBA04220DB0DF15A
:104A4000500839460DF15C0A4046FFF73BF9044631
:104A500080B31AAB0DF1740B00934046FFF7B0F82A
:104A60005046FFF7ADF80098FFF7AAF85846FFF751
:104A7000A7F83046FFF7A4F8204627B0BDE8F08F2E
:104A8000B9F1000F05D021464846FFF7FBF904466F
:104A900038B9019B2BB339460198FFF713F9044647
:104AA000F8B11AAB0DF150080DF15C0A0DF1740B61
:104AB0000093D2E729465046FFF704F90446002840
:104AC000C7D11AAB7968CDF85CB0023118460093B3
:104AD000CDF850B0FFF788F8044648B10DF1740BDB
:104AE000BBE7002027B0BDE8F08F6FF00B00C4E7F4
:104AF00001460098FFF7C6F90DF1740B0446002833
:104B0000ABD102215846FFF76FF804460028A4D124
:104B100003213046FFF768F8044600289DD150462F
:104B2000FFF724FA00F01F001F2800F0C280C0F138
:104B30001F03404619460793FFF7A2FA04460028D0
:104B40008BD107995046FFF79BFA0446002884D181
:104B5000159B5046189A0293013B0392013A049325
:104B60009B1A05925A010A9311460692FFF788FA9A
:104B7000044600287FF471AF0A9B9B001C460BE0A3
:104B8000DDF870E05EF8043001334EF80430FFF7D2
:104B90004DFD002840F08F8051464046FFF7E0FB76
:104BA0000028524641464046EADA06995046FFF749
:104BB000B9FA044600287FF450AF05986FF04042E0
:104BC0006FF078438F4980000E94CDF83C900A90A6
:104BD000029810970244034401440A98119504383E
:104BE0008900CDF808A00C9003980391121A1B1AA3
:104BF00092005B0114460693049B059A934240F28F
:104C0000AE80039B16990433199A0A980D93125893
:104C1000CB581C9D9342C0F085804FF0FF332B5141
:104C20002B5913AF039A0133DDF83490043ADDF8C1
:104C300008A02B510B922DE0199B0C9A9A580A99B7
:104C4000026023AA5B5859461C9D436058462B5965
:104C500001252597239513932495FFF73FFD0146E2
:104C600058BB3046FFF70EF928BB049A229BAA4294
:104C7000169D01D00B9AA858039A314618605846E1
:104C8000AA585A6055F809209A60FFF769FB002876
:104C900015DD1C9D2B5900215846013B2B51FFF778
:104CA000F1F840B9059B1F98002BC5D1059A199BB7
:104CB000C5E707944CE70446CFE60446CDE61C9BC7
:104CC0000125514623AA1B595846CDF808A0239523
:104CD000139324952597FFF701FD002840F08D8060
:104CE00006995846FFF7CCF9002840F086805A46CE
:104CF00041464046FFF79AFC00287ED1139023A935
:104D00004046239524952597FFF72AFB00285FDB73
:104D1000049B043C013B0493069B203B06930B9BA6
:104D2000039369E703982F190858AAB10993002340
:104D30000893DDE9089A4B4649EA0009484651467E
:104D40001DF076FF00234FF0FF328B4208BF8242F6
:104D500000D21046386063E74FF0FF30FAE7DDF825
:104D60003C900E9C109F119DDDF808A0B9F1000F3A
:104D70000BD000994846FEF7A5FF00289BD12B6871
:104D80003A6803FB02F3C9F80030019B002B3FF4A3
:104D900064AE07994046FFF7C5F900288BD13B6800
:104DA0004146019F14933846FEF78CFF002882D1BC
:104DB000012513AB139023A93846239524952593F9
:104DC000FFF7CEFA00287FF448AE3D60044644E683
:104DD00002995846FEF776FF78B906995846FFF7CC
:104DE0004FF950B95A4641464046FFF7F7FB20B904
:104DF0001C9A1359013B13518AE7DDF808A00446B9
:104E00002BE600BFFEFFFF3F70B51C4684B00126B5
:104E100084EAE475002C01AB0296A5EBE475B4BFFF
:104E20004FF0FF343446CDF80CD000950194FFF7D5
:104E3000D5FD04B070BD00BF2DE9F04184B0002560
:104E4000012604468846104601A917460296CDF869
:104E50000CD08DE86000FFF783FAA8422ADB4246B7
:104E600028463B462146FFF7B9FD00BB054602E058
:104E7000FFF7B4FBD8B901A920460296CDF80CD0B3
:104E80008DE86000FFF76CFA00283A46214620467C
:104E9000EEDB02E0FFF7CAFB48B939462046FFF7D0
:104EA0005FFA00283A4621462046F3DA002004B093
:104EB000BDE8F0816FF00900F9E700BF131E15D0BF
:104EC00017DB012B30B4044604D0022B06D030BCD3
:104ED000FEF744BE0020206030BC70478B68002085
:104EE0001B6803F00103236030BC70476FF00B00B8
:104EF00070476FF0090070478B1E0E2B44D82DE9C8
:104F0000F04186B0164607460C460A46014601A8FF
:104F1000FFF7D4FF20BB4FF0010802AD014603AB01
:104F20003A4638460294CDF80C80CDF810800595AD
:104F3000FFF754FD034698B903A938460293CDF80C
:104F40000C80CDF810800595FFF70AFAA0B9019BF7
:104F5000092B08D9326837330020511C3160137097
:104F600006B0BDE8F081326830330020511C31605A
:104F7000137006B0BDE8F081214638463246FFF78F
:104F8000BBFF0028E3D0EBE76FF00300704700BFE2
:104F90002DE9F0438C1E85B00E2C00F282800C4669
:104FA00080461D461646FEF7E1FF032C25DC431C18
:104FB000033003F001031844A84275D8D8F8002044
:104FC000002301210096013202930191039360D0E6
:104FD000102C17D001AF41463846FEF773FE054648
:104FE00000283FD1019B013358D021466A463846FC
:104FF000FFF782FF054658B334E04008102C08BF85
:105000004008D4E7D8F8041009B36FF040400027F7
:10501000DFF8A0E00844800004235D1ED8F80820D3
:10502000CC184FEAC50C135823FA0CF303F00F0CFD
:1050300013F0FF034FEA23131BD1D7B9022C18D06A
:105040002B46002DE9D10139A0F10400E4D101AFD4
:10505000009B0022591C154600911A70009B9E1B54
:105060000C9B1E603846FEF7ABFD284605B0BDE838
:10507000F083009A01271EF8033002EB07091EF89F
:105080000C40CDF800901370009BDA1900921C7050
:10509000D6E772182D230092337099E7012301930C
:1050A000A3E76FF00300E1E70C9B18606FF00700C7
:1050B000DCE700BF4015002083681B68DB0729D5AB
:1050C0002DE9F04186B00546144F03240DF1080880
:1050D000012608E0FFF7F2FEA0B9019BABB157F83B
:1050E000044F002C0EDD03A9284602940396049673
:1050F000CDF81480FFF734F900282246294601A88C
:10510000E8DC012006B0BDE8F0816FF00D0006B0CC
:10511000BDE8F0816FF00D00704700BF30540260B1
:105120002DE9F04FA7B04FF0000801259A4617ACC3
:105130000590079118461AA90692CDF85C801A9539
:105140001B951C94FFF70CF94045309E40F3E88016
:10515000DAF808301F68FA0740F1E2801AA90698C9
:10516000CDF85C801A951B951C94FFF7F9F8002880
:10517000C0F2D680BD1C03236D0005F008053D4438
:1051800005FB07F2013BC2F1020202FB05F5F7D174
:105190004FF0010B194630221AA80F931DAC109343
:1051A0001293139315931693CDF838B0CDF844B0FD
:1051B000CDF850B01DF050FDDAF80430059803EB3F
:1051C0000B084146FEF710FD8146F0B111AF0DF11D
:1051D00050082046FEF7F4FC2046FEF7F1FC384666
:1051E000FEF7EEFC4046FEF7EBFC2EB1B3681BB1B8
:1051F000484627B0BDE8F08F0DF1380B5846FEF752
:10520000DFFC484627B0BDE8F08F41462046FEF758
:10521000EBFC11AF814610B10DF15008D9E74FEA10
:1052200048013846FEF7E0FC81460028F4D1079B90
:105230000DF150081B680893013374D0002E00F064
:10524000B980B368002B7BD00DF1380B30687168E2
:105250005B46B26807C3DDF81C9051464846FFF72D
:105260007FF80028C0F28180494652462046FFF769
:10527000E3FD81460028ACD16B42129813A91A466F
:1052800007930291534600920FA9019010AA20465D
:10529000FEF7E8FF814600289BD159460598FEF7A6
:1052A00011FD8146002894D113A926AA129B0DA8AE
:1052B000029101250799DDF814B0009118A942F870
:1052C000340D5846019353460B920D95179518953A
:1052D000FEF7C8FF814600287FF47BAF5A4603469D
:1052E00006980832406809925A46CB46A1460432D5
:1052F00004460A92BBF1000F00F097800BF1FF3BD0
:10530000069A926852F8245025FA0BF505F001052B
:1053100085F00102002B63D1002A61D00023E9E768
:105320006FF0030065E707994046FEF7CBFC814626
:1053300000287FF44EAFCDF81C80CDF850B07DE74B
:105340000DF1380B01215846FEF79CFD8146A8B1AE
:105350002046FEF735FC2046FEF732FC3846FEF7C5
:105360002FFC4046FEF72CFC40E707992046FEF74D
:10537000A9FC814600287FF42CAF7DE7DAF8041001
:1053800058468901FEF77CFE814600287FF421AF54
:10539000524659465846FFF74FFD814600287FF494
:1053A00018AF002E3FF457AF5B4607CB30607160FB
:1053B000B26050E70DF1380B01215846FEF762FD4F
:1053C00081460028DAD02046FEF7FAFB2046FEF799
:1053D000F7FB3846FEF7F4FB4046FEF7F1FB0DE71E
:1053E000012B00D132BB129813AA0799534602929F
:1053F00000910190099A0A990598FEF733FF38BB8E
:105400006900129A13AB0598294401921AAA079DC4
:105410000293534602EB8101009501F10802043129
:10542000FEF720FFA0B9012364E7A4B1013C4FF0CF
:105430001F0B65E7129813AA079953460292009131
:105440000190099A0A990598FEF70CFF0028EAD006
:105450004C468146BDE613A9129B4FF0010E0DADDF
:1054600002914C46079901935346009118A90B9A53
:1054700005981995CDF834E0CDF85CE0CDF860E002
:10548000FEF7F0FE814600287FF4A3AE089B0133AF
:105490007FF49FAE069A5368002B3FF49AAE936850
:1054A0001B68DB077FF595AE059A089910461160D9
:1054B0005146FFF793F881468BE600BFB1F5007FB8
:1054C0001BD870B5ADF5007D154606460A460C465C
:1054D00018466946A847054640B168464FF4007132
:1054E0000CF03CFB28460DF5007D70BD2246304691
:1054F0006946FEF769FD0546EFE76FF00300704768
:105500002DE9F04F00239BB00124054609938846FE
:105510000A9301460C9391460D9317AA0F9308A87E
:105520001093129313931593169307AB08940B944F
:105530000E94119414940794179418941993FFF7E8
:1055400075F88346002837D1099F8FB10A9E01461E
:10555000043E56F8044F002203E0202A01F1010125
:1055600025D024FA02F3013213F00103F5D00F46DF
:105570000BAE08A93046FEF7A5FB834618B314AB63
:1055800011AC0DF1380A029308A8FEF719FB30465A
:10559000FEF716FB5046FEF713FB2046FEF710FB06
:1055A0000298FEF70DFB58461BB0BDE8F08F0130A6
:1055B000B842CED11F46DBE714AB0BAE11AC0DF1F8
:1055C000380A0293E0E739463046FEF7ABFD8346E2
:1055D0000028D4D12846FEF7C9FC40F21353984264
:1055E00016D840F25133984200F2C88040F2892325
:1055F000984200F2C680B0F5AF7F80F0CD80F928E8
:1056000000F2CD80962834BF1B231223049301E0BF
:1056100002230493002311AC0397059369684B465A
:10562000424620468900FFF749FF8346002840F0A4
:105630009D8008A92046FEF793FE002810DB204637
:10564000FEF794FC824608A8FEF790FC0AF10101DF
:10565000091A2046FEF766FD8346002840F0868042
:10566000139A4FF0200A039F136843F0030313605B
:1056700069684B46424620468900FFF71FFF002815
:1056800073D12046FEF772FC834608A8FEF76EFC35
:10569000834563D8BAF1010A08A920466BD0FEF70A
:1056A0005FFE0028E4DA012317A920460793179329
:1056B000189307AB1993FEF753FE0028D8DD14ABFF
:1056C000039714AF3246009321462B46204602979B
:1056D000FFF726FD834600284AD108A92046FEF799
:1056E0003FFE002850D0012317A9204607931793A7
:1056F000189307AB1993FEF733FE002844D0039BA1
:10570000012B50D94FF0010A039F19E00EA8FEF7B4
:10571000E5FF2A460EA9002859D12046FFF78CFB49
:1057200017A9002853D101232046079317931893F4
:1057300007AB1993FEF714FE002833D0574531D03C
:105740000EAB08A920460AF1010A0393FEF708FEF2
:10575000224621460028D9D1039729E0C0EB0B014E
:105760002046FEF7DFFC002894D0834614AB02935A
:105770000DF1380A08E76FF00D0015E703230493D5
:1057800048E70423049345E7059B049A01339A42B2
:1057900005937FF443AFEBE7082304933AE70C2328
:1057A000049337E7039708A92046FEF7D9FD58B9B7
:1057B000012317A9204607931793189307AB199352
:1057C000FEF7CEFD0028DFD16FF00D0BD0E7DDF83E
:1057D0000CA08346D8E600BF2DE9F0478EB0002329
:1057E0000124074605A815460294059408940393DE
:1057F00004930693079309930A93FEF763FA70B133
:10580000824608AC02A8FEF7DBF905A8FEF7D8F936
:105810002046FEF7D5F950460EB0BDE8F08708AC3B
:1058200029462046FEF74EFA82460028EAD1DDF8E6
:1058300018E0BEF1000F00F0D780079E0146043E3D
:1058400056F8045F002204E0202A01F1010100F073
:105850009E8025FA02F3013213F00103F4D0099E71
:10586000C6B10A9B4FF0000CA3F1040E60465EF82F
:10587000045F002204E0202A00F1010000F08D8086
:1058800025FA02F3013213F00103F4D0814228BF5C
:1058900001460E46314605A8FEF744FC8246002824
:1058A000B0D131462046FEF73DFC82460028A9D102
:1058B000012381460DF104081D46089305930BA9A9
:1058C00005A8CDF804900B950C95CDF83480FEF723
:1058D00047FD00287AD00699A1B1079B4FF0000A36
:1058E000A3F1040C50465CF804EF002203E0202AE8
:1058F00000F1010040D02EFA02F3013213F001034F
:10590000F5D0014605A8FEF70DFC824600287FF47D
:1059100079AF099991B10A9B8646A3F1040A5AF816
:1059200004CF002203E0202A0EF1010E2AD02CFA27
:1059300002F3013213F00103F5D071462046FEF761
:10594000F1FB824600287FF45DAF214605A8FEF7F3
:1059500007FD002828DB05A922460846FEF7F6FDCC
:10596000824600287FF44EAF012105A8FEF7DAFB3E
:1059700082460028A3D045E70AF1010A5145B2D179
:105980001946BFE701308842C9D11946D6E7013030
:1059900086457FF455AF194661E70CF1010CB4451B
:1059A0007FF465AF1E4675E705AA21462046FEF73F
:1059B000CDFD824600287FF425AF01212046FEF769
:1059C000B1FB824600283FF47AAF1BE73146204600
:1059D000FEF756FB824600287FF414AF3846214676
:1059E000FEF770F982460DE7714638E72DE9F04F72
:1059F000A5B001270E4614461EAD009021A9104601
:105A00001E97219722972395FEF7AAFC002840F3C2
:105A1000148100232246314606A80A930B930D9366
:105A20000E93109311931393149307930893169363
:105A3000179319931A931C931D931F9320930997FF
:105A40000C970F9712970697159718971B971E9705
:105A5000FFF7C2FE034660B30DF1240A0CAE0DF150
:105A600054080DF160090FAA0DF1480B01921BAF0C
:105A700050460093FEF7A4F83046FEF7A1F80198CF
:105A8000FEF79EF85846FEF79BF806A8FEF798F832
:105A90004046FEF795F84846FEF792F83846FEF77E
:105AA0008FF82846FEF78CF8009B184625B0BDE815
:105AB000F08F05AB21A906A805972197229723937C
:105AC000FEF74EFC10B16FF00D03C5E70DF1240A8F
:105AD000314622460CAE5046FFF7AEF90346002889
:105AE000BDD151463046FEF7EDF80DF1540803469E
:105AF0000028B6D121464046FEF7E4F80DF16009D2
:105B000003460028AFD121464846FEF7DBF803469E
:105B10000028A8D10FAB39460DF1480B1846019368
:105B2000FEF7B0F903460028A1D101465846FEF71A
:105B3000A9F91BAF034600289AD101463846FEF763
:105B4000A1F90346002893D101212846FEF79AF9CE
:105B5000034600288CD10394019C02900E9B1B6885
:105B6000DA0726D46CE0FEF7DDFA42463946002813
:105B700061D11D9B38461B68DB0703D4209B1B6843
:105B8000DB070AD5FEF72AFD52462946002852D1E6
:105B90002846FEF74BFD00284DD101213846FEF77F
:105BA000C1FA0121002846D12846FEF7BBFA002899
:105BB00041D11A9B012148461B68DB07D3D54946D2
:105BC0003046FEF7CDFB002864DB4A4631463046BE
:105BD000FEF72CFD00282ED13A4621462046FEF73E
:105BE00025FD40BB2A4659465846FEF71FFD10BB0F
:105BF000029B21A93046059301232193229305ABF3
:105C00002393FEF7ADFB0028A8D1039C0290029BD2
:105C100021A93846059301232193229305AB2393B1
:105C2000FEF79EFB002822463946384624DAFEF766
:105C3000D5FC0028EBD003461AE76FF0030035E7E8
:105C400001213046FEF76EFA0028F4D1119B1B6843
:105C5000D80735D4149B1B68D90731D401212046BD
:105C6000FEF760FA0028E6D101215846FEF75AFAFD
:105C700000283FF473AFDEE721463846FEF770FB9D
:105C8000002822463946384629DBFEF7CFFC00289B
:105C9000F2D0D0E7324649464846FEF7C7FC002816
:105CA000C9D1224639463846FEF7C0FC0028C2D189
:105CB0005A4629462846FEF7B9FC002898D0BAE78C
:105CC000424621462046FEF789FC0028B3D15246C1
:105CD00059465846FEF7AAFC0028BFD0ABE700980B
:105CE000FDF7F0FF0346C3E62DE9F04188B04668B2
:105CF00080680124002301AD0F46049005A902A885
:105D00009046039602940594069401930795FEF736
:105D100027FB38B305A902A80194059406940795BA
:105D2000FEF71EFBF0B1022305A902A80594069414
:105D300007950193FEF714FB18B9002008B0BDE8E1
:105D4000F08102A8FFF7B8F920B10128F5D008B01A
:105D5000BDE8F0814246394602A8FFF7D1FB08B002
:105D6000BDE8F0816FF00D00E8E700BF2DE9F04FCE
:105D700040F6FD77A1F1030E8DB0BE45169E00F2F0
:105D8000C68011F01F0A02924FF001021D464FF02B
:105D90000003044618BF92468B4607930AEB511A3C
:105DA0000893DFF890914FEA8A0706924FEA4A1A61
:105DB000A7F104080197C1EB0A03039333462A466F
:105DC00001992046FFF77AFBB0B9A36853F8082081
:105DD0004A45F3D9D3451AD3D3F800E03246029F9F
:105DE00029464EF0010C2046C3F800C0BFB9FFF7AA
:105DF0007BFF10F10E0FE1D0034606AF384601934A
:105E0000FDF7DEFE019B18460DB0BDE8F08F03994B
:105E10002046FEF787F90028EED1A368DCE74EF0B4
:105E200003070322214604A81F60FDF797FE0346DF
:105E300000286AD1049B002B6CD0012B55D006AFF3
:105E400021463846FDF73EFF03460028D6D1012102
:105E50003846FEF767F903460028CFD14FF00C0A09
:105E60004FF001080DF1140922E013F10E0F09AAF9
:105E700021462046C2D1CDF814A0CDF82480CDF81B
:105E80002880CDF82C90FEF7A9FB03460028B5D159
:105E9000062309AA394638460593CDF82480CDF863
:105EA0002880CDF82C90FEF799FB03460028A5D159
:105EB0002046FFF701F903460028D6D13846FFF700
:105EC000FBF803460028D0D1324629462046FFF78A
:105ED00017FB03460028C8D1324629463846FFF74B
:105EE0000FFB03460028C0D188E74FF0040E05AF32
:105EF00009AA2146204609930A93CDF814E00B978E
:105F0000FEF76CFB0346002899D006AF76E76FF0EA
:105F1000030079E70820012305AF09AA059021466F
:105F2000204609930A930B97FEF758FB0346002877
:105F3000EBD184E733F304B52DE9F04F9FB0002394
:105F4000012482467E4A06A81021069409940C94E6
:105F50000F94129415941894079308930A930B9333
:105F60000D930E9310931193139314931693179309
:105F700019931A93FEF736FC20B3834609AC0CAD97
:105F80000FAE15AF0DF160080DF14809BAF1000F21
:105F90002AD106A8FDF714FE2046FDF711FE28467B
:105FA000FDF70EFE3046FDF70BFE4846FDF708FEF6
:105FB0003846FDF705FE4046FDF702FE58461FB085
:105FC000BDE8F08F09AC5F4A10210CAD2046FEF70A
:105FD00009FC834640B30FAE15AF0DF160080DF11B
:105FE0004809BAF1000FD4D0594657481CF050FE6A
:105FF00006A8FDF7E5FD2046FDF7E2FD2846FDF782
:10600000DFFD3046FDF7DCFD4846FDF7D9FD38469B
:10601000FDF7D6FD4046FDF7D3FD0A201CF058FEE3
:1060200058461FB0BDE8F08F484A102128460FAEF1
:10603000FEF7D8FB834628B115AF0DF160080DF1CE
:106040004809A3E72A4606A9304615AFFEF746FBE6
:10605000834620B10DF160080DF1480996E73C4AEE
:1060600010213846FEF7BEFB83460028F2D1BAF174
:10607000000F19D139463046FEF772F938B10DF1EB
:1060800060080DF1480906A84FF0010B82E70DF1F9
:1060900048092B4606AA30464946FEF79FFC834630
:1060A00020B30DF1600874E72A481CF0F1FD394671
:1060B0003046FEF755F948B10DF160080DF1480979
:1060C00025481CF0FDFD4FF0010B8DE70DF148094F
:1060D00022481CF0F5FD2B46494606AA3046FEF73D
:1060E0007DFC834608B30DF160087DE71C4A102152
:1060F0003846FEF777FB83460028D2D10DF16008C1
:10610000184A10214046FEF76DFB834600287FF4B5
:106110003DAFBAF1000F40F0B18039463046FEF78E
:106120001FF908B34FF0010B33E70D4A1021384631
:10613000FEF758FB83460028E0D00DF1600825E704
:106140001019002094190020601C0020181A00204B
:106150007C1A00205C1B0020C4180020741800204A
:10616000781B00209C1B002041464846FEF7F8F8AB
:10617000002888D1CDF800A02B46224606A930463B
:10618000FEF7CEFF834600287FF403AF724A10214A
:106190003846FEF727FB834600287FF4FAAE3946DF
:1061A0003046FEF7DDF800287FF46DAF2A4606A9D9
:1061B0003046FFF71BFC834600287FF4EAAE674AAF
:1061C00010213846FEF70EFB834600287FF4E1AE2F
:1061D00039463046FEF7C4F800287FF454AF604BD0
:1061E0000022C346B8462F4625461C46029254F864
:1061F000081C3046FDF746FE0346002840F0A58007
:1062000054F8041C4846FDF73DFE4A460346314615
:10621000002840F09A8006A8FFF7DEFA1BA9034683
:10622000002840F0928022680123039006A882EAA9
:10623000E27E002A1C9305ABAEEBE27EB4BF4FF0CA
:10624000FF3201221D93CDF814E00C341B92FEF7AF
:1062500087F8039B00286BD1029A0132032A02922D
:10626000C5D12C463D464746D8469B46BAF1000F5D
:106270003FF48FAE3B481CF023FDB9E63A481CF0D2
:1062800007FD39463046FEF76BF800287FF418AF5B
:1062900041464846FEF764F8834600287FF410AF75
:1062A00030481CF00DFDCDF800B02B46224606A963
:1062B0003046FEF735FF834600287FF495AE264A28
:1062C00010213846FEF78EFA834600287FF45EAE32
:1062D00026481CF0DDFC39463046FEF741F8002820
:1062E0007FF4EEAE1F481CF0EBFC2A4606A93046B0
:1062F000FFF77CFB834600287FF476AE174A102117
:106300003846FEF76FFA834600287FF43FAE184800
:106310001CF0BEFC39463046FEF722F800287FF418
:10632000CFAE10481CF0CCFC12481CF0B1FC56E774
:106330002C463D464746D846BAF1000F3FF4A3AE7F
:1063400002990D481CF0A4FCBDE62C463D4647468C
:10635000D8469B461AE600BF881C0020E81C002097
:10636000D856026074180020FC1B0020181C002066
:10637000341C00204C1D0020501C00202DE9F0038F
:106380000B680468496840686340214D4840C3F386
:10639000074705EB136155FA83F605EB10682F44A8
:1063A00091F80011C3F3072C96F8006298F80033B7
:1063B00055FA80F897F8009346EA0166C0F307277C
:1063C00098F80011C0F3074846EA09462F4441EA0D
:1063D000036115F8083015F80C0041EA034197F8FD
:1063E000003246EA0020146841EA032380EA336160
:1063F000506883EA314381EA3321634080EA010532
:1064000083EA312182E82200BDE8F003704700BF33
:10641000F45602604FF48A7200211CF01DBC00BFCC
:1064200018B14FF48A710BF099BB70472DE9F04F0A
:10643000C5B01646041D0746019240220D460021B4
:106440000DEB02001CF008FC20464FF4887200217E
:106450001CF002FCC02E00F01B82B6F5807F00F01D
:106460001782802E04D06FF0230045B0BDE8F08F76
:1064700003234FF004094FF0150810263B6000235A
:1064800002936A1E0DF13F010023013312F8010F40
:10649000B34201F8010FF8D3019BC02B00F0038237
:1064A000744904AD4FF0CC0C4FF07F0E66279E234D
:1064B0000020CDF80CC04FF08B0BF4464FF0900A43
:1064C000BE463B222F46A026054608461946CC2349
:1064D0000CE0067A0830417890F802E090F803C0AA
:1064E0000279437990F806A090F807B009040837BC
:1064F0001B0441EA066604A943EA026346EA0C0269
:1065000043EA0B0342EA0E2243EA0A2341F835200C
:10651000013547F8043C062DDBD14022002120A89C
:106520001FAD1CF099FB0DF161060DF141000378E0
:10653000043010F8051C1B0410F8022C43EA016318
:1065400010F8031CB04243EA020343EA012345F872
:10655000043FECD120A924A851F8043BCA68814229
:1065600083EA0203CB61F7D104A92AAA28A827ADA0
:10657000FFF704FF2AA806A928AAFFF7FFFE29466D
:106580002BA851F8042F51F8203C884283EA0203DB
:106590000B60F6D12AAA08A928A8FFF7EFFE28AABF
:1065A0002AA80AA9FFF7EAFE019B802B12D923A98A
:1065B00051F8042F0B698D4283EA02030B62F7D175
:1065C0000CA92EAA2CA8FFF7D9FE2CAA2EA80EA93A
:1065D000FFF7D4FE029B0121219A0DF1C00E4FEA74
:1065E000031A254B0D46319203EB0A07209B239A91
:1065F00076463093229B33923293C5EB05130135D7
:10660000E1B103F01F033199309AC3F120009A40A1
:10661000C1404A403261319A32999A40C1404A4061
:106620007261329A33999A40C1404A40B261309ABD
:106630003399C24001FA03F35340F361052D06F18B
:1066400010060AD017F8011FC5EB05130135002904
:10665000D7D1052D06F11006F4D1029943AF8B0076
:106660001A4603937346511800224FEA011B03494F
:10667000594407E0F45A0260245B0260445B026004
:1066800011F9012F561C02D0186844F822009F42CD
:1066900003F10403F4D1019B802B42D9249B0AF11E
:1066A000040C8649764630930F25269B8C44259A08
:1066B0003293279B3192339305F01F031CF8012B73
:1066C0000F35C3F12001C2B13098319A9840CA40C9
:1066D000424032613198329A9840CA4042407261D9
:1066E0003298339A9840CA404240B2613398309A07
:1066F00000FA03F3CA405340F3614B2D06F1100634
:10670000DAD10BF113016E4A44A87346114411F912
:10671000012F551C02D01D6844F8225004339842C2
:10672000F5D1289B0AF1090C644D0122299976467E
:106730002A98AC44309315462B9B31913393C5EB8B
:10674000051332900135E2B103F01F033199309AFD
:10675000C3F120009A40C1404A403261319A3299D7
:106760009A40C1404A407261329A33999A40C1407E
:106770004A40B261309A3399C24001FA03F3534060
:10678000F361052D06F110060AD01CF8012BC5EBAC
:1067900005130135002AD7D1052D06F11006F4D1D5
:1067A0000BF12802464973460A4401E012F9019FA1
:1067B000B9F1FF3F02D0196844F829109F4203F154
:1067C0000403F3D1019B802B43D92C9B0AF10C05C8
:1067D0003A4977462D9A0F260D4430932E992F9BD8
:1067E00031923291339306F01F0315F8012B0F36C7
:1067F000C3F12001C2B13098319A9840CA4042405A
:106800003A613198329A9840CA4042407A6132984F
:10681000339A9840CA404240BA613398309A00FA9D
:1068200003F3CA405340FB614B2E07F11007DAD146
:106830000BF13B02224B44A81A4412F9013F591CA8
:1068400003D0DEF8001044F823100EF1040E70455A
:10685000F3D10298039A430011461A4A03440144B3
:106860001B0102EB810203F1D0008033204423445A
:1068700001E012F9018FB8F1FF3F02D054F828105F
:10688000196004339842F4D1002045B0BDE8F08F80
:106890000423019A4FF0FF394FF019083B600123A0
:1068A000D6080293EDE50DF14F030DF1570113F8F2
:1068B000012FD2438B421A72F9D1F1E5245B0260B9
:1068C000445B0260E45B02602DE9F041C6B00C4617
:1068D000154600214FF48A72804601A81CF0BCF9CD
:1068E0002A46214601A8FFF7A1FD0746002842D10C
:1068F000019B02A808F1140E08F11C02A3F1040682
:10690000C8F80030B6FA86F67609F31CF6009B014B
:1069100006F1160100EB030CC358DCF80400ACF1DF
:106920000805C8F80430ACF11003C8F80800DCF81A
:106930000840DCF80C00C8F80C40C8F810009C684F
:106940000139D86802F1080242F8104CA3F108039B
:1069500042F80C0CF3D17342153605EBC3030EEB72
:10696000C606A3F1B800A83B07C853F8043CB060C2
:10697000F1603261736101A84FF48A710BF0EEF897
:10698000384646B0BDE8F0812DE9F04192F805C0E7
:106990001D4692F804E084B0547A4FEA0C4792F80E
:1069A000088000F1140647EA0E6C5178240492F82E
:1069B00007E0537B090444EA08674CEA0E0E947919
:1069C0001B0492F800C092F80C804EEA042E41EAB3
:1069D0000C6C8168D47A43EA08638EEA010ED17B9D
:1069E0003C43977A0B43D17844EA0724C7684CEAC2
:1069F000010192F80EC092787C4043EA0C230769AB
:106A000041EA022142687B40076881EA020CCDF826
:106A100004E002940393CDF800C0002F4BD034461D
:106A2000B84619E0206B40340099019A0840039B56
:106A300082EAF072019254F80C0C1043484002991B
:106A4000009054F8042C1A434A40029254F8081C4F
:106A50000A4083EAF273039302AA2146684608F1CA
:106A6000FF38FFF78BFC6A4604F1080102A8FFF724
:106A700085FC02AA04F110016846FFF77FFC6A4614
:106A800004F1180102A8FFF779FC02AA04F1200121
:106A90006846FFF773FC6A4604F1280102A8FFF775
:106AA0006DFCB8F1000FBDD106EB8716029C039B6D
:106AB000103E9DE800503268002084EA02070297E9
:106AC0003C0E726853400393B168F2688CEA01018E
:106AD000EB718EEA0202EF704FEA116EE9720E0C52
:106AE000EA73090A85F808E06E724FEA126E160C16
:106AF000A972120A85F80CE0190E6E73AA731E0CA7
:106B000029711B0A390C6E713A0AAB712C706970CD
:106B1000AA7004B0BDE8F0812DE9F047160784B0F3
:106B20000C9C0D9D59D1174680468A461E4669BB6E
:106B300042B303F1FF392068EE466168A268E3685A
:106B4000AEE80F002B46002122464046FFF71CFF0F
:106B50006B1E494605F10F0E13F8010F11F8012FB6
:106B6000734582EA00021A70F6D1EE46103F04F136
:106B7000100405F11005BEE80F0030607160B260CE
:106B8000F360D8D1002004B0BDE8F087002AF9D026
:106B9000013C03F1FF3949466A1E04F1100E14F856
:106BA000010F11F8013F744583EA000302F8013F29
:106BB000F5D12B462A4651464046FFF7E5FE2868A8
:106BC0006968103FAA6805F1100555F8043C30606B
:106BD0007160B260F360DED1D4E76FF02500D2E7D8
:106BE0002DE9F047089E9A4681461C68DDF824800E
:106BF0000A9FA9B17AB1013F15465CB3315D621CB1
:106C000018F8013B013D83EA010307F8013F3355C2
:106C100002F00F04F1D1CAF800400020BDE8F0876F
:106C2000002AF8D0154674B1335D611C18F8012BA9
:106C3000013D83EA020307F8013B325501F00F04DE
:106C4000E9D0002CF0D13346324601214846FFF707
:106C50009BFEE9E73346324601214846FFF794FEA2
:106C6000CCE700BF2DE9F84FDDF828909346146873
:106C70000B9FDDF8308089B182461E460D4694B1E7
:106C800019F80420013D17F8013B04F1010483EADF
:106C9000020304F00F0408F8013BF0D1CBF80040E8
:106CA0000020BDE8F88F32464B4601215046FFF7E1
:106CB0006BFE06F1100212F8013D0133DBB21370D6
:106CC000002BDDD19642F6D1DAE700BF2DE9F04F77
:106CD0004FF0000AFDB02022069051461FA80DF18A
:106CE0002C0B0DF13C091BF0B7FF4FEA6A06069B1F
:106CF0000AF00107B41C002B40F046814FEA8418CB
:106D0000E30000240593B04B03EB8615C03303EB7F
:106D100046130793059A29461FA81BF0B1FF424668
:106D20001FA937A8002F40F00C81FFF7CDFD079B6E
:106D3000DC46A64A234402EB040E186859684E4606
:106D40009A681034DB682035ACE80F00DEF80000EC
:106D5000DEF80410DEF80820DEF80C300FC65A46C4
:106D6000394627AB37A8FFF70FFE1022494627A860
:106D70001BF082FF002840F06181202CCAD1069BC5
:106D8000002B40F01C810AF1010ABAF1060FACD1C8
:106D9000069B002B40F0708100230893089B5C1039
:106DA00003F001030593A51C069B002B40F0FB801C
:106DB000AE01874B0FCB8BE80F00854B0FCB89E8DB
:106DC0000F00844BEA001FA803EB44111BF058FF8F
:106DD000059B32461FA937A8002B40F0E180FFF742
:106DE00073FD04EB440400267B4B03EB0413344691
:106DF00007937A4B5F46079A5D4603EB040C059BAD
:106E000002EB040A4E46CDF82490002B40F0A380FC
:106E100013AD9BE80F0085E80F00DAF80000DAF800
:106E20000410DAF80820DAF80C300FC7DCF800009C
:106E3000DCF80410DCF80820DCF80C300FC627ABB7
:106E40001022059937A8019313ABCDF800B0103488
:106E5000FFF762FE1022494627A81BF00DFF00280D
:106E600040F0EC80302CC4D1069B0546002B40F04E
:106E7000EC80089B0133062B08938FD1069B002BD7
:106E800040F0068100274FF01009DFF878B13C464A
:106E90004E46DDF818A0059507F001085048013767
:106EA000BAF1000F07D04F494F4BB8F1000F08BFA0
:106EB00019461BF0EDFE250100224C490DF15C0E38
:106EC0000BEB05030A920D4403F5F1630FCB8EE83B
:106ED0000F0095E80F001FAD85E80F00294604EB71
:106EE0004405802237A8FFF7A1FA414B2D01324615
:106EF00027A87C105919B8F1000F40F085801BF0CD
:106F0000BFFE27AB1BAA3146029337A8019317ABEC
:106F100000920AAAFFF7A6FE364B324627A8591957
:106F20001BF0AAFE002840F08980BAF1000F40F063
:106F30009080062F0BEB840300F09380D3F8086950
:106F4000AAE742461FA937A8FFF770FA1F4BDC4695
:106F5000079A2344EFE699E80F0013AE86E80F0086
:106F6000DCF80000DCF80410DCF80820DCF80C3059
:106F70000FC5DAF800004D46DAF80410DAF80820F8
:106F8000DAF80C300FC55AE7174B4FEA8418154A48
:106F900041461948002F08BF1A461BF079FEAFE69C
:106FA000FFF744FA1DE70599AE010F4B0D4A134850
:106FB000002908BF1A4631461BF06AFEF9E6104860
:106FC0001BF07EFEDFE600BF0C5C02602C5D026001
:106FD0004C5D02605C5D0260BC5D02604C5E026004
:106FE000A41D0020501800204C180020AC5E026048
:106FF000DC5E02606C5F02606C1D0020881D00205A
:1070000074180020F4560260234B324627A8591901
:107010001BF036FE27AB1BAA3146029337A801931B
:1070200017AB00920AAAFFF71DFE1C4B324627A899
:1070300059191BF021FE00283FF477AF069BFBB9DE
:10704000012528467DB0BDE8F08F15481BF038FEBD
:107050000FE713481BF034FE062F0BEB84037FF47D
:107060006DAF069B059D002BEBD00A201BF030FE78
:1070700028467DB0BDE8F08F0A201BF029FE8BE684
:10708000012508481BF01CFE28467DB0BDE8F08FA6
:107090000A201BF01DFEF5E66C5F0260DC5E0260FC
:1070A00074180020C41800202DE9F04F9BB00793FE
:1070B0002A9B0390022BDDF89890289E00F099817E
:1070C000102B00F296812A9BDB0700F19281249B12
:1070D000073B062B00F28D81B9F57F4F00F28981C5
:1070E0002A9BB9F1000F9DF890409246A3F102024D
:1070F0008B4608BF0023C4F10E0118BF402352087D
:10710000C4F10F041AAF43EAC2030DF13900CAB249
:107110000799E4B215460992249A2B43C5F10F054D
:10712000089407F8303D04951BF0AAFD791912AABE
:107130005346279D02F8013D8A424FEA1323F9D1B5
:107140002795002B40F055810DF137011A4612ACFE
:107150009E46084606910DF147011293139305913F
:107160001493159301E014F801EF10F8013F013278
:107170008EEA0303102A01F8013FF4D112AB0DA8E7
:10718000279500901946039800F0F4FC0446002867
:1071900040F00C81B9F1000F71D04B46C9F30728BC
:1071A0000E940DF13A000E2B7C60BC6028BF0E23BC
:1071B000FC6025991A460A938DF839908DF838802D
:1071C0001BF05EFD059B22463846279D194601E0CF
:1071D00010F8018F13F8014F013288EA0404102AD5
:1071E00001F8014FF4D10DAB2795039D009312AB2D
:1071F0002846194600F0BEFC002840F0D7800A9AC5
:10720000B9EB020319463AD01346259ACDF828B0B7
:1072100004461344CDF82CA028960DF15708994642
:10722000AB46DDF818A00E46102E354649463846C6
:1072300028BF10253C607C602A46BC60FC601BF0C7
:107240001FFD5046059911F8012F10F8013F4145E7
:1072500083EA02030B70F6D10DAB1022584600935F
:1072600012AB194600F086FC002840F09F80761B88
:10727000A944D9D1DDF828B0DDF82CA0289E9DF8CE
:1072800024300DF1680907990DF15900249A09F885
:10729000103D1BF0F5FC249B0021089A581C484423
:1072A0001BF0DAFC01238DF86730BAF1000F58D0DB
:1072B0000DF15708279D5446102C28BF1024BBF110
:1072C000000F21D1294622463846C7F800B0C7F83A
:1072D00004B0C7F808B0C7F80CB01BF0D1FC069892
:1072E000059911F8012F10F8013F414583EA020387
:1072F0000B70F6D10DAB10220398009312AB194618
:1073000000F038FC002851D10DAB102249460398FB
:1073100000933B4600F02EFC002847D103461AAAF2
:10732000295C1A44013312F8302CDBB24A409C42EB
:1073300032541846F3D8BBF1010F3AD0049B2644CF
:107340002544C4EB0A0A1AAA09EB030112F8013D0D
:107350000133DBB213700BB99142F7D1BAF1000FD0
:10736000A9D1049B00224B4419461AAB03F8012D06
:107370009942FBD10DAB49460398102200933B463E
:1073800000F0F8FB90B90DF15701059B069813F832
:10739000014F10F8012F994282EA04021A70F6D1C7
:1073A0002A9A12A929981BF06BFC00201BB0BDE89B
:1073B000F08F00233146224638463B607B60BB603D
:1073C000FB601BF05DFC0698059911F8012F10F881
:1073D000013F414583EA02030B70F6D10DAB102249
:1073E0000398009312AB194600F0C4FB0028A5D007
:1073F000DCE76FF00C001BB0BDE8F08F40220021ED
:107400001BF02ABC2DE9F04105461746084601222B
:1074100019461E4600F0A6FAA8B143690446102B8F
:1074200011D1284600F0B6FA2146284600F0C2FAEB
:1074300008B1BDE8F0813246394628460123BDE84F
:10744000F04100F0E3BA6FF00C00BDE8F08100BF3E
:1074500010B5044600F09EFA40212046BDE81040D9
:107460000AF07CBB30B589B0119D9DB106951C46D4
:107470000E9D13460A46109903950D9D05910295A0
:107480000F990C9D049100218DE83000FFF70CFE50
:1074900009B030BD6FF00C00FAE700BFF0B589B05D
:1074A0000F9E119C0E9F109D02960494139E129C99
:1074B000009313460A46002101970395059406960A
:1074C000FFF7F2FD09B0F0BD2DE9F0418CB0884620
:1074D0000121129F08AD139E159C01970296149FDF
:1074E000179E00931346059542460397049406960B
:1074F000169DFFF7D9FD80B996B1014603460CAA47
:10750000695C1A44013312F8102CDBB24A409E42E7
:10751000194640EA0200F2D820B90CB0BDE8F0816B
:107520003046FAE7204641460AF018FB6FF00E009D
:10753000F3E700BFF0B50A9C05AD95E8E0401CB14B
:10754000BDE8F040FFF7C0BF6FF00C00F0BD00BF1A
:107550002DE9F04FA5B040220021814614A81BF070
:107560007BFB14A88023534A0221FFF74BFF00BB8B
:10757000514F082304264FF0010A089307F10C032A
:1075800007F130053446099307F118034FF0070B54
:10759000B8460A9307F124030B93B9F1000F67D1A2
:1075A00096B9B9F1000F7FD10124204625B0BDE87E
:1075B000F08FB9F1000FF7D0012440481BF068FBB1
:1075C000204625B0BDE8F08F0CAF3D4B0899224610
:1075D00003933B19029114A83A49059301910021A4
:1075E0000696CDF800B00497374BFFF75DFD0028F5
:1075F000D7D1A219294638461BF03EFB0028D0D12E
:107600002A19089805965B462E4E2146019014A82B
:107610000492A6F12402039702950096FFF754FF07
:107620000028BED122463846A6F118011BF024FBE3
:1076300004460028B5D1B9F1000F31D1BAF1030FDA
:1076400005F120051BD0099B0AF1010A58F804BF77
:107650001A4652F8043F08930A9B099253F8044FC4
:107660000A930B9B53F8046F0B93B9F1000F97D05B
:10767000514616481BF00CFB002E92D0A4E714A82C
:1076800000F088F914A840210AF068FAB9F1000F57
:107690008BD00A201BF01CFB204625B0BDE8F08FE4
:1076A0000B481BF00DFBC9E70A4801241BF008FB3F
:1076B0007BE700BF0860026018600260C01D002008
:1076C000B4600260CC600260A8600260D41D00203B
:1076D00074180020C4180020891A0BD030B400247C
:1076E000CDB2234601330444DBB2A55499421C4673
:1076F000F8D830BC704700BF48B3F0B4B2FA82F497
:10770000640934BB431813F8016CB6FA86F38F1B77
:107710005B091760B14238BF43F0010389B10138FA
:107720002246974210F8014F02F101028CBF00255A
:1077300001257440914214FB05F443EA0403DBB2D3
:10774000EFD1002B044808BF0020F0BC704703486D
:1077500070470248F9E700BF009EFFFF009FFFFF50
:10776000891A8023012983540BD930B401240025C0
:10777000234601330444DBB2A55499421C46F8D891
:1077800030BC704770B48D1A012D0AD90124013A1A
:107790000026234601330444DBB2A6549D421C4616
:1077A000F8D8084400F8015C70BC704740B3F0B4EE
:1077B000B2FA82F464092CBB4D1E475DB7FA87F319
:1077C000CE1B5B091660B9422CBF194643F001017C
:1077D00085B1013823469E4210F8014F03F10103A1
:1077E0008CBF002201229D4214FB02F241EA0201F9
:1077F000C9B2F0D10029044808BF0020F0BC70478E
:10780000024870470148F9E7009EFFFF009FFFFF15
:107810008A4206D202440144002302F8013B8A4214
:10782000FBD1704728B1B2FA82F0400908B9116063
:1078300070470148704700BF009FFFFF20B3F0B4BE
:10784000B2FA82F56D090DBB1560D9B146182F4605
:10785000802016F8014D0139002C0CBF3C4647F042
:10786000010484EA0703274601FB03F4254315605E
:10787000347814FB03F34340D8B20029E9D108B9A6
:10788000F0BC70470248FBE7024870470148F7E741
:10789000009EFFFF009FFFFFE0B170B4B2FA82F5D7
:1078A0006D09CDB9156091B108442E4610F8013D1F
:1078B000002B0CBF334646F0010383EA06041E4644
:1078C00001FB04F3013945EA03051560EED1002000
:1078D00070BC7047014870470048F9E7009FFFFF00
:1078E000094803686BB9094A094913782BB141F873
:1078F000043B12F8083F002BF9D1002201230A6053
:1079000003600348704700BF20F5002078A902609B
:1079100060F6002070B578B1084C656855B1064630
:1079200001E0656835B13146A86808341BF098F964
:107930000028F6D1284670BD0546FBE778A902600D
:10794000074B5A6852B11978814204D106E013F806
:10795000081F814202D0DA68002AF8D11046704729
:1079600078A9026030B4084C636853B19D6908344B
:107970002D788542F8D15D688D42F5D15D789542CC
:10798000F2D1184630BC704778A90260402200212D
:107990001BF062B968B110B50446C06B18B123681A
:1079A0009B691B6A984720464021BDE810400AF0B9
:1079B000D5B87047E9B170B5B0FA80F406466409ED
:1079C000ACB90D46402221461BF046F9AB69DB6994
:1079D0009847F06378B16B783560022B01D0204670
:1079E00070BD064A2046064BF260336170BD054803
:1079F00070BD04487047044870BD00BFD976006070
:107A0000F9760060009FFFFF809EFFFFF0B130B469
:107A10000468C4B12569AD0712D5012B4260037219
:107A200009D06578033D022D05D963B9A369C06B00
:107A30009B6930BC1847A369C06B5B6930BC1847B1
:107A400065689542E9D0024830BC704700487047ED
:107A5000009FFFFF0346002827D002685278022AC1
:107A600023D1042923D8DFE801F0080E141A0300FB
:107A70000020104AD8601A6170470F4900200F4A51
:107A8000D9601A6170470E4900200E4AD9601A6108
:107A900070470D4900200D4AD9601A6170470C49A2
:107AA00000200C4AD9601A6170470B4870470B4898
:107AB000704700BF25780060D9760060F9760060D5
:107AC000617700603D78006085770060AD77006089
:107AD0001178006099780060009FFFFF809FFFFF92
:107AE000C8B138B50368A3B199B1102A0FD81C6981
:107AF000E4070AD4DD68AA420BD304462A4628309C
:107B00001BF0BEF8A563002038BD1546F5E7034815
:107B100038BD034838BD0248704700BF809FFFFF53
:107B2000009FFFFF28B103681BB100234362184682
:107B300070470148704700BF009FFFFFB0B1036866
:107B4000A3B15B78062B01D00020704730B51546F5
:107B500083B00C46836B90F9081000F12802C06BCB
:107B60008DE8300005F03CFC03B030BD00487047A4
:107B7000009FFFFF2DE9F04F85B00E9D002800F01B
:107B800082800F4604460168002D7CD01646B1FA6B
:107B900081F25209002A76D148782A600128D1F86A
:107BA000149024D0062800F08780B9F1000F00F06F
:107BB000D0809F4298465ED0022826D0032800F04D
:107BC0008480052874D1896904F11402E06B04F102
:107BD0002803CDF808808DE8840004F124020C69A4
:107BE0003146A04700B92E6005B0BDE8F08F4E4584
:107BF0007ED189693A462E604D68E06B94F9081091
:107C0000AC4605B0BDE8F04F604794F90830002B52
:107C10003BD0012B606A03D1C0EB09039E423CD3E9
:107C2000002867D1002E45D0B6FBF9FA09FB1A6A85
:107C3000BAF1000F00F08480CAEB0606524604F148
:107C40001400B9191BF01CF8636A53446362002ED8
:107C500030D094F90810226804F12803E06B94698D
:107C600032468DE88001A468A0470028BCD12B686B
:107C70001E442E60B8E7636A2BB9B6FBF9F309FB23
:107C80001363002B98D03448AEE7E368606A002B9A
:107C9000C2D0C0EB09039E42C2D8204432463946C6
:107CA00014301AF0EDFF636A00201E4466629BE701
:107CB0002A4899E7002097E73A463146E06B2E6064
:107CC00005B0BDE8F04F05F051BCD1F818E004F163
:107CD000280294F9081004F12403E06B8DE8840174
:107CE0003246DEF80C40A04700287FF47DAF7AE7EB
:107CF0001B4879E7C0EB090A204439465246143044
:107D00001AF0BEFFA64694F9081004F128035EF8A5
:107D100014CB4A46E06BDCF818C0CDF800E0CDF893
:107D20000480DCF808B0D84700287FF45DAF2B68EA
:107D3000C8445744CAEB06064B442B60606271E7A7
:107D400094F90810002986D1E368002B83D0CA4635
:107D500072E7044848E700BF009FFFFF809FFFFFD6
:107D6000809DFFFF809CFFFF002872D02DE9F0412D
:107D7000046882B0002A6ED0B4FA84F35B09002B49
:107D800069D165781360EB1E042B1DD9A5F1090399
:107D9000B3FA83F35B09BBB92678483E012E17D9A5
:107DA000012D3DD0022D52D10E4690F90810074604
:107DB000154601290ED06269436A9A4238D0C268DA
:107DC000002A42D1002B40D1002002B0BDE8F08152
:107DD0001846FAE7C3681BB3816B00F11408002949
:107DE00031D07A6A404698473B68F86B99695A697E
:107DF0008C6897F90810019607F12803CDF80080E8
:107E0000A0470028E1D197F90830BBB939683B6930
:107E100001B149692A46304602B0BDE8F041184731
:107E2000436A0E48002B08BF002002B0BDE8F08175
:107E3000A36907F11408C06B9C68DCE73B6803B1D9
:107E40005B692B60C0E7E168CBE70448BDE7044805
:107E5000BBE7044870470348B7E700BF809DFFFFBA
:107E6000809FFFFF009FFFFFB8B130B404688CB162
:107E7000B1FA81F35B096BB990F90850012D09D172
:107E80006478062C02D0184630BC7047C06B30BCFA
:107E900005F0E4BB024830BC70470148704700BFA2
:107EA000009FFFFF60B330B5046885B034B390F92C
:107EB00008501DBB6478062C02D0002005B030BDF0
:107EC000102A1BD80C46C06B6946154605F0C6FB48
:107ED0000028F3D1002DF0D021466C464A1911F844
:107EE000015B14F8013B914283EA050340EA030079
:107EF000C0B2F4D10028E0D00248DFE70248DDE755
:107F000001487047009DFFFF009FFFFF30B585B01F
:107F10001D460446FFF7E4FD60B9F4B12368E3B100
:107F20000A9B2946606220460093089A099BFFF746
:107F300021FE08B105B030BD0A9B204603AA19688E
:107F4000099B1944FFF710FF0028F3D10A9B1A6818
:107F5000039B13440A9A1360ECE7014805B030BD57
:107F6000009FFFFF2DE9F0431D4603689046079EE2
:107F70005B78089F062B099CDDF828E00B9ADDF85A
:107F800030C0DDF8349016D0082B11D1C06B4346B9
:107F900014600A46CDF830902146CDF82CC0CDF8BB
:107FA00028E0099708960795BDE8F043FFF75ABA0D
:107FB0000B48BDE8F083C06B0B46146001212246DC
:107FC000CDF834C0CDF83090CDF82CE00A97099662
:107FD0000895CDF81C80BDE8F04305F0CDBB00BF8F
:107FE000809FFFFF30B51C46036887B05B78062B87
:107FF0001ED0082B19D113460E9AC06B15460C9A49
:108000002A600A460D9D109903950B9D05910295D6
:108010000F990A9D04910C998DE83000FFF78AFAB8
:1080200010F10F0F1CD007B030BD0E4807B030BDA7
:1080300013460E9AC06B15460C9A2A600A46109D8C
:108040000D9903950F9D059102950B990A9D049139
:108050000C998DE8300005F0B7FB10F1120FE2D15A
:108060000148E0E7809FFFFF009DFFFFFAF736BA67
:1080700010B45DF8044BFAF73FBA00BF30B430BC1F
:10808000F9F7F8BE30B430BCF9F780BFF9F70ABC95
:10809000F9F7ECBA13460A46022105F0F1B800BF21
:1080A00013460A460221FFF7ADB900BFFEF76CBCCC
:1080B00010B45DF8044BFEF72FBD00BF30B430BCE8
:1080C000FEF78EBD30B430BCFEF7CCBDFEF7FCBB76
:1080D000FEF7ACB913460A46052105F0D1B800BF3A
:1080E00013460A460521FFF78DB900BF11461A460F
:1080F00000F0EEB811461A4600F062BA10B45DF80E
:10810000044B00F001BA00BF10B45DF8044B00F05E
:10811000A9BC00BF00F0BCBE00F0B4BE00F020BFA0
:1081200000F00EBF00F072BF00F060BF10B5044653
:1081300000F090F82046BDE810401AF081BD00BF65
:1081400010B5044600F07AF82046BDE810401AF059
:1081500077BD00BF10B50446FFF77AF92046BDE8A9
:1081600010401AF06DBD00BF10B5044605F064FB69
:108170002046BDE810401AF063BD00BF10B50446AC
:10818000FEF74EF92046BDE810401AF059BD00BF79
:1081900010B50446F9F764FA2046BDE810401AF01D
:1081A0004FBD00BF10B54FF4C07101201AF074FD2F
:1081B000044608B100F048F8204610BD10B58021F3
:1081C00001201AF069FD044608B100F033F820469A
:1081D00010BD00BF10B5402101201AF05DFD04461E
:1081E00008B1FFF70BF9204610BD00BF10B54FF4E2
:1081F000C47101201AF050FD044608B105F03AF8A8
:10820000204610BD10B54FF48A7101201AF044FDCC
:10821000044608B1FEF7FEF8204610BD10B54FF435
:108220008C7101201AF038FD044608B1F9F712FAF2
:10823000204610BD802200211AF00EBD10B1802111
:1082400009F08CBC704700BF4FF4C07200211AF0D7
:1082500003BD00BF18B14FF4C07109F07FBC704777
:10826000431E0549073013F8012F520883428A5CE8
:108270001A70F8D1704700BFACB0026010B4431E52
:10828000084C073013F8012F5108615C914205D169
:108290009842F7D100205DF8044B704701205DF84B
:1082A000044B7047ACB0026070B5084C054604F151
:1082B000800608222046294614441AF0DDFC18B135
:1082C000B442F6D1002070BD012070BD2CB1026017
:1082D0002DE9F04F91F805C000F110074D7890306E
:1082E0004FEA0C4691F800E02D0491F804C0CC79D7
:1082F00046EA0C6C8E7845EA0E6ECD784CEA0404A2
:1083000091F806C04EEA05057E4B44EA0C2C45EA7E
:1083100006258CEA151101F00F3185EA01148CEA6B
:10832000010C8CEA144189B28CEA010684EA01410D
:1083300081EA960C0CF0333C81EA0C0186EA8C0C45
:1083400081EA1C2404F0FF148CEA042C61404FEAFB
:10835000FC7581EA050C0CF0AA3C81EA0C0185EA67
:108360000C0C4FEAF17457F8101C103757F81C6CBE
:108370008CEA010E57F8185C86EA3C1657F8141C74
:108380000EF03F0BCEF3052906F03F0ACEF3054869
:1083900003EB8B0BCEF3056E03EB8A0AB842DBF8D6
:1083A00000B103EB8909DAF800A203EB8808D9F8D9
:1083B000009303EB8E0E8BEA0A0BD8F800A4C6F3E9
:1083C0000528DEF800E58BEA090BC6F3054903EB47
:1083D0008808C6F305668BEA0A0B03EB8909D8F80F
:1083E00000A603EB86068BEA0E0ED9F80087D6F8B6
:1083F00000688EEA0A0E8EEA080E8EEA060684EA05
:10840000060485EA040581EA3411C5F3052905F05F
:108410003F08C5F3054AC5F3056503EB890901F07B
:108420003F0E03EB8808C1F30526D9F8009303EB50
:108430008A0AD8F8008103EB8505DAF800A403EB7B
:108440008E0E89EA0808D5F80055C1F30549C1F335
:10845000056188EA0C0CDEF800E203EB81018CEA8E
:108460000A0803EB8606D1F800C803EB890988EAFD
:108470000508D6F80066D9F8005788EA0E0181EAA7
:10848000060181EA050181EA0C0C7FF46CAF4FEA2A
:108490007C0C002084EA0C0303F0AA3384EA030175
:1084A0008CEA030C4FEA71048CEA142303F0FF13E7
:1084B00084EA03218CEA030C8CEA910303F0333342
:1084C0008CEA030C81EA830383EA1C4189B28CEABB
:1084D00001444B4083EA141101F00F314B4084EA10
:1084E00001110C0ED1701E0ED3710D0C1470090AFF
:1084F00016711C0C55701B0A917054719371BDE874
:10850000F08F00BFACB002602DE9F043560783B096
:108510000A9C0B9D51D1012916460746994628D041
:108520001AB303F1FF3820686B4661682A4603C31B
:1085300021463846FFF7CCFE6A1E434605F1070E7A
:1085400012F8010F13F8011F724581EA0001117042
:10855000F6D16B46083E04F1080405F1080503CB8B
:10856000C9F80000C9F80410DDD1002003B0BDE84F
:10857000F083002AF9D0013C03F1FF3841466A1E1E
:1085800004F1080E14F8010F11F8013FA64583EA23
:10859000000302F8013FF5D12A462946384608353E
:1085A000FFF796FE55F8082C55F8043C083EC9F82C
:1085B0000020C9F80430E1D1D7E76FF03100D5E7EA
:1085C0002DE9F04F96464B794A7883B006460D78F0
:1085D000120401901B0400F1100A087942EA0565B3
:1085E000CA7806F1900C43EA0060CB792A438D7873
:1085F0000343887942EA0525AF4C43EA002383EA26
:10860000151101F00F314B4085EA011283EA124146
:1086100089B283EA010082EA014181EA900303F012
:108620003333594080EA830381EA132202F0FF12B8
:1086300083EA022351404FEAF37281EA020303F016
:10864000AA33594053404FEAF1715AF8100C0AF11D
:10865000100A5AF81C5C58405AF8186C85EA331511
:108660005AF8142C00F03F0BC0F3052705F03F0823
:10867000C0F3054904EB8B0BC0F3056004EB8808DD
:10868000D445DBF800B104EB8707D8F8008204EB8F
:108690008909D7F8007304EB80008BEA0808D9F841
:1086A00000B4C5F3052988EA0708D0F8007504EB83
:1086B000890988EA0B00C5F30548C5F3056580EA1A
:1086C000070004EB8808D9F8007604EB850580EAFA
:1086D0000700D8F80077D5F8005880EA070080EA4C
:1086E000050081EA000181EA06004FEA3115C0F376
:1086F000052800F03F06C0F3054782EA050204EBB7
:108700008808C0F3056004EB8606D8F8008304EB04
:108710008707D6F8006104EB8000D7F8009402F0D8
:108720003F0788EA0608D0F80005C2F3052604EBE7
:10873000870788EA0303C2F30548D7F8007204EB01
:10874000860683EA090304EB8808D6F80066C2F3BC
:10875000056283EA0003D8F8000704EB820283EA8B
:108760000703D2F8002883EA060383EA000383EABA
:1087700002037FF46AAF019A02F5887A01E04FEABA
:1087800031155CF80C2C0CF1100C5CF8200C5540E9
:108790005CF8186C48405CF8142C05F03F08E24582
:1087A00000F03F0BC0F3052704EB8808C0F3054930
:1087B00004EB8B0BC0F3056004EB8707D8F800824D
:1087C000DBF800B104EB8909D7F8007304EB8000F3
:1087D0008BEA0808D9F800B4C5F3052988EA070828
:1087E000D0F8007504EB890988EA0B00C5F3054849
:1087F000C5F3056580EA070004EB8808D9F8007620
:1088000004EB850580EA0700D8F80077D5F8005812
:1088100080EA070080EA050083EA000383EA060095
:108820004FEA3315C0F3052800F03F06C0F30547B3
:1088300082EA050204EB8808C0F3056004EB8606B3
:10884000D8F8008304EB8707D6F8006104EB8000BA
:10885000D7F8009402F03F0788EA0608D0F8000530
:10886000C2F3052604EB870788EA0101C2F3054835
:10887000D7F8007204EB860681EA090104EB880848
:10888000D6F80066C2F3056281EA0001D8F8000755
:1088900004EB820281EA0701D2F8002881EA06018E
:1088A00081EA000181EA02017FF469AF019A1E4664
:1088B00002F5C87004E000BFACB002604FEA3615A4
:1088C0005AF80C3C0AF1100A5AF8207C5D405AF81C
:1088D000182C77405AF8143C05F03F09504507F032
:1088E0003F0BC7F3052804EB8909C7F3054C04EBDC
:1088F0008B0BC7F30567D9F8009204EB8808DBF807
:1089000000B104EB8C0CD8F8008304EB87078BEAEA
:10891000090BDCF80094C5F3052CD7F800758BEA39
:10892000080BC5F3054804EB8C0CC5F305658BEA11
:10893000090B04EB8808DCF800C604EB85098BEA18
:10894000070BD8F80057D9F800788BEA0C0888EAAA
:10895000050585EA070581EA050182EA010283EA45
:108960003113C2F3052802F03F0CC2F30549C2F3EC
:10897000056204EB880803F03F0704EB8C0CC3F39B
:108980000525D8F8008304EB8909DCF800C104EB65
:108990008202D9F8009404EB870788EA0C0CD2F81D
:1089A0000025C3F30548C3F305638CEA0606D7F830
:1089B000007204EB830386EA090C04EB8505D3F807
:1089C000006804EB88088CEA020CD5F80056D8F849
:1089D00000278CEA070383EA050383EA020386EA99
:1089E00003067FF46BAF4FEA7603002081EA0304AD
:1089F00004F0AA3461405C404FEA710284EA122319
:108A000003F0FF1382EA03215C4084EA910303F040
:108A100033335C4081EA830383EA144292B284EAEE
:108A20000241534083EA111202F00F32534081EAAF
:108A30000212110E8EF803201D0E8EF80730140C52
:108A40008EF80010120A8EF80450190C8EF80140AE
:108A50001B0A8EF802208EF805108EF8063003B03F
:108A6000BDE8F08F2DE9F043560783B00A9C0B9DBB
:108A700051D1012916460746994628D01AB303F169
:108A8000FF3820686B4661682A4603C32146384692
:108A9000FFF796FD6A1E434605F1070E12F8010F17
:108AA00013F8011F724581EA00011170F6D16B467F
:108AB000083E04F1080405F1080503CBC9F80000DD
:108AC000C9F80410DDD1002003B0BDE8F083002A0E
:108AD000F9D0013C03F1FF3841466A1E04F1080E4B
:108AE00014F8010F11F8013FA64583EA000302F8CC
:108AF000013FF5D12A46294638460835FFF760FD83
:108B000055F8082C55F8043C083EC9F80020C9F86F
:108B10000430E1D1D7E76FF03100D5E72DE9F04F10
:108B200091F801E008304A7900250F784FEA0E43AA
:108B30000C79120443EA076ECB79CF7842EA0462DB
:108B40008C794EEA07071A4391F802E042EA0424BE
:108B5000CB4E47EA0E2383EA141202F00F32534041
:108B600084EA021283EA020101F010314B405140C5
:108B7000C1F3436E0A0F03F00F04C3F3036C06EB5B
:108B8000820206EB8E0ED2F8408906EB840406EBD7
:108B90008C0CDEF840E95F0FD4F80099C1F3430272
:108BA000DCF8004906EB87074EEA081CC1F3432EA8
:108BB00006EB8208C3F3032244EAC904D7F80099FC
:108BC00006EB8E0ED8F8407944EA091406EB8202CF
:108BD000DEF84099C1F3434E4CEAC708D2F80029A9
:108BE000C3F3034C06EB8E0E44EA820748EA89047D
:108BF000DEF8408906EB8C02C1F3031EC3F3431C6D
:108C000044EA480406EB8E0ED2F80029DEF84089CB
:108C100047EA4202C1F3033E06EB8C07C3F3433C31
:108C2000C1F30351D7F80079C3F3435306EB8C0C1F
:108C300006EB8E0E42EAC717DCF8009906EB8303B9
:108C4000DEF8402944EAC81406EB8101D3F800C9D4
:108C500044EA821447EA8913D1F8402943EA4C13C5
:108C600044EA421223F0704322F07042082D18BFEC
:108C7000012D40F3FA800F2D00F0F7809C0E910E2D
:108C800044EA830341EA820223F0704322F07042F7
:108C9000D90302F400771E0102F480791C0701F069
:108CA000005C4FEA434B06F0105604F080544FEA44
:108CB000833A0BF0805B4FEA834826439C024BEAE1
:108CC0000C0C0AF0006A04F0006E46EA09094CEA4E
:108CD000070C9F0549EA0A0908F002784CEA0E0CD5
:108CE00007F080664FEA930E49EA08084FEA831AB4
:108CF0004CEA06070EF000794FEA432B5E000AF0BB
:108D0000807A47EA09074FEAC32C48EA0A0A06F0C4
:108D1000807E0BF400181E044FEA530B47EA0E0E38
:108D20004AEA080806F400160BF4801B04F48024B9
:108D30004EEA060E4FEAC30948EA0B0B0CF4801CFE
:108D40004FEA830801F400314BEA040B4EEA0C0CA5
:108D500008F4003609F4002E9F0A01354FEA9319F2
:108D60004BEA06084CEA0E0C07F48037560B09F460
:108D7000802948EA07074FEA12184CEA090906F465
:108D800000564FEA131C08F480583E4349EA01019B
:108D90000CF4803C4FEA821E970846EA08080EF45D
:108DA000006E41EA0C0107F400575608140248EA25
:108DB0000E0839434FEA923E06F4806604F480546C
:108DC00040F608090EF4007748EA06060C430EEA5E
:108DD00009094FEA52184FEA522C3E4344EA09016E
:108DE00008F02008970A0CF4806C4FEAC21E46EA8D
:108DF000080607F010074FEAD20941EA0C010EF409
:108E0000807E4FEAD21A46EA070841EA0E0E09F0C0
:108E10000806970C0AF0200A48EA060809F011092A
:108E200007F00407960E4EEA0A0E940048EA070778
:108E300006F002064EEA090E04F00404510D3E430A
:108E40004EEA0404C2F3006701F00201102D46EA65
:108E5000070600F1080041EA040140F8106C40F8F0
:108E60000C1C7FF403AFBDE8F08FDC0ED10E44EA9A
:108E7000430341EA420223F0704322F0704207E7C5
:108E8000ACB0026008B5FFF749FE002008BD00BF86
:108E900038B50446FFF742FE04F140052046221D86
:108EA00023469C6F083052F8041C083B42F8044CDF
:108EB0000832D3F88440C3F8801050F8041C40F8FE
:108EC000044CA842C3F88410EBD1002038BD00BF89
:108ED000F8B515460C4607461146FFF71FFE05F18B
:108EE000080104F18000FFF719FE3B46A646214623
:108EF00038460022856FAEF1080E0838083344F872
:108F000022500831D0F8845041F8045CDEF800515A
:108F100053F8046C9D67DEF80451DD6757F8225062
:108F2000C3F8FC60C3F8F85054F82260023251F8DC
:108F3000045C202AC1F8F860C1F8FC50DAD1F8BD11
:108F400000B5E1B00A466946FFF7C2FF68464FF434
:108F5000C07108F003FE002061B05DF804FB00BFA3
:108F600000B5E1B00A4601466846FFF7B1FF684622
:108F70004FF4C07108F0F2FD002061B05DF804FB11
:108F800070B516460D4604461146FFF7C7FD05F1BC
:108F9000800006F10801FFF7C1FD06F1100104F59C
:108FA0008070FFF7BBFD29462046A4F180052346CB
:108FB0000A46D3F87841083B083908301460083273
:108FC000D3F8844142F8044CD1F800418467D1F8C9
:108FD0000441C467D3F88040C2F8F840D3F8844015
:108FE0009D42C2F8FC40E4D170BD00BF00B5E1B0C5
:108FF0000A466946FFF7C4FF68464FF4C07108F09F
:10900000ADFD002061B05DF804FB00BF00B5E1B02C
:109010000A4601466846FFF7B3FF68464FF4C07141
:1090200008F09CFD002061B05DF804FB0021802267
:109030002DE9F04FADF5697D0E468246DFF82C93A1
:1090400008A802ACDFF8288319F006FE28A84FF420
:10905000C072314619F000FE771006F0010BBAF12C
:10906000000F0FD07A1C002FBC48C2EBC2020CBF0D
:1090700020213321BBF1000F0CBF4B464346D200E9
:1090800019F006FEB64A731E92E8030084E8030056
:10909000042B00F29080DFE813F089007D0071005E
:1090A0000500400188AD28A9AE4A2846FFF768FFB1
:1090B00028464FF4C07108F051FD42F2107503E0EC
:1090C000FFF706F9013D0BD02246214608A8002FE4
:1090D000F6D02246214628A8FFF772FA013DF3D1C7
:1090E000BBF1000F40F000819F490822204601EBB0
:1090F000C70119F0C1FD002840F00981BAF1000F45
:1091000040F0F4800136062EA6D1BAF1000F40F0EF
:1091100020814FF0000B0DF1180804AD4FEA6B07EA
:109120000BF00109BAF1000F10D07A1C002F8F4B01
:10913000C2EBC2028E4E0CBF202133218D48B9F103
:10914000000F18BF3346D20019F0A2FD8A4A0BF176
:10915000FF3392E80300503A88E8030085E80300F3
:1091600092E8030084E80300042B00F2AC80DFE8FF
:1091700013F0A500AF0072002700E40088AD28A816
:10918000784A2946FFF7A4FE28464FF4C07108F03C
:10919000E5FC92E788AD28A9724A2846FFF798FEB9
:1091A00028464FF4C07108F0D9FC86E76D4908A83D
:1091B000FFF7B4FC81E76B4908A8FFF769FE7CE77D
:1091C00088AE28A9674A3046FFF7DAFE30464FF4EA
:1091D000C07108F0C3FCB9F1000F4AD142F2107619
:1091E00004E00094FFF790F9013E0FD043460822B7
:1091F000394608A80194002FF3D043460094082272
:10920000002128A8FFF72EFC013EEFD15B49082280
:10921000204601EBC70119F02FFD002877D1BAF1E4
:10922000000F40F086800BF1010BBBF1060F7FF4BD
:1092300075AFBAF1000F40F0A98008A8802108F0AE
:109240008DFC28A84FF4C07108F088FC50460DF53D
:10925000697DBDE8F08F88AE28A8424A3146FFF705
:1092600037FE30464FF4C07108F078FCB9F1000FBA
:10927000B4D042F2107988AE11E00094FFF744F9BF
:10928000B9F1010995E8030086E8030094E80300BA
:1092900085E8030096E8030084E803002AD04346EB
:1092A0000822012108A80194002FE6D0434600942B
:1092B0000822012128A8FFF7D5FBE1E7294908A8E2
:1092C000FFF72CFC87E7274908A8FFF7E1FD82E7B5
:1092D00088AE28A9234A3046FFF7FAFD30464FF4FE
:1092E000C07108F03BFC76E72549FEE6254819F0F9
:1092F000E7FC07E795E80300234B082284E8030016
:1093000003EBC701204619F0B7FC002887D0BAF15B
:10931000000F41D14FF0010A8FE788AD28A8114A0C
:109320002946FFF72DFE28464FF4C07108F016FCC1
:10933000C3E6144819F0C4FC75E788AE28A8094AAA
:109340003146FFF71DFE30464FF4C07108F006FCB1
:1093500041E70A2019F0BCFCDBE600BF70200020CA
:109360002CBA026034BA02604CBA02604C18002079
:1093700050180020882000207CBA02609CBA02604D
:1093800064BA02607418002084BA02600A204FF0A8
:10939000000A19F09DFC50E702484FF0010A19F04D
:1093A0008FFC4AE7C41800200B6870B5D41A012C52
:1093B00015DD1C789E1C5B78921B0E6043EA04242A
:1093C00094420CDC0D4622463146FAF7FDFD18B9F1
:1093D0002B681C442C6070BDA0F5445070BD014842
:1093E00070BD00BF80CFFFFF70B586B006460D464A
:1093F0006846FAF7DDFB03A8FAF7DAFB68460221B4
:10940000FAF740FD044640B16846FAF7D9FB03A8D5
:10941000FAF7D6FB204606B070BD2946022203A803
:10942000FBF744F904460028EED169463046FAF7C6
:1094300097FF002805DB304603A9FAF791FF0028C3
:10944000E2DD014CE0E700BF80CFFFFF7C2200217E
:1094500019F002BC2DE9F041061D05460C461746E1
:109460003046FFF7A1FF18B103461846BDE8F0816A
:109470003A46214605F11000FFF796FF0028F3D188
:1094800005F134083A4621464046FFF78DFF002893
:10949000EAD140463146FFF7A7FF044608B103462C
:1094A000E3E73046FAF78AFD23462860DDE700BF90
:1094B0002DE9F04F041D87B006468B46204600215B
:1094C00017469846FAF7BEFF00283DD006F11C0962
:1094D0004FF00C0A119B5946109A4846FBF7EEFFD5
:1094E00018B129E0FAF71EFE30BB21464846FAF7CC
:1094F00037FF00284FF001014846F3DABAF1010ABC
:1095000020D02146FFF770FF0028E3D106F14C037D
:1095100006F1280A06F1100B054600934A4650460C
:1095200059462346FBF7FCFD30B921465046FFF76C
:109530005BFF58B1054601E0A0F54655284607B047
:10954000BDE8F08F264DF9E7264DF7E7BB1C204616
:109550000293FAF733FD81465846FAF72FFD029041
:109560005046FAF72BFD4A460390B91C2046FAF7FD
:1095700061FD0028E0D1BB1C4FEA192287F8019059
:1095800058464B443A70029A991C05930491FAF795
:1095900051FD059B0028CFD10299BC1C0498039A69
:1095A00000EB010B090A504604F809100BF1020AFE
:1095B0009DF8084051465C70FAF73CFD0028BBD18D
:1095C000039802998244020A049BC7EB0A075A5483
:1095D0008BF80100C8F80070C6F80090AEE700BF35
:1095E00080CEFFFF80CFFFFF002A18BF0029F8B50B
:1095F0001AD0C8B1071D054616463846FAF762FB71
:10960000044618B1A4F556542046F8BD314605F17C
:109610001000FAF757FB04460028F3D13846FAF752
:10962000CDFC28602046F8BD004CEDE780CFFFFF61
:1096300068B162B110B50468A24206D83430FAF7B6
:10964000C3FC18B1A0F5485010BD024810BD014838
:10965000704700BF80CFFFFF2DE9F04F83B0002897
:1096600053D0B3FA83F46409002C4ED10568AB42A1
:109670004BD8051D06468846214628461F46934678
:10968000FAF7E0FE002840D006F11C044FF00C0968
:109690000D9B41460C9A2046FBF710FF18B12EE0B7
:1096A000FAF740FD58BB29462046FAF759FE002834
:1096B0004FF001012046F3DAB9F101092BD0294618
:1096C000FFF792FE82460028E2D106F14C0306F134
:1096D0002808224606F11001009340462B46FBF76E
:1096E0001FFD60B929464046FFF77EFE08B182465D
:1096F00007E03A4659464046FAF79CFC08B1A0F507
:109700004A5A504603B0BDE8F08FDFF810A050462B
:1097100003B0BDE8F08FDFF808A0F2E780CFFFFFCD
:1097200080CDFFFF2DE9F04F87B000286ED0046890
:1097300094426BD8061D00F1340904460F46484692
:1097400031469846FFF750FE20B10446204607B048
:10975000BDE8F08F03A8FAF72BFA109B002B00F05E
:10976000908004F11C0A04F1700550462946FAF76E
:10977000F7FD00283CD104F1580501212846FAF7ED
:1097800061FE002840F0A5804FF00C0B3046FAF740
:1097900015FC119B0146109A2846FBF78FFE18B165
:1097A0002BE0FAF7BFFC40BB31462846FAF7D8FD5C
:1097B00000284FF001012846F3DABBF1010B00F05D
:1097C000A880FAF73FFE0028E0DD04F1640B324682
:1097D00029465846FCF70AF978B904F14C0033469B
:1097E0005246594600905846FBF79AFC00B304E0F5
:1097F00028465146FAF766FA50B1A0F54C5403A832
:10980000FAF7DEF9204607B0BDE8F08F424C9DE73D
:1098100004F1580501212846FAF734FB0028ECD161
:1098200004F1640B01215846FAF72CFB0028E4D11F
:109830002A46494603A8FAF751FF0028DDD103A9BB
:1098400032460846FBF7F8FA0028D6D104F1400565
:109850004C34524633460094284603A9FBF760FC7B
:109860000028CAD15A4629462846FAF737FF002869
:10987000C3D1324629462846FBF7DEFA0028BCD180
:1098800013E0494603A8FAF71DFA0028B5D104F100
:109890004C0104F14005334604F11C0200912846B6
:1098A00003A9FBF73DFC0028A7D12846FAF786FB61
:1098B000024639462846C8F80020FAF7BBFB0446A2
:1098C00003A8FAF77DF9002C3FF440AFA4F54C54FF
:1098D0003CE72A4629462846FAF700FF00288CD1A3
:1098E000324629462846FBF7A7FA002885D104F11D
:1098F000640B5A4659465846FAF7F0FE00287FF4A2
:109900007CAF324659465846FBF796FA00288FD06E
:1099100073E7024C73E700BF80CFFFFFF2CCFFFF7D
:1099200010B504467030FAF74BF904F16400FAF709
:1099300047F904F15800FAF743F904F14C00FAF73B
:109940003FF904F14000FAF73BF904F13400FAF76B
:1099500037F904F12800FAF733F904F11C00FAF79B
:109960002FF904F11000FAF72BF9201DFAF728F966
:1099700020467C21BDE8104008F0F0B82DE9F04108
:109980008EB006460C4608A8059205F0B7FF05996B
:1099900019B1631813F8013C63B32144302306AABC
:1099A00007A80794F9F796F8B0B1A0F54E5508A8A6
:1099B00006F07AF94DB928460EB0BDE8F08110F5F1
:1099C000845F53D008A806F06FF93046FFF7A8FF70
:1099D00028460EB0BDE8F081079C371D069B07A8FE
:1099E0003A461C442146F9F799F9054698B1A5F580
:1099F0004E55DCE705AA0193009308A8029223467E
:109A00001B4A1C4905F080FF05460028D7D109995B
:109A1000089C0591C1E706F11002214607A8F9F755
:109A20007DF905460028E2D1079B9C4216D00BA881
:109A3000FAF7BEF80BAA214607A8F9F76FF9804696
:109A40000BA8FAF7BDF8B8F1000F02D0A8F54E55F3
:109A5000ADE7079B9C4201D0074DA8E73846FAF7CF
:109A6000ADFA306008A806F01FF9A4E7059994E75D
:109A7000A0200020BC2000201ACCFFFF10B5A0B011
:109A800004467C22002101A819F0E6F86CB9FB22FB
:109A90000F4901A8FFF772FF041C18BF012401A899
:109AA000FFF73EFF204620B010BD0A4819F0F0F83D
:109AB000FB22074901A8FFF761FF044620B10648D1
:109AC000012419F0FDF8EAE7044819F0F9F8E6E78F
:109AD000B4BA0260DC200020C4180020081900205D
:109AE00002F09EB92DE9F0418CB016460546884635
:109AF00003A81F4601F074F93146284601F0AAFD7B
:109B0000044630B103A801F093F920460CB0BDE83B
:109B1000F081139B2846129A03A9019333460092C1
:109B20003A4602F095F804460028EBD103A801F06C
:109B300043FC28B9404603A9FAF7C4F80446E1E714
:109B4000004CDFE780B0FFFF4FF49A72002119F05C
:109B500083B800BF08B310B5044601F079F904F1E9
:109B6000880001F065F904F1AC0001F061F904F13D
:109B7000E00001F05DF904F5827001F059F904F19B
:109B80007C00FAF71DF804F1D000FAF719F804F593
:109B90009470BDE81040FAF713B870472DE9F04310
:109BA00085B0002837D0856D0446002D33D000F1F4
:109BB000880699460D9B90460F463246009300F169
:109BC0007C010C9B02F02CF9054618B1284605B023
:109BD000BDE8F0834B46424602A9204601F014FD41
:109BE00020B10546284605B0BDE8F083029B31460A
:109BF000D4F8DC20204608EB0306C3EB090403ABD2
:109C00000194009601F0BCFC0028EAD1029A039B63
:109C100013443B60DAE7014DD8E700BF80B0FFFF97
:109C200070B515460A680C460646AA1A01F0C0FC33
:109C300000B170BD2368224606F1AC013046EB1A34
:109C4000BDE8704001F082BC70B5144605460E4672
:109C500001F058F948B9012C10D0BCB906F18801BF
:109C600005F1880001F036F900B170BD06F17C0104
:109C700005F17C00BDE87040FAF724B806F18801D0
:109C800005F1AC00BDE8704001F024B90048ECE7F4
:109C900080B0FFFF2DE9F04182B01E46DDF824E0E0
:109CA000089BE8B1876D0446D7B100F188071546D7
:109CB0008846CDF800E000F17C013A4602F0B0F8A9
:109CC00010B102B0BDE8F081D4F8DC20434639463B
:109CD00020460996089502B0BDE8F04101F050BC5D
:109CE0000048EEE780B0FFFF30B583B0019170B15E
:109CF00015460C46134600F1AC0101AA01F026FC02
:109D000018B90199091B8D4201D103B030BD01483A
:109D1000FBE700BF80B0FFFF2DE9F04182B0DDF826
:109D200020E0DDF824C040B300F1D0081D461746FE
:109D30000E46CDF804C000F17C03CDF800E04146AA
:109D400000F1AC020446FFF7CDFE10B102B0BDE851
:109D5000F0814046FAF732F9A8420ED8A26D394692
:109D6000404612F0070318BF012303EBD202326012
:109D700002B0BDE8F041FAF75DB90148E6E700BF7F
:109D800080B0FFFFF8B5C46D05460E46084607349F
:109D90001146E4089C4228BF1C462246FAF714F9F3
:109DA0000746C0B9E400E96D8C420DD84C35304609
:109DB0002946FAF7D5FA00280DDB2A463146304607
:109DC000BDE8F840FAF732BC611A3046FAF7AAF952
:109DD0000028EBD007463846F8BD00BF2DE9F04F0C
:109DE000456D97B0DDF88C80002D00F0CA800C46E0
:109DF00005460121184699469346FAF723FB0028A9
:109E000045DB05F14C0648463146FAF7A9FA002829
:109E10003DDA0C230DA8029300F0E2FF04A8F9F745
:109E2000C7FE07A8F9F7C4FE0AA8F9F7C1FECDF8E6
:109E30008C80B046239E0C2702E0FAF703FB50BB50
:109E40000DAA04A900962846229B01F0E9FF42468C
:109E50000DA9D0B92046FAF7EFFFB0B9013F01468E
:109E60002046EAD1484B0DA8029300F0E1FF04A878
:109E7000F9F7A6FE07A8F9F7A3FE0AA8F9F7A0FECE
:109E8000029B184617B0BDE8F08F0346EBE73F484A
:109E900017B0BDE8F08F219B07A9209A2846FFF74D
:109EA00071FF03460028DED14FF01F0AEF6D3346E5
:109EB000229A0AA80737FF083946FBF7FFFA00285D
:109EC000E3D1E96D0AA8C1EBC701FAF72BF901212B
:109ED0000028DAD1BAF1010A0AA850D0FAF7B2FA8A
:109EE000002841460AA8E1DBFAF73AFA0028DDDA51
:109EF0004A4621465846FAF7F1FB03460028B2D1FC
:109F000007A95A460846FAF769FB03460028AAD172
:109F100007A90AAA0846FAF7E1FB03460028A2D1DE
:109F200004A90AAA0846FAF7D9FB034600289AD1E1
:109F3000424604A95846FBF759FD0346002892D132
:109F400007AA59465846FAF7C9FB034600288AD1A2
:109F5000424659465846FAF76FFF0346002882D119
:109F6000029A013A02923FF47DAF014603905846AF
:109F7000FAF768FA039B00283FF45DAF73E70248E5
:109F800080E703487EE700BF00B3FFFF80B3FFFF19
:109F900080B0FFFF2DE9F047B8B0064688469146ED
:109FA0009DF808011F46F46D04F080F9002841D0A7
:109FB0000734824604A8E408F9F7FAFD1FA803F065
:109FC000C5FE07A922463846FAF734F8054648B1D7
:109FD0001FA804F013F804A8F9F7F2FD284638B0DA
:109FE000BDE8F087419B04A9409A3046FFF7CAFEBE
:109FF00005460028ECD107AB224604A81919FAF748
:10A0000019F805460028E3D1630007AA51461FA8A6
:10A0100003F0F4FE084C419A1FAB4099304603937D
:10A020003B4601924A46009141460294FFF7D6FE14
:10A030000546CDE70148D2E7E9DF006080B0FFFFC9
:10A040002DE9F04399B005461F4688460FA8914672
:10A0500000F0C6FE03A8F9F7ABFD06A8F9F7A8FDC6
:10A0600009A8F9F7A5FD0CA8F9F7A2FD6B6D002B67
:10A0700000F0878001212098FAF7E4F9002807DB37
:10A0800005F14C0620983146FAF76AF9002813DBEF
:10A090003D4C0FA800F0CCFE03A8F9F791FD06A8EF
:10A0A000F9F78EFD09A8F9F78BFD0CA8F9F788FDE3
:10A0B000204619B0BDE8F08301212198FAF7C2F9D2
:10A0C0000028E5DB31462198FAF74AF90028DFDA63
:10A0D0003946284601F0BEFA04460028D9D14B463D
:10A0E000424603A92846FFF74DFE04460028D0D17A
:10A0F0003246219906A8FBF779FC04460028C8D10E
:10A1000006AA03A909A8FAF7E9FA04460028C0D16B
:10A1100009A932460846FAF78FFE04460028B8D14E
:10A1200006AA20990CA8FAF7D9FA04460028B0D15B
:10A130000CA932460846FAF77FFE04460028A8D14B
:10A140000CAA019705F12803284600920FA909AA35
:10A1500001F0E2FD044600289BD10FA801F02CF984
:10A16000002895D10FA932460846FAF765FE044645
:10A1700000288ED120990FA8FAF7F2F8002888D08D
:10A1800086E7024895E700BF00B2FFFF80B0FFFFFF
:10A19000F0B5A7B004460F4615461E4605A8F9F7C8
:10A1A00007FD08A8F9F704FD04F17C032046029797
:10A1B000019608AA009505A9FFF7ECFE044640B1F8
:10A1C00005A8F9F7FDFC08A8F9F7FAFC204627B026
:10A1D000F0BD0DF1950326AD08AA0BA945F8883D01
:10A1E0002846F8F719FF061E21DB05AA0BA9284609
:10A1F000F8F712FF002818DB06440BA92846324660
:10A20000F8F76EFE071E14DB0BA928463022F8F77C
:10A21000DDFE031E0FDB3E4404992C981E4432469B
:10A2200018F02EFD2D9B1E60CAE70446C8E7344691
:10A23000C6E73C46C4E71C46C2E700BF70B584B021
:10A2400000249DF82450089E009313460A46294690
:10A25000019603940294FFF79BFF04B070BD00BF0A
:10A26000F0B58BB004460E461746109D04A8029325
:10A270001D44F9F79DFC07A8F9F79AFC294602A8A6
:10A28000302303AAF8F726FC50B9029A039B134423
:10A290009D4210D104AA294602A8F8F73FFD60B1FB
:10A2A000A0F59F4404A8F9F78BFC07A8F9F788FCF0
:10A2B00020460BB0F0BD0E4CF4E702A807AA2946D1
:10A2C000F8F72CFD0028EBD107AB20463A46314683
:10A2D000019304AB009304F18803FFF7B1FE044639
:10A2E0000028DFD1029A034B954218BF1C46D9E7DC
:10A2F0001AB0FFFF00B4FFFF70B582B015461E46CE
:10A30000044602F06DFE10B1012002B070BD00964F
:10A310002B4604F1880204F17C01204601F080FD07
:10A32000003018BF012002B070BD00BF70B50546F7
:10A330000E4600F0E7FD044638B906F17C0105F150
:10A340007C00F9F7BFFC044620B1284600F0B2FDBE
:10A35000204670BD06F1880105F1880000F0BAFDC5
:10A3600004460028F1D1F3E700F050BD00F0A2BD93
:10A3700038B54B6E0446A3B303680D46002B29DBAA
:10A380002046F9F7F3FDAB6DB0EB430F27D86B6EAA
:10A3900020469847E8B9043508E0FAF753F82A460A
:10A3A000214660B12046FAF719F990B923680021D7
:10A3B00020468B42F1DB02E0FAF7C8F848B929469B
:10A3C0002046F9F7CDFF00282A4621462046F3DA39
:10A3D000002038BD0021FAF735F80028D0D0044815
:10A3E00038BD0A1D0146BDE83840FAF725BD00BF5B
:10A3F00080B0FFFF2DE9F0410E4686B007460021F0
:10A4000006F118052846FAF71DF810B906B0BDE8A0
:10A41000F0816846F9F7CCFB03A8F9F7C9FB684659
:10A420003A1D2946FBF7E2FA044648B16846F9F7B7
:10A43000C7FB03A8F9F7C4FB204606B0BDE8F081CE
:10A440006A46694603A8FAF749F904460028EDD19F
:10A45000394603A8FFF78CFF04460028E6D1DFF851
:10A46000948003AA31463046D8F800300133C8F84A
:10A470000030FAF733F904460028D7D13946304680
:10A48000FFF776FF04460028D0D1D8F800300C360C
:10A4900003AA013331463046C8F80030FAF71EF9F6
:10A4A00004460028C2D139463046FFF761FF044612
:10A4B0000028BBD1D8F800306A4631463046013317
:10A4C000C8F80030FAF70AF904460028AED1394638
:10A4D0003046FFF74DFF04460028A7D1D8F80030DA
:10A4E000012128460B44C8F80030F9F7CBFC04469C
:10A4F0009CE700BF0CF1002070B584B0054601F167
:10A500000C04164601A8F9F753FB291D224601A8A1
:10A51000FAF78CF8054668B901462046F9F792FF2C
:10A5200001A900280CBF002206F001022046F9F71D
:10A5300029FC054601A8F9F743FB284604B070BD85
:10A540002DE9F04FBD4C8DB006468846236868461D
:10A55000154601332360F9F72BFB03A8F9F728FB15
:10A5600006A8F9F725FB09A8F9F722FBB369002B28
:10A5700000F0FA802A46294603A8FAF7AFF8044605
:10A5800078B16846F9F71CFB03A8F9F719FB06A890
:10A59000F9F716FB09A8F9F713FB20460DB0BDE843
:10A5A000F08F314603A8FFF7E3FE04460028E8D108
:10A5B000DFF88C92032203A96846D9F800300133F2
:10A5C000C9F80030FAF7FCF904460028D9D1371D44
:10A5D00004E0F9F7BBFF04460028D2D139466846AB
:10A5E000F9F7BEFE00283A4669466846F1DA06F1F8
:10A5F000100A00215046F9F725FF002840F032816B
:10A6000005F10C0A06A852465146FAF767F80446C7
:10A610000028B6D1314606A8FFF7AAFE0446002856
:10A62000AFD1D9F80030012106A80B44C9F8003099
:10A63000F9F726FD044628B1A3E7F9F787FF04469A
:10A6400000289ED1394606A8F9F78AFE06A90028F7
:10A650003A460846F1DA0A4603A82946FAF73EF8D0
:10A66000044600288DD1314603A8FFF781FE044639
:10A67000002886D1D9F80030012103A80B44C9F87D
:10A680000030F9F7FDFC044630B17AE7F9F75EFFD8
:10A69000044600287FF475AF394603A8F9F760FE39
:10A6A00003A900283A460846F0DA06AA09A8114686
:10A6B000FAF714F8044600287FF463AF314609A87E
:10A6C000FFF756FE044600287FF45BAFD9F8003050
:10A6D000012109A80B44C9F80030F9F7D1FC044660
:10A6E00030B14EE7F9F732FF044600287FF449AF56
:10A6F000394609A8F9F734FE09A900283A46084660
:10A70000F0DA6A46694606A8F9F7E8FF0446002829
:10A710007FF437AF314606A8FFF72AFE044600282B
:10A720007FF42FAFD9F8003006A903AA01330846F9
:10A73000C9F80030F9F77AFF044600287FF421AF0A
:10A74000069B002106A88B4280F2E980F9F77AFE89
:10A750003A4606A9002800F0E28006A8F9F73EFF75
:10A7600004460028ECD00CE705F1180203A81146B6
:10A77000F9F7B4FF044600287FF403AF314603A87D
:10A78000FFF7F6FD044600287FF4FBAEDFF8B0903B
:10A7900003AA294606A8D9F800300133C9F80030C9
:10A7A000F9F71CFF044600287FF4EBAE371D05E0E7
:10A7B000F9F7CCFE044600287FF4E3AE394606A83C
:10A7C000F9F7CEFD06A900283A460846F0DA03AAB2
:10A7D000294609A8F9F72AFF044660B1D1E6F9F73E
:10A7E00031FE3A4609A958B109A8F9F7F7FE04461F
:10A7F00000287FF4C6AE099B002109A88B42EEDB3E
:10A8000009AA06A903A8F9F769FF044600287FF4FE
:10A81000B8AE314603A8FFF7ABFD044600287FF42D
:10A82000B0AED9F80030032203A968460133C9F855
:10A830000030FAF7C5F8044650B1A2E628EA002035
:10A840000CF10020F9F782FE044600287FF499AE4F
:10A8500039466846F9F784FD00283A466946684655
:10A86000F0DACDE605F1180203A81146F9F736FF34
:10A87000044600287FF485AE314603A8FFF778FD33
:10A88000044600287FF47DAED9F8003003AA06A85C
:10A89000DFF8E0B101331146C9F80030F9F71EFFC7
:10A8A000044600287FF46DAE314606A8FFF760FD30
:10A8B000044600287FF465AEDBF80030524606A956
:10A8C00003A80133CBF80030F9F708FF044600284D
:10A8D0007FF457AE314603A8FFF74AFD044600282F
:10A8E0007FF44FAEDBF8003003AA694668460133B7
:10A8F000CBF80030F9F772FE044630B141E6F9F7C3
:10A9000025FE044600287FF43CAE39466846F9F738
:10A9100027FD00283A4669466846F0DA70E606A93F
:10A9200003AA0846F9F782FE044600287FF429AE00
:10A93000069B002106A88B420BDAF9F783FD3A4605
:10A9400006A930B106A8F9F749FE04460028EFD061
:10A9500017E603A906AA0846F9F768FE0446002888
:10A960007FF40FAE039B002103A88B420BDAF9F7AB
:10A9700069FD3A4603A930B103A8F9F72FFE044652
:10A980000028EFD0FDE503A96A460846F9F7A6FEC0
:10A99000044600287FF4F5AD314603A8FFF7E8FC34
:10A9A000044600287FF4EDADD9F8003003A909AAC8
:10A9B00001330846C9F80030F9F738FE044600288C
:10A9C0007FF4DFAD039B002103A88B420BDAF9F77C
:10A9D00039FD3A4603A930B103A8F9F7FFFD044653
:10A9E0000028EFD0CDE505F11802514609A8F9F786
:10A9F00075FE044600287FF4C4AD314609A8FFF770
:10AA0000B7FC044600287FF4BCADD9F80030012122
:10AA100009A80B44C9F80030F9F732FB04460028B6
:10AA20007FF4AFAD394609A8F9F79AFC09A90028C7
:10AA30003A46084605DBF9F789FD04460028F1D0BF
:10AA40009FE506A94046F9F73DF9044600287FF442
:10AA500098AD03A908F10C00F9F734F90446002871
:10AA60007FF48FAD08F1180009A9F9F72BF9044616
:10AA700087E500BF0CF100202DE9F04F012A8DB0D1
:10AA8000019140F2138180460C211046144618F0C3
:10AA900003F905460090002800F00E8103A8F9F79D
:10AAA00087F806A8F9F784F809A8F9F781F8019E54
:10AAB000284631681831F9F705F98346002840F037
:10AAC000DC8005F10C0A7D4F012556F8042FAAF110
:10AAD0000C01504601351832DFF8E091F9F7FEFD20
:10AAE00041468346002840F0C88050460AF10C0ACF
:10AAF000FFF73EFC8346002840F0BF803A68AC4236
:10AB000002F101023A60E0D104EB4405009B08F138
:10AB1000040203A8AD00A5F10C011944FAF766FF81
:10AB20008346002840F0A980A5F11806019A009BF1
:10AB3000671E02EB840A4D461E44002F00F09680EB
:10AB4000324603A906A8F9F7C9FD8346002840F05C
:10AB50009480414606A8FFF70BFC8346002840F08E
:10AB60008C80D9F8003003A95AF8042C0133084628
:10AB70001832C9F80030F9F7B1FD834600287CD1BE
:10AB8000414603A8FFF7F4FB8346002875D12B68E4
:10AB900001332B6006AA09A81146F9F79FFD8346E9
:10ABA00000286AD1414609A8FFF7E2FB8346002846
:10ABB00063D1D9F8003009AA5AF8041C01330846B9
:10ABC000C9F80030F9F78AFD8346002855D141467F
:10ABD0005AF8040CFFF7CCFB834600284DD15AF8F5
:10ABE000041C09AA2B680C31013308462B60F9F7C5
:10ABF00075FD8346002840D15AF8040C41460C30BC
:10AC0000FFF7B6FB8346002837D15AF8041C06AA82
:10AC10002B680C31013308462B60F9F75FFD834642
:10AC200058BB5AF8040C41460C30FFF7A1FB834691
:10AC300018BB2B68D8F8081001335AF8040C2B60A5
:10AC4000F9F702F88346C0B95AF8040CD8F808108E
:10AC50000C30F8F7F9FF834678B95AF8040D0C3E2A
:10AC60001830F8F7ADFF47B1013F66E703A906A822
:10AC7000F9F728F8834600288CD003A8009EF8F73F
:10AC80009FFF06A8F8F79CFF09A80025F8F798FF92
:10AC900001353046F8F794FF0C36AC42F8D10098F5
:10ACA00017F0CEFF58460DB0BDE8F08F0968FFF7EA
:10ACB000A1FB0DB0BDE8F08F0148F4E70CF10020D6
:10ACC00080B2FFFF2DE9F84F0E46994682461546A1
:10ACD000C3F3450701F10C084FF0000B5FFA8BF44A
:10ACE000294630460BF1010BE41BB4FA84F46409E5
:10ACF0002246F9F747F805F10C012246243570B9D0
:10AD00004046F9F73FF850B9BBF1020FE6D14FEAE0
:10AD1000D91231465046BDE8F84FFFF7EDBBBDE80C
:10AD2000F88F00BF00487047B0BB026070B40B4D95
:10AD30002B6883B90A4E032204240A49304601E0F5
:10AD400014460A7B013300F8014B0C31002AF7D17D
:10AD50000121F2542960024870BC7047C8F00020FD
:10AD60009CEC0020B0BB026004280CD00323074AEF
:10AD700002E0834205D0137B0C32002BF9D1184638
:10AD80007047104670470148704700BFB0BB026073
:10AD900018280DD00322074B03E05A88824205D0C1
:10ADA0001A7B0C33002AF8D11046704718467047BA
:10ADB00000487047B0BB026038B50546064C0748EE
:10ADC00003E014F80C0F30B1A068294617F048FFD3
:10ADD0000028F6D1204638BDB0BB0260F420002028
:10ADE00068B110B50446F8F7E3FE04F10C00F8F77B
:10ADF000DFFE04F11800BDE81040F8F7D9BE704737
:10AE000018B17C22002117F027BF704778B17C224F
:10AE1000002110B5044617F01FFF04F17C00F8F77D
:10AE2000C7FE04F18800BDE81040FFF7D9BF7047A6
:10AE300068B110B50446F8F7C3FE04F10C00F8F74A
:10AE4000BFFE04F11800BDE81040F8F7B9BE704726
:10AE500070B3036E012B70B5044612D00430F8F7BE
:10AE6000AFFE04F11000F8F7ABFE04F11C00F8F798
:10AE7000A7FE04F12800FFF7DBFF04F14C00F8F710
:10AE80009FFE606F70B1A36F53B100252E4628441A
:10AE90000136FFF7CDFFA36F2435606FB342F6D8BC
:10AEA00017F0CEFE20467C21BDE8704006F056BE6D
:10AEB000704700BF68B110B50446FFF7C9FF04F141
:10AEC0007C00F8F77DFE04F18800BDE81040FFF734
:10AED000AFBF704738B504460D46F8F7F3FE00B132
:10AEE00038BD05F10C0104F10C00F8F7EBFE002869
:10AEF000F6D105F1180104F11800BDE83840F8F763
:10AF0000E1BE00BF097802F06BB800BF10B50121A7
:10AF10000446F8F7B7FF00B110BD012104F10C00A1
:10AF2000F8F7B0FF0028F7D1014604F11800BDE89A
:10AF30001040F8F7A7BF00BF2DE9F04FDFF874E429
:10AF4000164697B08046DEF8002006F118040F463A
:10AF50000021013220461D46CEF80020F9F772FA92
:10AF6000002847D02B6A83B105F118090021484613
:10AF7000F9F768FA002844D02B6A33B1484601211A
:10AF8000F9F760FA002840F0DB8001A8F8F710FE1E
:10AF900004A8F8F70DFE07A8F8F70AFE0AA8F8F7C4
:10AFA00007FE0DA8F8F704FE10A8F8F701FE13A895
:10AFB000F8F7FEFD2246214601A8F9F78FFB8246ED
:10AFC00030B301A8F8F7FCFD04A8F8F7F9FD07A8CD
:10AFD000F8F7F6FD0AA8F8F7F3FD0DA8F8F7F0FD6D
:10AFE00010A8F8F7EDFD13A8F8F7EAFD504617B0E2
:10AFF000BDE8F08F29463846FFF76CFF17B0BDE873
:10B00000F08F31463846FFF765FF17B0BDE8F08F87
:10B01000414601A8FFF7ACF982460028D1D1DFF8FC
:10B020009093224601A904A8D9F800300133C9F849
:10B030000030F9F753FB82460028C2D1414604A8EC
:10B04000FFF796F982460028BBD1D9F8003001A954
:10B050002A4601330846C9F80030F9F73FFB82461B
:10B060000028AED1414601A8FFF782F982460028A8
:10B07000A7D1D9F8003004A905F10C020133084624
:10B08000C9F80030F9F72AFB8246002899D14146D9
:10B0900004A8FFF76DF98246002892D1D9F8003054
:10B0A00001A9324601330846C9F80030F9F7BEFA63
:10B0B0008246002885D108F104050BE0F9F7C2F9B2
:10B0C0002A4601A958B101A8F9F788FA8246002852
:10B0D0007FF477AF019B002101A88B42EEDB04A92E
:10B0E00006F10C0508462A46F9F7A0FA8246002820
:10B0F0007FF467AF08F1040B0BE0F9F7A3F95A46A8
:10B1000004A958B104A8F9F769FA824600287FF427
:10B1100058AF049B002104A88B42EEDB002101A85C
:10B12000F9F790F9014668B904A8F9F78BF90028F6
:10B1300075D1324639464046FFF702FA824640E76B
:10B140009A4854E7214601AA13A8F9F7C7FA82469C
:10B1500000287FF436AF414613A8FFF709F982466D
:10B1600000287FF42EAFD9F8003001AA07A8904C30
:10B1700001331146C9F80030F9F7B0FA82460028C9
:10B180007FF41FAF414607A8FFF7F2F88246002878
:10B190007FF417AF236801AA07A90AA80133236027
:10B1A000F9F79CFA824600287FF40BAF41460AA8C3
:10B1B000FFF7DEF8824600287FF403AF236807A973
:10B1C0003246013308462360F9F788FA82460028A0
:10B1D0007FF4F7AE414607A8FFF7CAF88246002879
:10B1E0007FF4EFAE2368022207A901A80133236090
:10B1F000F9F7E6FB824600287FF4E3AE08F1040489
:10B20000214601A8F9F7ACF801A900282246084612
:10B210000ADBF9F79BF982460028F1D0D1E63846DF
:10B22000FFF774FE8246CCE604AA0DA81146F9F792
:10B2300055FA824600287FF4C4AE41460DA8FFF7B8
:10B2400097F8824600287FF4BCAED9F800300DA9EB
:10B2500001AA01330846C9F80030F9F7E7F9824638
:10B2600000287FF4AEAE0D9B00210DA88B420BDAB7
:10B27000F9F7E8F822460DA930B10DA8F9F7AEF9B3
:10B2800082460028EFD09CE60DA90AAA0846F9F7E5
:10B29000CDF9824600287FF494AE0D9B00210DA8C5
:10B2A0008B420BDAF9F7CEF822460DA930B10DA882
:10B2B000F9F794F982460028EFD082E607A90DAA93
:10B2C0000846F9F7B3F9824600287FF47AAE079B67
:10B2D000002107A88B420BDAF9F7B4F8224607A938
:10B2E00030B107A8F9F77AF982460028EFD068E66E
:10B2F00007A904AA0846F9F7F1F9824600287FF465
:10B3000060AE414607A8FFF733F8824600287FF475
:10B3100058AED9F800300AA92A46254D013308460F
:10B32000C9F80030F9F7DAF9824600287FF449AE0F
:10B3300041460AA8FFF71CF8824600287FF441AE78
:10B340002B680AAA07A910A801332B60F9F76EF938
:10B35000824600287FF435AE109B002110A88B4256
:10B360000BDAF9F76FF8224610A930B110A8F9F7F7
:10B3700035F982460028EFD023E60DA93846F8F7C4
:10B38000A1FC824600287FF41CAE10A907F10C0036
:10B39000F8F798FC824600287FF413AE07F11800F6
:10B3A00013A9F8F78FFC82460BE600BF80B0FFFFC1
:10B3B0000CF10020B4E8002008B500211830F9F79E
:10B3C00041F8B0FA80F0400908BD00BF38B5044626
:10B3D0000D46F8F7C5FF70B905F10C0104F10C003A
:10B3E000F8F7BEFF38B905F1180104F11800F8F7B5
:10B3F000B7FF00B938BD014838BD00BF80B0FFFFBE
:10B4000070B51E4604460D46F9F7ECF900B170BD63
:10B410003246294604F10C00F9F7E4F90028F6D188
:10B4200004F118000121BDE87040F8F72BBD00BF02
:10B43000012A2DE9F843089FDDF824802FD80D4616
:10B44000814600211E4605F118001446F8F7FAFF60
:10B4500038B9B8F1000F38D0012338703360BDE837
:10B46000F88309F10400F8F7A9FD8146D4B9430037
:10B4700001339845336028D30423394602462846D1
:10B4800001F8013BF8F7D6FD50B909F1010105F1CA
:10B490000C004A463944BDE8F843F8F7CBBD0C48E8
:10B4A000BDE8F883431C984533600ED3002105F1B5
:10B4B0000C00F8F703FD3946831C4A46284601F87C
:10B4C000013BBDE8F843F8F7B5BD0248BDE8F88395
:10B4D00080B0FFFF00B1FFFF83B3F8B5147834B933
:10B4E000012B19D10846BDE8F840FFF70FBD1546FE
:10B4F00004301C460E46F8F761FD2B780746042BF6
:10B500001ED1430001339C4206D10246691C3046DD
:10B51000F8F75AFD10B1F8BD0A48F8BD791C3A4653
:10B5200006F10C002944F8F74FFD0028F3D106F18D
:10B5300018000121BDE8F840F8F7A4BC01487047A5
:10B540000148E8E780B0FFFF80B1FFFF012B12D96F
:10B5500070B414681646621C3260257845B15C1ED2
:10B56000A54205D854192B46346070BCFFF7B4BF10
:10B57000024870BC70470148704700BF80B0FFFFB1
:10B58000F0B583B0099C089E74B1013C771C1D4640
:10B5900001940097FFF74CFF20B92B6833702B689C
:10B5A00001332B6003B0F0BD0048FBE780B0FFFF24
:10B5B000022A21D90A68531C0B601378032B1BD174
:10B5C00030B4941CD51C0C6054780D60927842EA1B
:10B5D0000424182C0CD01946084B03E05A88A242C8
:10B5E00007D0197B0C330029F8D1054830BC7047CF
:10B5F000042130BC01F0F4BC02487047B0BB0260CB
:10B6000080B1FFFF80B0FFFF30B40578042D0CD06F
:10B6100003200E4C02E0854208D0207B0C34002829
:10B62000F9D1A0F59F4030BC7047084C0320022B95
:10B63000086008D91070002063881B0A5370638863
:10B64000937030BC70470248FBE700BFB0BB02609C
:10B6500000B1FFFF2DE9F0410C4686B006460121FE
:10B6600004F11800F8F7EEFEB8BB336BCBB3F36B05
:10B67000BBB3014605462046F8F7E4FE00282CDB64
:10B6800004F10C0729463846F8F7DCFE002824DBD5
:10B6900006F1040820464146F8F762FE00281CDA4D
:10B6A00041463846F8F75CFE002816DA6846F8F797
:10B6B0007FFA03A8F8F77CFA3A4639466846F9F764
:10B6C0000DF8054688B16846F8F77AFA03A8F8F746
:10B6D00077FA284606B0BDE8F081474806B0BDE8D5
:10B6E000F081464806B0BDE8F08131466846FEF775
:10B6F0003FFE05460028E6D1414F2246214603A8D9
:10B700003B6801333B60F8F7E9FF05460028DAD1D2
:10B71000314603A8FEF72CFE05460028D3D13B682E
:10B72000B26901333B60002A47D003A906F1100239
:10B730000846F8F753FF05460028C4D104E0F8F79F
:10B7400005FF05460028BED1414603A8F8F708FECC
:10B7500003A9002842460846F1DA03A92246084612
:10B76000F8F7BCFF05460028ADD1314603A8FEF727
:10B77000FFFD05460028A6D13B6803A906F11C027F
:10B78000013308463B60F8F729FF054600289AD1A7
:10B7900002E0F8F7DBFE68BB414603A8F8F7E0FDDE
:10B7A00003A9002842460846F3DA6846124DF8F726
:10B7B000D7FD002808BF002585E703A90322084616
:10B7C000F8F774FF054600287FF47DAF0CE0F8F72A
:10B7D00039FE424603A90028BFD003A8F8F7FEFEB1
:10B7E000054600287FF46FAF039B002103A88B421E
:10B7F000EDDBB2E7054666E780B3FFFF80B0FFFFF1
:10B800000CF100202DE9F04F8846CBB019461E46BA
:10B8100091460546FFF71EFF0446002840F095803C
:10B82000286B00284ED0E86B00284BD004A805F107
:10B830004C0AF8F7BDF907A8F8F7BAF921465046BF
:10B84000F8F73CFB012840F08480EF6D24210220B2
:10B85000013717F021FA834601907F0800287AD03B
:10B860003146FFF737FB044600287CD10BF1240654
:10B8700059463046FFF72EFB044678B9002F76D0A4
:10B88000834601E05F4572D03246314628460BF1CF
:10B89000010BFEF755FE0028F4D00446019D284612
:10B8A000FFF7C6FA3046FFF7C3FA284617F0C8F983
:10B8B00004A8F8F785F907A8F8F782F94046FFF7DA
:10B8C000B7FA20464BB0BDE8F08FFEF739FE019A7B
:10B8D00010A9002840F02A811BF807302846FFF7FE
:10B8E000F1F910AB42464146002840F01F8128463E
:10B8F000FFF722FB002840F01981013F42464146F4
:10B9000028467B1CE1D110A8FFF792FA029A414623
:10B910002846FEF7F1FD04460028BFD141462846DF
:10B92000FEF768FD019D04462846FFF781FA304680
:10B93000FFF77EFA284617F083F904A8F8F740F9D4
:10B9400007A8F8F73DF9002CB8D120464BB0BDE868
:10B95000F08FAC48B6E704A8AB4CF8F731F907A86C
:10B96000F8F72EF9AAE7019B03F1240696E70DF5F7
:10B97000947B012228464BF8C46D5946FFF77CF8AA
:10B98000044600288AD13346019A31462846FFF7FB
:10B99000D3FA0446002881D1012259462846199637
:10B9A000FFF76AF8044600287FF478AF014648465E
:10B9B000F8F784FA4946029004A8F8F783F9044698
:10B9C00000287FF46BAF4A46514607A8F8F72EFED1
:10B9D000044600287FF462AF029B07A904A813F174
:10B9E000FF3318BF01231A460293F8F7CBF9044638
:10B9F00000287FF453AF01467A1C584617F02CF903
:10BA0000002F3BD00395DA465D4695F8009021461D
:10BA100004A8F8F753FA40EA0909391901344FFA32
:10BA200089F904A8F8F74AFAA74249EA400005F85C
:10BA3000010BEAD1039D00234FF0010E9AF801108B
:10BA40000EF1010E9AF800C081EA03020B4077451F
:10BA500002F0010154B281F001001CFB00F14CEA3C
:10BA6000C0104AB204EA020182EA040243EA010376
:10BA70008AF801200AF8010BDBB2DFD210A8FFF729
:10BA8000AFF94AAB019A41463B44284613F8C43CFF
:10BA9000FFF718F9044618B110A8FFF7C9F9FDE639
:10BAA00008F1180901214846F8F7ECF90446002886
:10BAB000F2D1549B002B3FF420AFAB6D2A1D0AA896
:10BAC0004FF00C0A07330392DB081C46F8F770F8B6
:10BAD0000DA8F8F76DF8559B2146549A0AA8F9F776
:10BAE000EDFC18B120E0F8F71DFBE8B903990AA8AE
:10BAF000F8F736FC00284FF001010AA8F3DABAF192
:10BB0000010A7CD0F8F79EFC0028E4DD0AAA494629
:10BB10004846F8F7E3FD044650B10AA8F8F750F894
:10BB20000DA8F8F74DF8B7E70446F6E70446B3E783
:10BB300048462946FEF71CFC04460028EDD1DFF8F4
:10BB4000D0900AAA0DA8D9F8003011460133C9F8DF
:10BB50000030F8F7C3FD04460028DED129460DA8C1
:10BB6000FEF706FC04460028D7D1D9F800300DAA0C
:10BB7000414640460133C9F80030F8F7AFFD0446AE
:10BB80000028CAD129464046FEF7F2FB04460028A9
:10BB9000C3D1D9F800300DA90AAA01330846C9F863
:10BBA0000030F8F79BFD04460028B6D129460DA8C1
:10BBB000FEF7DEFB04460028AFD1D9F8003008F1CB
:10BBC0000C0A0DAA013351465046C9F80030F8F767
:10BBD00085FD04460028A0D150462946FEF7C8FB43
:10BBE0000446002899D1D9F800300AA80133C9F8D1
:10BBF0000030F7F7E5FF0DA8F7F7E2FF7DE6034C0D
:10BC00004AE700BF80B0FFFF80B2FFFF00B3FFFF35
:10BC10000CF1002038B5036B93B1C36B83B10D46B3
:10BC2000044601212846F8F70DFC00280ADB04F140
:10BC30004C012846F8F794FB002803DA002038BDB1
:10BC4000014838BD014838BD80B0FFFF80B3FFFF19
:10BC50002DE9F04705460F4603F1180001211C4667
:10BC60001646DDF82080DDF82490F8F7EBFB88B964
:10BC700031462846FFF7CEFF08B1BDE8F087CDF882
:10BC800024902346CDF82080324639462846BDE828
:10BC9000F047B7E50048F0E780B0FFFFF0B5074692
:10BCA00083B00D461046012114461E46F8F7CAFB24
:10BCB00058B34FF0FF312046F8F7C4FB78B14FF08E
:10BCC000000E2246334629463846CDF804E0CDF82A
:10BCD00000E0FFF7BDFF0446204603B0F0BD31464B
:10BCE0002846FFF7F7F804460028F5D10C35014641
:10BCF0002846F8F7A7FB0028EED0391D2A4628462B
:10BD000003B0BDE8F040F8F791BC3146284603B0D7
:10BD1000BDE8F040FFF7DEB8F0B5046B8BB0B4B10E
:10BD2000C46BA4B115461E46044601A80F46FFF792
:10BD300057F82A46334601A92046FFF7AFFF0546CC
:10BD400040B101A8FFF774F828460BB0F0BD0D48CC
:10BD50000BB0F0BD119B3946109A2046FFF79EFFAD
:10BD600005460028EDD13B4601AA39462046FFF79B
:10BD7000E3F805460028E4D139462046FEF73AFBB1
:10BD80000546DEE780B1FFFF2DE9F04F056B83B07C
:10BD9000DDF83080DDF83490B5B3C46BA4B3C76D63
:10BDA000144606461F25073700F14C0B0193FF0888
:10BDB00000914FEAC70A4B46424639462046F9F7FA
:10BDC0007DFB10BBF16D2046C1EB0A01F8F7AAF923
:10BDD0000121D0B9013D20461AD0F8F733FB0028E5
:10BDE00059462046E7DBF8F7BBFA0028E3DA009B68
:10BDF000224601993046CDF83490CDF8308003B01A
:10BE0000BDE8F04FFFF724BF034803B0BDE8F08F53
:10BE1000024803B0BDE8F08F80B0FFFF00B3FFFF22
:10BE200010B582B0049C009313460A4600F1280125
:10BE30000194FFF7A9FF02B010BD00BF70B50C461A
:10BE400082B00146154620461E4601F0C9F850B999
:10BE5000019604F18803009504F17C0204F12801A5
:10BE60002046FFF791FF02B070BD00BF0378002BA2
:10BE700044D00A789A4241D12DE9F04301F1880774
:10BE8000ABB00C46054639468830F8F769FA002809
:10BE90003DD104F1940805F194004146F8F760FAA9
:10BEA000002834D104F1A00905F1A0004946F8F7B3
:10BEB00057FA054658BB264602A8FEF791FF7C229A
:10BEC00029460BA816F0C8FE16F8281B0BA801F08F
:10BED00087F804F17C0233460195009502A90BA86E
:10BEE000FFF7B6FE044658B102A8FEF7A1FF0BA863
:10BEF000FEF7AEFF20462BB0BDE8F0830C4870473C
:10BF0000394602A8F8F72CFA28B1094CECE70848A2
:10BF10002BB0BDE8F083414605A8F8F721FA0028C8
:10BF2000F3D1494608A8F8F71BFA0028DCD0ECE763
:10BF300080B0FFFF2DE9F04FA24EC1B0054609AC1D
:10BF40000FCE0FC496E803007C2284E80300002192
:10BF500021A816F081FE0FA8FEF742FF18A8FEF7F1
:10BF60003FFF06A8F7F724FE21A8012101F038F8C9
:10BF70000446D0B9002D44D1022106A8F7F782FF6C
:10BF80000446002800F00F8121A8FEF761FF0FA8EA
:10BF9000FEF74EFF18A8FEF74BFF06A8F7F710FEB6
:10BFA000204641B0BDE8F08F0446002C17DAB5B149
:10BFB0002146854816F06CFE21A8FEF749FF0FA820
:10BFC000FEF736FF18A8FEF733FF06A8F7F7F8FDCF
:10BFD0000A2016F07DFE204641B0BDE8F08F21A872
:10BFE000FEF736FF0FA8FEF723FF18A8FEF720FF85
:10BFF00006A8F7F7E5FD002DEAD1204641B0BDE8DF
:10C00000F08F724816F044FE022106A8F7F73AFFB7
:10C0100004460028C9D12BAE0190009006AA3346F1
:10C0200018A921A8FFF714FE04460028BDD100235B
:10C03000DFF8A491DFF8A4811021654F06A8654AB6
:10C04000C9F80030C8F800303B60F8F7CBFB044675
:10C050000028AAD101903346009006AA0FA921A872
:10C06000FFF7F6FD044600289FD109ABD9F8002060
:10C070004FF0010A05939B4603923B68D8F80020D5
:10C080000493029200235BF8042F102106A8C9F83C
:10C090000030C8F800303B60F8F7A4FB3346044694
:10C0A00006AA0FA9002880D1019021A80094FFF7CB
:10C0B000CFFD044600287FF478AF474B039A1B68F6
:10C0C000934240F0B180454B029A1B68934240F086
:10C0D000AB803F4B049A1B68934240F0A5800AF165
:10C0E000010ABAF1060FCDD1002D7BD13A4B1021B8
:10C0F000384A06A81D60394B1D60354B1D60F8F7A6
:10C1000071FB044600287FF43FAF019518AB009502
:10C1100006AA0FA921A8FFF79BFD044600287FF47B
:10C1200033AFD9F800300126DFF8ACA00393D8F87C
:10C130000030DFF8A8B00293059C3B68049300230D
:10C1400054F8042F102106A8C9F80030C8F80030B0
:10C150003B60F8F747FB00287FF426AF019018AB4F
:10C16000009006AA0FA921A8FFF772FD00287FF40E
:10C170001BAFDAF80030039A93425ED1DBF800304F
:10C18000029A9A4259D1124B049A1B68934254D195
:10C190000136062ED3D10446002D3FF4F5AE1048EB
:10C1A00016F08EFD08E72BAE0190009006AA3346EC
:10C1B00018A921A8FFF74CFD044600287FF4E4AE3F
:10C1C00035E700BF10040020601C00200021002083
:10C1D0000CF1002034210020B4E8002028EA0020DF
:10C1E00074180020194816F06BFD194816F050FD20
:10C1F000184B194A10211C6006A8184B1C60184BDC
:10C200001C60F8F7EFFA044600287FF4CEAE0190E8
:10C2100018AB009006AA0FA921A8FFF719FD044644
:10C2200000287FF4C2AE7CE70DB90124ACE651468C
:10C230000C4816F02DFD0124BEE6002DF5D0314648
:10C24000084816F025FD0124B6E600BF741800204A
:10C2500078210020B4E800203421002028EA0020C2
:10C260000CF10020682100202DE9F8430C21044640
:10C27000F7F7BAFC002840F0C780A2680746646858
:10C2800002F1180C02F1200102EB8404664656F814
:10C29000185C043656F8043C7D191D442CBF012758
:10C2A000002746F81C5CAB4288BF01378E42EED1B6
:10C2B00002F1280502F1300E0023A84658F8286C38
:10C2C00008F1040858F8049C9B194B442CBF012624
:10C2D000002648F82C3C994594BF3346731CF04522
:10C2E000ECD13B4497684FF00008D668DB1997699A
:10C2F0002CBF4FF00109C1463B4419EB0606936081
:10C300002CBF4FF00109C146BB42D7692CBF0023A7
:10C3100001231E449E422CBF4B4609F101033E44BB
:10C32000BE4238BF0133D66051F8186C043151F861
:10C33000047C18EB06063E442CBF4FF001084FF07A
:10C34000000841F81C6CB74288BF08F101088D4213
:10C35000EAD19844A946002159F8207C09F1040942
:10C3600059F8043CC91919442CBF0126002649F884
:10C37000241C8B4294BF3146711CF145ECD11669E7
:10C380004144536902F110078919D2F820804FF017
:10C39000000E2CBF012600264144F31811612CBF6A
:10C3A0004FF001094FF000098845D2F8248094BF6E
:10C3B0000026012633449E4294BF494609F10101FB
:10C3C0004344434538BF013153613E6876443E6083
:10C3D0002B68334447F8043B55F8048B43452CBF86
:10C3E0000023012376452CBF9E4603F1010E6745CD
:10C3F000EBD102F11C0371449C42916104D90022EB
:10C4000043F8042B9C42FBD8BDE8F8832DE9F04F9C
:10C4100093B0064601250D2405AB0190342200217E
:10C42000184604930295039416F016FC3046182122
:10C43000F7F7DAFB0090002840F02A82B3681C6806
:10C44000D3F830A05D6D54441E6DD86DA24505EB48
:10C4500004015A6894BF002401248D4288BF01342E
:10C4600071182CBF4FF0010E4FF0000E0F1A7444DC
:10C470001F60884294BF2146611E4C1C00F00C8254
:10C4800052182CBF4FF0010E4FF0000E4FFA8EFEE7
:10C49000596B9C6D0A449F68914288BF0EF1010E52
:10C4A0002244944288BF0EF1010E0244904288BF9C
:10C4B0000EF1010ECAEB020C924594BF7246AEF12A
:10C4C0000102C6EB0C0E664588BF013AC3F804E0D2
:10C4D00052B2002AC0F25382BA182CBF4FF0010C9E
:10C4E0004FF0000C4FFA8CFCD3F83890DF684A44C8
:10C4F000914588BF0CF1010C0244904288BF0CF1B9
:10C50000010CC1EB020E914294BF6246ACF10102F4
:10C51000C5EB0E0C754588BF013AC3F808C052B28E
:10C52000002AC0F22282BA182CBF4FF0010E4FF041
:10C53000000E4FFA8EFED3F83CC01F69624494454A
:10C5400088BF0EF1010E5244924588BF0EF1010ED4
:10C550003244964288BF0EF1010E2A44954288BFAC
:10C560000EF1010EC9EB0208914594BF7246AEF17F
:10C570000102C4EB080E444588BF013AC0EB0E0827
:10C58000704588BF013AC3F80C8052B2002AC0F24D
:10C59000E381BA182CBF012700277FB22A44D3F8C1
:10C5A00040E0D3F81480954288BF01372A44954271
:10C5B00088BF01377244964588BF01370A449142CB
:10C5C00088BF01375244924594BFBA4607F1010A29
:10C5D0003244964288BF0AF1010A2244944288BF3D
:10C5E0000AF1010ACCEB020B944594BF5246AAF122
:10C5F0000102C0EB0B07584588BF013AC0EB070AA0
:10C60000B84288BF013AC3F810A052B2002AC0F263
:10C61000998118EB02022CBF4FF0010A4FF0000A7B
:10C620004FFA8AFA22445F6CD3F81880944288BF8C
:10C630000AF1010A2244944288BF0AF1010A3A44ED
:10C64000974288BF0AF1010A4A44914588BF0AF11E
:10C65000010A0A44914288BF0AF1010A2A4495421C
:10C6600094BF51460AF1010182182CBF4FF0010B13
:10C670004FF0000BCEEB020A5944C3F814A09645C4
:10C6800094BF0A464A1E52B2002AC0F2538118EBE8
:10C6900002022CBF0121002149B20244D3F8488094
:10C6A000D3F81CA0904288BF01310244904288BF59
:10C6B00001314244904588BF01316244944588BFAE
:10C6C00001314A44914588BF0131A2182CBF4FF077
:10C6D000010B4FF0000BC7EB02095944C3F8189047
:10C6E000974294BF0A464A1E52B2002AC0F21881ED
:10C6F0001AEB02022CBF4FF0010A4FF0000A4FFA6A
:10C700008AFAD96CD3F820900A44914288BF0AF182
:10C71000010A7244964588BF0AF1010A62449445B1
:10C7200094BFD4460AF1010C82182CBF4FF0010BC4
:10C730004FF0000BC8EB020ADC44C3F81CA0904584
:10C7400088BFACF1010C4FFA8CFCBCF1000FC0F2B9
:10C75000DD8019EB0C0C2CBF4FF001094FF00009E4
:10C760004FFA89F9B4445A6A664588BF09F101094C
:10C77000BC44674588BF09F101091EEB0C0E2CBFB4
:10C780004FF0010A4FF0000AC1EB0E0CD144C3F880
:10C7900020C0714594BFCE46A9F1010E4FFA8EFE1E
:10C7A000BEF1000FC0F2A78012EB0E0C2CBF0122CD
:10C7B00000224FFA82FEAC449A6A654588BF0EF1AA
:10C7C000010EC444E04588BF0EF1010E17EB0C07C3
:10C7D0002CBF4FF001094FF00009C6EB070CCE4407
:10C7E000C3F824C0BE4294BF7746AEF101077FB2C2
:10C7F000002F76DB12EB070E2CBF0122002252B273
:10C80000A644DF6A744588BF01328E44714588BFF3
:10C81000013218EB0E082CBF4FF0010C4FF0000C4A
:10C82000C5EB080E6244C3F828E0454594BF1546A1
:10C83000551E6DB2002D4BDB7A192CBF0127002746
:10C840007FB20244019D904294BF3846781C324426
:10C850006D68964294BF0646461C89182CBF01227B
:10C8600000220F1B1644DF628C4294BF3446741EB4
:10C870000D2D64B224EAE4721A6307D903EB85052F
:10C880000022343343F8042B9D42FBD1002C0BDBF8
:10C89000009813B0BDE8F08FB2FA82FE013A4FEA79
:10C8A0005E1ECEF1000EF3E5039A6FF04043019E49
:10C8B00064421344049D324602A9304645F82340A1
:10C8C000F7F744FE0028E3D14FF0FF333360DFE792
:10C8D000C5F1000EEA1977454FF0FF3728BF002752
:10C8E000AFE7C7F1000C07EB020E62454FF0FF32D5
:10C8F00028BF002284E7CEF100090EEB020C4FF0B6
:10C90000FF3E4A4528BF4FF0000E54E7CCF1000A25
:10C91000CC44D1454FF0FF3928BF4FF0000921E743
:10C92000C2F100095244CA454FF0FF3A28BF4FF008
:10C93000000AE6E65142424488454FF0FF3128BFE5
:10C940000021AAE6C2F1000A4244D0454FF0FF3A66
:10C9500028BF4FF0000A65E6C2F100083A44474597
:10C960004FF0FF3728BF002718E6C2F1000E3A4407
:10C9700077454FF0FF3E28BF4FF0000EDBE5C2F1D8
:10C98000000C3A4467454FF0FF3C28BF4FF0000CC5
:10C99000AAE500BF2DE9F04F8FB006460125082417
:10C9A00006AB20220021039518460593049416F047
:10C9B00053F930460E21F7F717F90746002840F0E3
:10C9C000C080B3681968D3F81C90DA6A4945C9EB8E
:10C9D000010458682CBF00210121A24288BF013107
:10C9E000A41A49421C6049B2002940F0AE803C467E
:10C9F000D3F82080196B804588BF013CC8EB00004C
:10CA00009D68814288BF013C401A64B25860002C86
:10CA100040F0D9802046D3F824C05C6BAC4588BF79
:10CA20000138CCEB0505D3F80CA0AC4288BF013827
:10CA30002D1B40B29D60002840F0BD800190D3F8CE
:10CA400028E0D3F810B0D645CEEB090598BF0020FA
:10CA5000554488BF0120A94594BF4042C0F1010060
:10CA600012EB0509019DC3F80C9045EB000040B2A4
:10CA70000028C0F297801BEB00002CBF4FF0010B89
:10CA80004FF0000B4FFA8BFB8242C2EB08095D6945
:10CA900094BF002201224844804594BFC2F100089F
:10CAA000C2F1010808184BEB080818614FFA88F822
:10CAB000B8F1000F6DDB15EB08082CBF0125002530
:10CAC0006DB2C1EB0C0041459A6994BF0021012170
:10CAD0008044C44594BFC1F1000CC1F1010C14EBBA
:10CAE000080045EB0C0C58614FFA8CFCBCF1000FB0
:10CAF00046DB12EB0C0C2CBF0120002040B2C4EB33
:10CB00000E0264457168624494BF002401249A6156
:10CB1000964594BFC4F1000EC4F1010E0829864465
:10CB20004FFA8EFE2EEAEE72DA6107D903EB81022C
:10CB30002033002143F8041B9342FBD1BEF1000FC8
:10CB40000ADB38460FB0BDE8F08F4C42A04234BF3C
:10CB5000FF24002408444BE7049A6FF04044CEF1D0
:10CB60000003059D144403A93246304645F824309D
:10CB7000F7F7ECFC0028E4D14FF0FF333360E0E737
:10CB8000CCF10000944482424FF0FF3028BF0020D7
:10CB9000B5E7C8F10002A84495424FF0FF3528BF21
:10CBA00000258EE745425844AB454FF0FF3B28BF78
:10CBB0004FF0000B68E74542AA4534BFFF2500252A
:10CBC000824401953BE76042854234BFFF2000204C
:10CBD000254420E72DE9F04F8FB0054601260924B2
:10CBE00005AB24220021029618460493039416F004
:10CBF00033F828461021F6F7F7FF0190002840F09F
:10CC00009881AB681A68D3F82090D3F824804A44FE
:10CC1000D3F82CE01F6B914508EB020C586B94BFC6
:10CC200000240124CEEB0C029E6BE04588BF01344A
:10CC3000D11BE64588BF013C974294BF2246621E45
:10CC40000C1A884288BF013AC6EB040CA64294BF76
:10CC50001146511EC3F800C05A680029C0F26D8108
:10CC600051182CBF0122002252B24144D3F828C0EF
:10CC7000DC6B884588BF01326144D3F808A08C453D
:10CC800088BF0132C7EB010B8F4294BF1146511E82
:10CC9000C0EB0B02584588BF0139C6EB020B964228
:10CCA00094BF0A464A1EC4EB0B015C4594BF9346F1
:10CCB000A2F1010B59604FFA8BFBBBF1000FC0F2E0
:10CCC00086811AEB0B0B2CBF0121002149B2E344F2
:10CCD000D3F80CA0DC4588BF0131F344DE4588BFA2
:10CCE0000131C0EB0B02584588BF0139C6EB020B7E
:10CCF000964294BF0A464A1EC4EB0B015C4594BFA2
:10CD00009346A2F1010B99604FFA8BFBBBF1000F28
:10CD1000C0F254811AEB0B0B2CBF0121002149B248
:10CD2000F344D3F810A0DE4588BF0131F344DE455B
:10CD300088BF0131BB445F4588BF0131BB445F45BB
:10CD400088BF01318344584588BF0131C4EB0B02D1
:10CD50005C4588BF0139C9EB020B914594BF0A4677
:10CD60004A1EC8EB0B01D84588BF013AD96052B2C0
:10CD7000002AC0F219811AEB02022CBF4FF0010BFE
:10CD80004FF0000B4FFA8BFB3A445969974288BF2A
:10CD90000BF1010B3A44974288BF0BF1010B02449F
:10CDA000904288BF0BF1010B0244904288BF0BF107
:10CDB000010B3244964288BF0BF1010BC8EB020A0B
:10CDC000904594BF5A46ABF10102CCEB0A0BD44517
:10CDD00088BF013AC3F810B052B2002AC0F2DB801B
:10CDE0008A182CBF0121002149B20244D3F818A0AF
:10CDF000904288BF01310244904288BF01313244E1
:10CE0000964288BF01313244964288BF01312244A4
:10CE1000944288BF0131CCEB020B944594BF0A4683
:10CE20004A1ECEEB0B01DE4588BF013A596152B272
:10CE3000002AC0F2A7801AEB02022CBF4FF0010AB1
:10CE40004FF0000A4FFA8AFA3244D969964288BFF5
:10CE50000AF1010A3244964288BF0AF1010A2244CB
:10CE6000944288BF0AF1010A2244944288BF0AF121
:10CE7000010A3244964294BF56460AF10106024422
:10CE8000904288BF0136C9EB020A914588BF013E36
:10CE9000C8EB0A02D04594BFB046A6F101089A61DA
:10CEA0004FFA88F8B8F1000F62DB11EB08022CBFD3
:10CEB0000121002149B222446E68944288BF0131A9
:10CEC0002244944288BF01312244944294BF0C46CC
:10CED0004C1C4A44914594BFA14604F10109CCEB96
:10CEE0000201944594BFCC46A9F1010CCEEB01049C
:10CEF0008E4594BFE646ACF1010EE11BA74294BFFC
:10CF00007746AEF101070A1A884294BF3846781E68
:10CF1000DA61092E40B220EAE0721A6207D903EB07
:10CF200086060022243343F8042B9E42FBD10028BE
:10CF30000BDB01980FB0BDE8F08F4C421144A242C8
:10CF40004FF0FF3228BF00228FE6039A6FF0404473
:10CF50004342049E144402A92A46284646F8243037
:10CF6000F7F7F4FA0028E4D14FF0FF332B60E0E745
:10CF7000C8F1000608EB0102B1424FF0FF3128BFB3
:10CF8000002198E7514252448A454FF0FF3A28BFAA
:10CF90004FF0000A58E7C2F1000B0A4459454FF020
:10CFA000FF3128BF002120E7C2F1000B5244DA45CF
:10CFB0004FF0FF3B28BF4FF0000BE5E6CBF100013F
:10CFC000D3448A454FF0FF3128BF0021A8E6CBF1BA
:10CFD0000001D3448A454FF0FF3128BF002176E697
:10CFE000F8B50D460446FDF733FF6B1E2570032B85
:10CFF00065D8DFE803F0573A2D02334B0125334E55
:10D000000C2203F1300103F1600003F19007E360AB
:10D01000C03361626065201D2D492763E363666646
:10D020006560E561E564A562656325646564A26089
:10D0300022622265E262A263A164F6F797FFA0650F
:10D0400004F14C00F6F792FF2566E0650020F8BD7C
:10D05000204B0125204E082203F1200103F140005E
:10D0600003F16007E3608033D3E71C4B01251C4FBD
:10D07000082603F1200203F13C0103F15800E360AC
:10D0800074336262616507222063201D1049E363E7
:10D0900067666560E561E564A5626563256465644E
:10D0A000A660C5E70F4B01250F4E062203F11801BC
:10D0B00003F1300003F14807E3606033A9E720463D
:10D0C000FDF7C6FE0948F8BD94BD02600DC40060BE
:10D0D0009C650020F4BC0260D5CB006064BC02609B
:10D0E00095C90060ECBB026069C2006080B1FFFFBF
:10D0F0002DE9F04F8E460F2191B01EF80FCF0F9201
:10D100000CEA01044FEA1C1C00EBC404CDE900AB9F
:10D11000D4E93023D4E9104525E01EF801CD0E9A5C
:10D12000534B0CF00F04CDF828804FEA1C1C53F829
:10D13000323000EBC4041B04DDE904670B93D4E92F
:10D140003023D4E9104556405F4032463B465646B0
:10D150005F4666406F4034463D46DDE90A6756400B
:10D160005F4032463B4626094FF000081709013957
:10D17000009604F00F06069700EBCC0C009F2C09DC
:10D18000CDF830804FEA027947EA05770194CDF86F
:10D1900020800097364F57F83660069F47EA03779E
:10D1A0001B09069707933304DDE90645DCE9306780
:10D1B0000D9374407D4026462F46DDE90CABDDE93A
:10D1C00000238AEA060A8BEA070B42EA080243EACE
:10D1D000090356465F46DCE9104562404C1C4FEAA5
:10D1E000161483EA05034FEA067504944FEA1214F5
:10D1F0000995029402F00F04029D0E9445EA03750E
:10D200000295049D45EA0B7504954FEA13150395A5
:10D210004FEA1715DDE908AB0595DDE902454AEA55
:10D22000040A4BEA050B7FF478AF0F9C390E3D0CD6
:10D23000E7704FEA172E21702746300EE671310C49
:10D24000E372E273360A65701D0E84F802E01C0C6E
:10D250003871180A7971130C110EBE71120A3D72E1
:10D260007C72B87239737B73BA7311B0BDE8F08FFA
:10D2700088BE02604FF4C472002115F0EDBC00BFFF
:10D280002DE9F04F04468BB093460846012219461B
:10D290001D46FAF767FB002800F09C80D0F814A028
:10D2A0008046BAF1100F40F095802046FAF772FBE5
:10D2B00041462046FAF77EFB10B10BB0BDE8F08F77
:10D2C0002A46594601232046FAF7A0FB05460028C6
:10D2D000F3D105A906AB52462046009119460595A3
:10D2E0000695079508950995FAF744FC86460028A7
:10D2F0006CD1089B4FF0000A099D4FF0040E93FA81
:10D3000083FB079B95FA85FC069A1DBA5B4611BA0A
:10D310004FF0000B40EA0C0228434FF0030C04F5D9
:10D320008075C4E92023C5E90001C4E930ABC4E934
:10D3300010AB02F0010AC7075B084FEA3202490846
:10D340004FEA30004FEA4A1B002604EBCE053B4370
:10D35000CBEB0A0A32437040BCF1010C4FEA0A6978
:10D360004FEA6E0E81EA0901C5E91023C5E93001D3
:10D37000DFD1022704F1C00304F1400C4FF0030E8B
:10D380003D460293EA00029E604601230CEB020137
:10D3900032442F46D1E90089D2E900ABF6E90245D3
:10D3A000013384EA0A0485EA0B05BB42E2E902453F
:10D3B000F0E9024584EA080485EA0905E1E9024545
:10D3C000ECD1BEF1010E4FEA4305DBD170460BB044
:10D3D000BDE8F08F6FF013000BB0BDE8F08F00BF19
:10D3E0002DE9F04F00268DB00796DDF858A0DDF846
:10D3F0005C80002B00F0B68005461C4600F5B87B2B
:10D4000000F5B0730F469146002100F5A072002090
:10D41000C5F860610C2C5E609E60DE60C5F87061CE
:10D42000CBF80460CBF80860CBF80C60C5F88071CD
:10D43000C2E900012A46E2E95201039200F0848029
:10D44000E20005F25F11CDF814B09B46100E0F46B6
:10D450000491110C8DF82F20120ACDF85C80A8469B
:10D46000089609968DF82C008DF82D108DF82E2039
:10D470000A96102C26463D4609F1FF3028BF10269B
:10D48000394606F25F1EC64411F8012F10F8013F1D
:10D49000714583EA02030B70F6D15A46594640465D
:10D4A000B144FFF725FEA41BE3D12F465B4645465A
:10D4B000DDF814B0DDF85C8008AE0499204601E088
:10D4C00016F8014F11F8012F01306240102807F8BB
:10D4D000012FF5D11A46194628460493FFF708FE96
:10D4E000049B07A81946102205F5A873009028464A
:10D4F000FAF740FB28BB039BC5F848815860B8F198
:10D50000000F1DD005F26F14464623460AF1FF3185
:10D51000102E28BF102606F26F172F4413F8010FA4
:10D5200011F8012F9F4282EA00021A70F6D15A4682
:10D5300059462846B244FFF7DBFDB8EB0608E3D1B5
:10D5400000200DB0BDE8F08FD9F800400122D9F8D5
:10D550000400D9F80810C5F860415860996085F852
:10D560006F21BEE76FF01300EBE700BF2DE9F04F2E
:10D570009A4689B00023164692450546884603938D
:10D5800003D9C2EB0A038B4264D32C464FF00F0C35
:10D590006FF01F0BF4E9500110EB080241F100039A
:10D5A0009C4508BF934555D38B4208BF824251D357
:10D5B000C4E90023B8F1000F42D005F5B07B05F5B2
:10D5C000B87947464C4649461022102F28BF1027ED
:10D5D00011F8013D013A01330C2ADBB20B7001D97D
:10D5E000002BF5D003AB102259462846009304AB1C
:10D5F000FAF7C0FA28BB3146D5F880213E440DF138
:10D600000F0E0AF1FF301AB922780B7853402370BD
:10D610000B7801311EF8012F534000F8013FD5F877
:10D620008021012A10D0B14204F10104EBD14A4615
:10D6300049462846BA44FFF75BFDB8EB0708C0D15E
:10D64000002009B0BDE8F08F94F800C083EA0C0315
:10D650002370E8E76FF01300F3E700BF2DE9F04F08
:10D66000D0F84C31161FD0F8447187B04FEAC30888
:10D67000D0F84041FF00D0F848310C2E47EA5477EB
:10D6800048EA537875D88B464FEAC40900F5A8716B
:10D69000064658464FEAC30A154615F0F1FA59EA0C
:10D6A000070306D15AEA080303D1002007B0BDE8FA
:10D6B000F08F4FEA184C8DF80B804FEA1A6E8DF8F8
:10D6C0000FA04FEA1A4206F26F144FEA18638DF862
:10D6D00013704FEA18288DF817904FEA1A2A8DF820
:10D6E00009C08DF80A804FEA176C4FEA17488DF889
:10D6F0000CE03F0A8DF80EA04FEA196E8DF80D2050
:10D700004FEA194A8DF810C04FEA192902A821469C
:10D7100001948DF808304FF0000C8DF811802246EE
:10D720008DF812708DF814E08DF815A08DF8169014
:10D7300001E010F8013F12F8017F0CF1010C7B4071
:10D74000BCF1100F01F8013FF3D106F5B872013DAD
:10D7500030461146FFF7CCFC0BF1FF30AB4410F81C
:10D76000012F14F8013F584583EA02030370F6D1F4
:10D770009BE76FF0130099E72DE9F04383B01E4655
:10D7800017460B9D32460C9C00950DAD0194044646
:10D790000A9BDDF8408095E86002FFF721FE10B19A
:10D7A00003B0BDE8F08333462A4639462046FFF7EA
:10D7B000DDFE0028F4D14A464146204603B0BDE8CC
:10D7C000F043FFF74BBF00BF2DE9F0418CB00E4690
:10D7D0000021139C0DF1200E129D159F01950294BE
:10D7E000169D179C009313460395324605970494A3
:10D7F000CDF818E0149DFFF7BFFF88B99FB107F17E
:10D80000FF386A1E0DF11F01454412F8017F11F81F
:10D81000013FAA4283EA070340EA0300F5D120B999
:10D820000CB0BDE8F0813846FAE72046314604F0F6
:10D8300095F96FF01100F3E710B50446FAF7AAF86E
:10D840004FF4C4712046BDE8104004F087B900BF12
:10D850002DE9F04FBF4BADF50D7D4FF0800A1393CE
:10D8600003F5907308901493CDF824A0099B00242D
:10D87000139AA3F1C003A2460A92B3FA83F35B0999
:10D880001593B54B1193149B98464FF4C472002125
:10D890002AA815F0E1F9089B002B40F0D481AF4B8A
:10D8A00002212AA803EB44131A460B93099BFFF7A6
:10D8B000E7FC10F1230F034603D1159A002A40F02C
:10D8C000FA81002B40F0A381A54B16ACA5484FF080
:10D8D000100B53F82A7003F55273A34E4FEA8A09CE
:10D8E00053F82A1003F5D873069453F82A20A3F5A9
:10D8F000587300EB811100F5D87053F82A3000EB13
:10D900008212A0F5E47006EB831306F5527650F808
:10D910002A0056F82A600E9135460F961AAE1092DC
:10D920000D900191012103923A4600902AA8029598
:10D93000CDF814B004960C93FFF71EFF03460028A1
:10D9400040F0658112903A464146304615F094F910
:10D95000129B002840F0CC815A460A992046129327
:10D9600015F08AF9002840F0C3812AA8FAF712F8C6
:10D970004FF4C4712AA804F0F1F8089A002A40F084
:10D9800069814FF4C47208992AA815F065F9099BBA
:10D9900002210B9A2AA8FFF773FC0346002840F0E7
:10D9A00036810F9A01460D9D4FF0100B0E980C9B7F
:10D9B00002923A4601902AA806940496CDF80C806B
:10D9C0000095CDF814B0FFF7D7FE0346002840F0CD
:10D9D0001E813A461099304615F04EF9002840F065
:10D9E00087815A460A99204615F046F98346002851
:10D9F00040F07E812AA8F9F7CDFF4FF4C4712AA820
:10DA000004F0ACF8089B002B40F035814FF4C47251
:10DA100008992AA815F020F9099B02210B9A2AA837
:10DA2000FFF72EFC0346002840F0F1800F9B0121F8
:10DA30000E9A2AA8019300920D9B0C9AFFF7D0FC36
:10DA40000346002840F0E380202F40F2D680109D4E
:10DA5000334620212AA82A46203FFFF787FD0346A8
:10DA6000002840F0D4802A4622AB39462AA820322A
:10DA7000FFF77CFD0346002840F0C98010222146B4
:10DA80002AA8FFF7EBFD0346002840F0C080344B86
:10DA90004146304653F809B05A4615F0EDF80028D3
:10DAA00040F0268110220A99204615F0E5F8074635
:10DAB000002840F01D812AA8F9F76CFF4FF4C471CB
:10DAC0002AA804F04BF8089B002B40F0E4804FF4A8
:10DAD000C47208992AA815F0BFF8119B02211F4DA6
:10DAE0002AA81A68099B05EB4212FFF7C9FB0346F7
:10DAF000002840F08C8005F5816205F51C73014615
:10DB00002AA852F8097005F5227205F5846553F8C4
:10DB1000093002EB8717303A55F8095052F80920BE
:10DB20000097114F019507EB8212FFF759FC03464E
:10DB300000286CD1BBF1200F7BD93346424620210F
:10DB40002AA8FFF713FDABF12005034600285ED19C
:10DB50000CE000BF08BF026060CA0260A8C4026097
:10DB600068C5026030C7026080C5026022AB2946EA
:10DB700008F120022AA8FFF7F9FC0346002846D145
:10DB8000102221462AA8FFF769FD034600283ED14E
:10DB90005E4B304653F80910A3F59F6353F80920F4
:10DBA00003F55E7303EB811115F066F8002840F071
:10DBB0009F80204610220A9915F05EF8002840F058
:10DBC00097802AA8F9F7E6FE4FF4C4712AA803F05B
:10DBD000C5FF089B002B40F08780119B0AF1010ACA
:10DBE0000A9A08F140080433BAF1060F02F1100254
:10DBF00011930A9262D01C6847E63346109A394660
:10DC00002AA8FFF7B3FC034600283FF437AF089A71
:10DC1000002A71D12AA80893F9F7BCFE2AA84FF46C
:10DC2000C47103F09BFF089B18460DF50D7DBDE800
:10DC3000F08F3346594642462AA8FFF797FC034621
:10DC400000289DD0E3E7324B52460999314815F040
:10DC50001FF824E6304815F033F8129B4FF4C472D5
:10DC60002AA8194614F0F8FF2C4B52460999294866
:10DC700015F00EF88BE6284815F022F859464FF4B7
:10DC8000C4722AA814F0E8FF214B5246099924488F
:10DC900014F0FEFFC0E6204815F012F839464FF4A4
:10DCA000C4722AA814F0D8FF1C4B524609991C488C
:10DCB00014F0EEFF11E71B4815F002F8139A099BC8
:10DCC000603240331392149AB3F5A07F099302F5A2
:10DCD000C07214927FF4CAAD089B9BB9002318460A
:10DCE0000DF50D7DBDE8F08F0B4814F0E9FF74E7EA
:10DCF000089A0123002A8DD00B48089314F0E0FF06
:10DD0000089B87E70A2014F0E3FFE7E760CA026098
:10DD100050180020D4220020741800204C18002035
:10DD2000F02200206C180020C418002070B5064DA9
:10DD300014460B462E6834448119184614F0A0FF8F
:10DD400000202C6070BD00BF30F50020642200214F
:10DD500014F082BF41657047016570478165704767
:10DD60002DE9F043884693B004460068914600F0E0
:10DD700009FB00230546B8F1000F3AD0B9F1000FB6
:10DD800037D002278DF8043004F10C0619E002A9FF
:10DD9000204600F0B9FB2A4602A9204600F02AFBE3
:10DDA0002A463146204600F09BFB3146204600F0D3
:10DDB000ABFB9DF804300133DBB2BB428DF804307D
:10DDC00014D2204600F0D6FB2A463146204600F009
:10DDD00087FB012201A9204600F082FB022FD6D149
:10DDE0004A464146204600F07BFBD0E713B0BDE831
:10DDF000F08301278DF80430C6E700BF2DE9F84312
:10DE000017460122984605460E4600F07BFA044666
:10DE1000B0B905F10C09304600F0B4FA02464946A3
:10DE2000284600F0E7FA304600F0ACFA012102463D
:10DE3000484614F011FF424639462846FFF790FF46
:10DE40002046BDE8F88300BFB2F5807F2DE9F041A0
:10DE5000E0B02BD8076DD319B3F5C07F26D80446A0
:10DE60000E46154600214FF4C072684614F0F4FEC9
:10DE70003A466946E36D206E98470746E0B9D4F804
:10DE8000508006B155B9424669462046FFF768FF03
:10DE90000123E364384660B0BDE8F0810DEB080073
:10DEA00031462A46A84414F0EBFEECE76FF0040775
:10DEB000384660B0BDE8F0816FF00807EAE700BFC0
:10DEC0002DE9F041904601221F4604460D4600F020
:10DED00019FA08B1BDE8F081284604F10C0500F0FC
:10DEE00051FA064629462046324600F083FA324669
:10DEF0002846012114F0B0FE42F21073142EC4F82B
:10DF00005C802766A3650CD818231025236520465E
:10DF1000079A0699FFF798FF0028DBD12565BDE831
:10DF2000F0811C2E8BBF3023242320251825EDE7FC
:10DF30002DE9F84F1546064600680F469B46DDF86A
:10DF400028A000F01FFAB5F5806F49D8BAF5807F98
:10DF500042D8F36D814633B1736D012B34D0F26C2E
:10DF6000B36D9A4230DCBBF1000F07D0BAF1000F5D
:10DF700004D0524659463046FFF7F2FECDB106F1C5
:10DF80000C084D4530462C4628BF4C4600F0F2FAAE
:10DF90004A464146304600F0A3FA4146304600F07A
:10DFA000B3FA38462246414614F06AFE2D1B274438
:10DFB000E7D1304652465946FFF7D2FEF36C0020B7
:10DFC0000133F364BDE8F88F524659463046FFF7F7
:10DFD0003BFF18B98246D1E76FF00400BDE8F88F27
:10DFE0006FF00200BDE8F88F00B5002383B0009306
:10DFF000FFF79EFF03B05DF804FB00BF48B110B50A
:10E00000044600F065F964212046BDE8104003F0A5
:10E01000A5BD70472DE9F041B0B00446042000F0E2
:10E0200045F964220546002117A814F015FE7CB9B5
:10E03000694E2946019417A80094684B684A3460D9
:10E04000FFF73EFFE0B10125284630B0BDE8F08182
:10E0500000276448604E14F01BFE2946019717A85C
:10E0600000975E4B5E4A3760FFF72AFF00287FD09B
:10E0700001255D4814F024FE284630B0BDE8F0814B
:10E0800003AF4FF0010E009423463946502217A8E3
:10E09000CDF8B0E0FFF74CFF0028D4D10023502288
:10E0A000394617A80093FFF743FF00285DD150229F
:10E0B0004E49384614F0E0FD8046002855D117A897
:10E0C00000F006F9642117A803F048FD17A800F036
:10E0D000FFF8642117A803F041FD002C58D16422F9
:10E0E000214617A814F0B8FD019400942946404B2E
:10E0F00017A83B4A3460FFF7E3FE0028A3D122466D
:10E10000214617A8FFF7A0FE00289CD1002350222B
:10E11000394617A80093FFF70BFF034628BB009072
:10E120005022394617A8FFF703FFF0B938465022AE
:10E13000304914F0A1FD0546B8B917A800F0C8F899
:10E14000642117A803F00AFD17A800F0C1F817A86A
:10E15000642103F003FD002C3FF476AF264814F051
:10E16000AFFD0A2014F0B4FD6EE7002C80D16AE701
:10E1700003AF4FF0010E009003463946502217A816
:10E18000CDF8B0E0FFF7D4FE00287FF471AF85E74B
:10E19000194814F095FD194814F07AFD642241469F
:10E1A00017A814F059FDCDF80480CDF80080294659
:10E1B0000F4B17A80A4AC6F80080FFF781FE002817
:10E1C0007FF456AF0246014617A8FFF73DFE002830
:10E1D0007FF44EAF9AE700BF30F5002078CA0260A6
:10E1E0002DDD006010230020C4180020B0CA02609A
:10E1F00000CB026028CB0260741800202C23002082
:10E200000048704778CB0260002833D0014610B533
:10E210000446194814F024FD20B32146174814F091
:10E220001FFDE8B12146164814F01AFDC0B1214681
:10E23000144814F015FDB8B12146134814F010FD30
:10E24000A0B12146114814F00BFD88B121461048B9
:10E2500014F006FD0F4C00280CBF2046002010BD16
:10E260000D4810BD0D4810BD0D4810BD0D4810BD26
:10E270000D4810BD704700BF4823002070240020C7
:10E28000A03F0020942400203C3800206838002063
:10E290000C25002058CE026018CF026048CF0260E3
:10E2A000E8CE0260B8CE026088CE02600338C0B209
:10E2B000052803D8024B53F8200070470020704710
:10E2C000C40500200023036043608360704700BFE3
:10E2D000B8B10368ABB110B50446406808B15B6AD9
:10E2E0009847A06838B12368D968490003F036FC24
:10E2F000A06814F0A5FC20460C21BDE8104003F0F6
:10E300002DBC7047C9B1C0B1F8B505460B6A0C46C3
:10E31000164698470746686088B116B92C600020F9
:10E32000F8BDE168022014F0B7FCA8600028F5D120
:10E330003846636A98470348F8BD03487047014868
:10E34000F8BD00BF80AEFFFF00AFFFFF0122FFF767
:10E35000D9BF00BF78B1026869B162B10B6853B12F
:10E3600010B5D41A18BF01243CB9936A49684068B3
:10E370009847204610BD02487047014810BD00BFB5
:10E3800000AFFFFF00B1007A704700BF00B1007816
:10E39000704700BF00B14068704700BF20B10368FC
:10E3A00013B11B69406818470048704700AFFFFF72
:10E3B00020B1036813B15B69406818470048704793
:10E3C00000AFFFFF20B1036813B19B694068184795
:10E3D0000048704700AFFFFF40B130B40C46C5693C
:10E3E00011461A4620462B4630BC18470048704755
:10E3F00000AFFFFF00286ED003682DE9F04305460B
:10E4000091B0002B65D08668002E62D09046DA6805
:10E41000894642450ED21B69406898470446002849
:10E420003ED06F463846402103F098FB204611B09D
:10E43000BDE8F08313466F461A4636213046F4187D
:10E4400014F00AFC2B6820465C21DA6814F004FC06
:10E45000B8F1000F15D009F1FF31601E06EB08027C
:10E46000334693F800E011F8014F8EEA040403F8F4
:10E47000014B9A4210F801EF0C788EEA0404047004
:10E48000EFD12B6868681B69984704460028C9D1FA
:10E490002B68314668685C69DA68A0470446C1E7C2
:10E4A0002B684246494668685B696F469847044650
:10E4B0000028B7D12B68694668689B69984704466D
:10E4C0000028AFD12B68E946AE68D3F80880DB6836
:10E4D000B2E70248ABE70148704700BF00AFFFFF5B
:10E4E00068B103685BB110B4846824B15B694068AB
:10E4F0005DF8044B184703485DF8044B704701482A
:10E50000704700BF00AFFFFF00282FD00368002B2B
:10E510002CD0F0B5866891B0002E25D004460D466B
:10E520009A6969464068DF68904708B111B0F0BD4C
:10E53000236860681B6998470028F7D12368F119A0
:10E5400060685E69DA68B0470028EFD123686946E1
:10E5500060685E699A68B0470028E7D12368294659
:10E5600060689B699847E1E70148DFE7004870472A
:10E5700000AFFFFFA8B103689BB170B5856875B1A6
:10E5800004461B694068984700B170BD236829465E
:10E5900060685C69DA682346BDE870401847024845
:10E5A000F3E70148704700BF00AFFFFF002831D0FC
:10E5B000F0B585B0002416460D460122014601A89B
:10E5C000029401941F460394FFF79CFE044628B171
:10E5D00001A8FFF77DFE204605B0F0BD3246294672
:10E5E00001A8FFF707FF04460028F1D1019B7BB18A
:10E5F000039A6AB15B6939460A9A029898470446B9
:10E600000028E5D10B9901A8FFF77EFF0446DFE75C
:10E61000014CDDE70048704700AFFFFF20B1036801
:10E6200013B1DB6A406818470048704700AFFFFF2E
:10E630005822002114F010BB10B1582103F08EBAFB
:10E64000704700BF08B5582214F01AFB08BD00BF80
:10E6500070B403460022064E064D1046064C07498C
:10E660009E60DD601C6159611A605A6070BC704721
:10E670000123456789ABCDEFFEDCBA9876543210A2
:10E680000369024600202DE9F04F1F4613465269E8
:10E6900095B08E46D34E11461A46DB6810911C4643
:10E6A000119287EA01039168DEF800200497234065
:10E6B00005922746049ACDF800E096466240109CE9
:10E6C000C94D2644009C12910D446468DFF888B35C
:10E6D0002146109C06EB010C009E6340C34CB668BB
:10E6E0000691744431462B44059E07910C440099D1
:10E6F0003344BF4DCE6807EB73633D443146009E03
:10E700001A4087EA030E366905EB010A0891019663
:10E710000199B84D0D4400994E6905EB0309314646
:10E72000049E009D7240B44EAD699444009A0295D7
:10E730000E4403EB3C5CD26909910EEA0C0E1146C3
:10E74000AE4D66448EEA070E029A0A918B44A644A7
:10E750000099154483EA0C020CEBFE3E009C1397D3
:10E7600002EA0E020F6A646A8CEA0E0839465340C8
:10E77000A34F7544009A534403940F440B91926A3B
:10E780000399A04C0C4411460EEBB3229E4B0C9106
:10E7900008EA02088EEA020A93440B4488EA0C084D
:10E7A0000099C844C96A02EB78680D910AEA080C1E
:10E7B00007EB080A8CEA0E0782EA080C3744934EEE
:10E7C00008EB37570E440CEA070E04EB070988EAFA
:10E7D00007048EEA02021544009A07EBF535116B27
:10E7E0002C4087EA050E03EB050C894B84EA0804EC
:10E7F00000910B4411465C44DFF860B205EBB42491
:10E800000EEA040806EB040E88EA070685EA040807
:10E81000576B56443A4604EB76660E9208EA0608B1
:10E820009F1988EA050384EA06087A4D4B44DFF80D
:10E8300030921544CA6B06EB33530F9208EA030873
:10E840001D4488EA040486EA0308A4448C6B03EBA5
:10E85000FC3C08EA0C0883EA0C0188EA0606B64488
:10E860006D4E0CEBBE2E264401EA0E018CEA0E081A
:10E8700066445940694B0F441344069A0EEB776780
:10E8800073449144029A08EA07088EEA0701B944E2
:10E8900088EA0C0C654407EB3555294087EA050CDE
:10E8A00081EA0E010E445E4905EBF63611440D9ADD
:10E8B0000CEA060C29448CEA070C5A4F63441744AF
:10E8C000059A06EBB32307EB060A574F86EA0308BF
:10E8D00017440E9A08EA050507EB0308099F7540DF
:10E8E000A944524D03EBF9693D4483EA090E0EEA4F
:10E8F000060605EB090E4E4D5E4031444D4E09EBC8
:10E90000F15189EA01071F400C9B87EA09071D4462
:10E91000574405EB010C0F9D01EBB74781EA070354
:10E9200003EA0909444B89EA01092B44019DC844C3
:10E9300003EB070A2E44414D07EB383887EA0803FA
:10E94000464419407940714408EBF16188EA0103BB
:10E950001F40039B87EA08071D44BC4405EB010EDA
:10E96000374D01EBFC5C089F254481EA0C0305EB65
:10E970000C0903EA08034B4053440CEBB3438CEA05
:10E98000030529402F4D81EA0C013D442E4F0E44D2
:10E9900005EB03080B9903EB36360F4483EA0605B3
:10E9A000374405EA0C055D40754406EBF56586EADB
:10E9B00005010B40254973401144079A994401EB26
:10E9C000050E234B05EBF9591344009A85EA09011A
:10E9D00003EB090C31401F4E6940414409EBB14142
:10E9E00040E000BF56B7C7E878A46AD7DB702024A0
:10E9F000EECEBDC1AF0F7CF52AC68747134630A8BF
:10EA0000D8988069AFF7448BB15BFFFFBED75C89B4
:10EA10002211906B937198FD8E4379A62108B44919
:10EA200040B340C0515A5E26AAC7B6E95D102FD642
:10EA300053144402C8FBD3E781E6A1D8E6CDE12117
:10EA4000D60737C3870DD5F4ED145A4505E9E3A978
:10EA5000F8A3EFFCD9026F67019546FD39D0D4D9F0
:10EA600062251EF689EA01031D400A9B85EA090515
:10EA70001E442F44D74D0E4401EB37371544099AF5
:10EA800081EA070305EB070803EA09034B407344D7
:10EA900007EBF36387EA03052940CF4D794015441E
:10EAA000019A8C4405EB030ECC4D03EBFC5C83EA2E
:10EAB0000C010F400B995F400D44C9493E44654429
:10EAC00021440CEBB647C74E8CEA070903EA090359
:10EAD00083EA0C0C0D9BE0441E44C34B07EB383813
:10EAE00006EB070A89EA080987EA08074144CE4489
:10EAF00008EB3E7E87EA0E0788EA0E082F44069D43
:10EB00000EEB77572B44B94D88EA070673448EEA1B
:10EB1000070E15445644059A3D4407EB36468EEAE7
:10EB2000060987EA060CB24F89440A9906EB79294F
:10EB30000F448CEA090C86EA090EB9190C9F9C4413
:10EB4000AC4B09EB3C7C3B44AB4F8EEA0C0E4B4488
:10EB500089EA0C09AE440E9D0CEB7E5E2F44A74D56
:10EB600089EA0E0967448CEA0E0C15448944A449CD
:10EB700075440EEB39498CEA090C8EEA09069C446F
:10EB8000089B09EB7C2C19449E4B86EA0C064944F1
:10EB900089EA0C093E44029F0CEB36763B4489EA35
:10EBA000060903EB0C07039B8CEA060C4D449B44BF
:10EBB00006EB7555B3448CEA050386EA050A009E08
:10EBC0000B449149DFF880C205EB334331448F4E4B
:10EBD0008AEA030A85EA030901EB050E0F9DBA4490
:10EBE0008B4916448B4F03EB7A2A2944079D89EA07
:10EBF0000A0983EA0A081944874BD9442B44874DF4
:10EC00000AEB3979534488EA09088AEA090A06EBCB
:10EC1000090B0A9EF0443544814E09EB78588AEA84
:10EC2000080A05EB080E89EA08098A447D49CDF8EF
:10EC300014E008EB3A4A2144099C01EB0A0E89EAE8
:10EC40000A092744784CCDF824E09944009A089B9F
:10EC50000AEB79291644754A9E4669EA0808134664
:10EC6000069A88EA0A08734407EB090E704FD844E5
:10EC70000893704B09EBB868CDF800E019460C9B7F
:10EC800068EA0A0ADFF8C4E11C440B460F998AEAD5
:10EC9000090A1344684ADFF8B8B1464406930B9B4F
:10ECA0001A44664B0B4466490D4602990F440E996F
:10ECB0004D1901990295634D4D190D998C44079991
:10ECC00001958E440599089D8A44039908EBBA5A28
:10ECD0008B4409996AEA0909554489EA0809894473
:10ECE00000990AEB794969EA08084C4488EA0A085D
:10ECF0008844069909EBF82868EA0A0A41448AEA36
:10ED0000090AB24408EBBA6A6AEA0909524489EA74
:10ED10000809A9440AEBB95969EA08084B4488EA8A
:10ED20000A08A04409EB784868EA0A0A47448AEAD4
:10ED3000090A8A44029908EBFA2A6AEA090901EBEE
:10ED40000A06019989EA08099144129A0AEBB969FD
:10ED500069EA080801EB090588EA0A08984409EB02
:10ED6000B85868EA0A0A0CEB08048AEA090ABA44A5
:10ED7000119F08EB7A4A6AEA09090EEB0A0189EA4F
:10ED800008094E440AEBF62666EA0808B34488EA06
:10ED90000A08454406EBB56565EA0A0A53198AEA8A
:10EDA000060ABB60109B544405EBB45464EA0606A3
:10EDB00023446E407B613144139E04EB714161EA50
:10EDC00005057218049E65403144AB44396102EB7D
:10EDD000FB233FE08A4C2A8D4239FAFF81F6718786
:10EDE0000C38E5FD22619D6D44EABEA4A9CFDE4B3F
:10EDF000604BBBF670BCBFBEC67E9B28FA27A1EA5B
:10EE00008530EFD4051D8804E599DBE6442229F41A
:10EE1000F87CA21F39A093FC6556ACC497FF2A4327
:10EE2000C3595B65A72394AB7DF4EFFF92CC0C8FA5
:10EE3000144301A3D15D84854F7EA86FE0E62CFECC
:10EE4000A111084E827E53F735F23ABDBBD2D72AC4
:10EE500091D386EBFB6015B0BDE8F08F2DE9F84348
:10EE60000368064614460D4603F03F0713449A42D2
:10EE7000C7F14008036002D9436801334360DFB142
:10EE8000A04519D806F118092946424609EB0700A2
:10EE900013F0F6FE49463046FFF7F2FB80B9C8EBA7
:10EEA0000404454407463F2C08D929463046403CD7
:10EEB0004035FFF7E5FB18B93F2CF6D814B92046CA
:10EEC000BDE8F88306F1180022462946384413F0BD
:10EED000D7FE0020BDE8F88302B1BFE710467047B7
:10EEE000F8B50446006880220D4600F03F0004F1AA
:10EEF00018062318013038281A764BD8C0F138028A
:10EF00000021304413F0A8FE23683146666820468D
:10EF10005A0FDB0042EAC6021F0A84F85030160A74
:10EF200084F8542084F85170170C84F85560120E40
:10EF30001E0C84F856701B0E84F8572084F852601B
:10EF400084F85330FFF79CFB18BBA3682B70A368B1
:10EF50001B0A6B706389AB70E37AEB70E3682B710B
:10EF6000E3681B0A6B71E389AB71E37BEB71236987
:10EF70002B7223691B0A6B72638AAB72E37CEB72A0
:10EF800063692B7363691B0A6B73E38AAB73E37D5D
:10EF9000EB73F8BDC0F140020021304413F05CFE79
:10EFA00031462046FFF76CFB0028F2D1014638229B
:10EFB000304613F051FEA7E730B40023054D064C50
:10EFC0000649074A8560C46001614261036043608D
:10EFD00030BC70470123456789ABCDEFFEDCBA98A2
:10EFE0007654321002B9704738E700BFFFF778BF98
:10EFF000FFF746BB70B596B006460C461546002195
:10F000005822684613F028FE0E480F490F4A104B4D
:10F0100002900391049205935CB929466846FFF774
:10F020005FFF04466846582102F098FD204616B05E
:10F0300070BD224631466846FFF710FF044600289F
:10F04000F0D1EAE70123456789ABCDEFFEDCBA9842
:10F0500076543210FFF7CEBF2DE9F043DFF8A490CD
:10F06000804685B00125002409F11C0709F18C06B2
:10F07000B8F1000F1BD121466A4630465136FFF7E2
:10F08000B9FF394604461037102220BB684613F0FA
:10F09000F3FD0446F0B9B8F1000F0DD1072D05F1CD
:10F0A000010510D059F8044FB8F1000FE3D02946FC
:10F0B000114813F0EDFDDEE7104813F001FE072DB7
:10F0C00005F10105EED1B8F1000F0ED1204605B0D3
:10F0D000BDE8F0830124B8F1000FF7D0084813F021
:10F0E000EFFD204605B0BDE8F0830A2013F0F0FDE7
:10F0F000204605B0BDE8F0834C23002074180020A2
:10F10000C418002094CB0260FFF7A2BAFFF7E4BE58
:10F11000FFF7E6BEFFF796BAFFF7B2BA05F0D8B828
:10F1200006F08ABA06F08CBA05F0CCB805F0ECB857
:10F13000012106F0F3BB00BF07F0C8B807F0CAB85A
:10F14000012307F0AFB900BF06F0E2BB06F02EBC0A
:10F15000002106F0E3BB00BF002307F0A3B900BF06
:10F16000012107F021BB00BF08F0C2BC08F0C4BCFD
:10F17000012308F00DBE00BF07F010BB07F0B8BBBD
:10F18000002107F011BB00BF002308F001BE00BF43
:10F1900010B50446FFF750FA2046BDE8104013F0C2
:10F1A0004FBD00BF10B5044605F086F82046BDE807
:10F1B000104013F045BD00BF10B5044606F0A2FB99
:10F1C0002046BDE8104013F03BBD00BF10B504461B
:10F1D00007F0DEFA2046BDE8104013F031BD00BF55
:10F1E00010B55821012013F057FD044608B1FFF770
:10F1F0001FFA204610BD00BF10B55C21012013F09E
:10F200004BFD044608B105F053F8204610BD00BF81
:10F2100010B56C21012013F03FFD044608B106F043
:10F220006DFB204610BD00BF10B5D821012013F0A2
:10F2300033FD044608B107F0A7FA204610BD00BF11
:10F2400098B1092270B506464568084C084803E0A5
:10F2500054F8140F40B16268AA42F9D1B16813F0B2
:10F260000BFD0028F4D1204670BD704778CF0260B6
:10F27000602300202DE9F047566882B01EB9304661
:10F2800002B0BDE8F087904692682A4B0746147892
:10F290008946294AA3FB04535B0903EB8305A4EBCE
:10F2A000C504E4B2009413F0CFFC002837DB81459D
:10F2B0008CBF0024012494BBD8F804E00744C0EBC1
:10F2C0000906BEF1010FDBD9D8F808C0022512E00B
:10F2D00013F0BAFC0028074421DBB042A6EB00067D
:10F2E00034BF00240124D4B9D8F804E075451BD2FA
:10F2F000D8F808C001350CEB050331460F4A3846F3
:10F3000013F8013C03F07F0A13F0800F0AEBC414DA
:10F310002346DDD0AE4507D914F07E4FEAD06FF01A
:10F320000A0002B0BDE8F087C6EB090002B0BDE8F4
:10F33000F08700BFCDCCCCCC6C2300207423002000
:10F34000C0B10322F8B5064645680F460B4C0C4881
:10F3500003E054F8140F50B16268AA42F9D1B168C1
:10F3600013F08AFC0028F4D123693B60F8BD6FF0EC
:10F370002D00F8BD6FF02D00704700BF90D00260E7
:10F3800078230020C0B10322F8B5064645680F4631
:10F390000B4C0C4803E054F8140F50B16268AA42B9
:10F3A000F9D1B16813F068FC0028F4D123693B60FF
:10F3B000F8BD6FF02D00F8BD6FF02D00704700BF55
:10F3C00008D102607C230020C0B10922F8B50646AE
:10F3D00045680F460B4C0C4803E054F8140F50B12D
:10F3E0006268AA42F9D1B16813F046FC0028F4D152
:10F3F000237C3B70F8BD6FF02D00F8BD6FF02D0041
:10F40000704700BF98D2026080230020012870B4AA
:10F4100015D00C4C0C4D04E01E7C864209D05C6972
:10F420001D4605F11403002CF6D16FF02D0070BCC1
:10F430007047AB690C600020136070BC70470923F3
:10F44000024CF7E78C23002098D202608023002032
:10F45000C0B10822F8B5064645680F460B4C0C486B
:10F4600003E054F8140F50B16268AA42F9D1B168B0
:10F4700013F002FC0028F4D1237C3B70F8BD6FF040
:10F480002D00F8BD6FF02D00704700BFE8D202607C
:10F4900094230020012870B415D00C4C0C4D04E0CE
:10F4A0001E7C864209D05C691D4605F11403002CC0
:10F4B000F6D16FF02D0070BC7047AB690C60002076
:10F4C000136070BC70470823024CF7E72804002043
:10F4D000E8D202609423002038B50D461446FFF7A9
:10F4E000AFFE30B10346027C00205B7C2A702370A3
:10F4F00038BD6FF02D0038BD10B50C46FFF7A0FEEB
:10F5000018B1C3680020236010BD6FF02D0010BD3E
:10F5100070B40B4C01260B4D03E054F8145F5DB141
:10F52000667CB042F9D1267C8E42F6D1616800201B
:10F530001560196070BC70476FF02D0070BC70478B
:10F5400078CF026060230020C0B10822F8B50646DB
:10F5500045680F460B4C0C4803E054F8140F50B1AB
:10F560006268AA42F9D1B16813F086FB0028F4D191
:10F57000237C3B70F8BD6FF02D00F8BD6FF02D00BF
:10F58000704700BF4CD30260A0230020C0B1082206
:10F59000F8B5064645680F460B4C0C4803E054F896
:10F5A000140F50B16268AA42F9D1B16813F064FB3C
:10F5B0000028F4D1237C3B70F8BD6FF02D00F8BD1E
:10F5C0006FF02D00704700BFD8D30260AC2300203D
:10F5D000C0B10822F8B5064645680F460B4C0C48EA
:10F5E00003E054F8100F50B16268AA42F9D1B16833
:10F5F00013F042FB0028F4D1E3683B60F8BD6FF0E4
:10F600002D00F8BD6FF02D00704700BF50D4026090
:10F61000B8230020032870B415D00C4C0C4D04E026
:10F620001E7C864209D05C691D4605F11403002C3E
:10F63000F6D16FF02D0070BC7047AB690C600020F4
:10F64000136070BC70470823024CF7E7C423002006
:10F650004CD30260A0230020C0B10522F8B50646B5
:10F6600045680F460B4C0C4803E054F8140F50B19A
:10F670006268AA42F9D1B16813F0FEFA0028F4D109
:10F68000237C3B70F8BD6FF02D00F8BD6FF02D00AE
:10F69000704700BFC0D40260CC230020F8B12DE930
:10F6A000F04106461746456888460A220D4C0E482A
:10F6B00003E054F8140F70B16268AA42F9D1B1683E
:10F6C00013F0DAFA0028F4D1227C637C88F8002059
:10F6D0003B70BDE8F0816FF02D00BDE8F0816FF068
:10F6E0002D007047FCD40260D4230020F8B50C46EE
:10F6F000164605460021204613F0AEFA5FEA460E94
:10F7000022D0AE4429460BE0A2F137034208C007DD
:10F71000A05C58BF1B01714543EA0003A35413D0FA
:10F72000481B11F8012BA2F13003A2F14107DEB210
:10F73000092EEBD9052FA2F16106A2F15703E3D9F7
:10F74000052EE3D90148F8BD0020F8BD00EEFFFF0B
:10F750002DE9F0439BB080468946174604A81E4613
:10F76000FEF766FF04A8FEF773FF60B104466D461E
:10F7700004A8FEF761FF2846102102F0EFF92046A9
:10F780001BB0BDE8F083229A314604A8FFF7A4FB22
:10F79000044608B16D46EBE70822394604A86D46D9
:10F7A000FFF79AFB04460028E2D104A86946FFF758
:10F7B00097FB04460028DBD1B9F1100F35D99DE83D
:10F7C0000F0088E80F0004A8FEF742FF0446002857
:10F7D000CED1102269460DEB0200FFF77DFB0446F7
:10F7E0000028C5D13146229A04A8FFF775FB0446CC
:10F7F0000028BDD13946082204A8FFF76DFB044656
:10F800000028B5D1694604A8FFF76AFB0446002822
:10F81000AED1B9F11F0F08F11000694694BFA9F1EC
:10F820001002102213F02CFAA2E74A46404669461D
:10F8300013F026FA9CE700BF2DE9F041E8B01C4622
:10F8400005460F466E9E08A89046F8F7FDFC234635
:10F8500000962A4602A81821FFF77AFF044650B105
:10F8600008A8F8F7F7FC02A8182102F077F920465B
:10F8700068B0BDE8F08102A908A8F9F7C7FB044603
:10F880000028EDD1014601972B460097424608A873
:10F89000F9F7E8F80446E3E72DE9F041D0B0064671
:10F8A0000D461746579C0AA89846F1F7D3FE0094D8
:10F8B0003246569B294602A8FFF74AFF044650B13C
:10F8C0000AA8F1F7CDFE02A8294602F047F9204622
:10F8D00050B0BDE8F081EA0002A90AA8F1F7E2FF02
:10F8E00004460028ECD10146019733460097424672
:10F8F0000AA8F2F701FE0446E2E700BF0023036016
:10F9000043608360704700BF002800F099812DE9B3
:10F91000F0478046AAB0184689461F46164613F09F
:10F920008BF90546002800F015813146384613F062
:10F9300083F90446002800F00D81854280F00A8199
:10F94000484613F095F92B5C0544202B00F0A68067
:10F950000D2B00F0A0800A2B40F0FC8030466E1C7E
:10F9600013F086F9235C2218202B00F09D800D2BCC
:10F9700000F097800A2BA4EB0603349908BF0132EC
:10F98000152BA2EB07020A6049DC0025A946A64216
:10F9900080F0E4800021A41B334603AA00940846AB
:10F9A000F3F71AFE2C3072D0DDF80CA0012051467E
:10F9B00013F072F90746002800F0408100943346A6
:10F9C00003AA5146F3F708FE0446002840F0CA8017
:10F9D000B9F1000F6BD0329B002B00F03381252D45
:10F9E00000F0E280212D00F0F880052D00F0C980A4
:10F9F000062D00F0E580072D00F00581039902290E
:10FA000005D93B78302B02D17B78832B50D93846EF
:10FA100002F0A4F8384613F013F9934838E01622A0
:10FA20009249304613F028F90028AED1EB7D0D2B1A
:10FA300046D005F117090A2B40F0908009F1010624
:10FA4000A71B162F40DD17228949304613F014F901
:10FA500000283BD109F11800231A0F2B40F3D9805D
:10FA6000082206A9FFF742FE002840F0D28009F1E3
:10FA700028062525A71B0D2F00F3ED8033780D2BCD
:10FA80007CD00A2B6AD101364FF001097FE7794813
:10FA90002AB0BDE8F0876B7801355CE76B780135FB
:10FAA00056E75378013265E7537801325FE70399EF
:10FAB0000020C8F80070C8F804102AB0BDE8F0872C
:10FAC00005F118092B7EB6E7112F16DD12226A49BF
:10FAD000304613F0D1F880B909F11300231A0F2B27
:10FAE00040F39780082206A9FFF700FE002840F0A7
:10FAF000908009F123062125BCE70D2F3CDD0E2265
:10FB00005E49304613F0B8F8002835D1152F33DDA3
:10FB100016225B49304613F0AFF800284ED016226B
:10FB20005849304613F0A8F8002874D016225649D8
:10FB3000304613F0A1F8F8B9072506F11600231A8C
:10FB40001F2B66DD102206A9FFF7D0FD002860D12B
:10FB5000363693E74D482AB0BDE8F0874C482AB0C6
:10FB6000BDE8F0870399384601F0F8FF384613F0F6
:10FB700067F8A4F588508BE7464889E77378013623
:10FB80007FE733993A46039B019110213298009008
:10FB900006A8FFF781FE0446002C3FF42FAF38463D
:10FBA00013F04EF8204673E7339906A8039A0091A4
:10FBB0003946329BFFF740FE0446EDE70525BCE7DA
:10FBC00033993A463298019118210090039B0DEB2E
:10FBD0000100FFF761FE0446DEE70AA8039DF8F77F
:10FBE00029FB339B06AA04A800930821329BFFF748
:10FBF000AFFD044688B10AA8F8F720FB04A8082145
:10FC000001F0ACFFC8E733993A46039B01912021EC
:10FC1000BCE721483CE706258FE704A90AA8F9F7C5
:10FC200037F904460028E6D1019706AB00972A462B
:10FC300000210AA8F8F768FC0446DCE7174827E724
:10FC4000174870470399384601F088FF384612F08C
:10FC5000F7FF14481CE70E220849304613F00CF851
:10FC600000287FF40BAF51E780ECFFFF382E002017
:10FC7000502E0020D4EEFFFF682E00207C2E0020A6
:10FC80008C2E0020A42E0020BC2E002080EFFFFF31
:10FC900000EFFFFF80EDFFFF00EEFFFF80EEFFFFB4
:10FCA00080EBFFFF00EDFFFF10B50446006818B1C0
:10FCB000616801F053FF206812F0C2FFA06812F0E3
:10FCC000BFFF20460C21BDE8104001F047BF00BF38
:10FCD0002DE9F04F8A4685B000210646009317466D
:10FCE00008461D46134603AADDF838B0F3F76AFC50
:10FCF000304612F0BDFF8146504612F0B9FF039C1A
:10FD0000631C03EB941399440F9B484498425CD8BE
:10FD1000002C4AD1A146214600953B4603AA4846FD
:10FD2000F3F750FC0446002848D1304612F0A0FFFB
:10FD300031460246584612F0A3FF304612F098FFB3
:10FD4000039D0BEB0006ADB14F464FF00A08402D66
:10FD50002C463946304628BF402422462D1B12F03F
:10FD60008FFF3219631C2744039582F800801E44DC
:10FD7000002DECD15046002412F07AFF5146024685
:10FD8000304612F07DFF504612F072FF02464846A0
:10FD9000531CB4541E44109BCBEB06061E6012F09D
:10FDA0004FFF204605B0BDE8F08F2146012012F03C
:10FDB00073FF81460028AED10648F3E7484612F0AB
:10FDC0003FFF204605B0BDE8F08F109B18606FF034
:10FDD0002900E7E780EEFFFF0138C0B2032803D80F
:10FDE000024B53F82000704700207047EC050020BC
:10FDF00010B1002303604360704700BF60B1036827
:10FE000053B19B6A10B504464068984708212046C4
:10FE1000BDE8104001F0A2BE704700BF70B169B1EB
:10FE200070B5056845B904464B6A0E469847606050
:10FE300030B12660284670BD024870BD0148704749
:10FE4000014870BD80C1FFFF80C0FFFFF0B12DE908
:10FE5000F0470568BDB9DFF8489004461F46904654
:10FE6000D9F824308A4698470646606080B1089BDE
:10FE70002846C4F80090C6F800A0C6F80480B76011
:10FE8000F360BDE8F0870448BDE8F087024870479A
:10FE90000248BDE8F08700BF80C1FFFF80C0FFFFC0
:10FEA00038D5026020B1036813B19B6840681847D9
:10FEB0000020704720B1036813B1DB68084618477B
:10FEC000002070472DE9F047DDF82080DDF8249010
:10FED000D8B104460068C0B10E46174663B1056943
:10FEE000B5B160683A46CDF824903146CDF820800F
:10FEF000AC46BDE8F04760470846FEF7D7F920B1A9
:10FF0000FEF740FA03462068E9E70348BDE8F087BA
:10FF10000248BDE8F08700BF80C1FFFF00C1FFFFBE
:10FF20002DE9F04F89B00DF14809DDF8548099E8CA
:10FF3000000ED2B11568C5B11F46EB681446079094
:10FF40000E469847002845D0079A062A11D066B970
:10FF500053464A4639462046CDF84C80CDF848B045
:10FF600009B0BDE8F04FFFF7ADBF1B4809B0BDE8D1
:10FF7000F08F002EF9D0236833B19B6860689847F2
:10FF80000730B8EBD00F23D360680023CDF814B04E
:10FF9000D6F804E01A4635781946CDF80890CDF821
:10FFA00004A00097CDF810E0039503F0DFF90028D6
:10FFB000DCD1206820B18368606898470730C008AA
:10FFC000064B80458CBF1846002009B0BDE8F08F75
:10FFD0000348CBE70348C9E780C1FFFF00C7FFFF25
:10FFE00080BCFFFF00C1FFFF2DE9F04F81B00DF194
:10FFF000280898E8000F00B304460068E8B10E46F0
:02000004600199
:1000000017468BB14569E5B160683A463146AC4662
:10001000CDF834B0CDF830A0CDF82C90CDF82880B4
:1000200001B0BDE8F04F60470846FEF73FF920B148
:10003000FEF7A8F903462068E4E7034801B0BDE8ED
:10004000F08F0248FAE700BF80C1FFFF00C1FFFF49
:10005000F0B5DDF820E050B1046844B1A46924B1E2
:10006000A4464068BDE8F04060470248F0BD024841
:10007000F0BD00BF00C1FFFF80C1FFFFF0B5DDF89C
:1000800020E050B1046844B1E46924B1A44640685A
:10009000BDE8F04060470248F0BD0248F0BD00BF37
:1000A00000C1FFFF80C1FFFFB8B10268AAB1A1B1D2
:1000B0000B6893B130B41C6A8CB11D78052D06D045
:1000C0009A4207D123464968406830BC18471378E4
:1000D000012BF7D0034830BC7047034870470248F3
:1000E000F9E700BF00C1FFFF80C1FFFF50B108B5B5
:1000F00003684BB1DB6A1BB140689847002008BD1C
:10010000024808BD02487047014808BD00C1FFFF12
:1001100080C1FFFF18B103680BB1586870470148F0
:10012000704700BFD42E002010B1006800B10078E5
:10013000704700BF062818BF01280CBF012000200F
:10014000704700BF08B502F0C1F8C00008BD00BF8D
:100150002DE9F04385B00E4691461F460D9C804622
:1001600002F0B4F8A04215D800230C9A0546CDF849
:1001700008900392404601971A460096194603F0EC
:10018000F3F920B9A0F56450A54228BF002005B0BE
:10019000BDE8F0830048FAE780BCFFFF2DE9F04F8F
:1001A00081B0934606460C460AAFDDF834801D4602
:1001B00097E8800602F08AF8CDF830B05146C9F8C9
:1001C00000004246304601230D970B950A9401B07A
:1001D000BDE8F04F03F034B82DE9F04F144681B07C
:1001E0000F46994606460A9DDDF82CB0DDF83080B2
:1001F000DDF834A002F06AF8A0420ED15246414622
:1002000030460123CDF834B0CDF830900B970A95E5
:1002100001B0BDE8F04F02F09FBE024801B0BDE85A
:10022000F08F00BF80BFFFFF2DE9F04F81B08946FE
:1002300017469B460BAC0A9D064694E8100502F053
:1002400045F8A04228600DD852464146304600236A
:10025000CDF830B0CDF82C900A9701B0BDE8F04F42
:1002600002F0D4BC014801B0BDE8F08F00BCFFFF34
:1002700002F088B830B4012300F10804054D1430B1
:10028000054A4D608C6048610A610B700B7330BC8D
:10029000704700BFE02E0020E82E00200238022820
:1002A0008CBF002001207047806D704710B582B070
:1002B00011461A46059C049B0094F9F7D1FF034BA5
:1002C00010F5984F08BF184602B010BD00C7FFFFD9
:1002D00070B470BCF9F75CBF70B5AEB0044615469B
:1002E0001E4603A8FAF740F8214603A8FAF71EF8BD
:1002F000044668B9339BA4F56454324629460093FA
:1003000003A8329BF9F7ACFF10F5984F18BF0446CD
:1003100003A8FAF72BF820462EB070BDF0B5B1B0A7
:1003200004460D46164605A81F46FAF71DF8214655
:1003300005A8F9F7FBFF30B1044605A8FAF716F84F
:10034000204631B0F0BD399B389A379936980393DF
:100350003B460292324601912946009005A8F9F7E2
:1003600017FF0446E9E700BFFBF780BD8830022293
:10037000024B88600A704B60704700BFF02E00206F
:10038000023801288CBF002001207047A0F1040032
:10039000B0FA80F040097047A0F10100B0FA80F097
:1003A0004009704708B5C36800689847C00008BD99
:1003B0002DE9F04F83B0934604460D461E460E9934
:1003C000DDF83080DDF83490C36800680191DDF815
:1003D0003CA0984727680123CDF838B05246C9F8A9
:1003E00000003846CDF83C800D960C95A468019924
:1003F000A44603B0BDE8F04F604700BF2DE9F047C9
:10040000154604461E46C36800688946089FDDF805
:1004100024809847A8420BD120684B46CDF8248011
:100420003A46089601216468A446BDE8F047604753
:100430000148BDE8F08700BF80BFFFFF10B504464C
:1004400003F0D4F82046BDE8104012F0F9BB00BF1D
:1004500010B50446FAF72EFD2046BDE8104012F014
:10046000EFBB00BF10B50446F9F780FF2046BDE89A
:10047000104012F0E5BB00BF10B50446102101F09A
:100480006DFB2046BDE8104012F0DABB10B5AC2180
:10049000012012F001FC044618B10022114601F0BF
:1004A000C1FC204610BD00BF10B5AC21012012F0E8
:1004B000F3FB044608B1FAF7A9FC204610BD00BFC3
:1004C00010B5AC21012012F0E7FB044608B1F9F7A2
:1004D0004BFF204610BD00BF1021012012F0DCBBF5
:1004E0002DE9F043CB68ADF50D7D074608680C4655
:1004F00098470546384601F0E9FEED00B5EBC00F20
:1005000028D104AD20222A2100262846904612F048
:10051000A3FBE368206898470CAA81460123206862
:1005200031460295A46803923246CDF804800096C5
:10053000A04718B10DF50D7DBDE8F0830CAA01466A
:10054000CDF804904346009238462A46FFF700FE55
:100550000028EFD002480DF50D7DBDE8F08300BF07
:1005600000BEFFFF0048704700E1FFFF2DE9F04F9C
:10057000ADF51B7DDDF894B20390BBF1400F98BF41
:10058000402B029104929DF8980200F2F680802997
:10059000994694BF00240124002C40F0EE80FDF722
:1005A00085FE8046002800F0EA8007A8FDF78AFE55
:1005B0002246414607A8FDF7A5FE18B10DF51B7DA3
:1005C000BDE8F08F40463AADFDF7DCFE07469DF8EA
:1005D0009C121AA8212FAA4634BF402380231A4612
:1005E0001E46019312F038FBB3455C465046A49971
:1005F00028BF34462246A24412F042FB361BF3D1F8
:100600005AAC0597CA46DDF804B02746DDF81090CD
:10061000DA4556463846494628BF5E463246374494
:1006200012F02EFBBBEB060BF2D1029B0AAE059F2C
:10063000002B00F0A6807AABDDF8A0B2049307A8E7
:10064000FDF7ACFE50BBDDF804901AA907A84A4696
:10065000FDF7AEFE10BB4A46294607A8FDF7A8FEE7
:10066000E0B94A46214607A8FDF7A2FEB0B93146D7
:1006700007A8FDF7A7FE88B9BBF1010F27D94FF0F6
:10068000010901E0D94522D033463A463146404679
:1006900009F10109FDF7A0FE0028F3D082462846A3
:1006A000802101F05BFA2046802101F057FA04987E
:1006B000802101F053FA3046402101F04FFA07A89B
:1006C000FDF706FE50460DF51B7DBDE8F08F029B41
:1006D0003146DDF80CE0BB4299467346704628BFB0
:1006E000B9464B444A46039312F0CAFA029BB3EB55
:1006F0000903029347D0049BCDF81480DDF804A0D1
:1007000098465745B9464046314628BFD1464A46E5
:10071000C84412F0B5FABAEB090AF2D1049A019B67
:10072000DDF81480D0181946024600E039B112F8FD
:10073000013D01390133DBB21370002BF6D0019B70
:100740008646E918002311F801CD1EF8012D8D42CF
:10075000624413440B70C3F30723F4D1019BE118E7
:10076000002311F801ED10F8012D8C42724413445E
:100770000B70C3F30723F4D161E704481EE7044874
:100780001CE77AAB04934FF0000A88E780E0FFFF94
:1007900000E1FFFF2DE9F04F0027DBB005461046D2
:1007A00007919A460897659CF7F7CAF8002800F069
:1007B000C080802C0646D0F80480D0F80CB0099791
:1007C00000F2B58039464FF4817219A80A970B9749
:1007D00005F108090C9712F03FFA2B68AF686A68B8
:1007E000302B17445BD104230BAA39464846F2F755
:1007F00071F9002842D0A0F5F45000283BD15CB13B
:10080000649B5A1E19AB03EB440012F8011F02331C
:1008100003F8011C9842F8D10134099A4FEAD8082C
:10082000012765000B9C0492414601942B460C9CC9
:1008300011A8CDF808A019AA03970094FFF796FE17
:10084000C8B9BBF1000F2ED10DAF19A8F7F79EF86C
:10085000314619A8F7F7AEF80446002837D011A89A
:10086000202101F07BF93846102101F077F919A811
:10087000F7F790F820465BB0BDE8F08FA9684846CE
:100880000B9B09AA0C910B443946AB60F2F760F957
:100890000028B0D1AB689F42B1D02748EBE727488A
:1008A0005BB0BDE8F08F099802220DAF0B9C2B4680
:1008B0000C9D0490594603923846CDF808A019AA19
:1008C00001940095FFF752FE0028D4D1BDE79DF9B1
:1008D0001C3011A94FEAC80219A8F7F797F8044687
:1008E0000028BCD1F268394619A8F7F7F9F8044690
:1008F0000028B4D119A8F7F715F904460028AED19D
:1009000008AB66A919A800930EC9F7F733F9044696
:100910000028A4D10899A4F5F054689B08AA19A846
:100920001944F7F721FA002808BF002497E7044884
:10093000A1E704489FE700BF1AE1FFFF1EE1FFFFA8
:1009400080E0FFFF00E1FFFF2DE9F04FA5B0044676
:100950000068904601930F46DDF8BC90DDF8C0A01A
:10096000FDF710FD0022012303928DF80F30BAF13C
:10097000000F67D0431E14AA064602EB030B424643
:1009800039462046FDF736FD00285CD12E9A2046D8
:100990000199FDF7A5FD002855D1042203A92046A1
:1009A000FDF79EFD00284ED114A92046FDF7ACFDB1
:1009B000002848D1324614A904A812F061F9B9F10F
:1009C000010F23D90125424639462046FDF712FD85
:1009D000002838D1324604A92046FDF781FD90BB9E
:1009E00004A92046FDF790FD68BB66B10DF14F01EB
:1009F0000DF10F0011F8012F10F8013F594583EA5E
:100A000002030B70F6D10135A945DCD156453546B8
:100A100014A9319828BF55462A46C5EB0A0A12F098
:100A20002FF9319B04A804212B44319310F8013D88
:100A300001390133DBB203700BB90029F6D1BAF1E9
:100A4000000F9CD1002025B0BDE8F08F2DE9F043C8
:100A50008568BDB000244FF00409089506940794FA
:100A600009948DF8169081C830282F4415D11D4661
:100A700014460E4610AB0AAA394608A8F2F774F9D4
:100A800030B90B9A092A0CD068483DB0BDE8F08314
:100A9000A0F53C503DB0BDE8F08365483DB0BDE8F1
:100AA000F0830C99634812F0E7F80028ECD1109A13
:100AB000129B1199302A249303EB0108EDD14B4688
:100AC00017AA414624A8F2F705F8002845D0A0F55A
:100AD0003C500028D9D19DF81600FDF7E7FB804671
:100AE0000028D1D0394608A813AB0DAAF2F73CF97B
:100AF0000028CDD10DA80DF11701FEF7ADFD00289E
:100B0000C2D19DF81700F6F71BFF81460028BBD025
:100B10004368139ADB08042A07934ED1149AC368DA
:100B20009A424AD119A8FDF7CDFB2CA8F6F72EFF63
:100B3000149A159924A812F0A3F8414619A8012285
:100B4000FDF7E0FB0746002839D019A8FDF7C0FBE8
:100B50002CA8F6F71FFF384697E7249806AA179B9C
:100B600041461890034424A82493F1F7F1FF00288C
:100B7000ADD1249B9845AED007AA414624A8F1F7F1
:100B8000E7FF10F1620F01D00028A0D1249B984507
:100B9000A1D0414624A82CAAF2F754F9002896D1F6
:100BA0002CA80DF11601FEF7F1FC00287FF46CAFC4
:100BB000249B98458FD0204867E7204865E7079831
:100BC0002A462146069D179C0DF17008029019A82F
:100BD000189BCDF80C8001950094FFF7B5FE0746F1
:100BE0000028B2D149462CA8F6F7E4FE07460028B3
:100BF000ABD1079A73B241462CA8D200F6F706FF94
:100C000007460028A1D1469A09ABA7F5385724A971
:100C100001922CA8459A02930092449B149AF7F7EC
:100C200075F9002808BF00278FE700BF80D1FFFFBC
:100C30009ED0FFFF142F00209AD0FFFF00D1FFFFAE
:100C40002DE9F04F9FB083460BA8FDF73BFB042036
:100C5000FDF72CFB00285BD0014601220BA8FDF715
:100C600051FB002854D1DFF8EC8004464FF0140902
:100C7000012308F1180208F1600708F5907608F5DD
:100C8000F075059208F130024FF0040A069208F15F
:100C9000480207920822BBF1000F2DD10EA9019343
:100CA000CDF800A02B4603910BA83146CDF8089053
:100CB000FFF74AFE01342835203682464A460EA9FF
:100CC00018BB3846203711F0D7FFF0B9BBF1000F41
:100CD00027D1062C2AD0059B069953F804AF58F863
:100CE000042F059351F8043F0691079951F8049F8A
:100CF0000791BBF1000FD1D0214613480993089208
:100D000011F0C6FF099B089AC8E7BBF1000F14D188
:100D10004FF0010A0BA8FDF7DBFA50461FB0BDE803
:100D2000F08F0A4811F0CCFF062CD4D1BBF1000F94
:100D3000F0D00A2011F0CCFFECE705484FF0010A93
:100D400011F0BEFFE6E700BF202F0020741800203E
:100D5000C418002028D602602DE9F0418AB09046E0
:100D60003023054609AA0E46F1F7B4FE00284ED1FD
:100D70002A68099B13449E4245D1022309AA3146A1
:100D80002846F1F7A7FE044620B1A0F56C500AB042
:100D9000BDE8F08129680346099A40460694059407
:100DA0000494039402940194009401F081F80028C3
:100DB00032D12C6809AA09980223314604442846F6
:100DC0002C60F1F787FE10BB2C680346099F024692
:100DD00004900146039002900190009040460697CF
:100DE000059401F065F8B8B92A684046099B134498
:100DF0002B6001F097F878B9404601F069FA58B9CC
:100E00002B689E42C3D005480AB0BDE8F081A0F52A
:100E10006C500AB0BDE8F0810148B8E79AC4FFFF02
:100E200000C5FFFFF0B58FB00C46154606460BA86F
:100E3000F2F7BEFE611909AA0AA830230A94F1F755
:100E400049FE20B1A0F5745420460FB0F0BD0A9FB2
:100E500008AA099B0AA81F443946F1F779FE002821
:100E6000F0D1089C002C40F0D480022309AA394616
:100E70000AA8F1F72FFE054680B10BA8F2F7A0FEF5
:100E80004FF680732B4033B1654C304602F0AEFB19
:100E900020460FB0F0BDA5F57454F6E7034606955D
:100EA0000595304604950395029501950095099A9C
:100EB0000A9900F0FDFF05460028DED10A9D0223B5
:100EC000099809AA394605440AA80A95F1F702FECD
:100ED00005460028D1D12B4609980A9D06901A464E
:100EE00005951946049330460393029301930093AA
:100EF00000F0DEFF05460028BFD10A9D02230998B5
:100F000009AA394605440AA80A95F1F7E3FD054602
:100F10000028B2D12B4609980A9D04901A460395E1
:100F2000194606933046059302930193009300F00F
:100F3000BFFF05460028A0D10A9D0223099809AAEF
:100F4000394605440AA80A95F1F7C4FD054600286C
:100F500093D10022099D0A9B3046009511460692C6
:100F60000592049203920292019200F0A1FF0546BD
:100F7000002882D10A9D09AA09980223394605440E
:100F80000AA80A95F1F7A6FD054600287FF475AF7B
:100F90002B4609980A9D02901A4601951946069318
:100FA0003046059304930393009300F081FF0546B8
:100FB00000287FF462AF0A9A3046099B13440A93D3
:100FC00000F0B0FF054600287FF457AF0BAA394662
:100FD0000AA8F1F7A3FE054600287FF44EAF0BAA3E
:100FE00039460AA8F1F79AFE054600287FF445AF76
:100FF0000AA80BAA3946F1F791FE054600287FF4AE
:101000003CAF0A9B9F4206D00BA8054CF2F7D8FDD7
:101010003BE7044C18E70BA8F2F7D2FD14E700BF3A
:1010200000C3FFFF80C2FFFF0368062BF0B50D462B
:10103000C1B000F0A480044602A8F9F7E1FE6846BA
:10104000A36821AA666800931E443146F1F780FD2B
:10105000002833D1219B013B022B00F23D8130233C
:101060003146684601AAF1F735FD044628B102A8C9
:10107000F9F7EEFE204641B0F0BD01990623009F2E
:1010800001AA68460F443946F1F724FD04460028BA
:10109000EDD1019A072A40F02181009C9349204616
:1010A00011F0EAFD002840F01981073439466846FE
:1010B00003AA0094F1F732FE002879D0A0F5745409
:1010C000002CD4D121A8F9F79BFEF9F72FFE037865
:1010D000064623B945E016F8013F002B41D021A870
:1010E000F9F7B6FE317821A8FBF77AFF044600280D
:1010F00057D1189A379B9A42EDD1199A389B9A4248
:10110000E9D122A903A8F3F72BF90028E3D125A9F7
:1011100006A8F3F725F90028DDD128A909A8F3F7D7
:101120001FF90028D7D134A915A8F3F719F9002819
:10113000D1D12BA90CA8F3F713F90028CBD131A9F1
:1011400012A8F3F70DF904460028C4D101460FA8F0
:10115000F2F7B4FE074621462EA8F2F7AFFE87420B
:10116000B9D121A8F9F774FE33788DF804303378BB
:10117000002B00F0B98002A8F9F76AFE05E001A98A
:10118000FEF766F9002840F0AB802B789DF804103C
:1011900013B18B4240F09E802846FBF721FF41B0FF
:1011A000F0BD21A8F9F754FE33788DF804305EE7DE
:1011B00003A8F2F7DBFE009B18909F4240F092805C
:1011C000302301AA31466846F1F784FC0446002822
:1011D0007FF44DAF01990423009C68460DEB030298
:1011E0000C442146F1F776FC00287FF467AF019AA2
:1011F00006A80099F2F7E8FE00287FF45FAF009F91
:101200000423019821460DEB03020744684600972A
:10121000F1F760FC00287FF451AF019A09A800990A
:10122000F2F7D2FE00287FF449AF009F0323019814
:1012300001AA2146074468460097F1F74BFC18B90C
:101240009DE80C0013440093009B9C424AD101AAE4
:10125000042331466846F1F73DFC00287FF42EAFA9
:1012600002A80CA99DE80C00FAF736F908B310F5AE
:101270009D4F31D1009B1B78023B012B2CD803A83A
:10128000F2F79CFE019B411C0246994224D1009931
:101290000CA80131F2F798FEF0B9009B0FA819785D
:1012A0000239F2F7EFFDB8B9012112A8F2F7EAFD11
:1012B00090B9009A3146019B6846134415AA0093E1
:1012C000F1F72CFD00287FF4F9AE15A8F2F74EFED9
:1012D0001990F7E60648CEE6054CC8E6054CC6E68A
:1012E0000548C8E6054CC2E6054CC0E6382F00208C
:1012F00000C3FFFF80C6FFFF00C6FFFF9AC2FFFFCB
:1013000080B1FFFF70B5002584B016461C461D60F5
:1013100001AA5D609D60F1F727FD18B1A0F56A5044
:1013200004B070BD01A83146FEF74EF868B93378B5
:10133000012BF5D12368052B00D043B9636805481C
:10134000002B08BF002004B070BD0348E8E7014847
:10135000E6E700BF80C5FFFF80C3FFFFF0B589B09F
:101360000C4605461144302303AA04A80494F1F75F
:10137000B1FB18B1A0F5745009B0F0BD049E02AAEB
:10138000039B04A81E443146F1F7E2FB0028F1D18B
:10139000029B012B4BD1042303AA314604A8F1F789
:1013A00099FB0028E6D105F17C07039A0499384699
:1013B000F2F70AFE044600283BD1049A039B13442B
:1013C0009E42049319D0A02303AA314604A8F1F742
:1013D00081FB044698B310F1620F2AD1049B9E4210
:1013E0000BD03146A12303AA04A8F1F773FB0446EE
:1013F000002845D010F1620F1BD105F188060024AA
:10140000314605F128033A46019428460094FAF73C
:101410001FFC044668B939462846FAF7FBFB044628
:101420000028A9D02846F9F745FD2046A4E72D4815
:10143000A2E72846F9F73EFDA4F574509CE7039A0D
:10144000049B002A03EB02044ADD1B78062B05935C
:1014500001D0302B42D106AA214604A8F1F73AFB6D
:1014600060BB049A069B079213449C4204932BD1C1
:10147000294605A8FFF7D8FD04460028AED0D1E7DD
:10148000049C03AA039B04A81C442146F1F7C8FB53
:1014900000287FF46FAF049A039B13449C4211D140
:1014A00005F18806A31A28463146FAF715F868B1FF
:1014B000049410F59D4FA2D00B485DE7B0F574542D
:1014C000B0D1D5E7094857E7084CABE73146284685
:1014D000FAF7C0F8049400289DD0EAE7044CA1E78D
:1014E000044C9FE780C2FFFF00C3FFFF9AC2FFFFCB
:1014F0009EC2FFFFA0C2FFFF70B50B4688B000245C
:1015000011440646049303AA04A830238DF807402B
:10151000F1F7E0FA20B1A0F57454204608B070BD90
:10152000049D02AA039B04A81D442946F1F710FB61
:101530000028F0D1029C1CB1264C204608B070BD9A
:101540000DF10702294604A805ABFFF7DBFE0028D2
:10155000E1D103AA294604A80423F1F7BBFA002825
:10156000D9D1039B3BB39DF80700FEF735FC00B3D0
:1015700001463046FEF752FCC8B99DF80730012BF2
:101580001BD0023B012B14D805A87168FFF74CFD56
:10159000034638B9039A04997068FFF7DFFE0346E3
:1015A0000028BAD030461C46FEF728FCB5E70446B2
:1015B000B3E7094CB1E7094CAFE7039A04997068A7
:1015C000FFF730FC044608B90024A6E73046FEF7D2
:1015D00015FCA2E780C2FFFF80C3FFFFA0C2FFFF90
:1015E000F0B591B0169C09911144002C2ED01E46E6
:1015F0000546302308AA09A8F1F76CFA18B1A0F53E
:10160000745011B0F0BD089A0DAB099F09A817449A
:101610000AAA3946F1F7A8FB0028F0D108AA3946F2
:1016200009A80423F1F756FA0028E8D10AA80DF119
:101630001E020DF11F01099FFEF730F840B10B9A11
:101640000A2A1AD0092A34D02548DAE72548D8E7EB
:1016500001940146089C0DA80096099E9DF81F3034
:101660009DF81E20049703940296FFF793F8D0B1DB
:1016700010F5F05FC5D11C48C3E70C991B4811F069
:10168000FBFA01460028DFD123463246099C0DA80B
:10169000089E02978DE85000FEF764FF0028B0D145
:1016A0003B78302BE7D139462846089AFFF724FFCC
:1016B000A7E70C990E4811F0DFFA01460028C3D1C4
:1016C00023463246099C0DA8089E02978DE85000DB
:1016D000FFF7BCF90028E6D010F5385F91D1CAE7D2
:1016E00080C6FFFF00C4FFFF80C4FFFF402F002023
:1016F0004C2F00202DE9F04188B0144605460E46D7
:1017000005A81F46FEF7FAF814B304F1FF3816F8DF
:1017100008300BB32146012011F0BEFA80460028A4
:1017200079D02246314611F0ABFA0E9B2246414653
:10173000009328463B46FFF753FF214607464046A5
:1017400000F00CFA404611F07BFA67BB002000E085
:101750006E4808B0BDE8F0810E9B04AA009705A86A
:101760000193334602926A496A4AFEF7CDF800288F
:1017700053D10120FEF730FB01462846FEF74EFB11
:10178000044630B9069A05996868FFF74BFB044692
:1017900010B12846FEF732FB05A8FEF785FA204671
:1017A00008B0BDE8F0812846FEF728FB17F56E5F0C
:1017B0002FD0224631462846FFF79EFE0028C5D08E
:1017C0002846FEF71BFB0120FEF706FB01462846D4
:1017D000FEF724FB30B9224631466868FFF722FB4A
:1017E0000028B3D02846FEF709FB0220FEF7F4FAE2
:1017F00001462846FEF712FB30B92246314668689A
:10180000FFF7ACFD0028A1D02846FEF7F7FA3F48C5
:101810009FE741489DE741489BE710F59C5FF8D062
:1018200010F5985F26D010F5845F92D116F8083035
:10183000002B7FF46FAF04AB0E9A05A800970293BC
:10184000334601923649374AFEF75EF8A0B90220C6
:10185000FEF7C2FA01462846FEF7E0FA04460028E1
:1018600097D1069A05996868FFF778FD0446002825
:101870008FD191E72C486CE710F59C5FC9D010F52B
:10188000985FF7D010F5845F7FF463AF16F80820F7
:10189000002A7FF43FAF04AB0192009205A80293A7
:1018A0003346224A2249FEF72FF848B9069A2846BD
:1018B0000599FFF721FE044600283FF46DAF68E765
:1018C00010F5845F7FF445AF16F80820002A7FF4F6
:1018D00021AF04AB0192009205A802933346154A4A
:1018E0001549FEF711F860B90E9C3B46069A28464A
:1018F00000940599FFF774FE044600283FF44CAFAE
:1019000047E710F5845F7FF424AF03E700C3FFFFD0
:10191000782F0020582F002080C4FFFF80C0FFFFD9
:10192000B82F0020982F002000C4FFFFD82F0020E0
:10193000F42F002010300020343000202DE9F04337
:1019400087B000241646302302AA8DF807400546CA
:10195000F1F7C0F820B1A0F5745007B0BDE8F083EE
:1019600002990DF107022F6803AB28460F44394650
:10197000FFF7C8FC0028F0D102AA39462846F1F743
:101980004FF9E8B92A68029B13449F421BD19DF886
:101990000700FEF721FA002843D001463046FEF743
:1019A0003DFA0028D9D19DF80730012B0DD0023B1C
:1019B000012B17D91C4C3046FEF720FA2046CCE705
:1019C000A0F56C50C9E71948C7E772683946284640
:1019D000FFF7C2F904460028EDD12B689F421ED0C4
:1019E000124CE8E703A87168FFF71EFB04460028C5
:1019F000E1D1D6F804802A6808F188094046BB1A6C
:101A00004946F9F769FD044608B12F60D3E7494616
:101A10004046F9F71FFE2F6004460028CBD1002076
:101A20009BE7014899E700BF80C3FFFF9AC4FFFF0F
:101A30002DE9F0418AB0154606460F4607A8FDF786
:101A40005DFF85B907A8FEF72FF90120FEF7C4F95D
:101A500000283AD001463046FEF7E0F9002836D09B
:101A60000AB0BDE8F08105F1FF3817F80830002B07
:101A7000E8D106AA0193009307A802923B46314A97
:101A80003149FDF741FF044600283AD1079B012068
:101A90000593FEF7A1F9C0B101463046FEF7BEF945
:101AA0000028DDD1059905A8089B72681944FFF745
:101AB00053F9044610B13046FEF7A0F907A8FEF727
:101AC000F3F820460AB0BDE8F0812048C8E70DF1E0
:101AD00028083D44726848F8147D29464046FFF7BF
:101AE0003BF904460028ECD03046FEF787F9184B46
:101AF0009C42E6D13246294640460597FFF71EFF35
:101B0000AEE710F5845FD9D117F80820002A99D1E3
:101B100006AB0192009207A802933B460D4A0E497C
:101B2000FDF7F2FE044648B9079B3246089905A81E
:101B300005931944FFF702FF0446BFE710F5845FE1
:101B4000BCD17FE75C3000207C30002080C3FFFFE9
:101B50009EC4FFFF9C300020B8300020024B0A4694
:101B600000211B68184700BF946500202DE9F04F45
:101B700093B00F46044690461C9E02A840220021C6
:101B8000994611F069F8002330680193FCF7FAFBDD
:101B9000A7B38246BA453046554628BF3D46FCF7B6
:101BA000FDFB834660BB4A4641463046FCF700FCDD
:101BB000834628BB042230460DEB0201FCF7F8FBFC
:101BC0008346E8B902A93046FCF7FCFB8346B8B966
:101BD00065B10DF10702601914F8011B12F8013FFD
:101BE000A04283EA010304F8013CF5D19DF80730D7
:101BF0007F1B03F101038DF80730CBD14FF0000BB1
:101C000002A84021FFF7AAFF584613B0BDE8F08FA5
:101C10002DE9F04F002683B091461C4600960546FC
:101C20000196DDF8308018BB8B420F4602D35C1A58
:101C30000A2C04D8444D284603B0BDE8F08F434633
:101C40004FF0010EE61EFF2103F8020B1846324644
:101C500088F801E011F000F80346A01E3A469D55B1
:101C60004946184411F00CF8284603B0BDE8F08F3F
:101C7000FCF71CFB06460028DCD028466A4601A972
:101C8000FDF7C8FC05460028D4D13046FCF77AFBA6
:101C9000009B0646034403F108027F2ACAD810F1CC
:101CA0000A01C7D203F10A029142C3D89442C1D3B8
:101CB000A4F10A07FF1A0A2FBCD9C346033F012328
:101CC000FF210BF8025B3A46584688F8013010F0C5
:101CD000C3FFDDF800A00BEB07034FF0300E0AF155
:101CE00008015FFA8AF20BF8075006203144DF1D25
:101CF0009A71043283F801E083F803E09970587117
:101D000038461A715246019910F0BAFF07EB0A03E0
:101D10004FF0040E0522494603EB0E0B07F80A208C
:101D2000DE7032465D70584683F802E05E4410F083
:101D3000A7FF08EB04039E423FF47DAF21464046D7
:101D4000FFF70CFF76E700BF80BFFFFF52B138B549
:101D50000C468D1810F068FF04F8010BAC42F9D165
:101D6000002038BD00207047F8B500F1080547682D
:101D700004460E462846F2F721F9874245D16368AA
:101D8000B3F5007F41D800212846F2F75BFB00281D
:101D90003BDD28460021F2F791F8B0B3BEB304F161
:101DA0002C0500212846F2F74DFB00282DDD2846A2
:101DB0000021F2F783F840B304F1380500212846EA
:101DC000F2F740FB002820DD28460021F2F776F8E4
:101DD000D8B1002104F11400F2F734FB002814DD1F
:101DE000002104F14400F2F72DFB00280DDD002155
:101DF00004F15000F2F726FB002806DD04F15C0038
:101E00000021F2F71FFB002808DC0548F8BD314629
:101E100004F11400F2F716FB0028F6DD0020F8BDEF
:101E200080BFFFFF70B504460E4615460021AC2268
:101E300010F012FFC4F8A460C4F8A85070BD00BF31
:101E4000F8B5044615461E460F4619B10830F1F79D
:101E500039FF30BB2DB1294604F12C00F1F732FFD8
:101E6000F8B92EB1314604F13800F1F72BFFC0B9B3
:101E7000069B2BB1069904F12000F1F723FF80B9EE
:101E8000079B2BB1079904F11400F1F71BFF40B930
:101E90005FB104F10800F2F791F800216060084694
:101EA000F8BDA0F581410846F8BD3946FBE700BF03
:101EB00070B504461D4661B100F108063046F2F7E0
:101EC00083F810B1A0F5814070BD3046F2F776F886
:101ED00060603DB12946049A04F12C00F2F774F8D1
:101EE0000028EFD1059B3BB1069A04F13800059913
:101EF000F2F76AF80028E5D1079B3BB1089A04F194
:101F000020000799F2F760F80028DBD1099B3BB16C
:101F100004F114000A9A0999F2F756F80028D1D171
:101F2000002070BD2DE9F04F044600F1080A87B08B
:101F3000002104F1140300F12C0700F1380800F12E
:101F4000200950460293F2F77DFA021C04904FF0EC
:101F5000000118BF012238460592F2F773FA0021FA
:101F600003904046F2F76EFA002105464846F2F724
:101F700069FA061C4FF000018346029818BF01263B
:101F8000F2F760FA039A0030049B18BF0120002A80
:101F900018BF002D14BF012100211BD006EA00024A
:101FA0000025BBF1000F14BF002600F0010655EA22
:101FB000060000D17AB14FF0010B33BB29B3424682
:101FC00039465046F2F78AFBD8B1A0F5814007B0F8
:101FD000BDE8F08F1AB1254807B0BDE8F08F059A2B
:101FE000002AF8D0B5FA85F506406D09284035403D
:101FF000BBF1000F14BF002200F0010252BB1646D5
:10200000D5E75046F1F7DAFF6060C5B92EBBBBF1EA
:10201000000F0ED004F1500304F15C054A4641461E
:1020200038468DE8280004F1440301F075FF0028CC
:10203000CBD15946204607B0BDE8F04F94E6CDF825
:102040000080504602993B464A4601F0FFFD0028B9
:10205000DDD0BAE7AB460E46AFE7029A4B464146A3
:10206000384601F0F1FE0028D1D0AEE780BFFFFF77
:102070002DE9F04700F1080904468A460021484648
:1020800015461E46DDF82080099FF2F7DBF978BB84
:10209000B8F1000F08BF002E4BD1002D49D1BAF185
:1020A000000F04D049465046F1F70CFEF0B92DB1AF
:1020B000284604F12C01F1F705FEB0BB2EB13046E5
:1020C00004F13801F1F7FEFD88BBB8F1000F05D02F
:1020D000404604F12001F1F7F5FD68BB77B304F148
:1020E00014013846BDE8F047F1F7ECBDBDE8F087D4
:1020F000002104F12C00F2F7A5F90028C8D0002136
:1021000004F13800F2F79EF90028C1D0002104F153
:102110002000F2F797F90028BAD0002104F114004A
:10212000F2F790F90028B3D0B9E7BDE8F087BDE831
:10213000F0870448BDE8F087BDE8F0873846BDE881
:10214000F08700BF80BFFFFF2DE9F04F85B01D462F
:1021500000F108070446109B894638460021019388
:102160009246129BDDF838B00293139B0F9E0093AA
:10217000149BDDF844800393F2F764F9002838D10A
:10218000B8F1000F08BF002E50D1002D4ED1B9F18B
:10219000000F05D0524649463846F1F74BFF28BBA1
:1021A00035B15A46294604F12C00F1F743FFE8B94E
:1021B00036B1019A314604F13800F1F73BFFA8B976
:1021C000B8F1000F06D0029A414604F12000F1F761
:1021D00031FF58B9009B43B1039A04F114000099F0
:1021E00005B0BDE8F04FF1F725BF184605B0BDE8D2
:1021F000F08F002104F12C00F2F724F90028BFD061
:10220000002104F13800F2F71DF90028B8D00021B0
:1022100004F12000F2F716F90028B1D0002104F1F2
:102220001400F2F70FF90028AAD0B0E7014805B072
:10223000BDE8F08F80BFFFFFF8B504460D460830BB
:10224000002116461F46F2F7FDF808B91B48F8BDF5
:10225000002104F12C00F2F7F5F80028F6D0002157
:1022600004F13800F2F7EEF80028EFD0002104F175
:102270002000F2F7E7F80028E8D0002104F114006C
:10228000F2F7E0F80028E1D02DB1284604F144012E
:10229000F1F718FD78B92EB1304604F15001F1F78D
:1022A00011FD40B92FB104F15C013846F1F70AFD88
:1022B00008B90020F8BDA0F58140F8BD80BFFFFF40
:1022C000C0F8A410C0F8A820704700BF406870474D
:1022D00070B500210446FFF747FDD0B904F10806A8
:1022E00005463046F1F742FE7F2812D914342946BC
:1022F0002046F1F7E3FD60B12046F1F737FE0128F3
:1023000007D931462046F2F72BF8002801DA284693
:1023100070BD014D284670BD00BEFFFFF0B585B011
:102320000446FFF7D5FF40BB01212046FFF71CFD07
:1023300018BB04F12C0504F1380604F1200704F160
:10234000140E02902946019032463B46CDF800E03B
:1023500004F1080001F01EFE78B904F1500304F105
:102360005C0E3A46314628468DE8084004F14403A5
:1023700001F010FF08B905B0F0BD014805B0F0BD8F
:1023800000BEFFFF38B50C460546FFF7A1FF90B928
:102390002046FFF7C3FF70B904F1080105F10800FA
:1023A000F1F7DEFF38B904F1140105F11400F1F77B
:1023B000D7FF00B938BD014838BD00BF00BEFFFFE0
:1023C000F0B50E4687B0002117460546FFF7CCFC56
:1023D000D8B9044603A8F1F7EBFB314603A86A68B5
:1023E000F1F7F2FD38B1A0F5854403A8F1F7E8FB59
:1023F000204607B0F0BD05F1080603A83146F1F705
:10240000AFFF002803DB0F4CEFE70F4CF0E705F1BF
:10241000680003A905F114023346009008466D6870
:10242000F2F77EFE0028DED12A46394603A8F1F7EE
:1024300001FE054603A8F1F7C3FB002DD8D0A5F592
:102440008544D5E77CBDFFFF80BFFFFF2DE9F04F3E
:10245000ADB00E461D468346049101210592FFF75B
:1024600083FC002840F09D8004460EA8F1F7A0FBF5
:1024700011A8F1F79DFB14A8F1F79AFB17A8F1F743
:1024800097FB002E49D020AB0DF18C0A1AAF0DF14D
:10249000740818460393F1F78BFB5046F1F788FB5D
:1024A00026AE38460DF1A409F1F782FB4046F1F75C
:1024B0007FFB3046F1F77CFB4846F1F779FB294674
:1024C000DBF804200EA8F1F77FFD0546002800F098
:1024D000BB8011A8F1F774FB14A8F1F771FB17A8E2
:1024E000F1F76EFB0398F1F76BFB5046F1F768FBD1
:1024F0000EA8F1F765FB3846F1F762FB4046F1F7AD
:102500005FFB4846F1F75CFB3046F1F759FB002DC5
:1025100041D120462DB0BDE8F08F1AAF0DF17408FF
:1025200026AE0DF1A4093846F1F742FB4046F1F71B
:102530003FFB3046F1F73CFB4846F1F739FB2946B3
:10254000DBF804200EA8F1F73FFD0546002868D10E
:102550000BF108030EA819460693F1F701FF0028B6
:1025600021DB11A86FF00305F1F72AFB14A8F1F79E
:1025700027FB17A8F1F724FB0EA8F1F721FB38463B
:10258000F1F71EFB4046F1F71BFB4846F1F718FB3D
:102590003046F1F715FBA5F5864420462DB0BDE881
:1025A000F08F4D4CB5E70EA93046F1F78BFB054691
:1025B000002838D10BF1440307930BF15003089323
:1025C000049B93B1DBF8A030002B4AD00BF18C0AAE
:1025D000524651465046F2F781F8054600287FD012
:1025E00020AB03930DF18C0A73E70BF174000BF130
:1025F0002C03079A0EA9009038460993F2F790FD34
:10260000054670B90BF180000BF13803089A0EA94A
:10261000009040460593F2F783FD0546002800F040
:10262000008111A8A0E711A8F1F7CAFA14A8F1F7E0
:10263000C7FA17A8F1F7C4FA049B002B9CD020AB73
:102640000DF18C0A03934DE70BF108030EA8194610
:102650000693F1F785FE0028A5DB11A86FF00305AE
:1026600038E70BF198030B220BF18C010394CDF8A2
:10267000248014460A960D46CDF82C901E460C97E1
:10268000DDF81080DDF81490069F0D93DBF8041040
:1026900042464B4630460139AA46F2F70FFF3A460A
:1026A0003146002840F01C812846F3F795F80121B7
:1026B000002840F015812846F1F7C4FE002800F0FC
:1026C0001C81013CE2D1039CDDF824800A9EDDF8E8
:1026D0002C900C9F014D83E780BFFFFF80BBFFFF65
:1026E000069A51465046F2F7A7FB054600287FF4AC
:1026F00077AF0BF198031A46194618460393F1F782
:10270000EDFF039B054600287FF46AAF069A194641
:102710001846F2F791FB0546002D7FF461AF0EA934
:1027200052460846F1F7DAFF054600287FF458AF15
:102730000EA9069A0846F2F77FFB054600287FF4AB
:102740004FAF0BF12C03012211A819460993F1F7A1
:10275000ADFF054600287FF443AF0BF1380301229B
:1027600014A819460A93F1F7A1FF054600287FF443
:1027700037AF059B1C21049A17A8F2F79FFE20ABE8
:102780000546039300287FF42DAF17AA11A9184618
:10279000F1F7A4FF054600287FF424AF0398079AB9
:1027A0000146F1F71BFF054600287FF41BAF059B90
:1027B0001C21049A17A8F2F781FE0DF18C0A054638
:1027C00000287FF486AE17AA14A95046F1F786FFB9
:1027D000054600287FF47DAE089A51465046F1F731
:1027E000FDFE054600287FF474AE0BF17400099BD2
:1027F000039A0EA900903846F2F792FC054600288D
:102800007FF467AE0A9D0BF1800052460EA92B465D
:10281000009040460595F2F783FC054600287FF4BA
:1028200058AE424639460EA8F1F700FF054600288B
:102830007FF4F9AE0BF15C020EA93846F1F74EFFBA
:10284000054600287FF4EFAE099A39460EA8F2F744
:10285000F3FA054600287FF4E6AE059A0EA938463D
:10286000F1F73CFF054600287FF4DDAE3A464146CD
:102870000EA8F1F7B3FE054600287FF4D4AE049B02
:10288000002B66D00EA90BF198020846F1F726FF3F
:10289000054600287FF4A4AE0EA9069A0846F2F772
:1028A000CBFA054600287FF49BAE0BF16800069B2F
:1028B0000BF114020EA900904846F2F731FC0546D0
:1028C000002836D020AB11A80393F1F779F914A8AA
:1028D000F1F776F917A8F1F773F90DF18C0A01E613
:1028E00020AB039C0546DDF824800A9E0DF18C0A7E
:1028F000DDF82C900C9F0393EBE528460D99069A82
:10290000039CDDF824800A9EDDF82C900C9FF3F7E1
:102910006DF8054600287FF463AE0BF16800069B56
:102920000BF11402514600905046F2F7F9FB0546B0
:10293000F2E631464846F1F713FD00B311A81E4DEB
:10294000F1F73EF914A8F1F73BF917A8F1F738F9B8
:1029500075E60BF16800069B0BF114020EA90090BE
:102960004846F2F7DDFB054600287FF45AAE3146B3
:102970004846F1F7F5FC68B111A80F4DF4E520AB1E
:10298000DBF8042036990EA80393F1F753FB0546B4
:1029900011A89AE7DBF804200EA83699F1F74AFB54
:1029A000054611A8F1F70CF914A8F1F709F917A8D1
:1029B000F1F706F99CE500BF80BCFFFF2DE9F04F61
:1029C000012B83B0DDF830A0DDF834B0DDF83880BD
:1029D0006AD0BBF1000F18BF002969D0B8F1000F11
:1029E00066D044680AF10B07BC4261D3BA4594BF74
:1029F0004FF0000E4FF0010EBEF1000F58D1E71E50
:102A000016460D46019088F800E0CAEB070743BB65
:102A1000022208EB020988F8012097B1642403E040
:102A2000013C3CD000283AD1012249463046A84713
:102A300099F80020002AF3D088BB013F09F1010971
:102A4000ECD1484600235246594600F8013B10F0AD
:102A500017F942464146019803B0BDE8F04FFFF731
:102A6000AFBC012208F1020388F8012017B3D8197E
:102A7000FF2203F8012B8342FBD100235246594623
:102A800000F8013B10F0FCF8434632462946019815
:102A9000CDF8308003B0BDE8F04FFFF7D7BCA0F50C
:102AA000894003B0BDE8F08FD0F8A440002C90D04E
:102AB0000148F6E71846E0E780BFFFFF012B2DE94C
:102AC000F04F8BB066D0002968D0044690F8A8007B
:102AD00017460D460393FBF7E9FB029000285DD0F3
:102AE000D4F804A0FBF74EFC169B06B280460233D6
:102AF000760033449A4551D3169A9A4294BF4FF0C8
:102B000000094FF00109B9F1000F47D1189B524657
:102B10004946184603F1010B10F09EF8189B5946E0
:102B2000424683F800903846A84720B1A0F5894076
:102B30000BB0BDE8F08F0BEB0803159A14990298BF
:102B40000493FBF749FC0028F2D1169B4FF0010ECD
:102B50000590AAF102001A461799C01A049B404436
:102B6000861B06EB0E0003F806E0184410F088F808
:102B700007A8FBF7A7FB059B029907A81A46FBF7D6
:102B8000C1FB814670B107A8FBF7A2FB48460BB01A
:102B9000BDE8F08FD0F8A440012C94D01A480BB0B7
:102BA000BDE8F08F189A0AF1FF3A08F1010607AB69
:102BB000C8EB0A0A164400935A464346514630462B
:102BC000FEF7D4FF81460028DDD107AB32464146EF
:102BD000584600935346FEF7C9FF064607A8FBF781
:102BE00077FB7EB9039B3BB1189B3A4629462046AA
:102BF0000093FFF72BFC9BE7189A20461146FFF73E
:102C0000DFFB95E7304693E780BFFFFFF0B587B065
:102C1000D0F8A4400CADE0CD74B1012C02D00A482C
:102C200007B0F0BD00240497039602950194009428
:102C3000FFF744FF07B0F0BD0E970D960C9507B057
:102C4000BDE8F040FFF7BABE00BFFFFF012BF0B5B3
:102C5000ADF5037D50D04668A6F11004B4F5F87FB9
:102C600000F2998002AD002B3ED189992A46FFF7E8
:102C7000A7FB044678BB6B78A6F1020E95F800C05E
:102C8000002283F001030DF10901AE44174643EA27
:102C90000C0C11F8010FFF2818BF42F0010271451A
:102CA00082F0010057FA80F7F3D10DF10A01072FE6
:102CB00007F10102CB5D8CBF0024012411444CEAD2
:102CC00003031C4364B2002C5DD14A1B8B9BB21AD8
:102CD0009A425AD9314C28464FF40071FEF73EFF14
:102CE00020460DF5037DF0BD899B0095FFF7AEFBF7
:102CF00004460028EFD1BEE7D0F8A430002B4AD11B
:102D00004668A6F11003B3F5F87F44D802AD899B5D
:102D10000095FFF79BFB04460028DCD16B78A6F1F9
:102D2000020C95F800E0204683F002032746AC44ED
:102D30000DF1090143EA0E0E11F8013F5A428C458C
:102D400042EA0302C2F3C01282F0010240EA02002A
:102D5000C0B2C0F1000242EA0002C2F3C01282F027
:102D600001021744E8D10DF10A01072F07F1010212
:102D7000CB5D8CBF0024012411444EEA03031C43A5
:102D800064B2002CA1D0064CA5E7889B8A981A60F3
:102D90000FF076FF9FE70348A3E700BF00BCFFFFEB
:102DA00000BFFFFF80BFFFFF012B2DE9F04FADF506
:102DB000197D65D04768A7F11004B4F5F87F63D892
:102DC000044690F8A80016468B461D46FBF76EFA9F
:102DD0000390002858D0FBF7D5FA00F1010881468E
:102DE0004FEA480A57454FD3B5B918AD2046A599C3
:102DF0002A46FFF7E5FA0446CCB108AE28464FF460
:102E00000071FEF7ABFE30464021FEF7A7FE2046DC
:102E10000DF5197DBDE8F08F18AD204632465946B4
:102E20000095A59BFFF712FB0446002CE5D105A8F1
:102E3000FBF748FA2246039905A8FBF763FA044614
:102E4000C8B97E1E05ABA8440DF16100C9EB0606AA
:102E50000093424649463346FEF788FE044650B981
:102E600005AB314640460DF1610200934B46FEF73B
:102E70007DFE044668B105A808AEFBF729FABDE758
:102E8000D0F8A440012C95D030480DF5197DBDE84F
:102E9000F08F08AE05A8FBF71BFA03983346A39AF8
:102EA000A299FBF799FA04460028A7D10DF1610316
:102EB0002A7803EB0901B9F1000F11D009F1FF38AD
:102EC0000DF11F0001F1FF3EB04410F801CF1EF8D4
:102ED000013F40458CEA030342EA0302F5D149442D
:102EE000AAF10203FB1A022B2DD0033B4FF0000E78
:102EF00001F1FF3C0B44F0461CF8010F4EEA000EB6
:102F00006345CEF100004EEA0000C0F3C01080F02F
:102F100001008044F0D111F8083083F0010313431D
:102F200009D108F10108A79B41444A1BBA1A9A42E9
:102F300003D9074C62E7074C60E7A49BA6981A6088
:102F40000FF09EFE5AE74FF00008E4E780BFFFFF56
:102F500000BCFFFF00BFFFFFF0B587B0D0F8A44072
:102F60000CAD95E8E04084B1012C02D00C4807B0CC
:102F7000F0BD0024CDF814E0049703960295019467
:102F80000094FFF711FF07B0F0BDCDF83CE00E97BD
:102F90000D960C9507B0BDE8F040FFF757BE00BF97
:102FA00000BFFFFF2DE9F04782B08846012B0546A0
:102FB0000BA991469DF8280046C90ED01C466B68A7
:102FC0000096FEF725FE80BB84B92846324631467E
:102FD00002B0BDE8F047FFF7F3B9D5F8A430002BF5
:102FE00048D16B680096FEF713FEF0B96C680120BB
:102FF00021460FF051FE074600283DD02146012012
:103000000FF04AFE8246002839D000974A464146D2
:1030100033462846FFF71AFA044648B138460FF0FF
:103020000FFE50460FF00CFE204602B0BDE8F087C0
:10303000524639462846FFF7C3F904460028EDD129
:103040006A6892B15046751E0AEB020C234610F8CE
:1030500001EB15F8011F60458EEA010143EA010307
:10306000DBB2F4D10BB1094CD8E7304639460FF04A
:1030700007FED3E70648D8E76FF00F00D5E73846DC
:103080000FF0DEFD6FF00F00CFE700BF00BDFFFFC8
:1030900080BFFFFF2DE9F04F012B9BB09DF890E022
:1030A0002CD079B317460D46044699464668BEF1C2
:1030B000000F1BD194F8A800FBF7F8F8834608B37B
:1030C000FBF760F98046430002339E421AD3324632
:1030D000002127980FF0C0FD0AA942463846A847AC
:1030E000A0B1A0F589401BB0BDE8F08F7046FBF79A
:1030F000DDF838B1FBF746F92590DBE7D0F8A440BE
:10310000012CCED04D481BB0BDE8F08F04F1080370
:10311000039018460493F0F729FF05900FFA88F002
:10312000279B4FF0010E4246A6EB40000AA900F192
:10313000FF3A18449A4400F802EC50460FF0A0FD04
:1031400007A8FBF7BFF8039B594607A81A46FBF7E9
:10315000D9F8834630B107A8FBF7BAF858461BB038
:10316000BDE8F08F07A8FBF719F983460028F2D1D4
:103170000AEB0803082207A819460393FBF718F97E
:1031800083460028E7D1259A07A82699FBF710F96E
:1031900083460028DFD142460AA907A8FBF708F9B1
:1031A00083460028D7D1039907A8FBF70BF983467C
:1031B0000028D0D1059B07A8711E039A013B0090FF
:1031C000C8EB0101279813F0070F43460CBF4FF0DF
:1031D000010E4FF0000ECEEB01017044FEF7C6FC6D
:1031E00083460028B7D10498F0F7C0FEFF21C0EB5A
:1031F000C606279BBC220AA801361B7841FA06F6B0
:1032000040211E40279B1E700AF81820FEF7A6FCDE
:1032100007A8FBF75DF8B9F1000F09D0279B3A46E4
:10322000294620460093FFF711F91BB0BDE8F08F47
:10323000279A20461146FFF7C3F854E780BFFFFFE7
:10324000F0B5D0F8A44006AE9DF8145096E8C04002
:1032500064B1012C08D1CDF820E0079706960595BA
:10326000BDE8F040FFF716BF0548F0BDCDF820E0FF
:10327000079706960595BDE8F040FFF793BE00BF9F
:1032800000BFFFFF2DE9F04F012B83B045689DF88B
:10329000304058D08A4680462946012093469946B8
:1032A0000FF0FAFC0646002848D0294601200FF00E
:1032B000F3FC074600283AD000902B4620460E9A91
:1032C0000D99FEF7A5FC0446F8B9B9F1000F40D1FD
:1032D000404632460F99FFF773F80446ACB9A5B1E2
:1032E00020463246791E06EB050E12F8014B11F806
:1032F000013F724583EA040340EA0300C0B2F4D1FF
:10330000002818480CBF0024044629463046FEF722
:1033100025FC30460FF094FC29463846FEF71EFC8B
:1033200038460FF08DFC204603B0BDE8F08F3046E4
:103330002946FEF713FC30460FF082FC6FF00F00B9
:1033400003B0BDE8F08FD0F8A460002EA2D00648EC
:10335000F6E700965A46514640460F9BFFF776F82F
:103360000446BBE780BCFFFF80BFFFFF2DE9F047AD
:10337000012BADF5187D07469DF880829DF88C9253
:1033800051D04468A4F11005B5F5F87F5FD8002B43
:1033900053D118ADA5992A46FFF712F800283ED15F
:1033A000661EAB5DBC2B40F08480B8F1000F07D0E7
:1033B0004046FAF77BFF002849D0FAF7E3FFA190D7
:1033C0004846FAF773FF8146002840D0FAF7DAFF43
:1033D0000023804607F1080003930493F0F7C6FD2D
:1033E000E300471E2A78C3F108033B4452FA03F373
:1033F0002DD1790728D02646AA4608F102039E421D
:1034000025D305A8FAF75EFF494605A80022FAF77A
:1034100079FF044600B305A8FAF75AFF20460DF5D8
:10342000187DBDE8F087D0F8A430012B0FD1446897
:10343000A4F11003B3F5F87F09D818ADA59B384661
:103440000095FFF703F8A9E70DF1610AD5E73648C3
:103450000DF5187DBDE8F0876FEA080105AB504611
:103460003144009343460AEB01094A46FEF77EFBCE
:1034700004460028CFD1C7EBC606FF272B7809F1F9
:10348000FF3147FA06F68A4506EA03062E709AF8D7
:10349000002047D212B145E09A4632B90AF1010341
:1034A0009AF801208B42F7D10B46012A03D01F4C1A
:1034B000B1E71E48B3E75D1CA49B5A1CC5EB090687
:1034C00001D0B342F3D105A8FAF768FF04460028FB
:1034D000A1D103A9082205A8FAF76AFF044600282B
:1034E00099D1A19A05A8A299FAF762FF044600288B
:1034F00091D13246294605A8FAF75AFF044600281A
:1035000089D105A808A9FAF75DFF0446002882D1F1
:10351000424608A948460FF0AFFB054B002818BFEC
:103520001C4678E75346C0E780BFFFFF00BFFFFFA0
:1035300080BCFFFFF0B5D0F8A84087B09DF83050B0
:103540000D9F7CB1E4B24FF0FF3E0F9E03940E9CA2
:1035500005960294CDF810E08DE8A000FFF706FF75
:1035600007B0F0BD2C46EEE72DE9F047D0F8A450A7
:1035700086B09DF838E0DDF83CC0DDF84080DDF82D
:10358000449015B3012D03D0174806B0BDE8F0876D
:103590009A46D0F8A83004460E46174613BB754627
:1035A00020464FF0FF3453463A463146CDF814904A
:1035B0000395CDF80880CDF804C0CDF800E0049460
:1035C000FFF7D4FE06B0BDE8F087CDF84490CDF803
:1035D0004080CDF83CC0CDF838E006B0BDE8F047FB
:1035E000FFF750BEDDB2DBE700BFFFFF10B50446BA
:1035F0008C30F0F7E5FA04F19800F0F7E1FA04F105
:103600006800F0F7DDFA04F12000F0F7D9FA04F1D0
:103610003800F0F7D5FA04F12C00F0F7D1FA04F1F4
:103620001400F0F7CDFA04F10800F0F7C9FA04F13C
:103630008000F0F7C5FA04F17400F0F7C1FA04F164
:103640005C00F0F7BDFA04F15000F0F7B9FA04F1AC
:103650004400BDE81040F0F7B3BA00BF2DE9F04FC9
:10366000002918BF7F2B91B01A9D40F2B680022D21
:1036700040F3B380DC0700F1B080174607AA03903F
:1036800000F1140B10460E461C46F0F791FA0AAAF8
:103690001046F0F78DFA0DAA1046F0F789FA294680
:1036A0005846F0F7EFFB024600287BD14FEA54085A
:1036B000C72C04F101030399A8F1630298BF4FF0EE
:1036C00000094FEA530301F12C0401F1380588BFCA
:1036D0009146049300973346002241462046F2F774
:1036E00045FB002872D102460097334641462846E2
:1036F000F2F73CFB002869D12A46214607A8F0F7DB
:1037000095FF002862D107A8F0F730FC8145E1D28F
:10371000079B002B5CDB012221462046F0F7C6FF09
:10372000002853D1012229462846F0F7BFFF002880
:103730004CD12A46214607A8F0F7D0FF002845D1F2
:1037400007AA59460AA8F2F747F800283ED10121F6
:103750000AA8F0F777FE82460028BBD12A46214608
:103760000AA8F2F739F8002830D101460AAB07AAB7
:103770000DA8F1F733F948BB039B0DAA5946203336
:1037800018460593F2F732F900BB0598F0F7EEFB07
:10379000049B98429ED9012221462046F0F76EFFF5
:1037A000024600B307A80492F0F70AFA0AA8F0F755
:1037B00007FA0DA8F0F704FA049A0398A2F5834AD1
:1037C000FFF714FF504611B0BDE8F08F0246E9E75D
:1037D00029462046F0F7BCFA9DE7DFF87CA050466A
:1037E00011B0BDE8F08F012229462846F0F746FFC8
:1037F00002460028D6D1039B2A46214603F108063B
:103800003046F0F76BFF02460028CBD13046F0F788
:10381000D5FB039F059A29463B46786007F1500681
:1038200020465C33009601933B46443300F074FB22
:1038300002460028B6D10398FEF770FD049007A851
:10384000F0F7BEF90AA8F0F7BBF90DA8F0F7B8F940
:10385000049A002AB6D0B0E780BFFFFF70B50D46CE
:103860000A68044608316B68083084E80C00F0F7F9
:1038700029FA064620B12046FFF7B8FE304670BD53
:1038800005F1140104F11400F0F71CFA06460028B3
:10389000F1D105F1200104F12000F0F713FA0646FA
:1038A0000028E8D105F12C0104F12C00F0F70AFA08
:1038B00006460028DFD105F1380104F13800F0F7A1
:1038C00001FA06460028D6D105F1440104F144006E
:1038D000F0F7F8F906460028CDD105F1500104F1C2
:1038E0005000F0F7EFF906460028C4D105F15C015D
:1038F00004F15C00F0F7E6F906460028BBD105F1BB
:10390000740104F17400F0F7DDF906460028B2D125
:1039100005F1800104F18000F0F7D4F90646002893
:10392000A9D105F1680104F16800F0F7CBF906466A
:103930000028A0D105F18C0104F18C00F0F7C2F948
:103940000646002897D105F1980104F19800F0F798
:10395000B9F9064600288ED1D5F8A420D5F8A830AC
:10396000C4F8A420C4F8A83088E700BF2DE9F047C8
:10397000E4B0054605A8F0F71BF9AC22002139A8F0
:103980000FF06AF905A8A34A1021F0F72BFF0446AF
:1039900048B9019003460090024605A939A8FEF7F0
:1039A0004FFA044648B105A8F0F70AF939A8FFF71D
:1039B0001DFE204664B0BDE8F087974A102105A897
:1039C000F0F710FF04460028EDD105A944A8F0F750
:1039D00079F900283BD1914A102105A8F0F702FFA0
:1039E00004460028DFD105A947A8F0F76BF90028A5
:1039F00031D18B4A102105A8F0F7F4FE04460028C7
:103A0000D1D105A941A8F0F75DF910B1B0F5814415
:103A1000C9D1844A102105A8F0F7E4FE0446002825
:103A2000C1D105A93EA8F0F74DF910B1B0F5814418
:103A3000B9D139A8FEF776FA04460028B3D1002D93
:103A40004ED139A8FEF744FC48B10124ABE7B0F5EC
:103A50008144A8D1BFE7B0F58144A4D1C9E739A812
:103A6000FEF75CFC0028F0D10DF134096E4F0DF12A
:103A700064084FF0180A4E46CDF80490CDF808803F
:103A80000FCF0FC697E80300CDF800A02B462A46BB
:103A900086E80300654939A8FFF7B8F80028D4D1B3
:103AA00013AE04AFCDF80CA00123CDF8048022465C
:103AB000029639A800975D49FFF74EFA0028C4D155
:103AC0003A68304649460FF0D7F80028BDD108AE15
:103AD00051464846324601F04BFE68B1012069E785
:103AE00053480FF0D5F839A8FEF7F2FB00B3514860
:103AF00001240FF0E5F856E70427CDF80C80029674
:103B00002A4601950123009739A84849FFF798FBF9
:103B100000289AD1CDF80C802346029622460194C3
:103B20002146009739A8FFF71FFD00288DD13AE7FD
:103B300039A8FEF7F3FB0028D9D10DF134083A4E2D
:103B40003D4819AF0FF0A4F84546CDF804804FF07A
:103B500018090FCE0FC596E8030002972346CDF84B
:103B60000090224685E80300304939A8FFF74EF857
:103B70000028BCD113AD04AE30480FF089F8CDF861
:103B80000C900197012302952246009639A82749F7
:103B9000FFF7E2F90028AAD13268284641460FF023
:103BA0006BF80028A3D1264808AD0FF089F8254806
:103BB0000FF06EF8494640462A4601F0D9FD20B183
:103BC0001C480FF07DF80120F4E6042603970295C7
:103BD000012301942246009639A81449FFF730FBCF
:103BE000002884D118480FF053F803970295234614
:103BF000019422460096214639A8FFF7B5FC00281B
:103C00007FF475AF0E480FF05BF80A200FF060F8F4
:103C1000C9E600BFD4300020D83100205C3200203B
:103C2000E0320020E4330020380400204D1D016004
:103C3000EC330020C4180020243400200434002079
:103C400074180020443400205C3400202DE9F04733
:103C50007C4C96B0864689469446984604F1300AD4
:103C60001E9F08AE2068103454F80C1C354654F8DA
:103C7000082C103654F8043C54450FC5F2D1206886
:103C8000A3883060B380B8F1000F3CD0002F3AD049
:103C9000D8F80830BBBBB968A9BB70466446764605
:103CA000F0F7D0FB00282EDD01212046F0F7CAFBFB
:103CB000002828DD31462046F0F752FB002822DAA2
:103CC00001214846F0F7BEFB00281CDD314648467E
:103CD000F0F746FB002816DA05A8EFF769FF02A8FF
:103CE000EFF766FF21464A4602A8F0F7F7FC0446C4
:103CF00070B105A8EFF764FF02A8EFF761FF204657
:103D000016B0BDE8F0876FF0030016B0BDE8F0878D
:103D100002A901220846F0F7C9FC04460028E8D1B0
:103D200002A8F0F705F91FFA80FABAF1000F02D1E4
:103D30006FF00304DDE7514602A8F0F7F3F90446FB
:103D40000028D6D1B3681B6803F00709A9F101095F
:103D5000B9FA89F94FEA591916AB05A84B4413F87B
:103D6000381CF0F78FF8324605A94046F1F734FDCC
:103D700004460028BDD101214046F0F763FB38B16D
:103D800009F101091FFA89F9B9F1360FE4D1CFE73A
:103D900005A90097334602AA0846F1F7C1F904467F
:103DA0000028A6D101251BE005A901220846F0F74D
:103DB0007DFC05AA0446114600289AD11046F0F76A
:103DC0008DFC3246044605A9002892D108460135EB
:103DD000F1F732F8044600288BD1ADB2AA452AD3B8
:103DE000012105A8F0F72EFB012205A918B305A8AB
:103DF000F0F744FC3246044605A900287FF479AF69
:103E00004046F1F7E9FC0121044600287FF471AF38
:103E10004046F0F717FB0128C6D131464046F0F77F
:103E20009FFA0130C0D12146434632463846F0F76A
:103E3000D5FD04465DE7012105A8F0F703FB002846
:103E40009ED075E754040020002B61D02DE9F0418D
:103E50000D4686B00446002118461F461646F0F768
:103E6000F1FA804638BB01212046F0F7EBFA002832
:103E700021DD01212846F0F7E5FA00281BDD414647
:103E80003046F0F7DFFAB0B16846EFF791FE03A8CD
:103E9000EFF78EFE214668460122F0F707FC044644
:103EA00070B16846EFF78CFE03A8EFF789FE204655
:103EB00006B0BDE8F0816FF0030006B0BDE8F08108
:103EC0002946012203A8F0F7F1FB04460028E8D1B7
:103ED00003AA69463846F1F77FFC04460028E0D182
:103EE00003AA69466846F0F7F9FB04460028D8D1D2
:103EF00001463B466A466846F0F770FD04460028D6
:103F0000CFD1314638466A46F1F770FD0446C8E71E
:103F10006FF00300704700BF2DE9F04184B01D46EB
:103F200006460F4601A89046EFF742FEADB10122CA
:103F3000314601A8F0F7BAFB044630B101A8EFF70B
:103F40003FFE204604B0BDE8F081284601AA414664
:103F5000F0F772FF04460028F0D10A9B7BB10122E2
:103F6000394601A8F0F7A2FB04460028E6D14146F5
:103F700001AA0A98F0F760FF04460028DED10B9BE7
:103F800033B1324639460B98F1F730FD0446D5E798
:103F90001C46D3E72DE9F04F87B00E468046174602
:103FA000DDF844A0684699461AF1000518BF0125BE
:103FB000EFF7FEFD16F1000B03A818BF4FF0010B41
:103FC000EFF7F6FD15B1BBF1000F28D13C1C18BF6F
:103FD00001240DB1002C34D118F1000A0BEA0404BD
:103FE00018BF4FF0010ABAF1000F3BD0002C39D0B6
:103FF0003A4631466846F0F771FB0546002859D02D
:104000006846EFF7DDFD03A8EFF7DAFD15F5844FFD
:1040100013D0A5F58445284607B0BDE8F08F129A65
:1040200051463046F1F760FE0028CFD0584D684623
:10403000EFF7C6FD03A8EFF7C3FD284607B0BDE8BC
:10404000F08F5146129A3846F1F74EFE0028EDD116
:1040500018F1000A0BEA040418BF4FF0010ABAF184
:10406000000FC3D1109B002B18BFB9F1000F14BF74
:1040700001250025BAF1000F18D0BDB10121484635
:10408000F0F7E0F90028D1DD01211098F0F7DAF916
:104090000028CBDD41464846F0F762F90028C5DA32
:1040A00041461098F0F75CF90028BFDA04B175B901
:1040B0000025BCE701214046F0F7C4F90028B5DD32
:1040C00041466846F0F74CF90028AFD1CAE7012114
:1040D0003046F0F7B7F90028A8DD01213846F0F79F
:1040E000B1F90028A2DD109A49466846F0F7F6FAC1
:1040F0000546002884D1012269466846F0F7D6FAC1
:10410000054600287FF47CAF3146012203A8F0F772
:10411000CDFA054600287FF473AF03AA69466846C6
:10412000F0F78AFE054600287FF46AAF014668462C
:10413000F0F788F900287FF479AF4946109A68466D
:10414000F0F7CCFA054600287FF45AAF0122694601
:104150006846F0F7ABFA054600287FF451AF3946C0
:10416000012203A8F0F7A2FA054600287FF448AF21
:1041700003AA69466846F0F75FFE054600287FF40B
:104180003FAF01466846F0F75DF9002890D04DE753
:1041900000BEFFFF2DE9F04186B01E4605460F46E2
:1041A00068469046EFF704FD03A8EFF701FD9EB3C4
:1041B000CDB1012229466846F0F778FA0446A0B14D
:1041C00014F5844F09D16846EFF7FAFC03A8EFF71E
:1041D000F7FC204606B0BDE8F08114F5814F02D00F
:1041E000A4F58444EFE7304CEDE73146424603A89E
:1041F000F0F71CFA04460028E2D103A96A460846F3
:10420000F0F71AFE04460028DAD1014603A8F0F7B9
:1042100019F908B1254CD6E70C9BFBB1002FE2D071
:10422000012239466846F0F741FA04460028C7D112
:1042300042460C9903A8F0F7F9F904460028BFD1CB
:1042400003A96A460846F0F7F7FD04460028B7D1EF
:10425000014603A8F0F7F6F80028DBD10D9B0BB35D
:10426000002DC0D0002FBED03A460D996846F0F719
:1042700035FA04460028A3D1012269466846F0F7C2
:1042800015FA044600289BD12A4669466846F0F78D
:10429000D3FD0446002893D101466846F0F7D2F8D2
:1042A0000028B7D100248EE780BFFFFF00BEFFFFCC
:1042B0005C2200210EF0D0BC10B15C21FDF74EBC99
:1042C000704700BF08B55C220EF0DAFC08BD00BFE5
:1042D000F0B403460022074F074E1046074D084C26
:1042E00008499F60DE601D615C6199611A605A60D7
:1042F000F0BC70470123456789ABCDEFFEDCBA986F
:1043000076543210F0E1D2C32DE9F04F4B789BB0D8
:104310000D781B0491F803E04C7943EA05658E782B
:1043200091F80480240445EA0E0591F807C04B7A01
:1043300044EA086445EA06224E7B8F7944EA0C0C75
:1043400091F808A0360491F80CE01B0491F80FB026
:104350004CEA072491F80B9043EA0A6346EA0E659B
:1043600091F80A800B9443EA090945EA0B064C7C54
:104370004D7D49EA082391F810A0240491F8148097
:104380002D048F7B44EA0A64069345EA0865CB7CDA
:1043900091F817A091F812E01C43049245EA0A0A2A
:1043A00046EA07228F7D4B7E44EA0E244AEA072E16
:1043B0000E7E0D921B047246019043EA066391F84B
:1043C0001B800F9202F1B54291F81AC043EA08032C
:1043D0004D7F02F51E320E9443EA0C230C7F2D0410
:1043E00002F29912CF7F45EA04648E7F14921A4636
:1043F00044EA070591F821E002F1B54791F820B0B1
:1044000091F8253045EA062607F51E374FEA0E4E8D
:1044100091F823901B0407F2991791F824A01092A9
:10442000324615974EEA0B6791F8295043EA0A6322
:1044300091F822C047EA090E91F827402D0491F81F
:1044400028604EEA0C2E119202F1B54291F82680B6
:10445000234391F82DC045EA066502F51E3291F816
:10446000316091F82C9043EA082891F8304002F22C
:1044700099124FEA0C4C91F82BB0360491F82A703F
:1044800091F82FA04CEA096C199246EA046672462C
:10449000CDF81C8091F82EE045EA0B0891F83330F6
:1044A0004CEA0A0C91F832B048EA07281E4391F80A
:1044B00035704CEA0E2E91F8345046EA0B2691F8EE
:1044C000369091F838A03F0491F83940002091F8D7
:1044D0003BC047EA056791F83C3091F83FB0CDF812
:1044E0002080CDF824E091F8378091F83AE00A96E0
:1044F00047EA080591F83D6091F83E1045EA092821
:10450000129336041391019902948F68029C3B46E2
:104510000F46C96824043D69169144EA0A6405956A
:104520007D6944EA0C04CDF808804FEAB3080C9585
:104530004FEAB105B96944EA0E2E179105990C9F0F
:1045400001F1B5498A464F40069909F51E39CDF863
:104550000CE00C9C8AEA050E09F299191893A24600
:104560000EEA030E8944169907EA010C1799DC4FED
:104570008CEA0404CF19049907EBF367129B12929B
:1045800046EA03662744059B5446DFF854A346EAEF
:104590000B0C8EEA030E0E46A2440C46069985EAE1
:1045A00008033C44D64486EA01070B9E13994FEA60
:1045B000B40A2340DFF828B34CEA012C0EEB0601C5
:1045C000DFF81CE36B4001EBF46188EA0A04AE44B7
:1045D000149DCDF810C099444FEAB10C05EB0A06C2
:1045E0000C400D9D09EBF163159984EA0804AE4473
:1045F0008AEA0C05C344A64488461D400E994FEA3A
:10460000B30457400EEBF36E8B44199B85EA0A09FD
:1046100002998CEA04059A46D9444FEABE0305EA9A
:104620000E0509EBFE694F4002F1B54E84EA030125
:104630000B9AE04401EA090185EA0C0594460D9ABB
:10464000A2444C408CEA020C079A354404EB080162
:1046500002F1B5444FEAB90605EBF9690EF51E3EC5
:1046600004F51E3483EA06054FEAB9080EF2991ED6
:1046700004F2991401EBF96105EA09058CEA020CD0
:1046800004EB060986EA0804089A5D400C400EEB2C
:10469000030B55444FEAB10384EA060E02F1B54616
:1046A00005EBF16588EA030A06F51E3609994FEA1B
:1046B000F777DE4406F299160AEA050B884C4FEAB2
:1046C000B50A0EEBF56E0B970C198BEA080706EB93
:1046D000080183EA0A064F444FEABE0906EA0E06BD
:1046E00004EB030B07EBFE678AEA090473400A9D9B
:1046F0003C404FEAB70E5E18029984EA0A0805F1B9
:10470000B54501F1B54106EBF76789EA0E03039E53
:1047100008EB0B0405F51E3501F51E31DFF8C0B1BD
:104720003B4005F2991501F29911B344069E4FEAF8
:10473000B708554483EA090301EB090AB1460E9E06
:1047400004EBF7648EEA0801F34489EA06095E196E
:10475000039B4FEAB40706EBF46621408CEA030C96
:10476000049C5F4B81EA0E0188EA07054FEAFC7C56
:10477000E3180B9C5144354004F1B54E4FEAB604A2
:1047800001EBF66103EB080A87EA040385EA0805F2
:104790000EF51E3E049E0B405D444FEAB10B0EF237
:1047A000991E7B4005EBF16584EA0B08774453447E
:1047B0004FEAB50108EA050889EA020903EBF56347
:1047C0000D9D6246DFF818A1AE460F9D89EA0609E5
:1047D00092448BEA01068EEA050C88EA0408099DDA
:1047E0001E404FEAF97EB8448CEA050C4FEAB30745
:1047F0000AEB04050B9C08EBF3680D9281EA0703B2
:1048000072468CEA040C86EA0B0E109C0E9E4FEA50
:10481000FC7CAE4403EA080574400A9B304E4FEA24
:10482000B8095C400F9B0E92961962469C46119BFC
:104830000EEBF86E0F9206EB0B088CEA030A85EA82
:1048400001030D9D87EA090C9346254A6C400CEA4A
:104850000E0C029D5A444FEAF474109E11448AEAE9
:10486000050A06948CEA070C0E9D4344129C8C4466
:104870008AEA050A069986EA04081A4D039C03EBA6
:10488000FE664D194FEABE0E0F9988EA040889EAC0
:104890000E034FEAFA7A88EA010811994FEAB60B3B
:1048A00052460CEBF66C8A46734007990D4E4FEA60
:1048B000F878049C8AEA010110929619129A6140D4
:1048C000CDF844803D449046089A069C8EEA0B073A
:1048D00088EA02081D44614006EB090304E000BFBA
:1048E0009979825AA1EBD96E0B9E4FEABC094FEA27
:1048F000F171119C87EA0C07DFF8E0A40A460799DA
:1049000088EA0608109E05EBFC65A2441F448C460D
:104910008BEA0903099988EA060807EBF5670D9EFB
:10492000D6448CEA010C6B404FEAB505DFF8ACA425
:104930004FEAF8788CEA060C734489EA0506CDF84C
:104940001C80924403EBF76311924FEAB708089A70
:104950007E40079FDA448CEA040C964607F1DD4B53
:104960000A9A4FEAFC7C12940BF5B30B0E9C8EEA6C
:10497000020E099A61468EEA040E0BF5D74B029C93
:10498000944685EA0807119A8CEA040C0BF1210B76
:104990000F9C8EEA020ECB4487EA03098CEA040CD2
:1049A000079C4FEAB3075644D9444FEAFE7E8CEA8F
:1049B000040CDFF828B40A9C724606EBF3668B44BD
:1049C00088EA0703A646039C5D4483EA060B069B20
:1049D0008EEA040E09EBF6694FEAFC7C029C4FEA72
:1049E000B6068EEA030302F1DD4ECDF820C04B403F
:1049F0000BEB050C0EF5B30E87EA060B049D0CEBD2
:104A0000F96C4FEAB90A0EF5D74E8BEA09096540F1
:104A10004FEAF373089CDFF8C4B30EF1210E029342
:104A2000A344109B039CF04414915D4086EA0A0164
:104A3000A6460B9C554015925F44029A8EEA0403E9
:104A400081EA0C0E1299C8444FEABC094B407744E6
:104A500002F1DD4E4FEAF572089D08EBFC680EF599
:104A6000B30E8AEA090B6B40049D0EF5D74E07EB97
:104A7000F8674FEAF373AC460D9D8BEA080B13936E
:104A80004FEAB808D54B8CEA050C119D0EF1210EAA
:104A9000D31812928CEA050C029A9A44139B89EA65
:104AA0000805764403F1DD438CEA020C4FEAB70EA9
:104AB0007D405E4403F5B303A3464FEAFC7C0E9CA5
:104AC00006EBF766AA4488EA0E0703F5D743CDF84C
:104AD0000CC08BEA040B079C4FEAB60577400AEB43
:104AE000F66A2133039E8BEA040B0D9C4B4406F1BE
:104AF000DD49129AA4460F9C09F5B3093B448CEAA0
:104B0000040C149C09F5D749139F8CEA040C8EEA17
:104B1000050609F1210903EBFA638CEA070C8BEA1D
:104B2000020B86EA0A07C8444FEABA0A0E9C4FEA0B
:104B3000FC7C069A85EA0A064FEAFB7BB844CDF86E
:104B400024C0CDF810B04FEAB30C08EBF36884EA48
:104B5000020B7340159A099E039C8BEA020B049F7B
:104B600006F1DD468BEA040B0F9C07F1DD4706F5E5
:104B7000B306A146109C07F5B30706F5D746089A79
:104B800089EA040921364FEAFB7B07F5D747069CE3
:104B9000CDF834B089EA020921373544049E4C40EF
:104BA000BE448AEA0C0789EA0609029E73440D9AFC
:104BB0007440099E4FEAB80B87EA080703EBF863D5
:104BC00074404FEAF979109EDFF810828CEA0B0EE0
:104BD0003D444F469044B146119E8EEA030EC244B6
:104BE00005EBF36589EA0609129E4FEAB303F24426
:104BF00089EA06098E46794E4FEAF47407990AEB62
:104C0000F56A0E97BE198EEA01088BEA030713991D
:104C100089EA02090F944FEAB50488EA01087D4049
:104C20001499B444119F4FEAF9790F9A83EA040E5C
:104C30004F406A4ECDF818908EEA0A0E39460E9F04
:104C400096194FEABA0988EA0708039F6544B344F6
:104C50007940069EDFF884C105EBFA6584EA09070E
:104C6000F344B44451400BEBF56B6F4063444FEA9F
:104C7000B5054FEAF171079E159A3B440B9189EAFD
:104C800005014FEAF87EDFF854A14FEABB0786EA38
:104C9000020803EBFB630B9A81EA0B0B0499CDF836
:104CA00028E0F24488EA01089646149954444B4A95
:104CB00085EA0706A3440A9C72448E4608995E4022
:104CC0004A440BEBF36B8EEA010C069932444FEA2F
:104CD000B30388EA01080999DFF8049102EBFB624B
:104CE0008CEA010C4FEAF87E4BEA03014FEABB085D
:104CF0008CEA040C7646159C39404FEAFC7E1096EF
:104D0000DFF8DCA00BEA030BCDF844E0A646029CDA
:104D1000B24442EA080641EA0B0B8EEA040E119CEB
:104D20000B995544A1440D9C06EA030A02EA0806C1
:104D30008EEA040E089C4AEA06064F44A446129CDA
:104D40008EEA010E0E998CEA040C37444FEAFE7E7F
:104D5000139C109E8CEA010C029905EBF265CDF8CC
:104D60001CE08CEA060C81EA040E079E1C495D4497
:104D70004FEAB20271184FEAFC7C0F9E4FEAB50968
:104D800007EBF567CDF808C005EA020B8EEA060EC0
:104D900045EA02066546DFF848C00B4406EA080605
:104DA0001299AC44039D03EBF76347EA090A4D40AF
:104DB00046EA0B01119E07EA090B1944079B8EEA8C
:104DC000060E069E0AEA020AE0447540049E4FEA77
:104DD000FE7EDFF80CC05D4004E000BFA1EBD96EA1
:104DE000DCBC1B8F84EA06030A9C4FEAB7074AEA39
:104DF0000B0AF4446340039C41EA0706D044624432
:104E0000A446099C08EBF168CDF848E006EA0906DB
:104E10004FEAB10E8CEA040C3940029C02EBF862B6
:104E200048EA0E0B634031430B9C0BEA070B11441D
:104E30004FEAF37208EA0E0A4FEAF57503928CEA1C
:104E4000040C049A4BEA0A0A0D9C4FEAB808139521
:104E500005F10F4582EA040B039A05F5DD15129B57
:104E600002F10F4241EA080605F5E6558CEA030C0B
:104E700002F5DD12109B1C354FEAFC7C02F5E65270
:104E800006EA0E064D44CDF810C01C324FEAB109B7
:104E90005544DFF8C4A31744099A05EBF165E244D1
:104EA00001EA080194460E9A8BEA030BD64445EAC0
:104EB00009038CEA020C46EA0102139907EBF56735
:104EC00005EA090603EA08038BEA010A11993A4444
:104ED000039F4FEAFA7A8CEA010C33434FEAB50696
:104EE000CDF824A05146DFF870A38CEA070B734479
:104EF00042EA06078A4421460F9C4FEAFB7E03EBF9
:104F0000F26307EA090781EA0405D3494FEAB20CC4
:104F100032407144CDF834E03A43D044089143EA3A
:104F20000C0A079903EA0C0B089F0AEA060A4D408F
:104F30000E994F4408EBF3688E4606994AEA0B0B2C
:104F400002EB080A8EEA0101BE46049F0BEB0E0934
:104F50007D40029F09EBFA694FEAF5727940099D9D
:104F600008920A9A81EA05074FEAB301BA4D129BEB
:104F700084EA0208089A88EA03084FEAF773551989
:104F80004FEABA024AEA0107069C354403F10F468C
:104F900049EA020B0AEA010A06F5DD160E930BEA4E
:104FA000010B09EA020306F5E65607EA0C0705EBD2
:104FB000F9654BEA03031C36A64647EA0A070B9C31
:104FC000B4440D9E2F448EEA040E88EA0606139C14
:104FD0009C44A14B4FEAF6758EEA040E089E4FEAF8
:104FE000B9090F95EB180A9D8EEA060E0B449A49F3
:104FF000A846109D4FEAFE7E88EA050647EA0905A5
:105000000CEBF76C71444FEAB70B154007EA090740
:10501000CDF828E006914CEA0B0803993D43069F22
:1050200008EA090A4E400B9C3A440E9F0CEA0B0812
:10503000A6467E40119C03EBFC63049F4FEAF67684
:105040008EEA04014AEA080805EB030A3346109D7C
:105050000F9E79400B9303F10F4381EA060E424401
:105060000799A84603F5DD1302EBFA624FEABC0686
:10507000099D4FEABA0788EA010803F5E6534FEAAB
:10508000FE7E88EA050C42EA07014AEA06051C335F
:10509000DFF8C4810AEA060ACDF818E0994405EA67
:1050A0000B0502EA0703F0443140A646029C09EBD7
:1050B000F26945EA0A0519438EEA040E0D9BD844AD
:1050C0000A9C8EEA030E05EB09030B9D01EB080A0F
:1050D0008CEA040C4FEAB2088EEA050B129A079983
:1050E0004FEAFC7C4FEAFB7B43EA080981EA0205B0
:1050F000089A59464FEAB30E0AEBF36A64465540E4
:10510000DFF854C101F10F4210944AEA0E0BA44497
:1051100002F5DD12029C1191B44406990BEA0806CF
:1051200002F5E652A346139C4D401C3209EA0709DA
:105130008BEA04010AEA0E0B3A4403EA08034FEA39
:10514000F57546EA0B0B0CEBFA6C49EA03032F46A4
:1051500093440E9D03EB0C09129A4FEABA0A109E73
:1051600069409446039D714012978CEA05060F9D95
:1051700049EA0A0307F10F426E402546049C09EAFA
:105180000A0702F5DD120BEBF96B65404FEAF1748B
:1051900003EA0E0102F5E65202944FEAB90C119CA3
:1051A0001C32029B4BEA0C0966400A9C424409EA05
:1051B0000A096540284C02EBFB621C1941EA07030F
:1051C0004FEAF671099E03EB02080BEA0C07079100
:1051D0007444129949EA070E204B4FEABB074D4031
:1051E0000399A6444FEAB8044E400B994FEAF57272
:1051F0008CEA07054E40029903920EEBF86E4E4082
:105200000499079A89464FEAF6760D991A4404964E
:1052100089EA0109069E02EB0A0185EA080289EA89
:105220000609099E0A440799B246089E89EA0109BF
:1052300010998AEA060A039D87EA04084FEABE0627
:105240008AEA010A02EBFE61049A1D4488EA0E080C
:105250009646039A654403E0DCBC1B8FD6C162CA44
:105260004FEAF97C8AEA020A0D9ACDF824C0A844D4
:105270009E4484EA060594460E9A0EEB070B4FEA0D
:10528000B10785EA010E8CEA0202099D08EBF16C78
:105290001199DE4405EB030B049D4A404FEAFA786E
:1052A000A3444FEABC016A40089DCDF8348086EAE9
:1052B0000708A94613920F9D0EEBFC6E0D9A88EA23
:1052C0000C0889EA050587EA010C02EB0309139A29
:1052D0008CEA0E0CC3444FEAF274129AB1444FEABE
:1052E000BE08089455400A9CCC440E9A0BEBFE6B0A
:1052F000089E81EA080E5440099AB1460D9E554019
:10530000029A99448EEA0B0E54404FEAF57A0B9AB2
:105310004F440F9D74400AEB030985EA02064FEAE9
:10532000F4750CEBFB620EEB070C0E954FEABB0B12
:10533000079D49444FEAB20788EA0B046E40089D76
:105340000CEBF26C54406E400A9D8BEA0702AE46AD
:105350004FEAF676069D82EA0C020A968EEA050E60
:10536000039E0E9D8EEA060E0B9E1D44B146109EB6
:10537000A844049D89EA06068EEA0A0E04EB010998
:105380000A996E400E9D4FEAFE7E19446E40069DBE
:1053900009EBFC69CDF82CE04244AE46119D8B44EC
:1053A0004FEAF6718EEA050E02EBF9654FEABC048E
:1053B0000F914FEAB50609990B9A87EA04088EEA1D
:1053C000010E06960A9E88EA09084FEAB909D11823
:1053D0008EEA060E109E84EA0902D844B446129E54
:1053E00008EBF5686A408CEA060C0D9D39444FEADB
:1053F000FE7E0F9F8CEA050C119D1144CDF840E014
:105400001F44AE46029D069E4FEAB80B8EEA050E7B
:105410003D190B9C89EA0606109A01EBF8618CEAAB
:10542000040C089C86EA080790468EEA040E069C47
:1054300098442F4484EA0B020F9C129DC1448EEACB
:10544000040E4A40079C4FEAFC7C4A4407EBF16794
:105450006540029E11924FEAB101109A85EA0A0551
:105460000CEB030AB1465540069A039E8BEA0104F1
:105470009244119A89EA06064FEAB70802EBF762EE
:105480007C404FEAFE7E81EA08070692A2440E9A0B
:105490000EEB0309069C56404FEAF572079D6740E4
:1054A0000292D9442A46049D4FEAB40B86EA0C06C0
:1054B00055400A9AB94455400AEBF462029C4FEAFF
:1054C000F67A85EA0E0E099EA44688EA0B04039D2F
:1054D00009EBF2699C44544075404FEAB2026144C2
:1054E0000AEB03078BEA02064FEAFE7E21444FEAED
:1054F000B904B8440EEB030C039182EA04070B993C
:10550000E3444D40039901EBF96186EA0909029EE3
:10551000C8444FEAB10C7540049E4F4008EBF1615E
:10552000029584EA0C080D9DBB44109F6E400F9DB0
:105530000BEBF16B6E40099DA946089D86EA0A06B1
:105540004FEABB0A89EA0509029D03EBF67603EBF5
:10555000F57589EA07092644154488EA010289EAB3
:105560000E094FEAB1011544189A8CEA010781EA45
:105570000A08134405EBFB6587EA0B0B019F03EB5D
:10558000F979059B88EA05085E4403EBB5040C9B9A
:10559000E14406EBF5651A46179B09EB080C3C61E4
:1055A0001944169B52442B440CEBF5657A61FB6061
:1055B000BD60B9611BB0BDE8F08F00BF2DE9F843B5
:1055C0000368064614460D4603F03F0713449A420B
:1055D000C7F14008036002D9436801334360DFB17B
:1055E000A04519D806F11C092946424609EB0700D7
:1055F0000DF046FB49463046FEF786FE80B9C8EB03
:105600000404454407463F2C08D929463046403C0F
:105610004035FEF779FE18B93F2CF6D814B920466C
:10562000BDE8F88306F11C002246294638440DF0F7
:1056300027FB0020BDE8F88302B1BFE710467047A2
:10564000F8B50446006880220D4600F03F0004F1E2
:105650001C062318013038281A7755D8C0F13802B3
:10566000002130440DF0F8FA236831466668204680
:105670005A0FDB0042EAC6021F0E84F85B30160E9A
:1056800084F8572084F85870170C84F85460120A74
:105690001E0C84F855701B0A84F8562084F8596053
:1056A00084F85A30FEF730FE00282CD1E37A2B70B4
:1056B00063896B70A3681B0AAB70A368EB70E37B14
:1056C0002B71E3896B71E3681B0AAB71E368EB71C3
:1056D000E37C2B72638A6B7223691B0AAB722369AA
:1056E000EB72E37D2B73E38A6B7363691B0AAB7305
:1056F0006369EB73E37E2B74638B6B74A3691B0A82
:10570000AB74A369EB74F8BDC0F1400200213044D2
:105710000DF0A2FA31462046FEF7F6FD0028F2D140
:105720000146382230460DF097FA9DE770B4002309
:10573000064E074D074C0849084A8660C56004615B
:10574000416182610360436070BC7047012345671B
:1057500089ABCDEFFEDCBA9876543210F0E1D2C3BB
:1057600002B970472AE700BFFFF76ABFFEF7CCBD5A
:1057700070B598B006460C46154600215C2201A87B
:105780000DF06AFA124B1348039303F1B94312491F
:1057900003F55B23114A049003F6EF63059106922B
:1057A00007935CB9294601A8FFF74AFF044601A800
:1057B0005C21FCF7D3F9204618B070BD2246314673
:1057C00001A8FFF7FBFE04460028F0D1EAE700BF7E
:1057D0000123456789ABCDEFFEDCBA9876543210D1
:1057E000FFF7C6BF2DE9F04F0024ADF2744D394DDF
:1057F00007465C2205A82146DFF8F4B005F13C0815
:10580000DFF8F0A0DFF8F0900DF026FA002F3CD181
:10581000314A0023022CCDF81CB00A922F4ACDF851
:1058200020A0CDF824900B92059306933CD02C4BEE
:1058300053F82420E2B905A86946FFF701FF0646A0
:10584000E8B96846142229460DF016FA50BB0FBB82
:105850000134143508F13908032CD7D1F7B905A85C
:105860005C21FCF77BF930460DF2744DBDE8F08FFA
:10587000414605A8FFF7A2FE06460028DBD0002F10
:10588000EDD018480DF01CFAE9E7611C16480DF040
:10589000FFF9BDE715480DF013FAD9E70A200DF01E
:1058A00017FADCE70126EAE74FF47A7361211CA8B6
:1058B0001A461E460DF0D0F902E0731E1E46BAD0FD
:1058C0004FF47A721CA905A8FFF778FE0028F4D0DF
:1058D0000646D4E7F8D8026076543210F0E1D2C31D
:1058E000E0D90260C41800207C3400207418002025
:1058F0000123456789ABCDEFFEDCBA986C2200210D
:105900000DF0AAB910B16C21FCF728B9704700BF9F
:1059100008B56C220DF0B4F908BD00BF0023F0B447
:105920000360436099B1124A124B8260C360124F08
:10593000124E134D134C144A144B07614661856196
:10594000C4610262436281660020F0BC7047104B64
:10595000104AC360A3F1BF438260A3F5DC230E4F5E
:105960000E4E0F4DA3F5B6730E4C0F4AE5E700BF80
:10597000D89E05C107D57C3617DD703039590EF732
:10598000310BC0FF11155868A78FF964A44FFABEF8
:1059900085AE67BB67E6096A72F36E3C3AF54FA5C0
:1059A0007F520E518C68059BABD9831F2DE9F04FB8
:1059B000D7B0031D24300DAA0D9353F8044F834232
:1059C00042F8044FF9D1013115AD25AE0878043104
:1059D00011F8053C000411F8022C11F8034C40EAC0
:1059E0000363134343EA042345F8043FAE42EDD179
:1059F0000022CB4B16A8DFF85CA30092159A8646CE
:105A000006931446139A0A931746C64A149B0992A2
:105A1000C54A1D460F9B0892C44A1946CDF80CA0F2
:105A2000A2460792C24ADDF848800592C14ADDF8D5
:105A300038900492C04ADDF840B00292119BBF4AF0
:105A40000B90019287EA05004FEAF826009A0DF1C3
:105A5000580C86EAB81600EA08005CF822400832C2
:105A600086EA78666840009288EA070C3044019A1A
:105A70004FEA79360EF1200E20445EF81C4C86EA7F
:105A8000B906504449EA010A86EAB9562C44104442
:105A90000AEA0B0209EA010A034442EA0A0A0CEA8A
:105AA000030C4FEAF325B24483EA08068CEA070C9C
:105AB00085EAB31550440CEB040285EA73655EF881
:105AC000184C40EA090A4FEA703C2A442744039CD8
:105AD0000AEA010A00EA090522448CEAB00C5EF8E1
:105AE000144C4AEA050593448CEAB05C08EB040ABE
:105AF000AC4406EA0B044FEAFB265EF8105C9444C3
:105B000084EA080486EABB165D1940EA0C022744C1
:105B100086EA7B6600EA0C084FEA7C3402EA090256
:105B20003744019584EABC06029C83EA0B053C4499
:105B300086EABC5642EA08075EF8082C214437443E
:105B40005EF80C6C5E4427448C18029605EA010648
:105B50004FEAF125039473404CEA070685EAB11534
:105B600003EB0A044FEA773285EA716A06EA00031A
:105B7000049E82EAB70554440CEA070A8BEA010244
:105B800085EAB755344443EA0A085EF8046CA14438
:105B9000A844019D02EA090A4FEAF923A04409EB4F
:105BA00006048AEA0B0B83EAB913049447EA080A4D
:105BB000AB4483EA7963059C4FEA78365B440AEA92
:105BC0000C0AA34607EA080586EAB80681EA090234
:105BD0009B444AEA050586EAB85300EB0B0A2B44BE
:105BE00002EA0A024FEAFA205B4489EA0A045140B9
:105BF00080EABA10029A48EA030680EA7A60114401
:105C00004FEA733508EA03023E40014485EAB305D2
:105C10000798164385EAB35B01445E440CEB01052B
:105C200006EB010B03992C404FEAF52043EA0B0CDD
:105C30008AEA050684EA090980EAB5100CEA080C2C
:105C40004FEA7B3409EB010280EA756003EA0B013D
:105C500084EABB0402444CEA010C089984EABB5470
:105C60000A4404EB0C01049C174411443E404FEAE3
:105C7000F7224FEA71394BEA010086EA0A0682EA06
:105C8000B7120BEA010C1840264482EA776289EACF
:105C9000B10440EA0C001644099A84EAB15416444F
:105CA000009A2044102AB04400EB060940F0B98263
:105CB0002A461495224D00260B980C95A5F1D25535
:105CC000DFF894E0A5F50D25CDF808A0CDF854A097
:105CD000BA46A5F6FE65CDF840B0CDF848800B95E4
:105CE000184DCDF838900A95A5F1E455CDF800800F
:105CF000D846A5F53525CDF80490CDF814E09B469F
:105D0000A5F63B0504961193914609958E460E4DD6
:105D1000139708950D4D0F9107950D4D039531E0A3
:105D2000ECD90260D55E1CABA4823F92F111F1590F
:105D30005BC25639A5DBB5E9CFFBC0B5982F8A42C7
:105D4000DA88F976AA84744ACCA10C24C69DC10FC6
:105D50008647BEEF91443771C1699BE4069A136C84
:105D600005931346526C194603921A469B6C07938F
:105D7000D36C126D08934B6D09920A938B6D0B9344
:105D8000CB6D0C9306990DF1580C009B20302031FF
:105D900050F81C4C42684FEAF32606914FEAB4478C
:105DA000816987EAF4174FEAF145049987EAD40735
:105DB0005CF8213081691344826985EA71458AEA79
:105DC000090150F818CC85EA9225009A2B4411401D
:105DD00086EAB2163B44049F86EA726681EA0902AB
:105DE00003620837C3693244C6694FEAF3458368E2
:105DF000049785EA76412344066AC46932444FEA2F
:105E0000BC4681EA9421029C86EAFC16019F22444A
:105E1000059C86EADC060B441444026A009933446C
:105E200002944FEAF244029A81EA0A05436202EBC5
:105E30000B01026AC36884EA72440D40426A4FEA69
:105E4000F1269C4485EA0A054A4486EAB116019B7C
:105E500047EA0E0986EA716615444FEA733307EA8A
:105E60000E02354450F8146C83EAB703076A4FEA10
:105E7000B64609EA080984EA9724039F49EA020220
:105E80000591BB46A444AB4450F8145C5F4686EAD7
:105E9000F516AB46019D83EAB5593B4686EADB061B
:105EA00043444A4466441D46009B86621C462E4677
:105EB0004FEAF5254C40029903960A442640816A30
:105EC0005E40019B01EB0A04039942EA03094FEA91
:105ED00072383444466A8C4685EAB1114FEAF64B73
:105EE000466A81EA7C6109EA0E098BEA764B50F832
:105EF000146C02EA030588EAB208334606690C44CA
:105F000088EAB25850F8101C49EA050503EB060967
:105F1000466A079B45448BEA962623444FEAB14ADA
:105F200006EB090BEC1903EB0E069C46059F8AEA6B
:105F3000F11A039B4FEAF62E8AEAD10A87EA03098F
:105F40002346019F1443029309EA06094FEA733876
:105F50000BEB0A0304EA070B059C029D8EEAB61EB2
:105F600089EA0409009C02EA050AC3621C19836AD3
:105F70008EEA766EA1444BEA0A044FEAF34ACE4415
:105F800088EAB5088AEA734A089B88EAB5589E44AD
:105F900050F80C3C44444FEAB34943690EEB070503
:105FA00064441944836A029F8AEA932850F80C3C9F
:105FB00089EAF31CB94608EB010A274649EA040BB3
:105FC0008CEAD30C4FEA743903990AEB0C0300975F
:105FD00089EAB409029C036381EA0608036B04EAB8
:105FE0000701059F08EA05082C464FEAF52C1F44D7
:105FF000039B0BEA020B009D88EA0308C36A8CEA44
:10600000B41A4BEA01014FEAF34CC36A89EAB55965
:1060100005948CEA734C50F8083C8AEA746A494447
:1060200050F80C4C47444FEAB349836957447144D4
:1060300003EB040B009C099B4FEA713E059D44EA6B
:1060400001081F4423468EEAB10E019103EA010ABA
:10605000C36A3A448EEAB15E8CEA932C50F8083C4D
:106060001446029A89EAF319DC4408EA020886EA2F
:10607000050289EAD30948EA0A088A460CEB0903B3
:1060800002EA0409039AF04443634FEAF42C1A44E9
:1060900008EB070B8CEAB41C50F8047C134689EA21
:1060A0000602016B8CEA746C1A44036B4FEA7B386E
:1060B0004FEAF34E3B4662444AEA0B078EEA714EC2
:1060C0000393C1694FEAB34C50F8083C0AEA0B0A43
:1060D00088EABB0819440A9B88EABB581A44009B0B
:1060E0001F40036B8EEA932E029B47EA0A07029435
:1060F0009946039B8E4429468CEAF31C91446540E3
:10610000B8448CEAD30C039C05EA09054FEAF92749
:10611000F44490444D40416B664487EAB912019BB8
:106120004BEA080E2E444FEAF14582EA79620BEA07
:10613000080A85EA7145016A16440EEA030E0C440A
:1061400001684FEA78374EEA0A0E4FEAB1420B99DE
:10615000234687EAB8070E44416B87EAB857C0F870
:1061600038C085EA91250099BE4431442B44029DF4
:10617000B6448A46016885EA090748EA0E0682EABB
:10618000F1124FEAFA2407EA0A0782EAD10206EA84
:106190000B066F4084EABA151344059A08EA0E010B
:1061A00085EA7A65D4184FEA7E320E430C993C4456
:1061B00082EABE02049F82EABE522C44302FC3639F
:1061C0000C441644019A2244009206EB0402019208
:1061D0007FF4C4AD5A464D46C346029B0D9C0EA9A2
:1061E00015930023119222461495CDF840B0CDF8B6
:1061F0004CA0CDF83CE09DE80003CDF8488048462F
:10620000CDF8389001E051F8040F52F8045F0133E3
:106210002844082B44F8040FF5D1002057B0BDE8FE
:10622000F08F0A9C226A0192626A0392A26A029229
:10623000E26A0492226B0592626B0792A26B08924B
:10624000E26B099204F120020A92FFF7FBBB00BF48
:106250002DE9F8430368064614460D4603F03F0750
:1062600013449A42C7F14008036002D943680133DE
:106270004360DFB1A04519D806F1280929464246F6
:1062800009EB07000CF0FCFC49463046FFF78EFB9B
:1062900080B9C8EB0404454407463F2C08D9294679
:1062A0003046403C4035FFF781FB18B93F2CF6D80B
:1062B00014B92046BDE8F88306F128002246294695
:1062C00038440CF0DDFC0020BDE8F88302B1BFE7E4
:1062D00010467047F8B50446006880220D4600F06D
:1062E0003F0004F1280623180130382883F82820BD
:1062F00075D8C0F13802002130440CF0ADFC2368A1
:106300003146666820465A0FDB0042EAC6021F0E7D
:1063100084F86730160E84F8632084F86470170CD4
:1063200084F86060120A1E0C84F861701B0A84F8FD
:10633000622084F8656084F86630FFF737FB034617
:10634000002858D1E27A2A7062896A70A268120A1B
:10635000AA70A268EA70E27B2A71E2896A71E26837
:10636000120AAA71E268EA71E27C2A72628A6A728F
:106370002269120AAA722269EA72E27D2A73E28A0B
:106380006A736269120AAA736269EA73E27E2A7406
:10639000628B6A74A269120AAA74A269EA74E27F23
:1063A0002A75E28B6A75E269120AAA75E269EA75D2
:1063B00094F823202A76628C6A76226A120AAA76D8
:1063C000226AEA76A06EB0B994F827302B77E38C76
:1063D0006B77636A1B0AAB77636AEB77F8BDC0F132
:1063E0004002002130440CF037FC31462046FFF7D4
:1063F000DDFA10B1F8BD1846F8BD01463822304626
:106400000CF02AFC7BE700BF0023F0B4036043607C
:1064100091B1114A114B8260C360114F114E124D60
:10642000124C134A134B076146618561C4610262D5
:1064300043628166F0BC70470F4B104AC360A3F102
:10644000BF438260A3F5DC230D4F0E4E0E4DA3F526
:10645000B6730E4C0E4AE6E7D89E05C107D57C36CA
:1064600017DD703039590EF7310BC0FF1115586820
:10647000A78FF964A44FFABE85AE67BB67E6096AC9
:1064800072F36E3C3AF54FA57F520E518C68059B16
:10649000ABD9831F02B97047DAE600BFFFF71ABF16
:1064A000FFF784BAF0B59DB01C4607460D46164668
:1064B00001A86C2200210CF0CFFB14BB214B224A17
:1064C0000493224B2249079303F12D63039203F5B2
:1064D0001E33204A0591069203F29A231E491F4A51
:1064E000089109920A931B9415BB314601A8FFF746
:1064F000F1FE044601A86C21FBF730FB20461DB0DD
:10650000F0BD1749174A184B059101F13721039245
:10651000049301F56701154A154BFA31069207936A
:10652000144A154B089109920A931B94002DDCD054
:106530002A46394601A8FFF78BFE04460028D9D128
:10654000D3E700BF85AE67BB67E6096A7F520E518D
:1065500072F36E3C3AF54FA58C68059BABD9831F4F
:1065600017DD7030D89E05C107D57C3639590EF736
:10657000310BC0FFA78FF964A44FFABEFFF792BF9B
:106580002DE9F04F0121A5B081464FF480600CF059
:1065900083FB002800F0B880002407466C2209A87D
:1065A0002146DFF8D881DFF8D8A10CF055FB8AFB33
:1065B0000435022CA5EBE475CCBF0026012605EBC3
:1065C0004505651BB9F1000F40F081800023022CC6
:1065D00009930A9344DD5749022D574A574B0C91B2
:1065E000A1F1BF410B92A1F5DC21554A0D93554B0A
:1065F000A1F5B6710E920F93534A544B129110921B
:106600001193239649D0524B03EB8502D2F8C02157
:10661000002A64D109A801A9FFF75CFE834600287F
:106620004ED1C6F1080201A8414692000CF024FBAD
:10663000002879D1B9F1000F62D1013408F12008A6
:10664000062CB4D1B9F1000F65D109A86C21FBF774
:1066500085FA38460CF0F4FA584625B0BDE8F08FBC
:106660003C49022D3C4B0C9101F179413B4A01F52B
:1066700074010B933A4B01F501610E920F930D914A
:1066800001F13721374A01F56701374B119201F1CA
:10669000FA01129323961091B5D14FF47A756121C6
:1066A00038462A460CF0D8FA01E0013DB2D04FF44A
:1066B0007A72394609A8FFF7CBFD0028F5D083464A
:1066C000B9F1000FC1D029480CF0FAFABDE7C6F1C4
:1066D00008016A1C264849010CF0DAFA76E7C5EB96
:1066E000C50103F5E67309A805EBC1011944FFF7DD
:1066F000AFFD834600288DD0B9F1000FA5D0E2E7A9
:106700001C480CF0DDFA98E7B9F1000F07D1012021
:1067100025B0BDE8F08F0A200CF0DAFA95E71648AC
:106720000CF0CEFA012098E74FF0010BB9F1000F01
:106730008BD0C8E785AE67BB67E6096A72F36E3C2B
:106740003AF54FA57F520E518C68059BABD9831F3C
:10675000ECD9026007D57C36D89E05C139590EF7B1
:10676000310BC0FFA78FF964A44FFABEC4180020F4
:10677000AC3400207418002090340020ECDA026061
:106780005655555500000000D82200210CF064BA7F
:1067900010B1D821FBF7E2B9704700BF08B5D82285
:1067A0000CF06EFA08BD00BF00220023F0B4C0E96F
:1067B0000023C0E9022300292CD0C0F8D0102CA55A
:1067C000D5E900452CA3D3E900232DA7D7E900671D
:1067D000C0E90445C0E906232BA5D5E900452CA353
:1067E000D3E90023C0E90867C0E90A452AA7D7E929
:1067F00000672BA5D5E90045C0E90C232AA3D3E9FE
:106800000023C0E90E67C0E91045C0E91223F0BCBF
:106810000020704726A5D5E9004527A3D3E900232A
:1068200027A7D7E90067C0E90445C0E9062326A5E4
:10683000D5E9004526A3D3E90023C0E90867C0E9EC
:106840000A4525A7D7E9006725A5D5E90045C0E990
:106850000C2325A3D3E90023C0E90E67C0E9104546
:10686000C0E91223C0F8D0100020F0BC704700BF70
:10687000D89E05C15D9DBBCB07D57C362A299A627F
:1068800017DD70305A01599139590EF7D8EC2F1590
:10689000310BC0FF6726336711155868874AB48EDD
:1068A000A78FF9640D2E0CDBA44FFABE1D48B54727
:1068B00008C9BCF367E6096A3BA7CA8485AE67BB13
:1068C0002BF894FE72F36E3CF1361D5F3AF54FA53E
:1068D000D182E6AD7F520E511F6C3E2B8C68059B1A
:1068E0006BBD41FBABD9831F79217E1319CDE05BD2
:1068F0002DE9F04FADF2E44D4FF0000A0DF5167B97
:1069000093907491DE46CDF8D8B174994FF0000899
:10691000002301EBCA0711F83A20CDF838800AF1BC
:10692000010A78784FEA0269FC78BAF1100F4FEA51
:106930000041B878FA7943EA09030F914FEA002140
:10694000139442EA080211913C79CDF84080CDF8C9
:106950004880DDE90E0141EA030140EA02000B46EE
:106960004FEA142102464FEA04640B910A94DDE9D0
:106970001001DDE9124540EA020041EA0301024646
:10698000787945EA010544EA02044FEA00412246CB
:106990004FEA10440C910D94BC79DDE90A67DDE9FA
:1069A0000C0146EA020647EA05074FEA146C40EA82
:1069B000060041EA07014FEA042B41EA0C0340EAD2
:1069C0000B02EEE90223A0D10DF5187E0DF5287912
:1069D0000DF53678DDF8D8B10DF5327CCDF848E00C
:1069E000CDF82880CDF830905CF8081F0AF1010A34
:1069F0005EF8084FDCF804208B09CD0C0093D3001F
:106A000045EA42351E46C8000295D50C46EA517645
:106A1000DEF8043040EA5270059645EA4131009EA6
:106A200065084FEAD418049046EA826603919209F9
:106A3000009648EA4368019245EAC3724FEAD319C7
:106A40000692220A42EA0362DDE90467DDE90201F7
:106A500008925A081B0A7040794042EAC47243EA1D
:106A60000463079209930C9BDDE9005645404E40B4
:106A7000FBE9020137462E46F3E90245CDE90E0156
:106A80000C93DDE90801DDE9062342404B40DDE9D6
:106A90000E0182EA080283EA0903001969413546BA
:106AA0002D1847EB0106A81846EB03010A9BBAF123
:106AB000500FE3E902010A9396D1939AD2E9043484
:106AC0009946A24694ABC3E9009A1346D2E906124E
:106AD0008B46944696AAD3E90801C2E900BC86AA6F
:106AE000C2E90001194688A8D3E90A23D1E90C4577
:106AF000C0E900238AAB6246C3E90045D1E90E56DE
:106B00008CAB5446C3E90056D1E910678EABC3E99C
:106B10000067D1E9127890AB5946C3E900784B463B
:106B2000CDE9003486ABCDE90412D3E9000188AB8E
:106B30000022D3E900AB8AAB1092D3E900458CABBD
:106B4000CDE90A45D3E900568EABCDE90801CDE980
:106B500006562CA2D2E90012D3E9006784A890ABB4
:106B6000C0E90012CDE90C6728A2D2E90012D3E9EE
:106B7000007882A8224BCDE90E78C0E9001214A259
:106B8000D2E9001280A8C0E9001213A2D2E90012D3
:106B90007EA8C0E9001212A2D2E900127CA8C0E9C6
:106BA000001211A2D2E900127AA80FF24409D9E921
:106BB0000089C0E9001210A2D2E9001278A8CDE93C
:106BC00002ABC0E900121A46129BCDE9128949E0D6
:106BD00019D005B6F111F15938B548F35BC25639F1
:106BE000BCDB8981A5DBB5E92F3B4DECCFFBC0B504
:106BF00022AE28D7982F8A42CD65EF239144377172
:106C000068DC026018816DDAD55E1CAB9B4F19AF52
:106C1000A4823F92D2E9100178AC4032CDE9120152
:106C2000D2E90201C4E90001D2E904017AACC4E965
:106C30000001D2E906017CACC4E90001D2E90801F7
:106C40007EACC4E90001D2E90A0180ACC4E90001CC
:106C5000D2E90C0182ACC4E90001D2E90E0184AC96
:106C6000C4E90001DDE90AABDDE90C8951460DF507
:106C7000EC7E46464F46880B4033890C40EA8B40F9
:106C8000DDE90645149074407D40109E5F460BEA96
:106C9000050B083641EA87315D46BB4610965646DD
:106CA0000AEA040A16915946B80B5446B2464646BB
:106CB0004F4640EA8A4066408C0CC9056F405546F5
:106CC000159041EA5A2144EA8A301991E905179052
:106CD00041EA5B21DDE91689DDE914451891594641
:106CE00084EA080485EA0905DDE906BCDDE90089D6
:106CF0008AEA0B0081EA0C01DDE918ABCEE900015C
:106D00008AEA040A8BEA050B1AEB060453E9100120
:106D10004BEB07050019444669414D46240FAF0768
:106D200044EA091EDDE90E56DDE904AB2D18CDF865
:106D300068E048EA0A044E4128464D4631462E0F87
:106D400049EA0B05DDE912AB1AEB000A4BEB010B2C
:106D500047EA98014746C8461D91DC46B907D34625
:106D6000BA4646EA071712911B97DDE90801CDE9FB
:106D70000EBC2040294074ACC4E90001DDE90201E9
:106D8000DDE9046710EB0B00C34641EB0C01044640
:106D90000BEA070940460D4676A90AEA06084FEABB
:106DA000943E4006CDE90245D1E90045DDE90267A0
:106DB00034403D402646129C2F4644EA9B011C91DC
:106DC00074A9D1E90045DDE906BC44EA080445EAB6
:106DD00009058CEA070C8BEA060BDDE90289CDE98F
:106DE000124541464F464EEA89454E46890CDA46E1
:106DF000BF0B209541EA89314D46B60C229147EAF6
:106E000088412191E90546EA883541EA58212395D0
:106E100025910299DDE91C78DDE91A56C9057D4006
:106E2000009F86EA0806A84640EAD7150398B146AF
:106E30001F957E0641EA5021019F2491DDE92045FE
:106E4000DDE922014D404440294646EAD7151E950A
:106E5000DDE9245665404E4028463146DDE91E45B1
:106E600053E90E6784EA080485EA0905A046A946A5
:106E7000DDE90C45A4197D4126462F46DDE9124582
:106E800014EB080445EB090516EB0A06A04647EB90
:106E90000C07A946DDE902BCDDE90A4584EA0B04DA
:106EA00085EA0C05DDE90EAB1AEB080A4BEB090B82
:106EB00080194FEA1A7EDC467941D3464EEA0C1E11
:106EC000DDE900784BEA07094CEA080A0DF5F0788D
:106ED0004E46D8E90089CDF898E018EB000849EB58
:106EE00001096146CDE90E89D846E14689074FEA96
:106EF000887E41EA98014EEA990E2991CDF8A0E0EA
:106F0000DDE904BCDDE900010BEA060B0CEA0A0C22
:106F1000DDE90E67CDE912BCDDE908AB4FEA197C6B
:106F200016EB0A064CEA081C47EB0B07B24646462E
:106F3000CDF89CC0BB464F4606400F404946304600
:106F400049060C913946DDE91267CDE908AB0643E5
:106F50000F430AEA040A0BEA050B30463946544649
:106F60005D46CDE91201DDE90A01DDE908AB6040CB
:106F7000694074AC5746C4E90001DDE9020176AC12
:106F8000BE0B80EA0A0081EA0B01BD0CC4E90001D6
:106F90000C9C414645EA8B3544EAD8142E952B9437
:106FA0004C0646EA8B4144EAD9142C912A945C465B
:106FB000DDE92801DDE92656CDE90C894E40454042
:106FC000D84637462E46A50BA40C45EA8A45DDE98E
:106FD0002A012D95794070400F4644EA8A310646D1
:106FE0005C462F91E405DDE912018019794157468D
:106FF000DDE90E9AFE0519EB00094AEB010A44EAA5
:107000005721DDE92C453191D346CA46DDE92E01F1
:107010004D4049464440080F46EA582130915946B0
:10702000DDE93089890788EA040840EA0B145846EC
:1070300089EA0509329441EA9A01040F50463591D4
:1070400044EA0A148507504633945C4645EA9B059A
:1070500064063495554644EADA14CDE90E89DDE933
:107060000C78379448EA0B08074341463846DDE977
:10707000006706400F40304639466E06DDE9067867
:1070800053E90C4546EADB1E3F1974ACCDF8D8E055
:107090000DF5F47E48EB0508DDE93456CDE90678B8
:1070A000DDE932786F4088EA06083E464746D4E973
:1070B0000089DDE90645CDE906AB14EB080445EB94
:1070C0000905DDE9368988EA060889EA070946469E
:1070D0004F46DDE90E8918EB040849EB05094446E3
:1070E000D0464D46D946DDE90CAB0BEA090B0AEA5E
:1070F000080AD946CC46DEE9008918EB040849EBBA
:10710000050944464AEA00084D464CEA0109404652
:107110004946DDE9048918EB040849EB05093618EE
:107120004FEA983E4F4176A94FEA984CD1E90001C9
:1071300000EA080001EA0901824630198B4647EB54
:10714000050105460E464EEA89414FEA993E3891BF
:10715000DDE902018AEA000A8BEA010B5046594632
:10716000CDE90E01CDE904890599DDE906AB4CEACC
:10717000813150464AEA05083A91594628404BEA7F
:1071800006093140CDE906560F460646DDE90C01F9
:10719000DDE9044500EA080001EA0901A046A94624
:1071A00040EA06044EEA884ECDE912AB4FEA954B11
:1071B000CDF8E4E04FEAC55A41EA070576A9C1E9EE
:1071C000004545464BEA8831DDE908783B914AEABB
:1071D00055216F4088EA09083D91E905BB464F46B5
:1071E000C44641EA5721DDE93A9ADDE938453C9148
:1071F00084EA090485EA0A05DDE9069A57464E46FF
:107200004846B907000FDDE93C9A40EA071E89EAC3
:1072100004098AEA050A74AC3D46CDF8F8E0C4E9F1
:10722000009A34463E0F41EA940146EA041E419119
:107230007906A007CDF8FCE041EAD41140EA950EAA
:10724000439140A9CDF800E14FEA446E42AC4EEACA
:10725000D515D1E90078DDE93E9A53E90A0189EABA
:1072600007098AEA080A42954E465746DDE90A9A16
:1072700019EB00094AEB010A48465146D4E9009A45
:1072800076AC89EA06098AEA070A4E46DDE90E89E4
:10729000D4E9004518EB000849EB0109A41945EBB6
:1072A0000A05264674AC2F46D4E9004514EB0804C1
:1072B00020467CAC45EB0905D4E9009A19EB00099E
:1072C0004AEB050A4846DDE9004514EB090445EBA5
:1072D0000A05A0463418A9460BEA080B47EB0A0535
:1072E00041460CEA090C880B890C40EA894E41EAB8
:1072F0008931CDF810E14FEA994E4691CDE900452C
:10730000DDE906675C466546DDE900BCDDE91201A2
:107310004BEA060B4CEA070C5E466746DDE908BC03
:10732000CDE90A678BEA040B8CEA050C4F4676AE72
:10733000DDE90645CDE90EBCDDE900ABCC46BF0B6F
:107340000AEA040A0BEA050B54465D46DDE90AAB7E
:1073500000EA0A0001EA0B01DDE904AB8AEA080A47
:107360008BEA090BC6E900AB41EA050A4E4674A94F
:1073700040EA0409F60544A848ACC1E9009A47EA86
:107380008841E14645914EEA8831479146EA5821C5
:10739000D0E90056499146A84146D0E900ABC9055D
:1073A00085EA0A0586EA0B0641EA5C2137464891E0
:1073B000DDE900ABCDE90A89594650468907000F3F
:1073C00041EA9A0140EA0B1E50464D915946CDF8CC
:1073D00028E180074906D4E900895C4641EADA11D0
:1073E00088EA050889EA0709240F4F914AA9464609
:1073F00044EA0A1E4F465D464EACCDF82CE140EA09
:107400009B0ED1E900894CA9CDF830E14FEA4A6ED4
:10741000D1E900AB53E9080188EA0A0889EA0B09B7
:107420004EEAD51EC246CB46CDF838E1DDE90289E9
:1074300018EB000849EB010940464946D4E90089A8
:1074400089EA0B0988EA0A084D464446DDE90E9AA6
:1074500019EB00094AEB010A19EB06007EAE4AEB74
:107460000701D6E90089DDE90C6718EB000849EB54
:10747000010916EB0806404647EB09074946B146A5
:1074800074AEBA46D6E900784FEA9A3E3F193C46B8
:107490004F4648EB0508BE0B271848EB0108494644
:1074A00046EA8A458C0C76A95095D1E900BCDDE905
:1074B00000560BEA090B0CEA0A0C3D4346EA0806A3
:1074C00058466146CDE902782F46B046DDE90456BC
:1074D00045404E4044EA8A31AB46B4465291DDE91C
:1074E0000256DDE9000128403140DDE90656CDE9CC
:1074F0000C013D40514606EA08068C0C28463146F0
:1075000076AE5546DDE90A78ED0587EA090788EA8F
:107510000A08C6E90078DDE90C67C846D14606438B
:107520000F4374A94EEA884E50A8CDF844E1C1E952
:10753000006744EA88314F464646539145EA582150
:10754000D0E9004552A85591F105D0E9009A41EAE9
:10755000572184EA090485EA0A055491DDE9028984
:10756000CDE90E6740464946000F890740EA091EEB
:1075700054A8CDF858E1D0E90067484666406F400E
:10758000000FCDE90C674746C84641EA970140EA3B
:10759000071E59914946BE07CDF85CE1490646EA07
:1075A000990E58AE41EAD711CDF860E14FEA476E27
:1075B0005B9156A94EEAD81ED6E9009AD1E900019E
:1075C000DDE9084580EA090081EA0A01CDF868E1B1
:1075D00006460F4653E90601DDE90C8924184D41A2
:1075E00020465AAC29461BEB000BD4E9004558460F
:1075F0004CEB010C74407D40264674ACD4E900ABE2
:1076000080AC1AEB060A4BEB050B564618EB00084C
:107610005F4649EB0C09D4E900ABDDE912451AEBF2
:10762000080A4BEB090B504614EB0A045946A246D4
:1076300045EB0B053418AB4647EB01055146274691
:107640005E468C0B76A9A846554644EA8B4ED1E996
:107650000001CDE90878284055463140CDF870E169
:10766000AD0C7495DDE90256CDE90CAB3D4346EA1D
:1076700008062F46B04676ADC5E90078DDE90A89EF
:107680005F4688EA000889EA0109BC0BCDE9128946
:10769000D146DA46DDE908BCDDE9026758466146B5
:1076A0004FEA9A4E06400F4030463946CDE9080170
:1076B000749840EA8A315E91D5E90001DDE900560F
:1076C00005400E40DDE90E012F4676AD80EA090047
:1076D00081EA0A01C5E90001384631465546DDE92F
:1076E0000867ED0506430F433046394674AEC6E9D8
:1076F000000144EA894160465D914EEA8931800784
:107700005F9145EA592161914946CE055CA9D1E9CD
:1077100000455EA946EA5A2E60AECDF880E140EA07
:107720009B0E6046CDF894E14FEA4B6E40064EEA60
:10773000DC1ED1E900785946CDF898E17C406746D7
:10774000090F85EA080541EA0C116291390FD6E963
:10775000006741EA0B1166406F40639166ACCDE96A
:1077600008675F46BE0746EA9C01649140EADB1168
:10777000679162A9D1E9006764A9D1E9009A53E948
:10778000040186EA090687EA0A07DDE9049A19EB8B
:1077900000094AEB010A48465146D4E9009ADDE95E
:1077A000124589EA06098AEA070A24184E4657460E
:1077B000204674AC4D41D4E9009A82AC19EB06091D
:1077C0004E464AEB070ADDE90889574618EB0008E0
:1077D00049EB05094946D4E9009ADDE9064519EB6C
:1077E00008094AEB010A484614EB09045146A14630
:1077F00045EB0A053418AA4647EB010549465646AB
:107800004FEA9A4E880B76A9CDE90445D1E9007874
:107810004D46494608EA0A0840EA8A402F40890C4A
:1078200045463C4641EA8A31CDE908BCCDE9069A95
:10783000DDE9047868904BEA070B4CEA080C6A9182
:1078400058466146DDE90E78DDE902BC674088EA0A
:107850000508B40B0BEA000B0CEA010C76A9CDE984
:107860001278DDE90856DDE904783D4006EA0806AD
:1078700037462E4655464BEA060B4CEA070CED05FB
:10788000C1E900BCDDE904BC59460F0F61468E0713
:1078900044EA894169914EEA89314FEAC95E6B91A8
:1078A00045EA59214EEA5A2E6D9168A9CDF8B0E10A
:1078B000D1E900456AA9D1E90001DDE90A8944401E
:1078C0004D40204647EA0C1429466E946446270F23
:1078D00046EA9B0447EA0B1E71945C46CDF8BCE176
:1078E0004FEA4B6EA507644645EA9C056406709511
:1078F0006CAD44EADB14D5E90056739445404E4024
:1079000074A9C1E900566EA9D1E9004570A9D1E971
:10791000000144404D404EEADC1126462F4672914C
:1079200072A953E9024518EB040849EB05094446DE
:107930004D46D1E90089DDE9120188EA060889EAA5
:1079400007090019694104460D4676A9D1E900BC32
:1079500074A91BEB080BD1E900014CEB090C0019D1
:1079600084AC6941D4E90045109E24184D4120465D
:107970002946DDE9004524184D41CDE90A451BEBB8
:1079800000044CEB0105502ECDE900457FF442A9DF
:1079900094ABDDE90012D3E90034DDE902AB5B18FA
:1079A0005441CDE9003496ABDDE90401D3E900236D
:1079B000DDE9084512184B41CDE9022386ABD3E936
:1079C000001288AB09196A41CDE90412D3E900011C
:1079D0008AAB10EB0A0041EB0B018246D3E9008928
:1079E0008B468CABDDE90A01D3E9006718EB000890
:1079F0008EAB49EB0109DDE90601D3E900453618F4
:107A000090AB4F41DDE90C0124184D41D3E9000151
:107A1000CDE90645DDE90E450019DDE9003469418F
:107A2000939DC5E90434DDE90223CDE90801C5E9E8
:107A30000623DDE904340020C5E90834DDE9062326
:107A4000C5E90AABC5E90C89C5E90E67C5E910238C
:107A5000DDE90834C5E912340DF2E44DBDE8F08FDC
:107A60002DE9F84314460D4600210646D0E90023CF
:107A700002F07F0712194B41C7F180088B4208BF03
:107A8000A242C0E9002306D2D0E90223013243F129
:107A90000003C0E90223DFB1A04519D806F150095F
:107AA0002946424609EB07000BF0EAF84946304602
:107AB000FEF71EFF80B9C8EB0404454407467F2C3F
:107AC00008D929463046803C8035FEF711FF18B9A9
:107AD0007F2CF6D814B92046BDE8F88306F1500093
:107AE0002246294638440BF0CBF80020BDE8F88345
:107AF00002B1B5E7104670472DE9F8430446006827
:107B000080220D4600F07F0004F15006231801305A
:107B1000702883F8502000F21A81C0F17002002111
:107B200030440BF099F8E1680023A0684FEAC109DE
:107B300067684FEAC008314649EA507926687A0FEB
:107B4000204643EA0903FF0042EA08024FEA136EA7
:107B500084F8C33047EA567784F8C7204FEA134CBD
:107B600084F8C0E04FEA132E84F8CB70130E84F82B
:107B7000C1C0F60084F8C2E084F8C4304FEA124E67
:107B80003B0E84F8CF60120A84F8C5E04FEA174C28
:107B900084F8C83084F8C620330C320E84F8C9C08B
:107BA0004FEA172E84F8CD30360A84F8CC2084F8BA
:107BB000CAE084F8CE60FEF79BFE0346002840F042
:107BC000D380E27D2A70E28A6A706269120AAA7022
:107BD0006269EA70E27C2A71628A6A712269120A19
:107BE000AA712269EA71E27F2A72E28B6A72E26903
:107BF000120AAA72E269EA72E27E2A73628B6A73DF
:107C0000A269120AAA73A269EA7394F827202A7457
:107C1000E28C6A74626A120AAA74626AEA7494F85C
:107C200023202A75628C6A75226A120AAA75226A52
:107C3000EA7594F82F202A76E28D6A76E26A120AB3
:107C4000AA76E26AEA7694F82B202A77628D6A7720
:107C5000A26A120AAA77A26AEA7794F8372085F80E
:107C60002020E28E85F82120626B120A85F82220FE
:107C7000626B85F8232094F8332085F82420628EE7
:107C800085F82520226B120A85F82620226B85F8BC
:107C9000272094F83F2085F82820E28F85F82920B6
:107CA000E26B120A85F82A20E26B85F82B2094F803
:107CB0003B2085F82C20628F85F82D20A26B120ABC
:107CC00085F82E20A26B85F82F20D4F8D00000284C
:107CD0004AD194F8473085F83030B4F8463085F80A
:107CE0003130636C1B0A85F83230636C85F83330B1
:107CF00094F8433085F83430B4F8423085F83530A4
:107D0000236C1B0A85F83630236C85F8373094F8DD
:107D10004F3085F83830B4F84E3085F83930E36CA0
:107D20001B0A85F83A30E36C85F83B3094F84B3009
:107D300085F83C30B4F84A3085F83D30A36C1B0A16
:107D400085F83E30A36C85F83F30BDE8F883C0F17C
:107D50008002002130440AF07FFF31462046FEF7C2
:107D6000C7FD20B1BDE8F8831846BDE8F883014699
:107D7000702230460AF070FFD5E600BFFEF714BD52
:107D800002B970476CE600BFFFF7B6BEFEF7B0BDA4
:107D9000F0B5B7B01C4607460D4616460021D8225E
:107DA00068460AF059FF21466846FEF7FDFC044686
:107DB00028B95DB931466846FFF79EFE044668461D
:107DC000D821F9F7CBFE204637B0F0BD2A46394618
:107DD0006846FFF745FE04460028F0D1EAE700BFF9
:107DE000FFF7D6BF2DE9F04F0121C7B081464FF410
:107DF00080600AF051FF00286BD00025DFF8448135
:107E0000DFF844A10746D82210A829460AF024FF2B
:107E10008AFB0534022DA4EBE574CCBF00260126B5
:107E200004EB44042C1BB9F1000F33D1314610A8E8
:107E3000FEF7BAFC8346002840D1022C50D03B4BC1
:107E400003EB8403D3F8002462BB10A86946FFF754
:107E500053FE834690BBC6F10402684641461201B8
:107E60000AF00AFF00285BD1B9F1000F2DD10135CE
:107E700008F14008062DCBD1B9F1000F47D110A869
:107E8000D821F9F76BFE38460AF0DAFE584647B0BB
:107E9000BDE8F08FC6F10401621C2548C9010AF053
:107EA000F7FEC3E7C4EBC403224910A804EB031494
:107EB0002144FFF7D5FD83460028C6D0B9F1000F55
:107EC000DDD01D480AF0FCFED9E71C480AF0F8FE98
:107ED000CDE7B9F1000F1ED1012047B0BDE8F08F0A
:107EE0004FF47A746121384622460AF0B5FE01E06B
:107EF000013CAAD04FF47A72394610A8FFF7B0FDC2
:107F000083460028F4D0B9F1000FB8D0D9E70A2091
:107F10000AF0DEFEB3E70A480AF0D2FE0120B6E717
:107F20004FF0010BB9F1000FA9D0CAE768DC02607D
:107F3000AC34002074E00260C418002074180020E3
:107F400090340020E8DE026056555555DFF874C0C5
:107F5000DCF8003073BB4CF6A840F0B5164C4CF67C
:107F6000A945164E4CF2090704F5027EB84216D018
:107F70004CF20A03124903E083420CD0136A114603
:107F800001F12002002BF7D16DB174450BD22846C8
:107F900056F8045FEAE791F828302A2BF4D02060E5
:107FA0000434002DF1D10022012303482260CCF8D3
:107FB0000030F0BD0048704714F300202CF202603E
:107FC000C8E1026024F5002078B138B50546074CB9
:107FD000074803E054F8200F30B1606829460AF0E2
:107FE0003FFE0028F6D1204638BD7047C8E1026048
:107FF000C03400204CF2090398420DD04CF20A0321
:10800000064A02E0834205D0136A2032002BF9D1E0
:10801000184670471046704700487047C8E1026034
:10802000837A0A2B0AD8012000FA03F313F08E0F8B
:1080300003D113F4C06F03D00220704700207047B3
:1080400013F0100F0CBF002004207047807A20B17D
:10805000032804D9042800D170470020704701206C
:10806000704700BF837A0A2B08D8012202FA03F373
:1080700013F4E36F14BF10460020704700207047D0
:10808000807A053803288CBF00200120704700BF8C
:108090004CF2090398420FD04CF20A03074903E05F
:1080A000984207D0136A114601F12002002BF7D144
:1080B00003487047486A704702487047C8E1026049
:1080C000E8340020C034002008B5FFF77DFF00B180
:1080D000006808BDC36B10B5044693F88000F2F742
:1080E00043FE50B1E36B204693F8801006F006F88B
:1080F000003018BF0120404210BD014810BD00BF34
:108100000094FFFF2DE9F047446984B0C56B002C53
:1081100005F254450CBF4FF000084FF002081D4413
:1081200008EB0109B9F5205F56D8044600681746E8
:108130002B4690F8CC200E4690F8C910C2F34002AE
:1081400090F8C80006F04AF823682E22A91CD3F83C
:1081500018A0D869D04750BBA16B3022E36BC86D23
:10816000C3F81024002839D0BC300121F7F7A2FE53
:1081700080B32368C6F52050E26B2946C8EB0005A2
:10818000A06BD2F810E4DA69C06D03927246D3F89E
:1081900018E0BC30D4F8C030CDF808E000974B446C
:1081A0000195F7F76BFF10B9B8F1000F02D104B0D9
:1081B000BDE8F0873B68D4F8C0201B0A9355D4F87B
:1081C000C0103B680E4473703B6802333B6004B0E0
:1081D000BDE8F0870248EAE70248E8E70248E6E738
:1081E0000093FFFF0096FFFF0089FFFF4368102BFD
:1081F0002DE9F04F9DB000F0A684C36B0446002B20
:1082000000F0A18405F05EF9002840F0A680236804
:1082100093F8CC309D0705D5E36B93F8EC31012B37
:1082200000F00C8165680C2D00F09C80112D00F28F
:108230008A84DFE815F00A010D0134035C03610351
:108240008A03DF0352030F04120057030604880455
:108250000B047F0483048804A200E26C0023204600
:1082600015680B9304F0E2FE002876D1AB7A5A1F12
:10827000032A40F265830B2B00F06283D4F8D430DC
:10828000002B00F05D83E26B2168002A01F0FB8186
:10829000D2F8C031002B01F0F6811968002900F0F6
:1082A0004F835B68002B01F032840DF13008D2F867
:1082B00004342046414698476369032B01F06782E6
:1082C000E36B002B01F08782D3F8C031002B01F063
:1082D000828258680421F7F7EDFD002841F0C08143
:1082E0000646C446062124238146E06B2768002801
:1082F00001F0EB81D0F8C001002801F0E681406870
:10830000FA690DF12C0ED4F8C05003926246BF6991
:108310000D44314602978DE82040F7F765FEE0B93D
:10832000D4F8C03016250B9A0F214B442046120A70
:108330001A71D4F8C0300B9A4B445A710B9BD4F885
:10834000C0200633C4F8C4504B44C4F8C830117080
:1083500063680133636005F009F9054628461DB0DE
:10836000BDE8F08FE36BD3F8883623B9204607F0D9
:1083700023FC0546F2E711236360204607F016F957
:108380000028EAD1A36F162B40F05887236F1A7884
:10839000042A40F0B5872068D4F8A01090F8CC00EB
:1083A000800740F14984112940F2AA87587C03F1E3
:1083B0000C051E7C0C2293F80CB040EA062693F8BC
:1083C0000EA0587B93F80F900490B31D134499426C
:1083D00040F09687E26B4FF000080C23C2F88886C5
:1083E0006360002E00F02B83A36B996E586EF9F733
:1083F000B5FBA36B586E0AF023FCA76B3146012036
:10840000C7F86480C7F868800AF046FC0590002829
:1084100001F07583A91D32460AF032FC049B4546E3
:10842000BE661A04059BC7F8088042EA0B627B66A9
:1084300042EA090242EA0A22FA668FE7204605F07C
:10844000CFFF00283FF4EEAE87E70123636085E7A6
:1084500021688B69002B01F06B82A3682BB991F81E
:10846000CA30236191F8CB30636191F8C8000028CD
:1084700000F0698391F8CC20D4F8C09091F8C9102D
:10848000C2F3400209F1040305F0A8FE2368E66B7D
:1084900093F8CC2006F21441900740F19B83D6F864
:1084A000DC21002A00F096830E684D688868CA684F
:1084B000C9F80660C9F80A50C9F80E00C9F81220B8
:1084C00088690E694D69CA69C9F81660C9F81A50F9
:1084D000C9F81E00C9F82220A16B8868A0F110031A
:1084E000102BA36800F28B83002B00F04D86002335
:1084F00009F1270589F82630236893F8CC209207E4
:1085000016D5E36BD3F8DC21002A00F0148793F82A
:10851000E0316E1C2B703046E36B93F8E021D3F80A
:10852000DC110AF0ADFBE26B236892F8E0513544B0
:108530006269AE1C53F822703868002801F0A080F0
:108540004FF00008FFF756FD236893F8C910C0B13B
:108550000269914215DB93F8CBE03146826996457A
:108560000FDC93F8CC309B0702D5037F5A0708D461
:108570003B6808F101081B1201F8023B3B6873706D
:108580000E4657F8040F0028DCD1A3683BB93246E9
:10859000FF2108F1010802F8023B717016462368BA
:1085A00093F8CE30DB0708D533465621002208F178
:1085B000010803F8021B72701E4601224FEAD8110F
:1085C0004FF0000B08FA02F3B04629706B70331DB0
:1085D00008F8022B86F801B01D46D4F8C070D4F814
:1085E000D800069307F52057002801F045800AF0CF
:1085F0003FFBBD4282462B4605D800F10905FB1A18
:10860000AB4280F0F7855D460222A3684244012B0D
:1086100040F02385BA4294BF00230123002B40F091
:108620001C85D4F8EC10B81A0531884219D30127FB
:10863000FF219370501D117004F1F0015770D4F8B0
:10864000EC303B44D370D4F8EC301371D4F8EC2008
:108650000AF016FBD4F8EC30D4F8C070053307F5F7
:108660002057D4F800E01D449EF8C930032B00F0D9
:10867000FA840022DEF878B015449BF80000002848
:1086800000F003844FF0000A04E01BF8010F0028FB
:1086900000F0FC830AF1020AF2F766FB0028F4D12D
:1086A00000232B44D4F8C0709A1C07F5205742448D
:1086B000BA4240F22E842568002095F8CD2002F0C1
:1086C000020103EB000E01F0FF03002900F0F1822C
:1086D0000EF1020095F8C9304044002B00F06C8583
:1086E000B84294BF00230123002B40F06585391A5E
:1086F000032940F2DE821622037083700421C370C6
:1087000042702568D4F8C07095F8CD2007F5205741
:1087100002F004020EEB010302F0FF0AEAB19A1C18
:1087200095F8C9104244002900F04285BA4294BF2E
:1087300000210121002940F03B85B81A032841F2AD
:1087400047801720117091704FF0040AD17050705B
:10875000D4F8C070256807F520575344D5F8A4A075
:1087600003F1020B049308EB0B030593BAF1000F1E
:1087700000F07F87DAF80010002900F0C5874FF07D
:10878000000B08460AF074FA5AF8041FC0B2013010
:1087900083440029F5D10599B94200F261840BF1B7
:1087A00006027B1A9342C0F02285102300228D1D01
:1087B0000A704B702368D3F8A470386890B10AF03F
:1087C00057FA2B465FFA80FA03F8010B1846524617
:1087D00039680AF055FA0AF1010A57F8040F5544AE
:1087E0000028ECD1059FEB1BDAB2981F191F951FCB
:1087F000000A043A090A38717D71FA70B970D4F828
:10880000C070256807F52057049A1A4495F8CD30B2
:10881000901CDB090492404400F02284B84294BFCB
:1088200000230123002B40F01B84A26B3F1A926EA1
:10883000151DAF42C0F07C8503702321130AC2705E
:1088400041708370A36B596E002A00F0EF860029F7
:1088500000F0EC8604300AF013FA049B5D1905D091
:10886000069BF5702B4498462B0AB370C9EB0800A1
:10887000D4F8C03001221621C4F8C800C4F8C410CE
:108880001A7094E80C000133636092F8CC309807BA
:1088900000F17584204604F069FE05465EE5204639
:1088A000266F06F083FE054600287FF457ADA36FC0
:1088B000162B00F00582A368012B40F0BF842268CC
:1088C000E368D2F8B4200133002AE360C0F2E68105
:1088D000934240F3E381BC4D40E5204605F05EFA4B
:1088E00005463BE5204605F0E5FA054636E5204617
:1088F00006F088FF054631E5E36C00201E680A900B
:10890000B37A012B00F0D081093B012B40F2A68104
:10891000204606F04BFE00287FF41FADA36F162BF8
:1089200040F08C84226F13780C2B00F0EE83B37A26
:1089300003F0FD03052B40F081840123C4F8A83027
:10894000636800250133636008E5E36C1B689B7A6C
:10895000013BDBB2092B00F20B81012540F20F3203
:1089600005FA03F31A40002A00F00281204606F0BF
:108970001DFE00287FF4F1ACA36F162B40F05E843F
:108980006368216F013363600B780D2B0CBF0123EB
:108990000023C4F8D43040F006842368D4F8A00043
:1089A00093F8CC3003F0020303F0FF05002B00F036
:1089B000A0840C2817D90A7B0C2313440333984254
:1089C00011D96369032B00F0C080002D00F0A08452
:1089D00011440C254B7B897B41EA032153182B441E
:1089E000033398422BD0204632220221774D05F0E6
:1089F000C7F8B3E4204606F0D9FD054600287FF409
:108A0000ADACA36F162B7FF466AF2268D4F8A0102C
:108A100092F8CC3013F0020F0CBF04230C239942C0
:108A200040F0D183236F1B780E2B40F0CC8363681A
:108A30000133636092F8CC309E0700F13C81002541
:108A40008CE4204605F00CFC054687E4204607F040
:108A50000BF982E4E36C1E68B37A022B00F0CA8241
:108A6000DA1E012A40F28980093B012B8CBF0025C8
:108A70000125002D40F081803046FFF701FB0028E2
:108A800000F0A5822368D3F89420002A01F03F80EB
:108A9000D3F89C20002A01F03A80D3F8A0309A1D28
:108AA0000C93B2F5205F00F2AA86D4F8C020190A10
:108AB0001171D4F8C02053712368D4F8C000D3F8E2
:108AC000A020D3F89C1006300AF0DAF82068B37AB8
:108AD000D0F8A020052B02F1060700F0BD85072B7A
:108AE00000F0E586062B00F02886082B40F0AE83C8
:108AF000C569C7F52053D4F8C0200CA90195856934
:108B00003A44E06B00958030F1F7C4F800287FF418
:108B100024ACB17A204605F0F7F900287FF41DACAB
:108B200016200C9BD4F8C0201021C4F8C4003B448C
:108B300020460AE40F23002563600FE42046002549
:108B400004F01CFA0AE4224D08E4002D00F04E86E1
:108B50008F184FF00C0E7E7BBB7B43EA0626D31C9E
:108B60007344334498427FF63EAF931C9A192CE726
:108B7000062300256360FFF7F1BB25684FF47A7385
:108B8000D4F8C0200CA9EE69E06B04320196AD69FF
:108B900080300095F1F77EF800287FF4DEAB256881
:108BA0004FF40073E06BEE6900F2544200F582610D
:108BB00001968030AD690095F1F7AEF800287FF49A
:108BC000CCAB0427ACE700BF0089FFFF8085FFFF27
:108BD000008FFFFF9D690422D869A84700287FF411
:108BE000BCAB236806F583611C229D69D869A84740
:108BF00000287FF4B2ABE16B01F2144154E4002B86
:108C00007FF475AC4B6E002B00F0408700208B6E1C
:108C1000002B40F00E8589F8260009F12705002871
:108C20003FF46AAC0023A26B1A440133127B8342E7
:108C300005F8012BF7D35FE4092940F26183587AE4
:108C40001D1D1E7A93F804B040EA0626587993F861
:108C500006A0049093F80790FFF7B7BBA36BD86DFD
:108C6000002800F00587BC300221F7F723F900281F
:108C700000F0B985A36B0122E06BDB6D8030D3F887
:108C8000C010F0F7E1FF002800F0A582054620465D
:108C90002822022104F074FFFFF760BB0123D34DAB
:108CA000C4F8A830FFF75ABB052305466360FFF7F9
:108CB00055BB19462CE5204605F06CFBFFF74EBB73
:108CC000236893F8CC2002F0020101F0FF00002994
:108CD00000F075823378032B00F09C85E36BD3F8AA
:108CE000DC0109F0ADFFE36B83F8E051C3F8DC5120
:108CF0002368D4F8A01093F8CC2002F0020202F00E
:108D0000FF00002A0CBF2A2232228A4200F2CA83C4
:108D10003278022A40F0C683002893F8CC2004F170
:108D2000140104F110000CBF4FF004084FF00C08C0
:108D3000C2F34002B044434605F05AFA2368226960
:108D400093F8CA108A42C0F2E284616993F8CB00BA
:108D50008142C0F2DC8493F8C800824200F3D784D9
:108D600093F8C930994200F3D2844346E76B53F835
:108D7000026F5D689868D968C7F83464C7F83854DA
:108D8000C7F83C04C7F840141E695D699869D96941
:108D9000C7F84464C7F84854C7F84C04C7F85014DF
:108DA00098F82260202E00F27D832368D4F8A0205A
:108DB00093F8CC30990740F1B48206F133039A421C
:108DC00000F2AD840C2306F126010B449A4240F0D8
:108DD0006983002708EB060393F8235093F82420B7
:108DE00093F8253042EA0525002B40F02F862846CF
:108DF000D4F84C90FFF7FEF8E36CC9F80000204669
:108E00001968002900F0488605F066F8D4F83C900F
:108E1000D9F87836002B00F02A82002E00F0278245
:108E2000A368002B40F02382A36B04931B689D4230
:108E300000F0818508F1230A63684FF0000E049A60
:108E40005146013302F10C0032466360049BC9F8BD
:108E500078E69E6083E8204009F012FF236862698B
:108E600053F82230043B04E0A26B1268904200F0F9
:108E7000708253F8040F0028F6D120462F220221D9
:108E80005B4D04F07DFEFFF769BA824605F1020BE7
:108E900008EB0B03BB4204933FF602AC049A0AF1C1
:108EA000060ABF1A5745FFF4FBAB2368D3F878B026
:108EB0009BF8000000283FF4F3AB9246002700E047
:108EC0000F46F1F751FF4388B91C0AF1020A1B0A49
:108ED0008AF8043043888AF805301BF8010F00280F
:108EE000EED100293FF4DCABCAB207F1040E4FEA21
:108EF000112C049907F108034FEA1E2708700A2075
:108F00004A7102328F70CA7081F804C04870FFF74E
:108F1000C8BBB91A05294FF000010DD90B2702254E
:108F2000012011709170517106215770D570107128
:108F3000D4F8C07007F5205725680B44B5F8CC204D
:108F4000991C02F4E0724144002A00F0D585B94230
:108F500094BF00220122002A40F0CE85781A04280E
:108F600010D901200A708A7005224870C8702068E4
:108F7000B0F8CC00C0F382100871D4F8C070256836
:108F800007F52057134495F8CD20991C12F0400F97
:108F9000414400F0BF85B94294BF00200120002861
:108FA00040F0B885C1EB070EBEF1030F7FF687AB2B
:108FB000042208708870C87010464A702568D4F87A
:108FC000C07095F8CD2007F52057FFF778BBB37A2E
:108FD000012B40F03B8103460CAA04212046FFF7F9
:108FE00091F800283FF4EDADFFF7B7B90095FFFF0A
:108FF0008086FFFFE36BD4F8C0205B68190A0C93EE
:109000001171D4F8C0205371E66B06F10800EAF73D
:10901000D5FF2568D4F8C0200146EF69301D0C9BB0
:1090200006320197AD690095F0F716FB00287FF432
:1090300094A925684FF40972E06BEE6900F582632C
:1090400000F2544101960430AD690095F0F76AFBD7
:1090500000287FF482A9062762E50023FFF701BB01
:109060000025FFF7FABBDEF874A0DAF8000000284C
:1090700000F05B845246002352F8041F0433002999
:10908000FAD105F1020B08EB0B02BA420492114629
:1090900000F256810633BA1A9A42C0F00C830028B7
:1090A00000F0DC840F464FF0000B04F0F7FF4FF0A8
:1090B0000303B8710BF1040BFB710437DAF80000FD
:1090C00004F0ECFF4FF0010338717B715AF8040F84
:1090D0000028EAD1049F5FFA8BF30BF10201002014
:1090E0007B710233090A3870FB704FEA1B23B97099
:1090F0000D213B710BF106027970D4F8C070D4F8E1
:1091000000E007F52057FFF7B5BA2368D4F8A05060
:1091100093F8CC10B37A154411F0020FA3F1080EA6
:1091200003F0FD000CBF04210C21BEFA8EFE082BBB
:1091300018BF062B0A444FEA5E1E0A9200F089808F
:10914000052800F0868003F0FB02022A00F0DB8392
:10915000033B012B02D9BEF1000F77D0E06B2A460A
:109160000AA98030F0F75CFD002800F0AB832046B0
:109170002F220221CF4D04F003FDFFF7EFB8204668
:1091800005F050F8FFF786BBE36BD3F87836002B79
:109190003FF438AD4B6E002B7FF439AD89F82600D3
:1091A00009F127053EE5C4F8A8500546FFF7D6B8F3
:1091B0004FF0000AFFF7D1BA0021FFF7A9BAD4F89F
:1091C000A0102A22A1E5204632220221BA4D04F045
:1091D000D7FCFFF7C3B82046FEF77CFF0546002802
:1091E00040F0E283636801336360FFF7B7B80023A0
:1091F000FFF70ABB411DC2B2C31C86F804B0090ABE
:10920000571DD01C1B0AB1714FEA1A213273524606
:10921000F771707206F10D0086F805B086F80AB095
:109220003372F172D4F8D81009F02AFDD4F8C07066
:109230000AF10B0207F52057FFF7E7B920460A228B
:1092400002219E4D04F09CFCFFF788B89C4DFFF76F
:1092500085B8A91E8A428AD85178971C92F800C016
:1092600041EA0C22A91A8F4206D90A977FE7A36B1D
:1092700008F1230A0493DFE53A4405280A927FF4B3
:1092800062AF023B022B3FF65BAB2268636992F848
:10929000CC20D4F870A012F0020FDDF828800CBFAB
:1092A0004FF004094FF00C09032B00F0A883022BA8
:1092B000CCDC3046FEF7B4FE0428064600F09D8361
:1092C00000270A9BAA1E93420BD893F800B09A1C61
:1092D0005B780A9243EA0B2BCBEB0505AA4200F020
:1092E0006683204632220221724D04F049FCFFF7CA
:1092F00035B804287FF677AB0A790423FFF75DBB06
:109300002046322202216F4D04F03AFCFFF726B8C6
:10931000114404254E798B7943EA06231344FFF761
:109320005EBB06F12B039A4200F2D98104234AE581
:109330001D46FFF792BA2A7001352368FFF7F8B887
:10934000DEF878B09BF8000000287FF49BA9FFF7B7
:10935000A7B9FEF74FFE63691946069300283FF44C
:109360008CAD03699942FFF688AD836999423FF756
:1093700084AD236893F8CC309B0703D5037F5D074A
:109380003FF57BADA26B06F1280311460492002243
:1093900008EB03064A60002F00F09C82B578F17854
:1093A00018F8030041EA0521737801F1040943EA42
:1093B00000230D464F4575D3059204F1F002079244
:1093C00004F1FC020892102B00F0C6807EDD172B02
:1093D00000F0B38040F3A080232B00F0F5804FF61F
:1093E0000172934248D1A368002B00F05A81D4F84F
:1093F000ECC04FEA4C035A1CAA4240F085803279F7
:10940000934240F081804FF000038DF83030BCF182
:10941000000F00F03083079B06F1050E184603EBA2
:109420000C081EF8013B10F8012B9DF8301053403A
:10943000804543EA01038DF83030F2D19DF8303099
:10944000002B61D10CF1050E08988DF82C30844466
:10945000B6441EF8013B10F8012B9DF82C10534028
:10946000604543EA01038DF82C30F2D19DF82C3091
:10947000002B49D1012305937F1B4E447B1F043FE2
:10948000022B46D9002F00F02682F378B578327887
:1094900043EA0525737805F10409294643EA0223C6
:1094A000B94590D9204632220221074D04F068FBCD
:1094B000FEF754BF0085FFFF8084FFFF0089FFFF98
:1094C0000094FFFF0092FFFF8086FFFF042B00F057
:1094D0009F800B2B00F08480012BCDD12368B3F843
:1094E000CC3003F4E07232B1012904D1C3F382130A
:1094F00032799A42C0D0204628220221C14D04F080
:109500003FFBFEF72BBF5C4620462822022104F0D9
:1095100037FBBC4DFEF722BF162BADD1236893F865
:10952000CD309A07E7D5069B002BE4D00029E2D185
:10953000049B1A46012393679EE7236893F8CD3076
:109540005B07D8D5069B002BD5D00029D3D1E36B80
:109550000122C3F88C268FE72368D3F8A480B8F1E2
:10956000000FD1D0032940F39C813179AB1E727971
:1095700042EA01229A4240F0948196F806A0EB1E3E
:109580009A4540F08E81D8F800B0BBF1000FBBD0F7
:10959000F31D09955D46A3461C4603E058F8045F99
:1095A000002DB0D0284609F063FB8245F6D1524623
:1095B0002946204609F060FB0028EFD15C46AB4607
:1095C000099DC4F8DCB057E7236893F8CD30DB0978
:1095D00091D000298FD1E36B0122C3F888264BE795
:1095E000002900F05E8133795A1CAA4240F059816B
:1095F000711D002B88D07279012A6CD91944B31DD2
:1096000003E013F8012B012A65D99942F9D17BE7D0
:10961000236893F8CD3058067FF56DAF00297FF4AD
:109620006AAF049B1A460123536725E70425FFF719
:1096300014B923680C3120229D69D869A8470028F5
:109640007EF48BAE2023A26B09F1270593601846A8
:1096500089F82630FFF7E6BA0C951946FFF75ABA93
:109660000621142304260DF1400C4FF00009FEF7EB
:109670003CBE5346FFF7C8B805460222FEF7C5BFF9
:109680008046FEF782BF896E00293FF459A90B6816
:10969000002B3FF455A9002A40F0E3810B46FEF76A
:1096A00000BE01297FF430AF3379002B7FF42CAF5B
:1096B000C4F8E810DEE6DEF878B09BF80000002879
:1096C0007EF4E0AF8246FFF7E9BBB86E00283EF4B7
:1096D00017AEFEF714BEE36BC3F85C21CCE608EBD3
:1096E000060393F8271093F8267041EA0727791E9E
:1096F00002297FF6D7AE042106F128003844014440
:109700008A423FF469ABCDE68B46FFF744B820466A
:10971000462202213C4D04F033FAFEF71FBE08EB4F
:10972000060393F8271093F8267041EA0727791E5D
:1097300002297FF6B7AE0C21DEE7E36B5B68991C6C
:109740000C933944B1F5205F59D8D4F8C0101B0AE6
:10975000CB5502F10807D4F8C0100C9B0A44D37112
:10976000E56B05F10800EAF729FC23680146281D8E
:10977000DD69D4F8C02001959D693A440C9B0095A1
:10978000EFF76AFF00283FF4C4A9FEF7E6BDE36CDB
:109790001B685E7AD4F8C030072E00F0F9800422EE
:1097A00006261A71E36BD4F8C050002B00F0E98054
:1097B000D3F8C031002B00F0E480586804F03CFC82
:1097C0004FF00209C446687108210023FEF78DBDE1
:1097D0008A46FEF7C2BF23689B6E002B7EF479ADEC
:1097E0001846FEF777BD094DFFF751BA8F184FF0B5
:1097F000040E7E79BB7943EA0626FFF7B0B9044D23
:10980000FEF7ACBD8086FFFF8091FFFF0093FFFF56
:109810000096FFFF256F0CA9C2F340020BA805F1CB
:109820000C0304F0E5FC0B9902297FF770AF0C9B49
:10983000012B7FF76CAF226892F8C80081423FF796
:1098400066AF92F8C92093423FF761AF226F05F1EE
:109850000F08E36FAE7B1344C8EB0303B342FFF67C
:1098600021AEE36BD3F8DC0109F0EAF9E76B31468E
:10987000012009F011FAC7F8DC01002800F003818B
:109880004146324609F0FCF9012387F8E0612046A1
:109890006360002503F0B0FB204604F07BFDFEF77B
:1098A0005DBD20463222022104F06AF931E602232E
:1098B0000CAA39462046FEF725FC00283FF429A9CA
:1098C000FEF74BBD2046FEF705FC00287FF44FACA9
:1098D000B37AD6E40597D4F8E830002B5BD123683F
:1098E00093F8CC3003F03003202B3FF404AEA26891
:1098F000012A7FF4A4A8002B3FF4FDAD059B012BAA
:109900007FF49DA8F7E5E06B2A460AA90430EFF73B
:10991000A1FD00287FF42BACE26B23685268D3F8DA
:10992000C430B3EBC20FD3D921E40346FFF7A9BB80
:109930007A4DFEF713BD049B5B68002B7FF47AAA77
:10994000049B08F1230A9B689E427FF475AA049B3E
:109950003246514603F10C0009F08EF900287FF4DD
:109960006BAA0C232046636003F060FB05460028C9
:109970003FF474AA20465022022104F001F9FEF7B8
:10998000EDBC23689B6E002B7FF417AF184615E7DC
:1099900005221A7106E7A268012A7FF450A8059AE9
:1099A000002AACD0FFF74BB85D4DFFF770B90AEB5A
:1099B0000902C2EB08030DF13008002F00F091807E
:1099C000414620468DE8880013460BAA06F038FA77
:1099D00000287EF4C2ACA36BD86D002879D0314644
:1099E000BC30F6F767FA00285DD120462822022114
:1099F0004C4D04F0C5F8FEF7B1BC074661E408F130
:109A000002039D42FFF4B3AB98F8000004F03AFB68
:109A1000074600283FF4ABAB0A9B587804F02AFBBA
:109A2000834600283FF4A3AB3946204604F07AFB76
:109A300000287FF49CAB0A9B304602330A93FEF762
:109A4000EFFA58457FF493AB06463AE420462F22BE
:109A50000221354D04F094F8FEF780BC8346FFF7F1
:109A600039BBD2F8C031002B08BF0B46FEF719BC3A
:109A70002E4DFFF70CB99DF83030002B7FF444AD2C
:109A80008DF82C30F2E42A4DFEF768BC89F82630B8
:109A900009F12705FEF730BD50220221254D04F0C3
:109AA0006FF8FEF75BBCA36B42460A9D3946D86D42
:109AB0000B9BBC308DE82008F6F704FA0546002819
:109AC0003EF43EAF20463322022104F059F8FEF75F
:109AD00045BC204628220221144D04F051F8FEF71F
:109AE0003DBC2425414620460B9506F047F9002849
:109AF0003FF471AFFEF731BC0022FFF743BA2046B6
:109B0000502202210A4D04F03BF8FEF727BC0A4D13
:109B1000FEF724BC0020FEF7D2BD00BF008CFFFF83
:109B20000086FFFF0093FFFF808FFFFF0089FFFF8C
:109B30000081FFFF008FFFFF008AFFFF03682DE910
:109B4000F041DC6B82B0002C4DD00B68D41A012C94
:109B500058DD1D789E1C5C784FF6FE730E6044EA5B
:109B60000524651E9D424DD8931B9C424AD803682C
:109B70000F460546D3F83C80B8F1000F15D0186C9D
:109B8000324623462946C04740B128467322022167
:109B900003F0F6FF1C4802B0BDE8F0813E68344493
:109BA00000203C6002B0BDE8F081D3F8A0209442D0
:109BB000EBD1D3F89C1030468DF8078001EB040CF4
:109BC00011F8013B10F8012B9DF807E0614583EA8D
:109BD00002034EEA03038DF80730F1D19DF80730F8
:109BE000002BD2D1DBE7D3F894404CB1D3F89C40A2
:109BF00034B1D3F8A0401CB1D3F89830002BA4D1D5
:109C00000248C8E70248C6E78093FFFF008AFFFFCB
:109C10000084FFFF70B50D68AB1C934213D82E78FB
:109C20006C780B6044EA06241D19AA420BD3006825
:109C30000D46224619460430EFF7FAFC28B92B6886
:109C40001C442C6070BD024870BD024870BD00BF4E
:109C50000084FFFF8083FFFF2DE9F04704469EB09C
:109C6000FF209146E76B0D46984622688DF8490023
:109C70008DF84800002F00F09280D7F8C00100282E
:109C800000F08D8046680346002800F09480186834
:109C9000BC30F6F707F9636907304FEAD00A6BB1B9
:109CA000AB1C994579D3C0F3C7202A78824274D17E
:109CB00069785FFA8AF291426FD11D4605EB0A037B
:109CC00099456AD101213046F6F7F4F8002877D09B
:109CD0002368304629463025DE695246039605AE94
:109CE0009B690096029312AB0195F6F7B1F906460F
:109CF000226804ABE06B92F8CC20D0F88016C2F357
:109D00004002D0F87C0604F069FA20689DF84850BB
:109D100030229DF8103006A99DF849C09DF811E049
:109D200085EA03098369C0698CEA0E05DDF814A091
:109D3000984778BBB8F5097F44D8C8F509732F2B2D
:109D400040D949EA05058AF0300308F25341E26B35
:109D50002B43302539443343C2F810540DF1170614
:109D60000DF147055F421F43FF176FEA070E4FFAD9
:109D70008EFE16F8012F013015F8013F3A400EEA29
:109D80000303134301F8013FE36BD3F8103483421C
:109D9000EFD800201EB0BDE8F087104EA8E7916E06
:109DA00029B98FB1D7F8C0318BB10E466FE74E6835
:109DB00087B90B466BE7936E002B3FF469AF66E7FC
:109DC000074E95E70748E5E73E46384660E71E46FA
:109DD00018465DE7D7F8C00155E700BF0084FFFFD4
:109DE000008AFFFF0094FFFF41648264C3647047F0
:109DF000036893F8CC30DB0716D570B515460446DA
:109E0000D0F8E0000E4608F01BFF2946012008F0BC
:109E100043FFC4F8E00048B131462A4608F030FF5D
:109E2000C4F8E450002070BD01487047014870BD7F
:109E3000008FFFFF0081FFFF4368102B00F0E084DC
:109E4000C36B2DE9F04F0446AFB0002B00F06584E2
:109E500003F038FB002840F07C81226892F8CC3077
:109E6000980740F17981E16B91F8EC31012B00F01A
:109E700056846368122B00F25084DFE813F0DF0190
:109E8000D9010C04E301E70134033B025202E3026F
:109E90006702DF025602BD035A025E0262024E04EE
:109EA0004E04DD019369002B01F03084D4F8C050DA
:109EB00092F8CC2061692B1DC2F34002206904F0A6
:109EC0008DF9AF1D2368042239469E69D869B047D1
:109ED000002840F03E8123681C2205F10A019E699A
:109EE000D869B047002840F03481D5F80660D5F82D
:109EF0000A00D5F80E10D5F81220D4F83CE0CEF8C0
:109F00003464CEF83804CEF83C14CEF84024D5F8AA
:109F10002220D5F81660D5F81A00D5F81E10CEF814
:109F20004464CEF84804CEF84C14CEF85024E36BC9
:109F3000D3F87826002A41F0E480A268A66B8AB99B
:109F4000B2687AB12068026A62B13146806A90478D
:109F5000E36B002801F0D280D3F87826002A41F084
:109F6000D080A66B6268D3F8883601326260002B1D
:109F700001F07982002106F10C002022B16008F086
:109F80006BFEA36B05F127069B68304685F82630EB
:109F9000A16B8A680C3108F073FEA26B136892689B
:109FA0001B1206EB0209B354A36B09F1030709F175
:109FB00005081B6889F80130A36B5B6889F80230DB
:109FC000D4F8E820012A01F0868202200023A16B48
:109FD00091F87020002A01F04382391801220026EE
:109FE0004FF0050A3E548E704A70CA70A26B92F808
:109FF00070200A71A16B4A6F53444AB19A1C002029
:10A000000426B918B85432468870C8704E70A16BD7
:10A01000666903EB020A8A6FB6FA86F67609002AA9
:10A0200001F0DD81002E41F0DA810868FDF7E2FFE2
:10A0300038B1007AEDF784FC18B14378022B01F0B7
:10A04000DF8366690023B6FA86F67609E16B53442E
:10A05000D1F88C26002A01F00082002E41F0FD810B
:10A060009A1C1720B918BE548E70CE700426487002
:10A07000E16BD1F888261E445AB1B31C00204FF082
:10A08000230E0422F918F8548870C87081F801E092
:10A09000E16BD1F88436164413F0010310D0B31CE1
:10A0A00000214FF00B0C4FF0020EFA18F95401206A
:10A0B00006239170517182F801C082F803E010719B
:10A0C0001E44D4F8DC20B31C07EB030A002A01F07D
:10A0D000F88200211022F9548AF80120D4F8DC001B
:10A0E00008F0C6FD02460AF1070002F1070B02F173
:10A0F000030E511C5FFA8BF34FEA1E2EA3F1040CE2
:10A10000090A8AF802E0A3F1060E073B8AF803C0A9
:10A110008AF805E08AF806308AF80410D4F8DC10D2
:10A1200008F0AEFD16EB0B0606D0330A08EB060767
:10A1300089F8046089F803307D1B1621D4F8C030FB
:10A140000222C4F8C8502046C4F8C4101A7003F0A4
:10A150000DFA2FB0BDE8F08F6368122B00F2DD829C
:10A1600001A151F823F000BF3DA2016031A20160BE
:10A17000A59E016045A201604DA20160E5A40160B9
:10A18000F5A2016023A3016045A401604DA3016015
:10A190003DA401602BA30160F7A5016033A301601A
:10A1A0003BA3016043A301601BA701601BA70160E3
:10A1B00039A201600521204604F02CFB0028C8D1FB
:10A1C000636E1A78162A40F0EA82226801330EA9DB
:10A1D0000DA892F8CC20C2F3400204F009F80D9BC0
:10A1E000022B40F3DC82236893F8CC30990740F1CE
:10A1F0001C83A368002B40F01A85236E1A78002A6E
:10A2000040F0CD825D78002D40F0C98253F8021FE6
:10A210002046D4F8B020C2F802109B88D38004F006
:10A22000D9FB002800F0FE82C4F88850C4F88050A2
:10A23000A368002BC4D1BDE7A8488AE7012300200A
:10A24000636086E7204603F0A9FD82E7E16C002207
:10A250000D680D92AE7A721ED2B2092A08D801207A
:10A2600040F2513100FA02F21140002940F09D8283
:10A270000423062EC4F8C83000F00185082E00F033
:10A28000FE84022E00F0DE84062E00F0DB84002720
:10A29000082E00F23E850123B34013F48C7F00F0BA
:10A2A000388522680023906F0F930178E9B1D4F8C4
:10A2B0003CE0DEF8B4713E68002E01F098823378FD
:10A2C000994201F066803A4603E01B788B4201F028
:10A2D000608052F8043F002BF7D110F8011F0029CD
:10A2E000EAD11368002B41F053807D480023C4F865
:10A2F000C8302EE7D4F8C0300E2204201621C4F84E
:10A30000C800C4F8C4101A7094E80C0001336360EC
:10A3100092F8CC309B0700F17782204603F026F9B3
:10A3200017E7204605F06EFA13E7204605F09CFC7F
:10A330000FE7204603F094FF0BE70F230020636034
:10A3400007E7204602F01AFE002002E7E36C1B68D4
:10A350009B7A5A1F032A40F224820B2B00F02182A1
:10A36000A36BDB6D002B00F01C82204604F02EFC5A
:10A3700010F5CB4FF9D000287FF4EBAE204604F067
:10A3800007FA10F5CD4FF0D010F5CB4FEDD00028E7
:10A390007FF4DFAE6368A26F0133162A636041F079
:10A3A000B080236F1A780F2A41F0AB802268616970
:10A3B00092F8CC2002F00202002A15BF0E250625D5
:10A3C0000C270427032901F0F580A36B0421D86D25
:10A3D000BC30F5F76FFD002841F08A8106464FF04A
:10A3E00024090DF13C08BD1CD4F8A0309D4201F2B7
:10A3F0008880226FD119D75D4A7842EA0727EA1987
:10A40000934241F07E80E36B0FA92046D3F80434D9
:10A410009847A26B216F4B46D06D42460D443146A2
:10A42000BC308DE8A000F5F74DFD054600287FF40F
:10A4300090AE204603F02CF828468AE6204605F028
:10A44000BBFB86E6E36C20461D6805F0AFF80028EC
:10A450007FF47FAE2268236F92F8CC20D4F8A060FE
:10A4600012F0020FA26F1E440CBF04210C21162A09
:10A4700019440F9140F04A841B78102B40F0468419
:10A48000AB7A022B00F05C87A3F10902012A40F2AB
:10A49000B183DA1E012A40F2AD83052B01F07580ED
:10A4A000072B01F0B280062B01F0E980082B01F0A8
:10A4B0000B81012B41F06680324600232046FFF7D6
:10A4C000CBFB00287FF445AE204602F0AFFD00280C
:10A4D0007FF43FAE6368013363603AE68095FFFF27
:10A4E000808CFFFFE16BD1F8C4310621E26C032BB5
:10A4F000D4F8C0701268616000F08A81927A511FAE
:10A500000B2A18BF032940F27D81B3FA83F35B095C
:10A51000002B40F0778102224FF0010A4021FE1DFE
:10A5200087F805A0B9713A716269032A00F066875D
:10A530004FF008084FF007092068B11C90F8CE30A2
:10A5400003F0020303F0FF02002B00F0B385E36B7E
:10A55000D3F8CC51002D01F0DF80AB69002B01F066
:10A560008A8107F5205B6E6C8B45C1F03B81C1EBA6
:10A570000B03B342C1F0368106F1020E4FF0000A20
:10A580009E450ED901F099B9AB69D3B18B456E6C7C
:10A5900017D3C1EB0B039E4213D806F1020E73458D
:10A5A0000FD30B46300A3246F24403F8020B18462A
:10A5B0004E70A96C08F064FBD5F830518119002D5C
:10A5C000E2D1CAF307225FFA8AFAD4F8C030C91B75
:10A5D00016200D26C4F8C810C4F8C40020461E700A
:10A5E000D4F8C03003F80920D4F8C03003F808A02C
:10A5F00002F0BCFFADE5E16BD1F88836002B00F02E
:10A60000FB80D4F8C030162104220FAFC4F8C41068
:10A610000EAE1A702568D4F8C020A86DA16B02F5A3
:10A6200020530A328DE8C0002D6DA847002840F065
:10A63000DB820E9AC2F30726D1B20A320F9B0025A5
:10A64000D4F8C07020464FEA136E87F804E04FEA52
:10A65000134ED4F8C07087F805E04FEA132ED4F8F3
:10A66000C07087F806E0D4F8C070FB71D4F8C03031
:10A670001E72D4F8C0305972E36BC4F8C820C3F816
:10A68000885602F073FF64E5226892F8CC3099078F
:10A690007FF508ACE16B91F8E031002B3FF402ACA0
:10A6A000D4F8C0302069043361690F9392F8CC204C
:10A6B000C2F3400203F092FD0F9D2068AB1C0F9384
:10A6C000466C002E00F05E87D4F8AC7042F64D1256
:10A6D00005F103092EA93A44D4F8E47041F87C9DB1
:10A6E000D4F8E030C06C0097B04700287FF431AD5B
:10A6F0000F9B162703261221C9EB03032046AB70DC
:10A700000F9BD4F8C020C4F8C4709B1AC4F8C8309A
:10A710001670616002F02AFF1BE5404819E52046EB
:10A7200003F05EFE00287FF414AD6368122BF4D8AA
:10A7300001A252F823F000BF3DA2016031A20160E6
:10A7400089A6016045A201604DA20160E5A40160F7
:10A75000F5A2016023A3016045A401604DA301603F
:10A760003DA401602BA30160F7A5016033A3016044
:10A770003BA3016043A301601BA701601BA701600D
:10A7800039A20160099B53F8044F0993002C40F053
:10A79000D7863C4620467822022103F0F1F9204872
:10A7A000D7E40A2300206360D3E4A6F10902012A5A
:10A7B0001ED8E36B002B00F09284D3F8C031002B3D
:10A7C00000F08D8458680221F5F774FB78B1E36BD3
:10A7D00003F18000002B00F08A84D3F8C031002BF5
:10A7E00000F085845B6800225968EFF72DFA6368F2
:10A7F000013300206360ACE4204603F05BFBA8E477
:10A80000064870470020A4E4204603F00BFD84E5D1
:10A81000236893F8CC30C3F381036FE6008FFFFF0A
:10A820000087FFFF204604F043F9A26EA16810786C
:10A83000537843EA0023002940F0F981B3F5205F03
:10A84000ADDC22681F46204692F8CC3013F0020F90
:10A850000CBF05210D21394403F0DCFF00287FF4F3
:10A8600078AC236893F8CC3003F0020303F0FF02C6
:10A87000002B00F0858507F10D03C4F88830266FA2
:10A880003A46E36B20463146D3F8003498472568B2
:10A8900095F8CC3003F00203002B0CBF04220C22ED
:10A8A00003F0FF039742FFF47AAF3278012A7FF476
:10A8B00076AF7278002A7FF472AFB278002B40F046
:10A8C000F081F37843EA022304339F427FF467AFB9
:10A8D000331D05930423FF1A252F7FF660AF95F8EB
:10A8E000CC2004F11401059B04F11000C2F34002D6
:10A8F00003F07EFC22692368E16B6069C1F87C2665
:10A90000C1F8800693F8CA50AA42C0F2188793F89B
:10A91000CB50A842C0F2138793F8C850AA4240F324
:10A92000CC83256193F8C9306361DDF814C06346B8
:10A9300053F802EF5E689D68D868C1F814E4C1F866
:10A940001864C1F81C54C1F820049D69D3F810E0C4
:10A950005E69D869C1F824E4C1F82864C1F82C54B0
:10A96000C1F830049CF82250202D00F2638105F1DB
:10A9700024084745C0F05E81A06B2022002185603D
:10A980000C3008F069F9A06B059E82680C3006F166
:10A99000230108F075F9206890F8CC309B0740F14E
:10A9A00092832335725D1544EB1C9F42C0F0C08733
:10A9B000D0F848C0BCF1000F03D0A368002B00F012
:10A9C000A680002A7FF4EBAE6B1C08930598089DC7
:10A9D00003460646425D2B445B7843EA0223012B83
:10A9E00019460A9340F32681EB18DA1C9742C0F00F
:10A9F000218111F0010140F01D819A1C835C581ED9
:10AA00000F2800F2178113445A1C9742C0F012819C
:10AA1000A06B416040F27F83DD1CAF42C0F00A8131
:10AA200033443046B65C9B7843EA0626731E022BFD
:10AA300040F20081AB199F4240F0FC800544002E9B
:10AA400000F06983032E40F2F580EB7895F80290D0
:10AA50002A7843EA09296B7809F10407CB4643EACF
:10AA60000223BE42C0F0E68000220692079231E047
:10AA7000042B00F0048200F39180002B00F0708220
:10AA8000012B42D1B9F1010F40F021832B79042B26
:10AA900000F21D83A26B3D4482F87030CBEB0606BA
:10AAA000731F043E022B40F2C580002E00F0368357
:10AAB000032E40F2BF80EB7895F802B02A7843EA83
:10AAC0000B2B6B780BF10407D94643EA0223B742FC
:10AAD00000F2B0800D2B00F00F82C9DD172B00F0C3
:10AAE000D18226DC102B00F0D981162B0DD1B9F1C3
:10AAF000000F40F09F80206890F8CD309A0704D571
:10AB0000636913B1A36B01229A673D44C6E7059BB5
:10AB1000D4F8E46003EB0801D4F8E0300096C06C90
:10AB2000E047E36B002800F04A86012283F8E02129
:10AB30004AE7232B00F061814FF601729342E4D182
:10AB4000A368002B00F04E84D4F8EC305A1C5A4510
:10AB500040F0D5852A79934240F0D185002204F156
:10AB6000FC008DF8332083B105F1050E00EB030CDA
:10AB70001EF8013B10F8012B9DF83310534084451B
:10AB800043EA01038DF83330F2D19DF83330002BC6
:10AB900040F0B58501233D4406937FE70A2B00F082
:10ABA00021820B2BB1D1E06BD0F8843643F0010346
:10ABB000C0F88436B9F1000F3CD02B795A1C5A45A5
:10ABC00038D1691D002BA0D06A79012A40F258843F
:10ABD0001944AB1D04E013F8012B012A40F2508404
:10ABE0008B42F8D13D4459E700230A2219460E93BF
:10ABF0001E4623E5E06B721A8030EFF775F80028E7
:10AC000040F0738525684FF40073E06BEE6900F245
:10AC1000544200F5826101968030AD690095EFF7EE
:10AC20007BF800283FF450ACBC48FFF792BAD4F848
:10AC3000A07024E620463222022102F0A1FFB8488B
:10AC4000FFF787BA21680022D1F884300F92002BD9
:10AC500000F01B84D1F89030002B00F01684E06BDC
:10AC600001F188027C310430EEF7BEFC002800F0D0
:10AC70000F8410F5CA4F7FF439ABFFF76ABAD4F8E6
:10AC8000C03005210022C4F8C8101A71D4F8C830A9
:10AC9000D4F8C010581CC4F8C800CA54AE7AFFF7E4
:10ACA000F0BAF37843EA02230C339F427FF477AD86
:10ACB000A368206F012B00F0278401794379E26BB0
:10ACC00043EA0123591CC2F8D431C2F8D811837960
:10ACD000002B40F01E85C379002B40F01A85037AC3
:10ACE000002B40F0168500F109010322013007F026
:10ACF000C3FF002840F00D8595F8CC309A077FF50A
:10AD0000E7AD06F10C0305930C23E4E58548FFF756
:10AD100020BAD4F8C030B21E022A47D8D4F8C820CE
:10AD20000021284613440E91C7EB0309FDF778F97B
:10AD300063698046032B00F0FB84A87A042800F0A6
:10AD40006E850FAE24254B463A46314620460E9579
:10AD500005F014F800288CD105466369032B00F038
:10AD6000B685E16B2768002900F09585D1F8C031E0
:10AD7000002B00F090855A68002A00F08085D4F8F6
:10AD8000C80032462946D4F8C060851C586873193B
:10AD9000FD6903950DADBE698DE868000E9BF5F762
:10ADA00023F900287FF465AFD4F8C0300D9ABAB10A
:10ADB000D4F8C810120A481CC4F8C8005A54D4F871
:10ADC000C830D4F8C020581C0D99C4F8C800D1541C
:10ADD0000D9AD4F8C810D4F8C0300A44C4F8C8207A
:10ADE00016210C222046C4F8C4101A70636801337F
:10ADF000636002F0BBFBFFF7ACB90FA801F0A2FD46
:10AE00002068D0F85480B8F1000F3FF47EAE036D97
:10AE1000002B3FF47AAEE36B0122C3F88826B9F128
:10AE2000000F3FF472AEA368002B7FF46EAE806D0E
:10AE30005B462A1D0FA9C047002840F0DB84D4F8E8
:10AE4000388012A83D44D8F8083008F10C011A46A1
:10AE5000119307F015FF404601F078FD7C220FA901
:10AE6000A06B07F00DFF7C210FA8F6F777FEE36BD0
:10AE700000220121C3F88826C3F878160EE6B9F13E
:10AE8000000F7FF4D7AE206890F8CD3059067FF5DB
:10AE90003CAEA36B01223D445A67FFE52068D0F821
:10AEA000A4300993002B00F03F84B9F1030F1DDD9E
:10AEB0002979ABF102036A7942EA01229A4215D15B
:10AEC000AB1D2F44BB42184600F02E83EA1DAB7920
:10AED000B91A8B420AD8002B7DD013449F4200F050
:10AEE00023835A1C1B78B91A8B42F4D9204632228C
:10AEF000022102F045FE52E4B9F1010F2F44F5DDC5
:10AF00002A796B7943EA02239A1C5A45EED1D80775
:10AF1000ECD40635AF420BD8C8E000BF0083FFFF7A
:10AF20000087FFFF0084FFFF0235AF4240F2BE8082
:10AF3000687803F09FF880460028F5D0287803F061
:10AF4000A1F881460028EFD00146204603F0EAF838
:10AF50000028E9D14A464146E06B01F077FDE3E77E
:10AF60002068D0F82C80B8F1000F3FF4CEADB9F1D5
:10AF7000010FBBDD6B7995F804E043EA0E2E0EF16C
:10AF800002035B45B2D1BEF1020F05F106021EDDE0
:10AF9000E9792B7A43EA012303F1030CE645A5D3B3
:10AFA000A97961B943E35178937843EA012303F126
:10AFB000030CF4459AD81178002900F038836FF01B
:10AFC00002016244C91A8E44BEF1020FEBD8BEF1F1
:10AFD000000F3FF49AAD20462F22022102F0D0FD4F
:10AFE000FFF7DDBBB9F1010F7FF724AE6B7995F860
:10AFF000049043EA092909F102035B457FF41AAE84
:10B0000019F0010F7FF416AED4F83C80D8F8B431B3
:10B01000002B7FF40FAE4FEA590A04210AF1010A0E
:10B02000BAF10C0F28BF4FF00C0A504607F034FE5F
:10B03000002800F07584BAF1010FC8F8B4017FF65A
:10B0400064ADB9F1000F3FF460AD099405F1080853
:10B05000044602E0BAF1010F11D918F8020C18F8F1
:10B06000012C42EA0020EFF793FE18B120600AF1AC
:10B07000FF3A0434B9F1020908F10208EAD1099C47
:10B080003D440BE5B9F1000F7FF4D4AD206890F892
:10B09000CD305B077FF539AD6369002B3FF435ADEB
:10B0A000E36B01223D44C3F88C26F7E401233D46BF
:10B0B0000793F3E49246FFF788BA93F8C9309842B1
:10B0C000C8BF636131E405F1230308937EE42046A1
:10B0D0002F22022102F054FDAB48FFF73AB8236853
:10B0E0009B6E002B7FF46EAB1846FFF76CBB23689A
:10B0F0009B6E002B7FF476AB5B68FFDE0122C3F80A
:10B1000078260C232046636001F090FF00283EF46F
:10B1100038AFFFF71EB8002306930793089D002160
:10B12000059B02350A982B449E1C1D46334603E0BE
:10B130000231023388420ED913F8022C562AF7D175
:10B1400013F8017C002FF3D12068636990F8C910CF
:10B150008B42C0F2DE83079B002B00F0708300233C
:10B160000A9916F8022C22B916F8012CFF2A00F0D1
:10B17000EE82023302369942F3D8D4F8E820012A4D
:10B1800000F0BF83206890F8CC3003F03003202B10
:10B1900000F06983A168012900F05D83636950F8BC
:10B1A00023603068002800F080830A9B0021A046BD
:10B1B0005F1E6B1C47F0010705932F44059D03E0BC
:10B1C000BD427BD00235306815F8012CC0F307234F
:10B1D0009A42F5D12A78C3B29A42F1D1FCF70AFF1C
:10B1E0008146002800F0CE81D8F8143002699A42D6
:10B1F00000F38280826993427EDCD8F8003093F8B5
:10B20000CC309C0702D5037F580775D44846FCF71D
:10B2100029FF40B1D8F83C30D3F8B431002B6BD0C3
:10B220001B68002B68D04846FCF72AFF20B1D8F8ED
:10B230000030DA6B002A52D0D8F81430032B00F01B
:10B2400031824846FCF7ECFED8F83C308346D3F810
:10B25000C841002C00F0A982002800F00E824FF0B7
:10B26000000A20685946BC30F4F724FE002845D176
:10B27000A46853460CB19A46F3E7BAF1000F3BD0ED
:10B280004446D046E36BC3F8C08163683568A06B61
:10B2900001332268E16C0560C1F80090636092F8A8
:10B2A000CC3003F0020303F0FF00002B3EF451AF5B
:10B2B000204603F06FF80020FEF74BBF56F8040F4E
:10B2C00000287FF47BAF4446002900F0EE82404620
:10B2D0002822022102F054FC2C48FEF73ABFD3F892
:10B2E00094204AB1D3F89C2032B1D3F8A0201AB1EF
:10B2F000D3F89830002B9FD1012161E70FAB0122D9
:10B300004946206802F022FF0028B1D1BBF1040FAA
:10B3100000F09F81D8F81430022B00F39681236847
:10B3200093F82831042B00F09081BAF1000F14BF7C
:10B3300053462346A468002C9DD144469A46A0E774
:10B3400032460FA904F13C00FEF764FC00287EF4AD
:10B3500000AF0F9B9E427FF4D9AC25684FF4097271
:10B36000E06BEE6900F5826300F25441019604300F
:10B37000AD690095EEF7D6F900283FF4A5A853E48F
:10B38000C4F88020FFF77BBA0087FFFF8096FFFF9D
:10B3900019780EF18000F1F723FE00287FF469ACE4
:10B3A00020680FA9D4F8C820C669D4F8C070C2F5C7
:10B3B0002053019686693A44E06B00968030EEF7A0
:10B3C000EDFB00287FF455ACD4F8C8700F9AD4F880
:10B3D000C0303A44AE7A1F44C4F8C8209BE400232E
:10B3E000FEF734BEB9F1010F40F089812B79002BB3
:10B3F00040F08581C4F8E890FFF7CCBB2168D1F814
:10B400007480D8F80000E0B11D46914602E058F87B
:10B41000040FB8B102F042FE83460028F7D001467F
:10B42000204602F045FE0028F1D173192A1D83F849
:10B4300002B0154683F803A006F802B083F8059021
:10B44000E5E705462A0AAB1C3D7205F10909FA71C8
:10B450001E4405F10A08FFF76FB80026FEF709BE83
:10B460009246FEF7C8BD2368202206F10C01B260A7
:10B47000D8699E69B04700283EF483ADFEF769BEE7
:10B48000C0F85C213D44FFF709BBCF48FEF72EBF53
:10B49000E76B07F10800E8F791FD2668D4F8C0E0F3
:10B4A0000146F369381DD4F8C82001930FABB66983
:10B4B00072440096EDF7FCFF00287FF4DAABD4F875
:10B4C000C8700F9AD4F8C0303A44AE7A1F44C4F81A
:10B4D000C820FEF7DDBEFF2389F8062089F8053075
:10B4E000A168002940F03C8109F10A0389F807109E
:10B4F00089F8082089F80910C8EB0303981CFEF7A7
:10B5000066BDB248FEF725BEE16B90F804E04379D2
:10B51000D1F8D82143EA0E2393427FF440A90133A6
:10B52000C1F8D831FFF7D3BB099BD3F80090B9F12C
:10B53000000F3FF42FA90B963E4627464C46814606
:10B54000204607F095FBB14582463FF41BA94D46C6
:10B5500003E04544AE423FF415A995F8008001355B
:10B56000C245F6D152462146284607F085FB002801
:10B57000EFD1A1463C4637460B9EC4F8DC903D46D1
:10B58000FFF78CBA9248FEF7E4BD32460FA9204679
:10B59000FEF7D4FA00287EF4DCAD0F9B9E427FF4C8
:10B5A000B5ABA97A204602F0AFFC00283EF48CAF80
:10B5B000FEF7CFBDD4F8A020AA42A2D3D85D02F0F6
:10B5C00061FD064600289CD0236F2046D95D02F01D
:10B5D0006FFD002895D1236F042E3B4414BF0DF15D
:10B5E0003C080DF14C08587802F044FD0146002853
:10B5F00087D0A36BD86DBC30F4F75CFC002880D0FA
:10B600002F464FF00009FEF7EEBE32460FA9204646
:10B61000FEF794FA00287EF49CAD324602230F997F
:10B620002046FEF719FB00287EF493ADB9E70332FC
:10B63000006B2146C04700283FF467AA20467022CD
:10B64000022102F09DFAFFF7AAB84346A0461C4625
:10B6500018E6D8F83C202368D2F8B421D3F8C010FB
:10B66000136809782BB903E652F8043F002B3FF426
:10B67000FFAD1B788B42F7D14CE6444605E63246D7
:10B6800020460FA9FEF75AFA00287EF462AD0FA9F2
:10B69000324604F13C00FEF7BDFA00283FF47DAFCE
:10B6A000FEF757BD4846FCF7D1FC014600283FF4A1
:10B6B000C8ADD8F83C0001F0BFF900287FF4C1AD57
:10B6C0001AE69346FEF72EBD32460FA92046FEF736
:10B6D00035FA00287EF43DAD0F99E06B721A803088
:10B6E000EEF702FB00283FF45CAF3A48FEF731BDAD
:10B6F00004264FF014090DF14C08FEF774BE2046E5
:10B700002822022102F03CFAFFF749B83248FEF73E
:10B7100020BD3248FEF71DBDC56E002D7EF41DAF65
:10B72000AA462A46FEF751BF2F443D46FFF7B6B959
:10B73000B8F1000F40F0A6802548FEF7D7BD20469F
:10B740004622022102F01CFA2548FEF702BDA3683A
:10B75000012B00F0888001232068C4F8E8301DE543
:10B76000002209F10A0304F1FC0189F807201846B8
:10B77000D4F8EC205200013289F80820D4F8EC20EB
:10B78000520089F80920D4F8EC2007F079FAD4F8AF
:10B79000EC20034604F1F0011344184607F070FA58
:10B7A000D4F8EC2003461344A6E600283FF465AF26
:10B7B000D8F800309C6E002C7FF451AD9CE583F8E6
:10B7C000E001FFF701B900BF008FFFFF8082FFFF9C
:10B7D0000094FFFF8083FFFF008CFFFF808FFFFF3F
:10B7E0008091FFFF4FF0000A5246FEF7EEBE3A4648
:10B7F000FEF773BD0FA83D4401F0A8F8FFF74EB95E
:10B800000AF102031621FA18FE5404239670D6702A
:10B8100051706669B6FA86F67609FEF717BC0546DA
:10B820000FAE0195CDF800903B4631460EAA20465A
:10B8300004F006FB00283FF490AAFFF71ABA04218F
:10B84000204602F06FFC0028E06B0CBF04210021B1
:10B8500001F00AF983E4002A7FF4A0AC1BB1069B37
:10B86000002B3FF49BAC20462822022102F088F9ED
:10B870003348FEF76EBC9A461A46FEF7A6BE31481C
:10B88000FEF734BD4146E06B01F0D6F805460028CE
:10B890003FF452AFC4E7BA6E002AF0D05368002BD1
:10B8A000EDD069B91346FFF76ABA20462822022173
:10B8B00002F066F92448FEF74CBC5246FEF785BEFE
:10B8C000D1F8C031002B08BF1346FFF758BAD4F89F
:10B8D000C8702846D4F8C0907B1CC4F8C83002F069
:10B8E000DDFB09F80700D4F8C8704046D4F8C080E2
:10B8F0007B1CC4F8C83002F0B1FB08F80700FFF762
:10B9000030BAA368012B02D1069B002BABD0206874
:10B9100044E42046022102F033F90948FEF719BC3D
:10B9200020465022022102F02BF90848FEF711BCF4
:10B9300020464622022102F023F90148FEF709BC05
:10B940000087FFFF008AFFFF808CFFFF0081FFFF61
:10B9500070B50446C06B0D46164600F50270F3F74D
:10B96000BBFAE06B3246294600F51870F9F764FE21
:10B97000E06B3246294600F52F70FAF7A7FCE06B22
:10B980003246294600F54A70BDE87040FCF7B0B871
:10B9900070B50446C06B0D46164600F50270F3F70D
:10B9A0009BFAE06B3246294600F51870BDE87040FE
:10B9B000F9F742BE30B5AFB005460C4601A8F2F724
:10B9C00037FE17A8F8F774FCE96B01A801F50271BE
:10B9D000F2F738FEE96B17A801F51871F8F772FC59
:10B9E000214601A8F3F77CFA04F1100117A8F9F732
:10B9F00027FE01A8F2F720FE17A8F8F75DFC2FB08C
:10BA000030BD00BF2DE9F043866BBBB004468846CD
:10BA10009146002E3BD00DA81E4DF2F709FE23A83B
:10BA2000F8F746FCE16B0DA8242701F50271F2F747
:10BA300009FEE16B23A801F51871F8F743FC164BDA
:10BA400004A90DA8B9F1000F08BF1D46F3F748FA85
:10BA500008A923A8F9F7F4FDE46B0C232A4630214A
:10BA6000CDF80480029306F12C0004AB0097D4F8C3
:10BA70000C44A0470DA8F2F7DFFD23A8F8F71CFC43
:10BA8000394604A8F6F76AF83BB0BDE8F083466B88
:10BA9000C1E700BF08480020F8470020C06B00F550
:10BAA0002F70FAF713BC00BF30B59DB005460C46A9
:10BAB00001A8F9F723FFE96B01A801F52F71F9F748
:10BAC00027FF214601A8FAF705FC01A8F9F71AFF9C
:10BAD0001DB030BD2DE9F043866BA9B00446884601
:10BAE00091465EB30DA8164DF9F708FFE16B0DA85E
:10BAF000202701F52F71F9F70BFF124B05A90DA8AF
:10BB0000B9F1000F08BF1D46FAF7E4FBE16B0C2307
:10BB10002A46CDF80480029306F12C0005AB00976D
:10BB2000D1F80C443021A0470DA8F9F7EBFE3946B7
:10BB300005A8F6F713F829B0BDE8F083466BD1E706
:10BB400008480020F8470020C06B00F54A70FBF75A
:10BB5000CFBF00BF30B5B7B005460C466846FAF710
:10BB600013FEE96B684601F54A71FAF717FE2146A4
:10BB70006846FBF7C1FF6846FAF70AFE37B030BDEA
:10BB80002DE9F043876BC7B00446884691465FB302
:10BB900010A8164EFAF7F8FDE16B10A8302501F554
:10BBA0004A71FAF7FBFD124B04A910A8B9F1000F76
:10BBB00008BF1E46FBF7A0FFE16B0C233246CDF811
:10BBC0000480029307F12C0004AB0095D1F80C44DB
:10BBD0002946A04710A8FAF7DBFD294604A8F5F787
:10BBE000BDFF47B0BDE8F083476BD1E708480020B0
:10BBF000F847002000487047808FFFFF00487047DB
:10BC0000808FFFFF70B504460E4601200C211546BB
:10BC100007F042F880B10023216806604560836028
:10BC200009B906E019468B68002BFBD188601846DD
:10BC300070BD2060084670BD004870BD0081FFFFE8
:10BC400060B138B504462068E56806F0F9FF204683
:10BC500006F0F6FF2C46002DF5D138BD704700BF29
:10BC6000C26B0346416CD2F8FC01814226D0F0B48D
:10BC7000D3F8B05002F5007682B05864C2F8FC11D7
:10BC80006C46376828686A46696876682F606E6017
:10BC9000DD6B03C403CAC5F80002C5F804125A6C70
:10BCA0006AB1596901290ADDD1681269D3F8BC006B
:10BCB0008A1A0244C3F8C02002B0F0BC7047D3F81F
:10BCC000BC20C3F8C020F7E72DE9F04FB7B0044619
:10BCD0009346994603A80191429E439DF2F7F2FADA
:10BCE0002046F2F7E3FA002800F089808246F2F756
:10BCF00049FB0446484606F0BBFF419B04EB0008A5
:10BD000007464344802B73D816AB4946024603EBE3
:10BD10000409484606F0B4FF16AB419A03EB08004D
:10BD2000409906F0ADFF5146012203A8F2F7EAFA66
:10BD3000804610B137B0BDE8F08F419B5A4601995B
:10BD400003A81F44F2F756FB494603A83A46F2F708
:10BD5000C7FB16A903A8F2F7D7FB002D4CD0274448
:10BD60000DF118096FEA040A03A8F2F703FC3A463A
:10BD700016A903A8F2F7B4FB494603A8F2F7C4FBDF
:10BD800003A8F2F7F7FB224616A903A8F2F7A8FBCF
:10BD900016A903A8F2F7B8FB04EB080E754525D2E7
:10BDA000B5FBF4F104FB115171B108F1FF300AEB5E
:10BDB0000E030DF1170201443344701812F8011FED
:10BDC00003F8011F8342F9D17545F046CCD803A88A
:10BDD000F2F77EFA16A88021F5F7C0FE484640210A
:10BDE000F5F7BCFE002037B0BDE8F08F2146DBE759
:10BDF000044837B0BDE8F08F0DF11809E7E70248B5
:10BE000098E700BF008FFFFF0094FFFF70B584B07C
:10BE1000089E099D0A9C009313460A460146019616
:10BE2000062002950394FFF74FFF04B070BD00BFDA
:10BE300070B584B0089E099D0A9C009313460A467B
:10BE400001460196072002950394FFF73DFF04B0D9
:10BE500070BD00BF2DE9F04FADB090469A468B46BD
:10BE6000019004A8379D389CF2F72CFA404606F062
:10BE7000FFFE369B00EB030909F11406802E00F249
:10BE8000D88007460246414611A806F0F9FE0CABE1
:10BE900007F114005146369A184406F0F1FE0320CB
:10BEA000F2F704FA0146002800F0CC80012204A831
:10BEB000F2F728FA074618B138462DB0BDE8F08FE2
:10BEC0000BF1010A019904A84FEA5A031A4602939A
:10BED000F2F790FA11A94A4604A8F2F701FB0DA95E
:10BEE00004A8F2F711FBACB3BA4604F00F0309F152
:10BEF000100807AF039304A8F2F73CFB42460DA9D4
:10BF000004A8F2F7EDFA394604A8F2F7FDFA04A8FE
:10BF1000F2F730FB10220DA90DEB0200F2F7E0FA68
:10BF20000DA904A8F2F7F0FA0AF1100E7445C0F05A
:10BF3000848010200AF1FF320DF11B0100232A44F6
:10BF4000013311F801CF984202F801CFF8D87445B7
:10BF5000F246D0D804A8F2F7BBF90420F2F7A6F90C
:10BF6000014600286ED0012204A8F2F7CBF907465B
:10BF70000028A1D1029A04A8019BC2EB0B010B443B
:10BF80001946F2F737FA11A94A4604A8F2F7A8FAB7
:10BF90000CA904A8F2F7B8FA002C5AD02E4BB946D7
:10BFA00007AFA3FB04384FEA181808EB8808A4EB86
:10BFB000880804A8F2F7DEFA32460CA904A8F2F7C2
:10BFC0008FFA394604A8F2F79FFA04A8F2F7D2FADA
:10BFD00014220CA904A8F2F783FA0CA904A8F2F71A
:10BFE00093FA09F1140C64452ED34FF0140E09F1A5
:10BFF000FF320DF11B0000212A4412F8019F01318C
:10C0000010F8013F8E4589EA03031370F5D86445A3
:10C01000E146CED804A8F2F75BF90CA88021F5F729
:10C020009DFD38461421F5F799FD00202DB0BDE89F
:10C03000F08F0A482DB0BDE8F08F039B1846002B07
:10C0400085D077E7064838E7B8F1000FDFD0C6465D
:10C05000CDE707AFDEE700BFCDCCCCCC008FFFFF34
:10C060000094FFFF022906D049420238C9B2C043FA
:10C070005170107070470238FF21C043517010702A
:10C08000704700BF4FF48472002106F0E5BD00BF89
:10C0900090F8CC3061F3000380F8CC30704700BFDB
:10C0A00090F8CC3061F3410380F8CC30704700BF8A
:10C0B00090F8CC3061F3830380F8CC30704700BF38
:10C0C00041638263704700BF8161C261704700BFF6
:10C0D00001614261704700BF10B4019C81624462FB
:10C0E000C26103625DF8044B704700BFC0F8A8103E
:10C0F000704700BF83650165426542B1084610B4D0
:10C1000014460022234611465DF8044B1847704739
:10C110000165426583657047C1650266704700BF6F
:10C1200090F8CD3061F3C30380F8CD30704700BF85
:10C13000C0F8C010704700BFC0F8AC10C0F8B02005
:10C14000704700BF816202624362704701604160D4
:10C150008160C160704700BF032A03D1032B98BFE1
:10C1600040F82310704700BF41667047C166026700
:10C17000704700BF683045E5002B18BF00292DE946
:10C18000F047089E4BD0202A49D8340C47D1B6F549
:10C19000205F94BF4FF000084FF00108B8F1000F86
:10C1A0003DD10446D0F894001F468A46154658B142
:10C1B000D4F89810F5F7D2FCD4F8940006F040FDBE
:10C1C000C4F89480C4F89880D4F89C0030B106F08C
:10C1D00037FD0023C4F89C30C4F8A0302946012064
:10C1E00006F05AFD8146C4F8940050B33146012050
:10C1F00006F052FD8046C4F89C0098B12A4651468C
:10C20000C4F898504846C4F8A06006F039FD32469C
:10C210003946404606F034FD0020BDE8F0870A4864
:10C22000BDE8F0870546484606F00AFD284606F0B8
:10C2300007FD00230548C4F89430C4F89C30BDE8DD
:10C24000F087D4F89C50EEE7008FFFFF0081FFFFDE
:10C25000A1B32DE9F041C46B54B3202A94BF4FF031
:10C2600000084FF00108B8F1000F21D10646D4F8BC
:10C27000B8010F46154658B1D4F8BC11F5F76EFC5D
:10C28000F36BD3F8B80106F0DBFCF46BC4F8BC81A7
:10C290002946012006F000FDC4F8B80158B1C4F8E1
:10C2A000BC512A46394606F0EBFC0020BDE8F0817F
:10C2B0000348BDE8F0810348BDE8F08100487047BD
:10C2C000008FFFFF0081FFFFC1630264704700BF62
:10C2D000F8B500F17C06044617460A4630461021A0
:10C2E000E8F780FA48B1054688343046E7F768FC3D
:10C2F0002046E7F765FC2846F8BD88343A46102109
:10C300002046E8F76FFA05460028EED12846F8BD2A
:10C31000F8B500F17C0604461F463046E7F754FEA8
:10C3200048B1054688343046E7F74AFC2046E7F72F
:10C3300047FC2846F8BD88343946069A2046E7F778
:10C3400043FE05460028EED12846F8BDF8B500F1B9
:10C350007C0604460F4604313046E7F7B3FC48B18B
:10C36000054688343046E7F72BFC2046E7F728FCE3
:10C370002846F8BD883407F110012046E7F7A2FCF3
:10C3800005460028EED12846F8BD00BFC0F8C4100D
:10C39000704700BF8167704741677047F8B5054631
:10C3A00019B308460E4606F063FCFF2804462ED853
:10C3B000D5F8D87057B1384606F05AFC01463846D1
:10C3C000F5F7CCFBD5F8D80006F03AFC611C01204B
:10C3D00006F062FC0746C5F8D800D0B131462246C7
:10C3E00006F04EFC00203855F8BDD0F8D84054B1C6
:10C3F000204606F03DFC01462046F5F7AFFBD5F898
:10C40000D80006F01DFC0020C5F8D800F8BD024891
:10C41000F8BD0248F8BD00BF008FFFFF0081FFFF9D
:10C42000C06B00F5E470FFF7EDBB00BFC36BC3F852
:10C43000CC11C3F8D0217047C36BC3F8C411704747
:10C44000C1620263704700BF2DE9F0418046086871
:10C450000F4678B10D4600244FF6FF7606F008FC33
:10C46000431E0444FE2B0AD8B44208D855F8040FE2
:10C470000028F3D1C8F8A4700020BDE8F08101487D
:10C48000BDE8F081008FFFFFD0F8DC00704700BFEF
:10C4900080F8C81080F8C920704700BF80F8CA1023
:10C4A00080F8CB20704700BF90F8CE3061F30003D6
:10C4B00080F8CE30704700BF90F8CD3061F3410373
:10C4C00080F8CD30704700BF90F8CD3061F3820323
:10C4D00080F8CD30704700BF90F8CE3061F3410353
:10C4E00080F8CE30704700BF0429034610D84A1E9A
:10C4F000032A07D9B3F8CC20002061F38812A3F8EF
:10C50000CC207047034850F82220B2F5205FF1D9C3
:10C5100001487047FC050020008FFFFF90F8CD30E8
:10C5200061F3861380F8CD30704700BF90F8CD30AE
:10C5300061F3041380F8CD30704700BF90F8CD3020
:10C5400061F3C71380F8CD30704700BF90F8CD304D
:10C5500061F3451380F8CD30704700BF90F8CC30C0
:10C5600061F3051380F8CC30704700BFC0F8B410F9
:10C57000704700BF0A684B68C0F8B820C0F8BC30EC
:10C58000704700BF0346D0F8A800012816D01A68EB
:10C5900092F8CC20920705D5D3F88010D3F88820E4
:10C5A00091420AD8D3F8A02012B1D96F8A4204D39D
:10C5B000586F003018BF012070470120704700BF3E
:10C5C000436F0BB1C06F704718467047436B0BB198
:10C5D000186E7047836B002BFAD14FF0FF30704715
:10C5E00020B1436B13B11868FBF752BD00207047B0
:10C5F000036893F8CC309B0708D54269022A0ED015
:10C60000084B0948032A08BF184670474369032BA3
:10C6100003D8064A52F8230070470548704705487A
:10C62000704700BF2448002030480020B405002097
:10C63000E834002018480020436CCBB11A6DAAB131
:10C64000517802290ED011D3063902290ED89A68E2
:10C65000036893F8CC3013F0020F0CBF05230D23B1
:10C66000D018704752695B691A44F1E70548704772
:10C67000036893F8CC3013F0020F0CBF05200D2097
:10C68000704700BF0094FFFF0368B3F8CC30C3F3DA
:10C690008213013B032B10D80D4A52F82320036B61
:10C6A0004BB193F87030013B032B09D9B2F5205FF1
:10C6B00028BF4FF42052104670474FF42052EEE747
:10C6C000034951F823309A4228BF1A461046704752
:10C6D000FC05002010B1406B00B1C06D704700BF79
:10C6E000A0B1026892B110B592F8CC300446DA07D6
:10C6F00004D52046BDE81040FDF79EBBFBF776FD54
:10C70000236893F8CC30DB07F3D410BD00487047A2
:10C71000008FFFFF78B1036810B504461BB908E02D
:10C72000FFF7DEFF30B963682046102BF8D10020F8
:10C7300010BD024810BD0148704700BF008FFFFFC9
:10C74000D022002106F088BAF0B51F4690F8CC3010
:10C75000C5B0044661F300030D46164662F341037B
:10C7600080F8CC3000294BD1D9B2022390F8CD20EB
:10C770004FF47A7E63F3830190F8CE30A0F8B8507E
:10C7800042F09E0243F00203494884F8CC104EF672
:10C79000602184F8CD20102284F8CE304FF0FF3392
:10C7A00060644448C4F8ACE0A064C4F8B010C4F8B5
:10C7B000B420C4F8BA30A4F8BE30022F5CD00122F5
:10C7C0000323964284F8CA3084F8C83084F8C9300C
:10C7D00084F8CB2068D0FBF7B9FB374A374B626649
:10C7E0006367E060A06060602060EEF79FFA4FF43E
:10C7F00080620023A067C4F8C420184645B0F0BD8D
:10C8000090F8CD204FF47A7190F8CE304EF6602E2D
:10C81000C0F8AC1042F01E0243F00203244884F832
:10C82000CD20102184F8CE3000224FF0FF33606419
:10C83000012D2048C4F8B0E0A064C4F8B410A4F8F6
:10C84000B820C4F8BA30A4F8BE30B6D14FF4807224
:10C850001B4904A806F014FA4FF0020E04A9009533
:10C8600003AB4FF4807220468DF80CE0FFF750FDCB
:10C870000028A2D00346C0E7002312480321124A31
:10C88000124E134DA067184684F8CA1084F8CB10D6
:10C8900084F8C81084F8C910E260A2606260226067
:10C8A0006666656745B0F0BD022384F8CB3092E739
:10C8B000F5BB0160FDBB016010F60260A8650020B9
:10C8C0008C040020CC650020C065002020F60260AA
:10C8D000D065002038B505467C30E7F771F905F1E1
:10C8E0008800E7F76DF9D5F8940060B1D5F8981095
:10C8F000F5F734F9D5F8940006F0A2F90023C5F84D
:10C900009430C5F89830D5F89C0060B1D5F8A010E7
:10C91000F5F724F9D5F89C0006F092F90023C5F844
:10C920009C30C5F8A030A86E28B1846806F088F95C
:10C930002046002CF9D12846D021BDE83840F5F733
:10C940000DB900BF7C22002106F086B988B110B570
:10C950000446C06D20B105F005F8E06D06F070F9F1
:10C96000606E06F06DF920467C21BDE81040F5F7B9
:10C97000F5B8704770B50C460646FFF7E7FF7C2216
:10C980002146304606F07CF9E36D83B14FF49A718D
:10C99000012006F081F9F065F8B104F0DDFFE36DE8
:10C9A000F06D5A68996805F049F8054670B9606EEF
:10C9B00058B1A56E0120294606F06EF9706660B187
:10C9C0002A46616E06F05CF9002070BDF06D06F03D
:10C9D00037F900232846F36570BD014870BD00BFDC
:10C9E0000081FFFF98B191B1836B83B1026892F827
:10C9F000CC20D2070BD410B504461846FFF7BAFF77
:10CA000020B9E36B0122C3F8782610BD10BD0148A0
:10CA1000704700BF008FFFFF0B4648B141B1416B2B
:10CA200031B1026892F8CC20D20701D41846A1E7B0
:10CA300000487047008FFFFF012905D0042901D16C
:10CA4000407870470020704700787047012906D071
:10CA5000042903D1437803B94270704770470378C3
:10CA6000002BFAD10270704701704170704700BF0F
:10CA7000B0B110B504465030EAF78CFF04F19000D5
:10CA8000EAF788FF04F13800F1F722FC04F14400D2
:10CA9000F1F71EFC2046D021BDE81040F5F75EB846
:10CAA000704700BF38B5C56B002D41D005F5027049
:10CAB000F1F7C2FD05F51870F7F7FEFB05F52F70CD
:10CAC000F8F720FF05F54A70F9F762FE281DECF72C
:10CAD00027FF05F18000EDF73DF8D5F8B40106F029
:10CAE000AFF8D5F8B80138B1D5F8BC11F5F736F87C
:10CAF000D5F8B80106F0A4F8D5F8C80128B18468C3
:10CB000006F09EF82046002CF9D1D5F8DC0106F09D
:10CB100097F8D5F8E40106F093F8D5F8F001FFF79F
:10CB20008FF828464FF4D261BDE83840F5F716B8C3
:10CB300038BD00BF2DE9F0410446C06C08B1FFF7D5
:10CB400097FFA06B08B1FFF701FFE56B1DB1204611
:10CB5000FFF7A8FFE56BE36C002B00F08980A36B67
:10CB6000002B76D0002D7AD0E36C002B00F086806D
:10CB7000A06B002800F082807C22002106F06CF877
:10CB8000E56CD0220021284606F066F805F1500039
:10CB9000EAF7FCFE05F19000EAF7F8FE05F138002F
:10CBA000F1F790FB05F14400F1F78CFBE56B4FF4D6
:10CBB000D262002105F5027805F51876284605F5BC
:10CBC0002F7706F049F84046F1F732FD3046F7F787
:10CBD0006FFB4046F1F73CFD3046F7F779FB05F572
:10CBE0004A763846F8F78AFE00213846F8F796FE6E
:10CBF0003046F9F7C9FD01213046F9F7D5FD00238C
:10CC0000264A281D2B70C5F800246B70ECF71EFC1B
:10CC100005F18000ECF798FF03222368C5F8C421D2
:10CC200093F8CC20920711D5E26B616CC2F8FC112D
:10CC300093F8CC3013F0010318BF022382F8EC31D3
:10CC4000636D1BB10022206D114698470020BDE89E
:10CC5000F0817C21012006F01FF8A06382E74FF4E9
:10CC6000D261012006F018F8E06338B105467BE791
:10CC7000D021012006F010F8E06470E7284605F0A6
:10CC8000DFFFE06C05F0DCFFA06B05F0D9FF0023AF
:10CC90000348E363E364A363BDE8F08151B9016035
:10CCA0000081FFFFF8B504460F46012042F64D1102
:10CCB000276005F0F1FFE06500284FD0054642F6F9
:10CCC0004D11012005F0E8FF0646C4F8AC0000282D
:10CCD00040D097F8CC309B071ED400F1080E00F12D
:10CCE0000B0700F10D0205F10D0305F1080005F138
:10CCF0000B01C4F8B060606620462566C4F8B4E055
:10CD0000C4F8B870C4F8BC20C4F8C020A166E366BB
:10CD10002367BDE8F8400DE700F1030E00F10B07B3
:10CD200000F10D0205F10D03E81C05F10B01C4F83B
:10CD3000B460206620466566C4F8B0E0C4F8B870F8
:10CD4000C4F8BC20C4F8C020A166E3662367BDE830
:10CD5000F840EFE6284605F073FFE6650048F8BDA9
:10CD60000081FFFFF8B50022436D04460D46426086
:10CD700013B11146006D9847E26D00230D32A36098
:10CD8000E360C4F8EC30C4F8F030C4F8F430C4F810
:10CD9000F830C4F8FC30C4F80031C4F80431C4F8E9
:10CDA000E8306367A367E36722670DB9C4F8805072
:10CDB000D4F8AC0000230026002700F10D0194F9FF
:10CDC000D020C4F88830A4F88430C4F8C010C4F867
:10CDD000A030C4F8A430C4F8A830C4F8C430C4F8F3
:10CDE000C830C4F8CC30C4E92467C4E926670AB166
:10CDF00084F8D030002342F64D1223641946636450
:10CE000005F02AFFCDB1A06C30B1FFF731FEA06C68
:10CE100005F016FF0023A364606B30B1FFF796FDA9
:10CE2000606B05F00DFF002363630023C4F8DC3062
:10CE300055B12046BDE8F8407CE642F64D12294641
:10CE4000E06D05F009FFDEE7D4F8E00005F0F8FE3C
:10CE5000C4F8E050C4F8E4502046BDE8F84069E664
:10CE600000217FE710B50446FFF764FE80B9236810
:10CE700093F8CC309A0702D5A268032A09D0002281
:10CE8000012320466260A360BDE81040FFF742BC6A
:10CE900010BD13F0010F4FF00102E36B14BFC3F894
:10CEA000D421C3F8D821EAE7002850D038B5044689
:10CEB000D0F8AC0038B142F64D11F4F74FFED4F87B
:10CEC000AC0005F0BDFEE06D30B142F64D11F4F757
:10CED00045FEE06D05F0B4FEA06C20B1FFF7C8FD83
:10CEE000A06C05F0ADFEE36B8BB12046FFF7DAFDD9
:10CEF000E06CFFF7BDFDA06BFFF728FDE06B05F0D0
:10CF00009FFEE06C05F09CFEA06B05F099FE606B47
:10CF100020B1FFF71BFD606B05F092FED4F8D850EE
:10CF200055B1284605F0A4FE01462846F4F716FE42
:10CF3000D4F8D80005F084FED4F8E00005F080FEB7
:10CF400020464FF48471BDE83840F4F707BE7047BF
:10CF500010B50446FFF7A6FDE06B05F071FE002357
:10CF6000A06CE36320B1FFF783FDA06C05F068FEC1
:10CF7000E26C0023A264E36410BD00BF38B583688F
:10CF80000446C26B012BD2F878562CD0606B38B1B6
:10CF9000826FA36B9A67FFF7D9FC606B05F050FEB8
:10CFA00023680020A16B5A6A6163A06312B188688C
:10CFB00000B1EDB193F8CC309B070DD5E36BD3F8FE
:10CFC000F0314BB1636D1BB10022206D11469847C3
:10CFD00063680133636038BD2046FFF7B9FF6368BB
:10CFE0000133636038BD022200238260C360CDE755
:10CFF000986A90472368DDE710B50446C06B00F5DA
:10D000000270F1F725FBE06B00F51870F7F760F997
:10D01000E06B002100F52F70F8F780FCE06B012138
:10D0200000F54A70BDE81040F9F7BEBB2DE9F04F9E
:10D03000836BD9B0C66C054604933368C46B187A09
:10D04000EAF77EFC002800F0F08133688046587AC9
:10D05000F1F72CF98246002800F0E7816B69022B7A
:10D060002FDC934B934AC4F80C34934BC4F804243C
:10D07000C4F80834D4F8783653BBEB6BD3F88C265D
:10D08000012A00F0F080049B302204F2544904F29B
:10D09000144B2C33D4F810140292184606934023F4
:10D0A000864A0190484600935B46D4F80C74B84712
:10D0B00058B918AB05934FF409714846F4F74EFD83
:10D0C0000FE0032B00F07A817D4859B0BDE8F08F66
:10D0D000049B04F2144B04F254492C33069318AB0E
:10D0E00005935F460DF1200C3868103757F80C1C7B
:10D0F000E64657F8082C0CF1100C57F8043C4F4545
:10D10000AEE80F00F0D110AF0DF1200E0FCFCBF82D
:10D110000000CBF80410CBF80820CBF80C300FCF70
:10D12000CBF810004027CBF81410CBF81820CBF820
:10D130001C30BEE80F00C4F83404C4F83814C4F836
:10D140003C24C4F84034BEE80F00C4F8440408A8E6
:10D15000C4F848143946C4F84C24C4F85034F4F7E1
:10D16000FDFC4FF48072059B3021029201935B46D7
:10D1700000970698D4F80C44524AA0470028A4D13E
:10D1800039465846F4F7EAFC98F80120D8F80440EC
:10D1900002F0FD03E408082B746000F09780062A73
:10D1A00000F094800122514606F13800F1F7AAF808
:10D1B00000288AD10122514606F14400F1F7A2F875
:10D1C000002882D15046F1F7DDF8049B81465B6F61
:10D1D0007061012B00F03581024698F80130D8F8D3
:10D1E0000C10072BF16000F02281049B9B6F012B38
:10D1F000D8F8143000F03881B2FBF3F203FB0232AE
:10D20000B2606B69012B40F22D81023B012B3FF68E
:10D210005BAF03B2B268059C0A445B0005992044E9
:10D220003769746801EB030BB2602A6892F8CC206E
:10D23000D20700F11C8104EB030A059B07909A4476
:10D2400007B9F768059B3A460AEB040106F1180096
:10D25000049305F015FD39193A4606F128005144AA
:10D2600005F00EFD68E018AAD3F8043428461146EC
:10D27000059298476B69032B00F0AE802422049B33
:10D2800004F25449D4F810142C3300920E4A184674
:10D2900006933023019048460293059BD4F80C7402
:10D2A000B84700287FF411AF04F2144B03E700BF26
:10D2B00055BE0160B5B9016005BA0160584800204B
:10D2C0000094FFFF684800204048002000230C27FE
:10D2D0000A2A7361F76000F096800422082317463B
:10D2E000326131682A68097F11F0020F0CBF1021EA
:10D2F00008210B44B36092F8CC9019F0010900F0BA
:10D300008E80059A002392469946049204EB030B03
:10D31000059B9B44002F67D0059B3A460BEB04010D
:10D3200006F12800079305F0ABFC39193A4606F1DF
:10D330001800594405F0A4FC6B69002B7FF7C4AEBC
:10D34000B9F1000F52D12B68DC6D3CB1186E4B4621
:10D35000019775680699059A0095A04706F1500453
:10D3600041462046EAF726FB00287FF4AEAE903611
:10D3700041463046EAF71EFB00287FF4A6AE594628
:10D380000123D8F804202046EAF740FB00287FF468
:10D390009CAE03465146D8F804203046EAF736FBE7
:10D3A00000287FF492AE98F80130022B4CD00598FB
:10D3B0004FF48071F4F7D2FB002086E633685B7A85
:10D3C000072B22D02B4B2C4AC4F80C342B4BC4F81F
:10D3D0000424C4F808344DE6EB6C1B685B7A072B19
:10D3E00014BF202230224AE7F76895E704994A469D
:10D3F00006F13800F0F7FEFF4A46079906F14400AF
:10D40000F0F7F8FF9FE737616BE71D4B1D4AC4F843
:10D410000C341D4BC4F80424C4F808342AE6059AD9
:10D4200002EB040A079293460CE718484DE603B254
:10D43000B26005995B0074680844376901EB030B1F
:10D44000F3E60A227261C8E620460421EAF702FBED
:10D4500000287FF43AAE30460421EAF7FBFA0028B0
:10D46000A5D032E603B2E4E71344B360C9E6049002
:10D47000DA464BE70DBE0160A9BA0160D5BA01607A
:10D4800031BE016055BB016081BB0160008FFFFFB1
:10D490004368102B10B5044607D0C36B8BB1D3F88B
:10D4A0000034D0F8A020016F9847236893F8CC305F
:10D4B0009B0706D5E36B23B1D3F8D8210132C3F81B
:10D4C000D82110BD70B5C569002D47D00446D0F8ED
:10D4D000CC0050B936E0D4F8CC108142A1EB00006A
:10D4E00032D3C4F8CC00A8B1E56923680246D4F869
:10D4F000C81093F8CC30091AD4F8B46013F0020FB6
:10D50000A06A0CBF05230D2319443144A847002805
:10D51000E1DC70BD082107E0D4F8B050AB5C01330A
:10D52000DBB2AB5493B9D1B223684A1E93F8CC3026
:10D5300003F00203994203F0FF05EDD805B1022084
:10D54000814209D0002070BD054870BD236893F862
:10D55000CC309B07F6D5F2E7024870BD024870BD9B
:10D560000094FFFF8094FFFF008FFFFF03682DE909
:10D57000F04F93F8CC309DB00446D0F8C8609A07BD
:10D5800043D5C76B002F00F0FA8197F8EC31D0F843
:10D59000C450012B2ED0162D2CD1D4F8C0301D78BC
:10D5A0001DB1E26B002A00F09E80321F100C110AA0
:10D5B0005870D4F8C0309970D4F8C030DA7023684D
:10D5C00093F8CC309B0700F19F81002D00F0A582DD
:10D5D000E36B3246D4F8C0102046D3F800349847A5
:10D5E000236893F8CC309F0740F19782E76BD4F81B
:10D5F000C45047B197F8EC31012B04D025F0020359
:10D60000142B00F0D281EBB204E0D0F8C430162B1A
:10D61000C3D0DBB2D4F8B42013702368206993F828
:10D62000CC3061699D07D4F8B42000F1AE81507010
:10D630009170D4F8B830320A1A70D4F8B8305E70ED
:10D64000656C002D00F0AC80216B00294BD02A6D59
:10D65000D4F8C830002A00F0A281B3F5205F92F818
:10D6600001801E4600F29F81B8F1070F00F0AB80E9
:10D67000B8F1020F00F08D8108F0FD03082B40F097
:10D680007981002310AF0A932A68BE46D4F8B030DF
:10D69000127F1868596812F0020FEB68226808BF01
:10D6A0004FF01008099318BF4FF0080894F8C430E1
:10D6B000D5F81090AEE803008DF8483092F8CC20F1
:10D6C00020699307616900F1BD81DDF824E08DF8E0
:10D6D00049008DF84A10320ABEF10C0F8DF84C60EB
:10D6E0008DF84B2003D0C9481DB0BDE8F08FD5F8A8
:10D6F00010A0BAF1040F00F0B681BAF10C0FF2D10C
:10D700002A46D4F8B0100DAB0DF1370E52F8180FB1
:10D7100001F1FF3C0B930DF13F0B5168926807C379
:10D72000099B1EF8011F1CF8012FF34582EA010234
:10D730008EF80020F5D10993099B0DF1300CD4F837
:10D74000C0E005F15000C9EB0303CDF818800EEBE3
:10D75000060B02969A193B460D270B99C4F8C82070
:10D760005246CDF80CE0CDF804E0CDF814B0CDF879
:10D7700010C00097EAF7F6FB0028B5D10C9BB34226
:10D78000B1D1D4F8C8300A9A4344C4F8C830002A4A
:10D79000A9D1D4F8B820190A1170D4F8B820537060
:10D7A00023682046D4F8C82093F8CC3013F0020F39
:10D7B0000CBF05230D231344C4F8CC30FFF782FEC1
:10D7C0001DB0BDE8F08F6369002B8CDD05F13800DA
:10D7D0000822D4F8B01010AFF0F782FE606C03227C
:10D7E000D4F8B4103830F0F77BFE606C0222D4F825
:10D7F000B8103830F0F774FE606CD4F8C820D4F854
:10D80000C0103830F0F76CFE606C39463830F0F7F5
:10D810007BFE606C3830F0F7ADFED4F8C820636C46
:10D820003946D4F8C00010445A6905F029FA656CED
:10D83000D4F8C86008F0FD026B69082A3344C4F8C4
:10D84000C8301E4600F06681B8F1060F00F0628114
:10D85000B8F1020F7FF447AF01260022581C0D9249
:10D86000ED68B0FBF5F105FB1100281A854200F0C8
:10D87000C780C5B201E0D4F8C830D4F8C0100B445A
:10D880009D5401329042F6D2D4F8C85063690135F4
:10D89000012B0544C4F8C85040F3D0802268636C63
:10D8A0009569D06903F11801DA68A84700287FF468
:10D8B0001BAF616CD4F8BC00CA68183105F0E0F900
:10D8C000606CD4F8C850C268D4F8C0302A44C4F898
:10D8D000C8200DA9C2680193029100F118010095BA
:10D8E0005030EAF713FB00287FF4FEAE0D9B9D42FB
:10D8F0007FF4F9AE6369012B40F3AD80002E00F098
:10D90000CA80D4F8C83044E7D4F8C830C3F52053EF
:10D91000072B48D9D4F8C0000836011D0C3005F09B
:10D92000A3F9D4F8C8300833C4F8C830002D71D03A
:10D93000E36B0022D4F8C010D3F8D4311B0A0B716A
:10D94000E16BD4F8C030D1F8D4115971E06BD4F840
:10D95000C010D0F8D4310133C0F8D431CA800A7273
:10D96000D4F8C0301A4632F8011F9278A3F8091093
:10D97000DA722DE6B8F1060F3FF483AEB3E6D0F8C5
:10D98000C450162D3FF409AE3DE60132FEF76AFBA6
:10D990004FE68A6F002A3FF416AF00265DE7B3F525
:10D9A000205F7FF6A0AE1A489EE61021012005F008
:10D9B00073F98046002800F0AB80D4F8C8900120AD
:10D9C000494605F069F9C8F80000002800F09D807C
:10D9D0004A46D4F8C01005F053F90022EBB2C8F85B
:10D9E0000490C8F80C2088F80830D7F8F01109B96D
:10D9F0004EE01146CA68002AFBD1C1F80C8009E646
:10DA0000D4F8C0101046CA543EE700BF0094FFFF90
:10DA1000008FFFFFD4F8C0301D71D4F8C0305D71A5
:10DA2000D4F8C030DD801D72D4F8C0301A4632F808
:10DA3000011F9278A3F80910DA72D1E5D4F8C0304A
:10DA4000606C46E70DF14902FEF70CFBD5F80CE0DF
:10DA5000D4F8C8603FE6606CC26800F17801183005
:10DA600005F00EF94AE7D4F8B0200EAEA8690DAB68
:10DA70000D90106851680B9303C6D4F8BC10106861
:10DA8000526808604A60D4F8C860D5F80CA053E624
:10DA9000C7F8F081BEE5D4F8B01010ABD4F8B4608C
:10DAA0000D220868D4F8C8504968676C03C32B0A74
:10DAB000B6F800E0B67810A907F13800ADF848E0F4
:10DAC0008DF84B308DF84A608DF84C50F0F708FD1A
:10DAD000606CD4F8C820D4F8BC103830F0F700FDE2
:10DAE000D4F8C830D4F8BC10606C19443830F0F762
:10DAF0000BFD606C3830F0F73DFD626CD4F8C83037
:10DB000052691344C4F8C83043E6404605F098F81B
:10DB10000348E9E501230A93B6E594F8C43079E5B2
:10DB20000081FFFF02680146D2F8B430002B10B428
:10DB30000EDB04201624D1F8C0300022C1F8C80042
:10DB40000846C1F8C4401A705DF8044BFFF70EBDDB
:10DB5000D2F8B030D2F8AC20B3FBF2F201324FF081
:10DB6000010303D001335208DBB2FBD1CA68013292
:10DB70009A42CA60DDDD00205DF8044B704700BFAB
:10DB8000A0B170B4046874B1D0F8C0401526022565
:10DB9000C0F8C460C0F8C8502170D0F8C0305A70C6
:10DBA00070BCFFF7E3BC024870BC70470048704788
:10DBB000008FFFFF28220221FFF7E2BF20B3026897
:10DBC00012B392F8CC20D20714D54268102A1BD188
:10DBD0000321D0F8CC208160A2B9D0F8C01030B4B5
:10DBE00004251624C0F8C850C0F8C4400A7030BCE0
:10DBF000FFF7BCBC8268012A08D04368102B03D110
:10DC0000FFF730B9FFF75EBC01487047FEF782BDF1
:10DC1000008FFFFF90E80A00102B91F8CC2001D074
:10DC2000002070478368032BFAD091F8CD309B0613
:10DC3000F6D5B8312DE9F04102F002060446006E37
:10DC4000C6F108078D1930443A46294605F014F804
:10DC50008046D4F8B00029463A46304405F00CF826
:10DC6000B8F1000F04DC002802DC0020BDE8F081E0
:10DC70002046BDE8F041FFF7A1BF00BF70B51446D4
:10DC80000E460546FEF700FDA04205D22B6893F82C
:10DC9000CC309B071BD40446D5F8CC3083B917236E
:10DCA000C5F8C84031462246C5F8C430D5F8C00092
:10DCB00004F0E6FF2846FFF759FC38B9204670BD4E
:10DCC0002846FFF7FFFB0028F8D070BD70BD014863
:10DCD000FBE700BF008FFFFF002846D0036870B548
:10DCE0000446E3B116460D46FFF794FFC0B96368DA
:10DCF000102B04D02046FEF70DFD002834D12368F8
:10DD000093F8CD30DB0604D5012E02D96369012BCF
:10DD100007DD324629462046BDE87040AEE714488C
:10DD200070BD636C13F1500FF3D01B6D002BF0D05E
:10DD30005B78022BEDD194F9D0304BB90122294602
:10DD40002046FFF79BFF0028EADD012384F8D0304E
:10DD5000721E691C2046FFF791FF0028E0DD0023BA
:10DD6000013084F8D03070BD70BD0148704700BFED
:10DD7000008FFFFF70B1026862B1D0F8CC2022B9E9
:10DD80004368102B03D010467047FFF79BBB01215F
:10DD9000FFF7F6BE00487047008FFFFFF8B5C36C71
:10DDA0001B689A7A0B2A3BD90268064692F8CC3057
:10DDB000DB0740D5C36B002B6ED0D3F8C051002DCC
:10DDC0006AD02B68002B69D02D68002D40D06C687C
:10DDD00042F2F6739C4220D80723D6F8C020210CCB
:10DDE000200ADF1CD1542246D6F8C01019444870CE
:10DDF000D6F8C0100B449C70D6F8C000A96838440F
:10DE000004F03EFF42F2FD723B19D5F83051D21AB0
:10DE1000002D3AD06C689442DFD9244A1046F8BDF0
:10DE20004FF41663D340DA07BED5436800220133AE
:10DE300043601046F8BDD0F8D430002BF5D0C36B4A
:10DE40001BB1D3F8C051002DBED1956E002DBBD1B2
:10DE500007232F462846D6F8C02016240B21107120
:10DE60003046D6F8C0205771D6F8C0209571D6F844
:10DE7000C020C6F8C830C6F8C440117073680133BA
:10DE80007360BDE8F840FFF771BBDD1FC5F30740C5
:10DE9000C5F30727EDB2DEE7956E0DB9044AC8E772
:10DEA00029680029FAD0002BCBD18DE7008BFFFF2A
:10DEB000808AFFFF10B401221424D0F8C010C0F8EB
:10DEC000C440C0F8C8200A7042685DF8044B0132B3
:10DED0004260FFF74BBB00BF4369022B08DD4B7A62
:10DEE000072BC36B0CBF054A054AC3F800247047D3
:10DEF000C36B044AC3F80024704700BF49BB0160EC
:10DF00009DBA016091B901602DE9F047C56B84B0FD
:10DF100007688046D5F8B89105F2544305F5CF66F9
:10DF2000D7F89420D7F89840B9F1000F7BD0D5F8F6
:10DF3000BC4105293AD007294ED0062958D00829D6
:10DF400073D1FB6905F2564A03A905F180000193DC
:10DF50005246BF69CAEB06030097EBF7DDFE10BB24
:10DF6000039B190A0AEB030285F8553485F854140B
:10DF7000B31A012B53DD1346210A03F8021B9E42FC
:10DF800054704CD3F61AB44249D822461846494632
:10DF900004F076FED8F83C200444002002F25443FA
:10DFA000E41AC2F8104404B0BDE8F087F31A012B5C
:10DFB00035DD05F25647230A85F85544BE4285F8FB
:10DFC00054342CD3F31B9C4229D8224600213846D6
:10DFD00004F042FE3A19CBE7F31A012B1FDD0021B2
:10DFE000302305F2864285F8541485F85534BFE78E
:10DFF000FA6905F2564A03AB281D01925146BF69E2
:10E00000CAEB06020097EBF78DFB0028CBD1039AF1
:10E01000130A85F85524524485F85434A8E7044877
:10E0200004B0BDE8F087914683E70248BBE700BF34
:10E03000008FFFFF0094FFFF10B501210446F1F7A8
:10E0400039FF08B1012010BD20460421F1F732FF4D
:10E05000002814BF0320002010BD00BF022807D0F5
:10E06000042805D0A0F10100B0FA80F04009704703
:10E0700003207047012803D003280CBF0420002090
:10E08000704700BF0138C0B2052802D8024B185CA7
:10E0900070470020704700BFDC05002003380528CA
:10E0A00002D8024B185C704700207047E40500203E
:10E0B0004369032B05D104290BD0052903D002297C
:10E0C0000DD00A487047C36B0020094AC3F80424E6
:10E0D0007047C36B0020074AC3F804247047C36B22
:10E0E0000020054AC3F80424704700BF009AFFFFD0
:10E0F00055BB0160A9BA0160B5B9016003689A6FA8
:10E1000052B1137843B1994202D108E08B4206D054
:10E1100012F8013F002BF9D14FF0FF30704700207B
:10E12000704700BF03685A6F52B1136843B19942F8
:10E1300002D108E08B4206D052F8043F002BF9D1FF
:10E140004FF0FF3070470020704700BF012A70B5C4
:10E150001D46064611D0802103F090F9C0B12B680E
:10E160004FF0FF341B4943F400632B603046082214
:10E1700003F08EF9F8B9204670BD897A0A290AD9C8
:10E180000021304603F07AF9E0B904461249EDE780
:10E1900004461049EAE78A4012F0820F07D112F4D0
:10E1A000C06F06D112F01C0118BF8021E9E72021C1
:10E1B000E7E70821E5E72B684FF0FF3443F480538D
:10E1C0002B60D8E72B684FF0FF34034943F400631A
:10E1D0002B60CBE7C8280020B8230020012A04D0F8
:10E1E0001870597030B430BC70471A46FDF73ABF0A
:10E1F000012A04D01A7802605B780B60704710B473
:10E2000040F201121C78121B02605A78C2F580732A
:10E21000012B03D00B605DF8044B704740F20113F3
:10E220009B1AF7E7026838B5D2F8AC200446C36BF6
:10E23000456DC3F8E8211DB19108006DA847E36B57
:10E24000A26F162A03D0022283F8EC2138BD226F78
:10E250001278142AF7D1032283F8EC2138BD00BFCD
:10E260004369012B70B5044640F38D80C26CD0F831
:10E27000BC001169D3685B1AC118C4F8C0102268C9
:10E280000431E36B204692F8CC20D3F8083402F036
:10E29000010298476369D4F8C05004F1F000002BE4
:10E2A00005F1040115BF0C22242210262826C4F8EB
:10E2B000EC2004F0E5FC16221423C4F8C860C4F86E
:10E2C000C4202B70E26BD2F878362BB3216891F81A
:10E2D000CC30DD0705D40F23636091F8CC30D8072C
:10E2E00020D50A23636091F8CC3003F0020303F0D9
:10E2F000FF01EBB9D4F8B03019605960E16CA26B42
:10E3000023686164226393F8CC309B0733D42046A2
:10E31000BDE87040FFF72AB994E80A000133636052
:10E3200091F8CC3003F0020303F0FF01002BE1D0A1
:10E33000D4F8B0100023606CC2F8FC01086849688A
:10E34000C2F80002C2F80412D4F8B020C2F80230B9
:10E35000D380D4F8B02053780133DBB25370002B54
:10E36000CCD1D4F8B02013780133DBB21370002B7A
:10E37000C4D1074870BD2046FFF754FF2046BDE8D2
:10E380007040FFF7F3B8D0F8BC10C0F8C01076E7C3
:10E390008094FFFF38B5C36B0446D3F8F001FDF756
:10E3A0004FFCE36B0022D3F8D811C3F8F021C3F877
:10E3B000F421656DC3F8F8111DB11146206DA84711
:10E3C000E36BA26F162A03D0002283F8EC2138BD3C
:10E3D000226F1278142AF7D1032283F8EC2138BD7A
:10E3E00038B5C36B054693F8EC21012A1FD0D3F84A
:10E3F000F021C3F8F421FDF733FCEB6B012283F825
:10E40000EC21EB6B13E06268D5F8C00004F038FC37
:10E410006368E2682846C5F8C830EB6B217AC5F816
:10E42000C410C3F8F421FFF7A1F880B9EB6BD3F85F
:10E43000F4416CB1237A2168162BE4D10B78142BAC
:10E44000E1D12846FDF70CFC2168DCE7184638BD11
:10E450006A68102A0DD0022283F8EC216B6D002B24
:10E46000F4D0EA6B286DD2F8E8219108984720464D
:10E4700038BD0322204683F8EC2138BD01682DE920
:10E48000F04791F8CC30C76F9C0703D50B2F3AD9D2
:10E490000C2402E0032F36D90424056FAA786B7888
:10E4A0001202EE7842EA034333431E19C0F8A0601B
:10E4B00091F8CC3099071FD52A7904466B79D0F8AA
:10E4C0003C8043EA0223B8F1000F00F0F480426878
:10E4D000102A1ED0D8F8D82193421DD0D8F8F821A0
:10E4E000013A934212D12B78032B0FD02046FFF72D
:10E4F00077FF58B1BDE8F0879F4BB74234BF18464D
:10E500000020BDE8F0879D48BDE8F0879C48BDE845
:10E51000F0872A78012AE1D1B74280F01B81A6F169
:10E520000C07D8F8E491B9F1000F00F0E88004225C
:10E530002946484604F0A0FB0028E4D1EA7909F115
:10E540000C00AB7A95F806A012026E7A1B0242EA22
:10E550000A4295F808A043EA0643EE7A42EA0A0A1C
:10E5600000EB07091E430AEB0603BB42CBD806F1BA
:10E570000C08E36F9845C6D8324605F10C015044AB
:10E5800004F07EFB0AF00702C2F10803002A76D0ED
:10E590009E424FEADA0064D866B19E1B19F800204B
:10E5A000012505FA06F101360A439E42D2B2F8D19E
:10E5B00009F80020F8080ED099F80030FF2BA5D1FB
:10E5C00009F1010309EB000103E013F8012BFF2A15
:10E5D0009CD18B42F9D117F007070FD019F8001022
:10E5E000CB0993D0C7F10707062301E0D2078DD5E9
:10E5F000BB4241FA03F203F1FF33F7D1E36F9845D1
:10E600007AD3D4F88020D4F888108A4216D9266F9D
:10E61000521AD4F8A00042F64D15636E3044E66DF0
:10E620001944C71A9B1BED1AD319C4F88870AB4262
:10E63000C4F8803000F2978004F016FBE36BD4F846
:10E64000A020D3F8E411206F04F01AFBE36BD3F899
:10E65000E40104F0F5FAE36B0020C3F8E401BDE83F
:10E66000F0879A44F61A19F800200125013B05FAB3
:10E6700003F10A43D2B2002BF8D109F8002016F0BA
:10E68000070311D006EB0A05C3F10802F61A0120B0
:10E69000ED0819F8053000FA02F101320B43082A9F
:10E6A000DBB2F8D109F80530F208FF2109EBDA00F6
:10E6B00004F0D2FA7EE7B7421ED303223149A81DE7
:10E6C00004F0DAFAC0B90322691C05F1090004F06C
:10E6D000D3FA58B9B8F1000F3FF40CAFD8F8E49171
:10E6E000B9F1000F42D0A6F10C0720E7A6F10C0704
:10E6F000B8F1000F7FF415AF1F48BDE8F087B6F5FD
:10E70000205FF9D817F007034FF0010006EBD7019F
:10E7100018BF0346194404F0BFFA0346C8F8E401E1
:10E7200030B328681860AA889A80D8F8E431A3F832
:10E73000069083F80890E36BD3F8E4311A4632F878
:10E74000011F9278A3F80910DA72E36B256FD3F8F2
:10E75000E491F3E603220B49A81D04F08DFA00288A
:10E760007FF4DDAEAFE70848BDE8F087BDE8F0878D
:10E770000648BDE8F08700BF808FFFFF008EFFFFD7
:10E78000809AFFFF8C0500200096FFFF0081FFFFAD
:10E79000836F162B10B5044622D0152B0ED023689C
:10E7A00093F8CC3003F0020303F0FF002BB1E06BD1
:10E7B00018B16368102B19D0002010BDE36F022B35
:10E7C00019D1226F1378022B17D0012B01D00D48DD
:10E7D00010BD53789BB1642B0A4808BF002010BDC0
:10E7E000FFF74CFE0028E8D1A36FD6E72046FEF7DE
:10E7F000AFFB002010BD044810BD044810BD044804
:10E8000010BD00BF8099FFFF008EFFFF8088FFFFD3
:10E810008087FFFF036A2DE9F041002B00F0BC80E8
:10E82000456E42F64D13C26DAA1A9B1A8B42C0F078
:10E83000B78003680F46044693F8CC309A072FD46C
:10E84000D0F88060B14230461FD880E0D4F88060B4
:10E85000D4F82480B8F1000F00F08B8023682A469A
:10E86000616ED3F8A8303144A06AC047002800F098
:10E8700089807CDB8542C0F09680D4F8806030448B
:10E880008742C4F88000064661D9A36D3D1A002B6B
:10E89000DED0206D98470228D8D14948BDE8F081E4
:10E8A000436D002B7CD0836D002B79D0D0F888107D
:10E8B000D0F8802049B1914275D8521AC0F8802012
:10E8C000002A62D10023C4F8883097423FD9002A39
:10E8D00069D1A36D13B3206D984702281ED1636DD3
:10E8E0001BB10022206D114698476368102B31D070
:10E8F000E36B2168D3F8E821D1F8B0108A42CCD27A
:10E90000500081425AD3824258D8C3F8E8012046C9
:10E91000FFF766FD58BB2B48BDE8F0816368102BFC
:10E9200044D0E36BD3F8E831616E42F64D12E06DEE
:10E93000656A081A121A002D3CD0A06AA84708B3CD
:10E9400010F5D04FCBD0002811DBC4F88000002098
:10E95000BDE8F081236893F8CC30DB079DD5A36830
:10E96000032B9AD12046FFF7DDF80028D3D0BDE86D
:10E97000F081616E2A46236A3144A06A98470028D4
:10E980007FF477AF1048BDE8F0812944284604F0B1
:10E990006BF9D4F8802095E7436A002B7FF440AFF1
:10E9A0000A48BDE8F0810A48BDE8F0812368D3F841
:10E9B000A830B9E7236AA06A9847C0E70846A4E7E9
:10E9C0000098FFFF0097FFFF808DFFFF008FFFFF84
:10E9D0000094FFFF036893F8CD3003F00803002B89
:10E9E0005FD0016E00222DE9F00F8C7884B00025F5
:10E9F00016462302CC7991F804A01643CF784FEA4B
:10EA00000A684FEA1A2991F805A01F43CDE902458B
:10EA1000DDE9024534433D4344EA080445EA09057B
:10EA2000A0464FEA1A44A94601944FEA0A4491F8D5
:10EA300006A000944FEA1A674FEA0A26DDE900456E
:10EA4000D0E924AB45EA090544EA080445EA070988
:10EA500044EA0608CB4508BFC2451DD3BAEB0806F9
:10EA60006BEB0907002F08BF402E1ED2D0F89C4048
:10EA7000C6F12001D0F89830A6F1200204FA01F185
:10EA800023FA06F024FA02F20843104340F3000090
:10EA900004B0BDE8F00F7047104604B0BDE8F00FB9
:10EAA000704703F0FF02104670474FF0FF30EFE76A
:10EAB000036893F8CD301B0761D5016E00232DE963
:10EAC000F00F8A7884B0CF7800241502CA7991F8C3
:10EAD00004A026462F434FEA1A2926434FEA0A6824
:10EAE00091F805A0CDE90223DDE902233B4332433F
:10EAF00043EA090342EA080299464FEA1A4390465C
:10EB000001934FEA0A4391F806A000934FEA1A676F
:10EB10004FEA0A26DDE90023D0E924AB43EA0903E2
:10EB200042EA080243EA070942EA0608CB4508BF61
:10EB3000C24525D2B8EB0A0A69EB0B0BBBF1000FFB
:10EB400008BFBAF1400F3BD2D0F89830AAF12006A6
:10EB5000D0F89C20CAF1200103FA06F603FA0AF461
:10EB600002FA0AF523FA01F144F0010435430D439A
:10EB7000C0E92645C0E9248904B0BDE8F00F70471C
:10EB8000BAEB080A6BEB090BBBF1000F08BFBAF137
:10EB9000400FF1D20121AAF12005CAF1200401FAA7
:10EBA00005F301FA0AF221FA04F42343D0E92645D9
:10EBB00022432B43C0E9262304B0BDE8F00FDEE773
:10EBC00001220023C0E92623D4E700BFD0F8A0101B
:10EBD0002DE9F04F04469DB0C9B1456F002D40D1DD
:10EBE000C26F91423FD3C567C0F8A050236820464A
:10EBF00093F8CC3013F0020F0CBF05210D21FFF765
:10EC000009FE58B1054628461DB0BDE8F08F436F98
:10EC10002BB3002528461DB0BDE8F08F636EA26EB1
:10EC20001E782068A6671578527842EA0525E567C0
:10EC300090F8CCE01EF0020F40F0CF8159789F7819
:10EC4000A6F11402032A1AD91EF0020F00F0A981BE
:10EC50000023724DC4F88830C4F88030DAE7C36707
:10EC6000C4E76F4DD6E7521A006FE267014403F024
:10EC7000FBFFE36FC4F8A050002BCAD1B6E72369AD
:10EC80008B4240F0D58190F8C930BB42C0F2D081B0
:10EC9000E76D42F64D12216FC91B521A954200F2E0
:10ECA000C7810EF0020202F0FF03002A40F0BC8090
:10ECB000226C002A00F0428292689542C0F04382A2
:10ECC0006169002904DD02F52452954200F23B827D
:10ECD000002B20460CBF05210D212944FFF79AFD8A
:10ECE00000288FD1226892F8CC3003F0020303F0A1
:10ECF000FF01002B00F06E81E36F0D33C4F8883004
:10ED0000256C002D00F05D81E06A002800F025826E
:10ED1000D5F89030002B00F01B82E76FAE68597871
:10ED2000B742C0F0798101F0FD03082B00F0638148
:10ED3000A1F10603B3FA83F35B09002B40F05B817A
:10ED4000022940F00A8261690B93012940F30E8287
:10ED5000EB68194619448F42C0F05E8169694E1C08
:10ED600033449F42C0F05881836FD4F87080012BE8
:10ED700000F07C8338464FF00009EA68B0FBF2F6F9
:10ED800002FB1606002E40F017826369012B11DD8D
:10ED9000801ABF1AE0676AB130463146E36E0D440F
:10EDA00001311B5CC9B285F82830256C0846EA6839
:10EDB0009142F3D30BA9434605F19000029105F16E
:10EDC00028018DE88001E9F7A1F8002840F0B3811F
:10EDD0000B9B9F4200F006822268114D92F8CC30C6
:10EDE0009E0740F11B8125F0800313F5E44F7FF46B
:10EDF00011AF63680B2B00F011810D2B00F00E8119
:10EE0000D2F8C020002A3FF423AFA36901339A420D
:10EE1000A3613FF61DAF034DFCE600BF809AFFFFE4
:10EE20000094FFFF808EFFFF216EB4F884C091F83C
:10EE300000804A7842EA0822624500F099811EF07B
:10EE4000010F00F014816368102B08BF162E40F0EC
:10EE50000E81002A40F00B81D4F880300D2B40F257
:10EE600006817A7B012A40F00281D0F84480856CCB
:10EE7000B8F1000F00F0F882002D00F0F5823C2B75
:10EE800040F26D813A78162A40F06981FA78002ABA
:10EE900040F065813A79002A40F06181FA7C002ACD
:10EEA00040F05D813A7D002A40F059817A7D002A48
:10EEB00040F0558197F83B10A3F13D02914200F2DA
:10EEC0004E817A183C3B92F83C209A4200F24781EE
:10EED000D0F84CA03D31D4F8E0B0D4F8E4903944F7
:10EEE00050465B46CDF80090D4F8AC60A8470028A7
:10EEF00000F0A68039685B467A685046FD684FF09E
:10EF0000030AD7F808B04FF0FE0CF5604FF0FF0E83
:10EF1000316006F11C057260C6F808B039697A697B
:10EF200031611CA9726106F520523F7E86F80DA062
:10EF3000377686F819C086F81AE0CDF8009041F8C7
:10EF4000305DC047002840F03481109A9F4D921BDD
:10EF5000D1B2A2F11903A2F10D07A1F11C0EA1F18A
:10EF600019000D393F0AC0B286F81BE03173C3F3B4
:10EF70000741C3F3072330763074B175B173F3756D
:10EF8000F373F772E369D4F8AC10A06A984723686A
:10EF900093F8CC3003F00203DBB2002B3FF43AAE1F
:10EFA00056E60A2202212046894DFEF7E9FD236834
:10EFB00093F8CC3003F00203DBB2002B3FF42AAE0F
:10EFC00046E692F8CC309B077FF523AE2046FFF74C
:10EFD0006FFD1EE6C4F8801092E69A7840F20111A7
:10EFE0005B78C2F58077C91A012F7FF429AE40F211
:10EFF0000117BF1A24E62968EB68087F296910F019
:10F00000020FA3EB01030CBF4FF010084FF00808EC
:10F0100003EB08018F4230D26E4DDFE615F5E34F6A
:10F020007FF4F8AD204614220221FEF7A9FDF1E598
:10F030000EF00203664DDBB2002B3FF4EBAD07E6AA
:10F0400001212046FDF78EFE002800F06382236830
:10F0500093F8CC309F077FF5D5AD10F5CF4F05461F
:10F060003FF4D8AD15F5CE4F7FF4F2ADE56F05F165
:10F070000D03594DC4F88830CCE5FE1A216E0DF110
:10F080004009A76FC8EB06064B46E6670868496863
:10F0900003C38DF8487092F8CC30276F9B07206926
:10F0A000616900F18C8033468DF849008DF84A1073
:10F0B0001A0A8DF84C308DF84B20EB680C2B7FF43E
:10F0C0008BAE2B69042B00F028820C2B7FF484AECE
:10F0D00055F8280F0DF1300C236E6968E246AA68D6
:10F0E00003F1FF3E0DF13B050DF13303AAE80700E4
:10F0F00013F8011F1EF8012F9D4282EA01021A70C7
:10F10000F6D1206C0BAA07EB060E0D2504924B4698
:10F11000CDF8188061460397903002960C22019733
:10F12000CDF814E00095E8F75DFF002800F0EA81D3
:10F1300010F5C64F40D0054622684FE66A1EB2F56C
:10F14000205FFFF4C5AD224D002B3FF463AD7FE59A
:10F15000AB68E76F9F42FFF45FAF204D3EE6204D66
:10F1600090F8CC3098077FF555AD7BE7E968F1E57D
:10F1700020460993FFF72EFC00287FF478AF142E69
:10F18000099B0ED0172E7FF493AD6268102A3FF4CE
:10F190008FADA16801297FF46AAF022A3FF488ADE0
:10F1A00065E762680C2A3FF483AD0A2A3FF480AD1C
:10F1B0005DE70A4D2068D3E72268064D0EE60DF1A3
:10F1C0004902FCF74FFFE36F72E700BF8095FFFF36
:10F1D000008EFFFF808EFFFF809AFFFF0094FFFFED
:10F1E0000087FFFF6269012A40F3A181D4F87CE027
:10F1F00089F00109206F216C00EB0E03D1F814A0F7
:10F2000013F8017C013707EB0A039E4580F08081EB
:10F21000B9F1000F00F07C8100231F46002A7FF720
:10F22000DBADBE4534BF4FF0000803F00108C7EB6B
:10F230000E020AF52053002507F1FF3C01219A42F6
:10F240008CBF4FF0000808F001082B4608FB0202B3
:10F25000501E10F8012FBB422CBF002101F001010C
:10F260000133CCEB0202B3F5807FB2FA82F24FEAAF
:10F27000521201FB0255ECD1AF4214BF002508F039
:10F2800001056B025B1B1F40C7EB0E03E367B9F17F
:10F29000000F00F0A280CAEB0303A26E190AE36715
:10F2A0001170A36EE26F5A706369002B40F3708196
:10F2B000206CE36F026807EB0308527AB8F5807F91
:10F2C000A2F1030288BFA8F58076042A00F26081CB
:10F2D000DFE812F0C300C3005E01C30005001D3368
:10F2E00008F11D02DB09C3EBD2134FEA052A0822FD
:10F2F000216E4430C5EB0A0A0AEA030AEFF7F0F878
:10F30000206C0322616E4430EFF7EAF8206C022291
:10F31000A16E4430EFF7E4F8206CE26F4430216FC7
:10F32000EFF7DEF8226FE36F1344002F00F018812F
:10F330001F44002213F8011BBB4282EA0102F9D1EB
:10F340000DF14009206C8DF830200AF1010A494680
:10F3500044309DF83030EFF7D7F80027206C0137A4
:10F36000216F4430EFF75AF95745F7D1206C4430FC
:10F37000EFF700F9236C206F5A69811908EB02033B
:10F380009B1B07D0CE18002311F8017B7B40B142B4
:10F39000DBB2F9D100218DF82C30E36F9DF82C60A1
:10F3A0008DF82B1082B11A44C618024416F8011BBE
:10F3B00019F8010B9DF82B70964281EA000141EA91
:10F3C00007018DF82B10F1D19DF82B20D2B2002D22
:10F3D00000F0C380002A40F0C080002B40F0B080D5
:10F3E0006269032A00F0CA80D4F8A4200132032AFB
:10F3F000C4F8A4203FF7E0AE206890F8CC20920734
:10F4000019D4082208E0216E4B5D0133DBB24B5565
:10F41000002B40F09980EAB22068551E90F8CC107D
:10F4200001F002018A4201F0FF03ECD89A4200F099
:10F43000AC80E36F2068B3F5205F02467FF6C1AD74
:10F4400090F8CC30990705D563680D2B02D00B2BB3
:10F450007FF4D6AC4F4DFFF7DDBB153308F1150235
:10F460009B09C3EB921340E74B4D79E67F1A216E5F
:10F47000626E0CABE7673E0A0868496803C393787D
:10F480000CA9B2F800E005F144000D228DF83A30E5
:10F49000ADF838E08DF83C708DF83B60EFF720F860
:10F4A000206CE26FE16E4430EFF71AF8206C10A97F
:10F4B0004430EFF729F8206C4430EFF75BF8256C07
:10F4C0000021E26E6B698DF82A10E06F93B103445E
:10F4D00010AE111802EB030E11F8013B16F8012BC8
:10F4E0009DF82AC0714583EA02034CEA03038DF8B4
:10F4F0002A30F1D19DF82A30002B7FF45DAE4FF019
:10F5000001093AE40B9B9E427FF466ACE36F64E72B
:10F51000012383E6214DFFF77DBBA86A0DABE26EA8
:10F520000DF1300C0C901068516803C3E9E5206CB4
:10F53000C26800F1B801283003F0A2FB626955E609
:10F540000022C4F8A42057E7206890F8CC309B072D
:10F5500001D4E36F6FE7022368E7114D22683DE4B1
:10F560000DF14009206C8DF830700AF1010A49460E
:10F5700044309DF83030EEF7C7FFEEE6A26F172A51
:10F580003FF432AF2268034D28E40246054D25E4DE
:10F59000054DE3E7008EFFFF008FFFFF8098FFFF20
:10F5A000808EFFFF8094FFFF0094FFFF38B5D0F8F6
:10F5B000A850044675B10025C0F8A850284638BDAB
:10F5C0002046F3B9FFF7E4F810F5CD4F02D010F55F
:10F5D000CB4F0ED12046FFF7F9FA10F5CB4F03467B
:10F5E000EED12046FFF7F2FA10F5CB4F0346F1D0EB
:10F5F000E6E748B9A36F162BE0D12046FDF748FF98
:10F60000DCE71D46284638BD0546284638BD00BF04
:10F61000002800F0E880036870B50446002B00F075
:10F62000E48093F8CC3015460E469B0709D5FDF7CC
:10F6300049FF68B9E36B23B193F8EC31012B00F07B
:10F64000BE802046FEF7E6FA10F5D64F01D000B195
:10F6500070BD6368102B07D02046FDF75BF810F5EE
:10F66000D64F01D00028F3D1616F002940F090807F
:10F67000A36D1BB1206D984701305ED02046FFF787
:10F6800095FF002840F09580E36F23BBA36F172BF5
:10F690001CD0162B22D0A268032A43D0152B00F0D1
:10F6A0009D80172B25D16368226F102B62674ED087
:10F6B000236893F8CC30DB07D6D5A368032BD3D1CE
:10F6C0002046FEF72FFA0028CED0C1E72046FFF7EC
:10F6D0006DFF00287ED1A36F162BDCD12268216F2D
:10F6E00092F8CC300978D80705D501290BD09907B5
:10F6F000BAD4404870BD0029F9D19807D4F8A010B9
:10F7000042D40429F5D192F8CD20920627D463691A
:10F71000002B6CDD642201212046FEF731FA00281F
:10F72000A2D070BD2268D2F8B4100029B6DBE2681E
:10F7300001329142E260B1DADBE7636D002B9DD0CC
:10F740002268206DD2F8A8209108984796E7636D4B
:10F75000002BADD00022206D11469847A8E7D4F8C1
:10F76000E82012B913F0300FD1D003F00303022BBD
:10F7700036D02046FDF776FB10F5D64F3FF474AF38
:10F7800000287FF465AF6FE70C297FF46DAFBAE70F
:10F79000E26F3046954228BF15462A4603F070FABC
:10F7A000E36F5B1BE3678BB1636F2B446367284692
:10F7B00070BD10F5E54F7FF44BAF002070BD2046C3
:10F7C000FEF70EFE00283FF43CAF70BD6367C4F83F
:10F7D000A830ECE710F5E54FEFD070BD064870BDDE
:10F7E0000323A360C5E705487047044870BD04487B
:10F7F00070BD00BF0089FFFF0097FFFF008FFFFF74
:10F800000094FFFFC26C03462DE9F047166884B0F0
:10F81000B17A0B291BD91A68072992F8CC2002F07B
:10F82000010000D1C0B9D96BC2F38102D1F8C47113
:10F83000032F08BF1746B7B9A8B15A688024996B3F
:10F84000002001320C665A6004B0BDE8F0874FF426
:10F850001662CA40D007DED55A68002001325A60CD
:10F8600004B0BDE8F08718461C46FFF79FFE05462A
:10F8700008BB94E80C000133636092F8CC30DA07DF
:10F880001DD56269DAB103F0020AD4F8A090BAF18A
:10F89000000F0CBF07220F220AF0FF0191450ED185
:10F8A000A36F162B00F0228120460A220221FEF7C8
:10F8B00067F9B748D4E7284604B0BDE8F087A26FDF
:10F8C000162AF1D1D4F8708098F800200B2A7DD147
:10F8D00003F0020AD4F8A090BAF1000F5ED0B9F19B
:10F8E000110F73D998F80D1098F80E3098F80C2075
:10F8F00043EA0123002A69D14FF00C084344033343
:10F90000994563D1D4F83890D9F85C0038B102F049
:10F9100029F8A36BD86D03F093F9D4F838904FF41D
:10F920009A71012003F0B8F9C9F85C00002800F0D2
:10F93000168108F10308DFF86C9202F00DF8D4F894
:10F94000A00008F1030E804547D270453ED3236FD7
:10F9500003EB080203EB0E0113F80830B3BB557834
:10F96000937843EA05237F2B1A460EEB03082DD923
:10F9700040452BD3A36BD86D02F060F8484505468F
:10F98000DDD01ADD10F5165F1CD12B222046022196
:10F99000FEF7F6F8284604B0BDE8F087B9F1090F84
:10F9A00014D998F8051098F8063098F8042043EA1E
:10F9B00001235AB94FF00408A0E710F5225F03D1E4
:10F9C0005022E3E70028BAD02A22DFE7204632227D
:10F9D0000221FEF7D5F86F4842E7D4F8009099F875
:10F9E000CC30DB0702D4A368012B69D0002F3FF491
:10F9F00062AFE36BD3F8CC81B8F1000F00F0C180A7
:10FA0000D3F8D021A36B4146D9F83850D86D03F113
:10FA1000600ED9F864300395D9F834C0D4F8D850C2
:10FA2000CDF808C08DE8204001F07EFDA36B0546AF
:10FA30000221D3F85C9009F1BC00F0F73BFAD4F84E
:10FA400000E078B1D9F8C030DEF878201978002AC3
:10FA500067D0137823B964E012F8013F002B60D01F
:10FA60009942F9D19EF8CC203146A06B02F00102F8
:10FA700000F16003C06D82F00102FEF767FB002811
:10FA800063D0002D61D1012F49D0B8F1000F7DD195
:10FA9000022F7BD1404DA36B1B6EDF0566D45E0742
:10FAA00092D413F4DC3F7FF470AFD80700F180806C
:10FAB00099077BD413F0080F0CBF2E22302265E784
:10FAC000636BDB6D5BB1A16B5A68C96D486882429C
:10FAD00005D18968986803F0CFF8002886D02046C1
:10FAE00031220221FEF74CF82A48B9E6D4F870809A
:10FAF00098F800300B2B7FF469AF00294FF0030218
:10FB000026490CBF04200C20404403F0B5F800281F
:10FB10007FF4E2AEA36B4022012F1A6644D100208D
:10FB20009EE6A36B31461B4E1A6ED86D002D08BFA2
:10FB3000354642F4803243F8602F9EF8CC2002F024
:10FB4000010282F00102FEF701FB012F10D0B8F193
:10FB5000000F01D1022F9DD0002DE0D09BE7204661
:10FB600050220221FEF70CF80D4879E631220DE70C
:10FB700015F51C5FD3D015F5F44FD0D0002DCED0A5
:10FB800089E7D9F86C80D9F870203BE7014D82E70E
:10FB90000089FFFF0086FFFF8089FFFF8C050020A2
:10FBA0000081FFFFD2D9FFFF024859E62C22EDE683
:10FBB0002D22EBE6808BFFFF10B50446FFF7F6FC25
:10FBC000002832D1A36F142B40D1E36F012B36D123
:10FBD000236F1B78012B32D1A26BE16C2368E262A8
:10FBE000216493F8CC3003F0020303F0FF02EBB181
:10FBF000B4F884300020002101339BB2C4E9240111
:10FC0000A4F88430C4E9260173B16369012B13DDC4
:10FC1000E16CE06ECA680B69D31A0344236763681A
:10FC200000200133636010BD0C4810BD236E1A60C4
:10FC30005A606369012BEBDCE36E2367EFE7204634
:10FC400032220221FDF79CFF054810BD20460A2202
:10FC50000221FDF795FF034810BD00BF8094FFFF10
:10FC60000082FFFF0089FFFF0268C36BF0B592F8C6
:10FC7000CC2085B00546D3F80834D24301A902F060
:10FC8000010298472846FFF791FC00284CD1AB6F42
:10FC9000162B67D12E6F3378142B5CD12F68D5F8D3
:10FCA000A02097F8CC30980740D4102A53D10421D3
:10FCB00001F10C030022314401A81E448DF80320F9
:10FCC00011F8013B10F8012B9DF80340B14283EA83
:10FCD000020343EA04038DF80330F1D19DF80330A9
:10FCE000002B38D10C2201AB05F1FC04C5F8EC2047
:10FCF00007CBC5F8FC006160A260EB6BD3F87836E7
:10FD0000C3B197F8CC30D90705D40A236B6097F8B4
:10FD1000CC30DA0713D50F236B6097F8CC3003F0A3
:10FD2000020303F0FF0083B905B0F0BD182A12D119
:10FD30000C21BDE76B6801336B6097F8CC3003F0A2
:10FD4000020303F0FF00002BEED02846FEF722FB53
:10FD5000002005B0F0BD284632220221FDF710FF39
:10FD60000448E1E728460A220221FDF709FF02487C
:10FD7000DAE700BF8081FFFF0089FFFF2DE9F04136
:10FD8000AEB005468846164601A81F46EEF750FC61
:10FD900017A8F4F78DFA01A8EEF75AFC044670B1E3
:10FDA00001A8EEF749FC17A8F4F786FA2846502276
:10FDB0000221FDF7E5FE20462EB0BDE8F081E96B9B
:10FDC000402201A801F21441EFF786F8044600280A
:10FDD000E6D13A46314601A8EFF77EF804460028FE
:10FDE000DED1414601A8EFF77BF804460028D7D1C1
:10FDF00017A8F4F76DFA04460028D1D1E96B402228
:10FE000017A801F21441F5F717FC04460028C7D1E2
:10FE10003A46314617A8F5F70FFC04460028BFD133
:10FE200008F1100117A8F5F70BFC044601A8EEF73E
:10FE300003FC17A8F4F740FA002CBCD0B6E700BFCB
:10FE40002DE9F04184B01546064688469DF82C0001
:10FE50001F46EEF72BFA0446EEF794FA286001A845
:10FE6000EEF730FA214601A80022EEF74BFA0446DD
:10FE700058B101A8EEF72CFA304650220221FDF7C6
:10FE80007FFE204604B0BDE8F08101A8EEF786FAB7
:10FE900004460028EDD1F16B402201A801F2144183
:10FEA000EEF786FA04460028E3D139460A9A01A8FB
:10FEB000EEF77EFA04460028DBD1414601A8EEF7B2
:10FEC00081FA044601A8EEF703FA002CD9D0D3E753
:10FED0002DE9F04FC3B00024924680460DF1080989
:10FEE0008B464FF4807221464846019402F0B4FEDE
:10FEF000BAF1000F70D055465F463F26AB68002B25
:10FF000055D0AA450ED0354B3946354A4046002CCF
:10FF100018BF1A4602F098FE002857DBB84255D2A7
:10FF20003F1A804401A92846EFF72CFA002846D151
:10FF3000019B39462B4A404602F086FE002845DBED
:10FF400087428CBF00240124002C3FD12B693F1A2B
:10FF50008044002B3ED049460BE07F2B10D01E2A58
:10FF60000ED90B7001342B690131A3420ED9FE2C3E
:10FF70000CD86B691B5D03F17F021F2BD2B2ECD84A
:10FF80000E7001342B690131A342F0D84FF0000EFE
:10FF90004B46154A3946404609F804E002F054FE43
:10FFA000002813DB874211D93F1A80442C7FAD69AA
:10FFB000002DA3D1C7EB0B0043B0BDE8F08F0B4A77
:10FFC0003946404602F040FE0028B9DA084843B0FE
:10FFD000BDE8F08F1C46D9E75046F8E79848002066
:10FFE0009C480020A0480020AC480020A4480020E5
:10FFF00080D6FFFF2DE9F04F576885B09046064642
:02000004600298
:10000000202F03913BD94FF001091C27039D0024A9
:10001000DFF894B0DFF894A0D8F8083024B9B9F12B
:10002000000F01D01A78A2B107F1FF3E1B5D3046E8
:100030001A4AA64594BFDE46D6462946CDF800E0CA
:1000400002F002FE0028064421DBA842A5EB0005D1
:100050001DD20134BC42DFD3D8F80430BB4209D0F2
:1000600030460F4A294602F0EFFD00280FDB85429B
:100070000DD92D1A039B581B05B0BDE8F08F57B161
:10008000012F94BF4FF000094FF00109BEE705486A
:1000900005B0BDE8F08F3846EEE700BFA848002065
:1000A000B048002080D6FFFF9C230020941500203C
:1000B000002070470020704770B5ADF5207D53AD2E
:1000C00068B9284601F048FC314A324B284612688C
:1000D000196802F025F8C0B10DF5207D70BD2E48DD
:1000E00002F0D6FD284601F037FC2A4B284A284664
:1000F0001968126802F014F8044638B3274802F071
:10010000DFFD20460DF5207D70BD06AE304601F0C6
:1001100023FC234A234B30461268196802F000F88A
:100120000028D9D105AA02900190034600923146D9
:100130000246284601F000FC0028CDD1304601F0EF
:1001400011FC284601F00EFC0020C5E706AE304643
:1001500001F002FC134B124A30461968126801F094
:10016000DFFF04460028C9D10F4802F091FD05A920
:10017000029423460194224600912846314601F01C
:10018000DBFB04460028B9D1084802F099FDD5E709
:10019000B40E002090650020B8480020C41800204C
:1001A000B00E00208C650020D448002008190020E3
:1001B0002DE9F041044682B0884615463B4F312375
:1001C0006A4641462046E2F785FC002868D1266849
:1001D000009B1E44302301AA31462046E2F77AFCF8
:1001E00008BB2368F21A002A56DD18782A4606232F
:1001F000314642F8040B2046E2F76CFC98B92368BC
:10020000D5F804E0AB60D4F800C00CEB0E03F21A92
:100210002360002A40DD1CF80E201E2A13D9244832
:1002200002B0BDE8F081A0F50E500028F8D1236897
:100230009E4223D001202021287702F02DFDA861C5
:1002400030B30546C6E727FA02F2D207E7D50133F5
:1002500005F110023146204623601CF80E30EB6099
:10026000E2F7E8FB0028DED122682B696A61226888
:1002700013442360A86123689E42DBD1B04512D0AD
:100280002021012002F008FDA86108B1054696E78B
:10029000084802B0BDE8F081074802B0BDE8F0812F
:1002A000A0F50E50BCE70020BAE700BF0810585078
:1002B0001EDCFFFF80D7FFFF20DCFFFF08B5E2F761
:1002C000C1FD08B1A0F50C5008BD00BF08B5E2F7AC
:1002D0004BFD08B1A0F50C5008BD00BF2DE9F0435F
:1002E000042414258FB00C7014701D600468302C29
:1002F00061D18768446801973C44A74240D01D46BD
:1003000016468846A023214602AA01A8E2F7E2FB8E
:10031000002839D010F1620F04D0A0F50C500FB0B6
:10032000BDE8F083019B9C422AD0A12302AA21466A
:1003300001A8E2F7CFFB00283FD010F1620FECD10B
:10034000019B9C421CD0A22302AA214601A8E2F7ED
:10035000C1FB002844D010F1620FDED1019B9C420A
:100360000ED002AAA323214601A8E2F7B3FB00287E
:1003700000F0888010F1620FCFD1019B9C4218D110
:1003800000200FB0BDE8F083019F01A8029B05AAE1
:100390001F443946E2F756FD10B1B0F50C50BED1FE
:1003A000414605A8EFF7D0F80028B6D1019B9F423F
:1003B000B9D03F48B3E73F48B1E7029908AB019F86
:1003C00005AA01A80F443946E2F7CEFC20B9069AE7
:1003D000092A13D03848A2E7B0F50C509FD1F6E7B0
:1003E00001992A46029B01A8CD182946E2F7B0FBE5
:1003F000002892D1019B9D42B1D0DAE707992F489E
:1004000002F03AFC0028E5D1089B302BD3D10A9B9F
:10041000099A039303EB0208434547D293F800E09F
:100420000DF13809062303A80CAA414649F80CED42
:10043000E2F750FB48B1A0F50C5000287FF46FAFF5
:10044000019B9F423FF47DAFB3E7039A31460C9B7B
:1004500048460D9213440393EFF776F80028EAD14B
:10046000039B9845ECD003A8052304AA4146E2F774
:1004700031FB0028DFD1049B002BDCD1039B984586
:10048000DED096E7019D01A8029B0BAA1D442946D8
:10049000E2F75EFB00287FF440AF019B9D4288D1CC
:1004A0000B9A012A3FF46AAF054838E7054836E75A
:1004B0009ADCFFFF9EDCFFFF52DFFFFFF8480020C1
:1004C00000DDFFFFA0DCFFFF036870B5CE1A82B02D
:1004D000002E14DD154601AA04461E78E2F7A0FBA3
:1004E00048B92368019AAB6023682E6013446A60A0
:1004F000236002B070BDA0F5125002B070BD01487B
:10050000F7E700BF20DBFFFF2DE9F041069E3468CE
:10051000CCB917460D461A461C463946EEF7DCFFA5
:1005200068B92378062B11D02B68052B00D033BB7C
:100530006B681648002B08BF0020BDE8F081A0F5CD
:100540001850BDE8F0811248BDE8F0810821012073
:1005500002F0A2FB8046A8B13946284608F1040300
:100560004246FFF7BBFE044618B9C6F80080BDE856
:10057000F081404602F064FB2046BDE8F08103486C
:10058000BDE8F0810348BDE8F08100BF00DDFFFF5A
:1005900000D8FFFF80D7FFFF03682DE9F043CD1A95
:1005A00083B0002D40F31F811D78172D00F0D280FD
:1005B000182D40F0D18004260133144601AA0546C7
:1005C0000360E2F737FA20B1A0F5105003B0BDE8A0
:1005D000F083019F06F108039F42C0F0B0802968B4
:1005E000206088190B780131303B092B00F2A7807D
:1005F0002368814203EB83034FEA430323602960AE
:1006000011F8012CA2F1300213442360EAD1022E2A
:1006100000F099800023811C024663601378013248
:10062000303B092B00F28B806368914203EB83031C
:100630004FEA430363602A6012F801ECAEF1300E1A
:1006400073446360EAD1002200F1040EA2600A78CC
:100650000131303A092A72D8A2688E4502EB820233
:100660004FEA4202A260296011F801CCACF1300CD3
:100670006244A260EBD1002100F1060CE1609EF81B
:1006800000100EF1010E3039092958D8E168E6450D
:1006900001EB81014FEA4101E160C5F800E01EF87D
:1006A000018CA8F130084144E160E8D14FF0000E20
:1006B00000F10808C4F810E09CF800E00CF1010C0F
:1006C000AEF1300EBEF1090F39D8D4F810E0C445B0
:1006D0000EEB8E0E4FEA4E0EC4F810E0C5F800C0C7
:1006E0001CF8019CA9F13009CE44C4F810E0E3D114
:1006F000BF1BA7F10806012E21D9002600F10A0C24
:10070000666108F1010698F800003038092816D80B
:100710006069B44500EB80004FEA400060612E60E4
:1007200016F8019CA9F130094844606116D0B04622
:1007300098F8000008F1010630380928E8D9334854
:1007400003B0BDE8F083312BD8BF643303F26C7380
:1007500023605FE702262FE72D4837E7A7F10A0657
:10076000012E35D0002EEAD1246842F20F75AC423A
:10077000E5D81729E3D8BEF13B0FE0D83B28DED8F7
:100780000C2BDCD8012141F2AA5001FA03F31840E6
:1007900058BB13F4256F2AD15907D0D5A30728D009
:1007A000E3171C494FF4C87081FB0451C3EBE113FC
:1007B00000FB1344002C14BF1C231D23002ABEDDA4
:1007C0009A42D4BF0020012000283FF4FFAEB6E7D4
:1007D00098F801605A2EB2D108F10208A7F10B0671
:1007E000C5F80080BEE70C48F0E61F23E6E71E23AD
:1007F000E4E70849E317642081FB0451C3EB61116E
:1008000000FB11410029CCD01D23D7E700DCFFFFFE
:100810009EDBFFFF1F85EB51A0DBFFFF036870B578
:10082000CE1A002E1ADD1D7805F07F05022D13D19A
:100830005E1C1546044606601B7842F8043BE2F74E
:10084000F9F830B922686B68AA6022681344236003
:1008500070BDA0F50A5070BD014870BD014870BD63
:100860001EDDFFFF20DDFFFF70B5056882B08D4201
:100870001CD02D78144643F0A003064642F8045BD2
:10088000E2F728F908B102B070BD30683023616822
:1008900001AAA060304634680C442146E2F71AF9F8
:1008A00038B93268019B13449C4206D1002002B043
:1008B00070BDA0F5145002B070BD0148E3E700BF61
:1008C0009ADAFFFF2DE9F04385B0002607460C4673
:1008D00004AD104698469DF8309045F8046D2946C1
:1008E000EEF70AFE90B1244A2146384602F0ACF9F0
:1008F0000546002D38DBAC4236D9B8F1060FA4EB23
:1009000005060BD0A01B05B0BDE8F083039B214674
:100910001A4A384602F098F90546EAE74846EDF7E4
:10092000C5FC0D9B81461878EDF7C0FC8046B9F1F7
:10093000000F1DD04846EDF72DFD8146B8F1000FA0
:1009400014D04046EDF726FD0D9B31465A684B46C4
:100950000090781901920A4A02F076F9002803DB28
:10096000864201D9361ACDE70648CCE70248EBE7C4
:10097000DFF80490E2E700BF04490020AC48002003
:100980000849002080D6FFFF10B51346064A0C46E2
:1009900002F05AF9002805DB84428CBF00200120B8
:1009A00000B910BD0148FCE72049002080D6FFFFB8
:1009B0002DE9F043044695B090F828010D46EDF777
:1009C00075FC226904AB61690646EDF705FDF8B9CF
:1009D000304694F82971D4F82C9194F82881EDF7D9
:1009E000D1FCD4F8206105F1BC02D4F8244104AD57
:1009F0000190494643463846009503960294EFF726
:100A00008FFA003018BF0120404215B0BDE8F083D6
:100A10004FF0FF30F9E700BFF0B5044683B00D4654
:100A200021B9061C18BF0126002E35D095B38CB312
:100A30002A6823689A422DD162686B68934229D153
:100A4000A968A06802F018F9064618BBE768EB68C9
:100A50009F423CD00C2F01D0132F1BD10C2B01D067
:100A6000132B17D123692A69934213D162696F69E5
:100A7000BBB1013F02EB030E12F8013B17F8010F67
:100A800023F020014340A1F1410108D0202B01D1E6
:100A9000192904D94FF0FF36304603B0F0BD964512
:100AA000EAD1227F2B7F9A42F4D1A469AD690CB9B7
:100AB000002DF1D0002CEDD0002DEBD022682B685A
:100AC0009A42E7D162686B689A42B9D0E2E722693C
:100AD00029698A42BED169696069019302F0CCF844
:100AE000019B0028B6D1DCE770B5054610461446D8
:100AF0000E46EFF719FB012812D0062810D0023855
:100B0000C0B2022816D86368012229681B78013B0D
:100B100002FA03F30B420CBF4FF0FF30002070BD10
:100B20002046EFF7BFF9336898424FF0FF3028BFF7
:100B3000002070BD4FF0FF3070BD00BF70B506687B
:100B40008E420CD03678154643F0A003044642F896
:100B5000046BE1F7BFFF20B110F1620F07D1002055
:100B600070BD22686B68AA6022681344236070BD60
:100B7000F8B5466896423AD0044608460F4602F059
:100B800077F8022E14D9A5682B782A2B10D16B7810
:100B90002E2B0DD160B13B782E2B09D03A46002385
:100BA00003E012F8014F2E2C05D001339842F8D102
:100BB0004FF0FF30F8BD002BFAD0C01A013EB04212
:100BC000F6D12C463B44002514F8012F013513F8CB
:100BD000016B22F020017240A1F1410103D0202AD3
:100BE000E6D11929E4D8A842EED80020F8BD8268E1
:100BF000AEB102F1FF3C0D468B1915F8012B1CF824
:100C000001EF22F0200492EA0E02A4F1410403D085
:100C1000202AB1D1192CAFD89D42EED1E5E730465C
:100C2000F8BD00BFD0F804210B4B18461340084014
:100C30000B4098420ED148F201000A43074B10B412
:100C4000044610400C40844214BF184600205DF852
:100C5000044B704701487047FE7FFFFF00D8FFFF3D
:100C60002DE9F8430C46002947D01546089A8146DD
:100C700000F14C069B1A002703F1010818E0A36954
:100C8000022B1EDCD4F80031002B01DD43450CD3D0
:100C900021464846FFF78CFE38B904F1A400FFF75F
:100CA00007FA20B3002F08BF2746D4F830412CB3F1
:100CB00004F16C013046FFF7AFFE0028F5D1002D9E
:100CC000DDD1D4F8FC30002BEFD0D4F8F8305B073E
:100CD00017D4D4F80031002B01DD4345E5D3002DB6
:100CE000D6D104F1A400FFF7E3F90028DAD104F12A
:100CF0008C00FFF7DFF90028D4D127463846BDE83D
:100D0000F88304212046FFF78DFF0028E1D0CCE7CF
:100D10002DE9F04F89468DB0002B00F052819C697F
:100D200016461D46134600940746B24A01F08CFF52
:100D30000028C0F24D81814540F24A81C0EB090490
:100D400007443346AC4A2146384601F07DFF00286F
:100D5000C0F23E81844240F23B81241A074405F1EF
:100D60001C0221463846FFF745F90028C0F23081C1
:100D7000844240F22D81241A074433469F4A21467B
:100D8000384601F061FF0028C0F22281844240F21F
:100D90001F81241A074405F14C0221463846FFF70B
:100DA00097F80028C0F21481844240F21181241A7D
:100DB00007443346924A2146384601F045FF002851
:100DC000C0F20681844240F20381241A074405F1EF
:100DD0006C0221463846FFF77BF80028C0F2F88005
:100DE000844240F2F580D5F8A02007EB0008241AD1
:100DF000334605924046D5F89C702146814A0497B7
:100E0000D5F898700397D5F894700297D5F890703C
:100E10000197D5F88C70009701F016FF0028C0F2FA
:100E2000D780844240F2D480D5F8B820241A804478
:100E3000334605922146D5F8B4704046724A04976D
:100E4000D5F8B0700397D5F8AC700297D5F8A870B4
:100E50000197D5F8A470009701F0F6FE0028C0F2C3
:100E6000B780844240F2B480241A80443346674AF3
:100E70002146404601F0E8FE0028C0F2A9808442E5
:100E800040F2A680D5F82C21241A95F82931804407
:100E90000192214695F82871404605F128020097F5
:100EA000FFF710FDB0F1000AC0F29280544540F205
:100EB0008F8005F1BC0B5846EFF72CF91221024642
:100EC00007A8FFF761FD002840F083805846CAEB71
:100ED0000404EEF7E7FFD04407AB019021464046FB
:100EE000009333464A4A01F0AFFE002870DB84428B
:100EF0006ED9D5F8F830271A08EB0004DA0528D5A2
:100F0000D5F8FC203346DFF834C13946DFF830E14C
:100F10002046002A18BFE6463E4ACDF800E001F020
:100F200093FE002854DB874252D9D5F800313F1A8E
:100F30000444002B0BDD013B374A3946204601F0C3
:100F400083FE002844DB874242D93F1A0444D5F887
:100F5000F830980676D4D90300F1AD805A0700F135
:100F6000D9801B0538D533462C4A3946204601F036
:100F70006BFE00282CDBB8422AD23F1A044405F548
:100F80008475274EDFF8A48011E0069B0093394654
:100F90003346244A2046244E01F056FE002817DB33
:100FA00087420444A7EB000712D9ED68A5B106A952
:100FB0002846EEF70DFB1D4B0028E6D0CDF8188033
:100FC000E4E71B4A01F040FE002801DB814500D820
:100FD00018480DB0BDE8F08F2046174A394601F099
:100FE00033FE0028F4DB8742F2D9381AC0EB09003F
:100FF000EFE700BF5C4900207849002090490020BD
:10100000A8490020C0490020F8490020304A0020AB
:10101000484A00205C4A00207C4A0020E84B00201F
:101020009C230020004C00209C4800200449002004
:101030003C49002080D6FFFF842800202C49002056
:10104000344900203346C84A3946204601F0FCFDA9
:101050000028BDDBB84234BF00230123002BB7D1E9
:101060003F1A044405F1E802DFF804E35168C818A8
:10107000874240F287803F1A4BB19EF80010022B46
:10108000217002D19EF8011061701C44516841B179
:1010900000239168C95C013304F8011B51688B423D
:1010A000F7D3D2680223DFF8D8E2002ADED122701B
:1010B000D5F8F8304FE73346AC4A3946204601F0C0
:1010C000C3FD002884DBB84282D295F818813F1A0C
:1010D0000444A74B18F0800F40F0728118F0400FC5
:1010E00040F0818018F0200F6ED118F0100F5CD105
:1010F00018F0080F4AD118F0040F40F0838018F060
:10110000020F40F09C8018F0010F40F08A80D5F863
:10111000F83023E73346974A3946204601F094FDDC
:101120000028FFF655AFB842BFF452AFD5F804819E
:101130003F1A04448E4B18F0800F40F09E8018F048
:10114000400F40F08B8018F0200F40F0B48018F072
:10115000100F40F0A18018F0080F40F0CA8018F07E
:10116000040F40F0B78018F0020F40F0EE8018F046
:10117000010F40F0DB8018F4004F40F0C980D5F833
:10118000F830EEE600237C48237022E77B4A39469C
:10119000204601F059FD0028FFF61AAF87427FF67E
:1011A00017AF3F1A0444764BA5E7764A39462046E6
:1011B00001F04AFD0028FFF60BAF87427FF608AF2B
:1011C0003F1A04446E4B93E76F4A3946204601F0BC
:1011D0003BFD0028FFF6FCAE87427FF6F9AE3F1AD2
:1011E0000444674B81E7694A3946204601F02CFDEB
:1011F0000028FFF6EDAE87427FF6EAAE3F1A0444C0
:101200005F4B6FE7624A3946204601F01DFD00281A
:10121000FFF6DEAE87427FF6DBAE3F1A0444584B42
:101220006DE75C4A3946204601F00EFD0028FFF6C6
:10123000CFAE87427FF6CCAE3F1A044467E7564AEA
:101240003946204601F000FD0028FFF6C1AE874276
:101250007FF6BEAE3F1A0444494B54E74F4A394625
:10126000204601F0F1FC0028FFF6B2AE87427FF67F
:10127000AFAE3F1A0444424B65E73946484A204620
:1012800001F0E2FC0028FFF6A3AE87427FF6A0AE95
:101290003F1A04443A4B52E7424A3946204601F08D
:1012A000D3FC0028FFF694AE87427FF691AE3F1A3A
:1012B0000444334B4FE73C4A3946204601F0C4FC16
:1012C0000028FFF685AE87427FF682AE3F1A0444BF
:1012D0002B4B3CE7354A3946204601F0B5FC002847
:1012E000FFF676AE87427FF673AE3F1A0444244B76
:1012F00039E72F4A3946204601F0A6FC0028FFF6C0
:1013000067AE87427FF664AE3F1A04441C4B26E763
:10131000284A3946204601F097FC0028FFF658AECF
:1013200087427FF655AE3F1A044428E7224A3946E1
:10133000204601F089FC0028FFF64AAE87427FF67E
:1013400047AE3F1A04440E4B15E71C4A3946204667
:1013500001F07AFC0028FFF63BAE87427FF638AEFC
:101360003F1A0444064B02E7904A0020A84A002096
:101370009C230020344B002080D6FFFFFC4A002035
:101380009C480020E84A0020E04A0020D04A002083
:10139000084B0020204B0020144B0020604B002005
:1013A0004C4B0020884B0020744B0020AC4B00209D
:1013B0009C4B0020D84B0020C84B0020BC4B002089
:1013C0003946074A204601F03FFC0028FFF600AEF0
:1013D00087427FF6FDAD3F1A0444024B7EE600BF14
:1013E000C04A00209C4800202DE9F04390461D464D
:1013F00083B0894607460E461B4C01221B4B05E075
:10140000083454F8043CCBB154F8082C2A42F7D0E5
:10141000009338464346164A314601F015FC002831
:1014200007441DDBB042A6EB000619D254F8083C75
:1014300008345D4054F8043C002BE5D125B9C6EBD7
:10144000090003B0BDE8F08343463846094A3146F7
:1014500001F0FAFB002803DB864201D9361AEEE7D9
:10146000054803B0BDE8F08370F50260084C002029
:10147000304C0020384C002080D6FFFFD0F8F830E8
:1014800013F0040301D0FFF7CDBB1846704700BF2F
:10149000F8B50446D0F8F80010F4006012D01646F3
:1014A0000F4604F5847403E0042D0CD0E468A4B165
:1014B0006568B542F8D132463946A06801F0DCFBD8
:1014C0000028F1D1F8BD2A46A168054801F0D4FBF7
:1014D0000028F7D0E468002CEAD10248F8BD00BF2C
:1014E0009005002000D8FFFF38B511F1840419D011
:1014F000D1F89420054622B914E0E46B94B1226936
:1015000082B12B6A9342F8D16169686A01F0B4FB39
:101510000028F2D104F11800FEF7CAFD0028ECD033
:10152000012038BD002038BD2DE9F04FB5B00024B2
:10153000984681463F9B20A80E9121460F9250224B
:101540001C603E9C01F088FBB8F1000F00F0EA81BE
:10155000B4B1204601F08CFBD9F8F83005469A0664
:1015600040F1AE8109F1E80603E0F668002E00F0D4
:10157000C1812A4621463046FFF7FAFA0028F4D105
:1015800009F1BC042046EEF7CFFD01230138D8F85D
:1015900004208340134200F08E8108F10C0208F110
:1015A000080311460892184622460793FFF79CFA53
:1015B000002840F07B81002420AF4FF0010A0B94FB
:1015C0000D9420AB09F1A40043F83490631C0693FA
:1015D000FEF76EFD18B17B6843F001037B6009F1F3
:1015E0008C00FEF767FD18B17B6843F400737B60E5
:1015F0000D9B002B40F0118199F82831D8F800207C
:10160000013B0AFA03F3134203D17B6843F480439E
:101610007B6099F82931D8F80420013B0AFA03F3DA
:10162000134203D17B6843F400437B60069B012B8C
:1016300000F0D5800B9B01220E994846009323466B
:10164000FFF70EFB0546002800F00C8109F16C0144
:1016500009F14C00FFF7E0F9002840F0BB800123BE
:101660000B9A01320B92002B40F0B480069B082BA2
:1016700000F2568129464846FFF79AF97B68002810
:1016800040F00B810A9305F1BC03089907981A46AC
:101690009B46FFF729FA20B10A9B43F480330A9353
:1016A0007B600F9B002B00F039811C4600260C97B5
:1016B000CDF810B0CDF8249003E0D4F8F040002C21
:1016C0007BD0A369002BF8D0E26A6B6C9A42F4D10C
:1016D000A96C206B01F0D0FA0028EED1D5F8F830D3
:1016E0005B0706D502212846FFF79CFA002840F048
:1016F000D98094F8E800D8F80020431E0AFA03F3D2
:10170000134201D146F4003694F8E930D8F80420A9
:10171000013B0AFA03F3134201D146F48026ECF7A9
:10172000C5FD10AB226983466169ECF755FE0028C0
:1017300040F0B880049A08990798FFF7D5F908B1E6
:1017400046F48036D4F8EC10584694F8E89094F8B3
:10175000E9B00591ECF716FED4F8E0704B46059918
:101760000397D4F8E470049A029710AF019058469A
:101770000097EEF7D5FB002840F0948004F16C0050
:10178000FEF796FC08B146F0200604F15400FEF77F
:1017900091FC08B146F4806621460998FFF7A4FE43
:1017A00000288AD00C9F46F002060A9BA946069C98
:1017B00008371E4347F8046C03E70C9FF5E70B9BC3
:1017C00001220E99484600932346FFF749FA054641
:1017D000002847D07B680A9301230D9353E709F152
:1017E0006C0109F14C00FFF717F90028E7D10E9BB7
:1017F000002BE4D0D9F804601D4603E0D5F8305141
:10180000002DDCD06B68B342F8D13246A968D9F814
:10181000080001F031FA0028F0D120AA069D3F9F70
:1018200002EBC504DDF800816E1E54F8041C10ABF9
:10183000419832461091B8F1000F05D054F8081CB9
:10184000C047002859D110993B68083C35461943D8
:101850003960002EE8D10029334808BF002035B098
:10186000BDE8F08F0B9A2346D9F830114846009214
:101870000022FFF7F5F9054600284AD0069B012B08
:101880003FF4F8AE09F16C0109F14C00FFF7C4F820
:1018900000287FF4EBAE0346E2E643F008030A9328
:1018A0007B60F0E60C9F46F010067EE7219B43F438
:1018B000803321937FE6219B43F4004321936CE620
:1018C00009F16C0601E0B669A6B17268032AFAD183
:1018D000B168164801F0D0F92A4621460028F2D115
:1018E00006F10C00FFF744F900283FF449AEB66951
:1018F000002EEAD10423219342E610F51C5F0C4B25
:1019000008BF18464FF0FF333F9A136035B0BDE86B
:10191000F08F7B6843F008037B607EE70F9E44E70F
:101920000348EFE70348EDE700D9FFFF7C230020E1
:1019300000D0FFFF00D8FFFF70B584B0089E099D5E
:101940000A9C029503948DE84800024BFFF7ECFDDA
:1019500004B070BD10F602604FF49A72002101F0DD
:101960007BB900BF002868D0F8B50746064606F1E7
:10197000BC00EEF743FAD6F82C0101F061F9746E61
:1019800054B12046A5692021F0F7E8F8204601F07F
:1019900057F92C46002DF4D1D6F8844054B1204696
:1019A000A5692021F0F7DAF8204601F049F92C4624
:1019B000002DF4D1D6F8144154B12046E568102129
:1019C000F0F7CCF8204601F03BF92C46002DF4D17D
:1019D000D6F8F44054B12046E5681021F0F7BEF87F
:1019E000204601F02DF92C46002DF4D1B06828B125
:1019F0007168F0F7B3F8B06801F022F9D6F83061F9
:101A0000002EB4D14FF49A713846D7F83041F0F730
:101A1000A5F820464FF49A7174B1D4F83051F0F71C
:101A20009DF8A74220462C46F3D001F009F9204644
:101A30004FF49A71002CF0D1F8BD70472DE9F04FAA
:101A40009DB0002800F08D81B1FA81F56D09002D5F
:101A500040F08781824690460F46044605E0D4F860
:101A600030612546002E75D03446A369002BF6D18F
:101A700010A90DAA0D930846049113A9109313936E
:101A80000E460392059153609360436083607360D8
:101A9000B3601CAE07EB080B302308A846F8548D42
:101AA000594632460897E1F715F8002840F08F8133
:101AB000089BDDF81C80C3EB0B0BC345C0F03F81D6
:101AC00043440120C7EB0309C4F80490494601F0E0
:101AD000E3F883460890A060002800F07D81394635
:101AE0004A4601F0CDF8C8EB09013023324659448B
:101AF00008A801EB08076161089139460297E0F7F1
:101B0000E9FF804600284FD1079FA023089819AA13
:101B1000616900EB070B08A8C1EB0B075946276169
:101B2000E0F7D8FF0346002849D010F1620F00F01B
:101B30000B8120461F46FFF715FF15B10023C5F89E
:101B40003031A24502D0204601F07AF838461DB067
:101B5000BDE8F08F4FF49A71012001F09DF8C4F8B0
:101B60003001002800F03A8131464FF49A7201F0BA
:101B700073F80DAB0D961946039310AB10961396A0
:101B80001846049313AB4E608E601D460593D4F83F
:101B900030316E60AE60254646608660002B40F0B6
:101BA0006082A14F1C46C8E7A8F506572046FFF7FC
:101BB000D9FE002FC1D138461DB0BDE8F08F08997D
:101BC00004F11802199B08A801EB03084146E0F74D
:101BD000BFFF002840F0BB80089B984540F0F5808F
:101BE00004F11C02594608A8FEF718FE0346002817
:101BF0009FD104F12807039B594608A83A46FEF7EF
:101C000065FB0346002894D1A369022B00F20281F0
:101C1000013304F5967203993846A36104F229133F
:101C2000009204F59472FEF76FFC8046002840F0A5
:101C300093800898302332465946E06308A8E0F7BD
:101C400049FF0746002840F0B780089904F14C028C
:101C5000079B08A81944FEF7ABFA0746002840F096
:101C6000A78008983023E76B19AA5946C71B08A814
:101C7000A763E0F72FFF002800F0B280B0F51057FF
:101C800040F09680089BA36432463023594608A84A
:101C9000E0F720FF0746002840F08E80079B4BB1FD
:101CA000089904F16C0208A81944FEF781FA074666
:101CB00000287DD1A06C04F1BC02089B59461B1A78
:101CC00008A86364EFF73AFE0746002870D1A369BD
:101CD000023B012B47D9089B9B4530D1049B08A8A8
:101CE000059A0299FEF7F2FA0746002860D1E26AE7
:101CF000149B9A4240F093801599206B00F0BCFF32
:101D00000746002840F08B800E9A119B9A4240F0C3
:101D100086802AB112990F9800F0AEFF00287ED17C
:101D200008A804F58E720299FEF7CEFB0346002840
:101D30007FF4FFAE089B029A9A423FF407AF204619
:101D40003A4FFFF70FFEF8E6C4F8188048E7B0F501
:101D500008533FF445AFECE620464746FFF702FE46
:101D6000EBE6314FF2E6012304F1C402594608A81C
:101D7000FEF7E4FE0746D8B9A369023B012BAAD8B7
:101D8000022304F1D002594608A8FEF7D7FE074601
:101D900070B9A369032B9ED104F1DC02594608A84F
:101DA000FEF762FD00284DD010F1620F93D0074678
:101DB0002046FFF7D7FDC0E6A7F506572046FFF7F8
:101DC000D1FD002F3FF4F7AEB7E6194BB1E6204640
:101DD000184FFFF7C7FDB0E6174FAEE6164FB5E652
:101DE000089904F18C02199B08A801EB03094946E4
:101DF000FEF7D2FB0028DAD104F1A402494608A874
:101E0000FEF7CAFB0028D2D1089B994540F02B81F0
:101E10004B4638E72046094FFFF7A4FD8DE62046E4
:101E2000074FFFF79FFD88E600D8FFFF1ADEFFFF90
:101E30009ADDFFFF80DEFFFF80D7FFFF80DAFFFF24
:101E400080D9FFFF8046089B9B454DD930235946DA
:101E500008A809AACDF85880CDF85C80CDF860803C
:101E6000CDF82880CDF82C80E0F734FE002840F033
:101E7000F280089E0623099817AA37785946064427
:101E800008A81697E0F726FE002840F0E480089A9C
:101E9000179B18921344C3EB0B020893002A27DD0B
:101EA0000AAA314608A8E0F729FE10F1620F02D015
:101EB000002840F0D08009AA0423314608A8E0F7A2
:101EC00009FE002840F0C780089A099B13449E42EF
:101ED0000CD10BA916A8EDF733FA68B10A9B089646
:101EE00043B933469B45B1D83FF4F8AE844F5FE722
:101EF000844F5DE7844F5BE7D4F8F8200B9B12EA30
:101F0000030740F0F5801A43B3F5807FC4F8F8204A
:101F100000F0AB8076DC042B51D0202B46D130234F
:101F2000314608A804F1E8070DEB0302E0F7D2FD03
:101F3000002834D1089B0C9A1A449642D6D19E426E
:101F400036D9F21A002AD3DD13F8019B19AA3146BB
:101F500008A80893E0F76EFD08BB09F0C003802BCA
:101F6000C8D1B9F1820F04D0089A199B1344089381
:101F7000E5E7BB6853B1FB68002B40F0B980102146
:101F8000012000F089FEF860B8B107468223089A64
:101F90003B60199BBA607B6013440893CFE7A0F5C0
:101FA0001457002F7FF404AF089B4DE7574FFFE60F
:101FB000C7F80C803FF448AF98E7554FF8E6314634
:101FC00019AA08A819978DF868701B97E0F7F6FD15
:101FD000002840F08F80199F002F3AD01B9A0646A8
:101FE000C4F804010346501E10F8012FD900013334
:101FF0008A40032B46EA0206C4F80461D4D89F4203
:10200000F2D8D1E7B3F5006F16D0B3F5803FCDD14C
:10201000314619AA08A819978DF868701B97E0F740
:10202000CDFD002866D1199B012B12D11B9A089B6C
:10203000127884F8182107E73146062304F58472E4
:1020400008A8E0F713FE002854D1D4F81031002B73
:10205000AAD1304FACE6A0F51457002F3FF43BAEA9
:10206000A6E61C4615E52C4FA2E6C4F8FC7030230A
:10207000C4F8007119AA314608A8E0F72BFD04F155
:10208000FC0704F58079002889D1089B9E423FF423
:10209000DBAE3A46314608A8E0F730FD88B110F1D2
:1020A000620F7FF47CAF3A46314608A8E0F750FD56
:1020B00000287FF474AFD4F8FC3013B10123C4F8C6
:1020C000FC30089B9E423FF4BFAE4A46314608A80A
:1020D000E0F73EFD00287FF462AF089B9E427FF44C
:1020E00005AFD4F8002133460132C4F80021ABE635
:1020F0000A4F5DE6B0F514573FF456AF58E600BFFF
:102100009ADAFFFFA0DAFFFF9EDAFFFF80DFFFFF12
:1021100096DAFFFF9CDAFFFF9ADBFFFF00DBFFFF91
:10212000002872D02DE9F04F0C468BB000296AD000
:1021300015460746002A3CD08B1813F8016C002E78
:1021400037D13349204600F077FD90B3012D56D9A1
:102150000DF1180AB146B046059607A8EDF7CEFB7B
:10216000CDF808A0CDF804802346CDF8008007A85C
:10217000284A2749EDF7C8FB834610B31BF5A45F37
:1021800007A83ED01BF5845F0BD0EDF78DFD069AB6
:10219000B9F1000F08BFD9460136AD1A1444012D1C
:1021A000DBD8059B4BBB1C48B9F1000F18BF484654
:1021B00004E02A4621463846FFF740FC0BB0BDE854
:1021C000F08F069B3846089A0799ED1A1C44FFF7D2
:1021D00035FC834607A8EDF767FDBBF1000F09D07A
:1021E0001BF5225F06F101060BD0B9F1000F08BF05
:1021F000D946D4E701230593D1E73046DEE7064808
:10220000DCE75846DAE70548D8E70448704700BFDE
:10221000644C0020804C002080D8FFFF00D8FFFFD6
:102220002DE9F041294F002542690124B96B4FF097
:10223000020E16684FF4303821F47C010369DFF890
:102240009CC041F48021B9633168576839433160DB
:102250004FF001161E49C3F810E01D61C3F848C0D5
:102260005C629962C3F82C809F6C1A491F651D62DD
:102270009E651C61037E184E02EB03152C7A2B46DB
:1022800001EB0414A46826602C7AED6801EB0414B9
:10229000646825601C690CB15B692360407E0E4C4C
:1022A00002EB001393F828001A4601EB0010806837
:1022B000046093F82840D86A01EB04114B68186059
:1022C000136B0BB1526B1A60BDE8F08100C00F4078
:1022D000B80B0505580A002061F801003B372819A2
:1022E0004369027E03EB0212F0B4147A8C4209D0E7
:1022F0001A7AFF2A06D08A4228D01A7EFF2A01D0F5
:102300008A4201D0F0BC704701252E4693E80600B2
:102310000968114217D00F4A03EB061305270E4E2A
:1023200002EB041461680F60197A02EB01118968ED
:102330000E601C7AD96802EB0412526811601A69A7
:102340000AB15B6913600576F0BC704700252E4624
:10235000DCE700BF580A002061F8010043690B4A1E
:1023600003EB011010B4017A094C02EB01118968EA
:102370000C60047AC16802EB0412526811600269B1
:102380000AB1436913605DF8044B7047580A002096
:1023900061F801004369427E03EB0212F0B492F847
:1023A00028408C420BD093F82820FF2A07D08A427D
:1023B0002BD093F83820FF2A01D08A4201D0F0BCFC
:1023C000704701252E4693E806000968114219D08E
:1023D0000F4A03EB061305270E4E02EB0414616847
:1023E0000F6093F8281002EB011189680E6093F8D2
:1023F0002840D96A02EB0412526811601A6B0AB1C4
:102400005B6B13604576F0BC704700252E46DAE71B
:10241000580A002061F8010043690C4A03EB0110DF
:1024200010B490F828100A4C02EB011189680C6076
:1024300090F82840C16A02EB041252681160026BE6
:102440000AB1436B13605DF8044B7047580A0020D3
:1024500061F80100114B1249D86E0A4640F4403031
:1024600030B4D86640F23765D86EA02440F440708E
:10247000D8664D648C64936C1B06FCD4094B40F207
:102480003760A0211A4658649964936C13F0800356
:10249000FBD1054A137030BC704700BF00C00F402D
:1024A00000400C4000800C406DF50020704700BFDC
:1024B000704700BF704700BFF0B5244A0020244B8E
:1024C0004FF0100C234C1126DFF8C8E012272060D3
:1024D0000125C2F800C0C3F800E01660DFF8B8E0DC
:1024E0001D4EC3F800E01D4917601E6041F0150144
:1024F0001B4F1C4E17601E601B4F1C4E17601E604A
:102500001B4F11601B4E1C491F6016601B4F19604A
:102510001B4E1C4917601E601B4F11601B4E1C494F
:102520001F60166019602560BFF34F8FBFF36F8F78
:10253000C3F8B001BFF34F8FBFF36F8F52F8883CE1
:1025400043F4403342F8883CF0BD00BF9CED00E00E
:10255000A0ED00E094ED00E00900100060F700201D
:10256000130020002100020714000020250008139A
:10257000090000101600202027000B131700004050
:1025800033001013180000602F000B0719000070B3
:102590002F000B133F00001025000803F0B58D4BF2
:1025A00018228D4E01208D4948F20C7E8C4D4FF043
:1025B000FF378C4C83B0C3F85C12C3F8605200251F
:1025C000C3F86412C3F868424FF40054C3F86C6255
:1025D0008549C3F87062C3F87462C3F87862834EA9
:1025E000DA661A675A679A67DA67C3F88020C3F811
:1025F0008420C3F8882040F20562C1F82C03C1F89A
:102600003003C1F83403C1F83803C1F83C03C1F802
:1026100050032946B36976481840764B0343764801
:10262000B361D6F8843043F00C03C6F88430022638
:10263000036833430360036803EA0E0E6F4B4EEAF0
:102640000303DFF8F0E103606D4B4760DEF80870CC
:102650003B406C4F43F000538360C36823F0780322
:10266000C360036A1F40684B3B43664F0362036AC3
:102670001F40654B3B43654F43628762C762DEF88C
:10268000B830634F23F03F0343F00103C0F8B83084
:10269000DEF8BC30DFF884E123F03F0343F00103B0
:1026A000C0F8BC30056104660767C0F88020446646
:1026B0004767C0F884200468564B24F00204564A49
:1026C0000460C0F818E0C66143F8041B9342FBD1D4
:1026D000494B1A68194642F001021A600B68464AD3
:1026E00013F00103FAD14D4E022540F2F56440F299
:1026F000664040F299414A4F966142F20146D561E7
:1027000040F23545C2F8004242F20124C2F81002FC
:102710000120C2F820121146C2F8307207F15A4760
:10272000C2F8346207F51377C2F840523D4E3E4D71
:10273000C2F85072C2F85462C2F86052C2F86442E1
:10274000C2F8A030C2F8A430C2F8B0004B692A4ADF
:10275000DD07FBD5012300244FF48030114653617F
:10276000C2F8A040C2F8A400C2F8B0304B69224AB7
:10277000DC07FBD5012300244FF4003011465361E0
:10278000C2F8A040C2F8A400C2F8B0304B691A4A9F
:10279000D807FBD501230024244811465361C2F811
:1027A000A040C2F8A400C2F8B0304B69124ADB075F
:1027B000FBD5D2F8003145F60D5121209BB2506176
:1027C0008B4239D01A4B00221A605A609A60DA6044
:1027D00003B0F0BD00801F40F9700100F9B00100A6
:1027E000F9100100F900010000841F4000C00F40F3
:1027F000FFFCFF1F000300A000402A401200FFFF63
:10280000FF37F70000FFF07C40000080FF000F83DF
:102810006300020000422A4000432A40F05AF05A66
:102820009F041830063201263806180A04000300F7
:1028300010F7002000802A4000244FF4802001235C
:102840001146C2F8A040C2F8A400C2F8B0304B69EB
:102850003B4ADF07FBD501234FF40004002011465B
:102860005361C2F8A040C2F8A400C2F8B0304B696E
:10287000334ADE07FBD501234FF400044FF48030C8
:1028800011465361C2F8A040C2F8A400C2F8B030AB
:102890004B692B4ADD07FBD501234FF400044FF4AD
:1028A000003011465361C2F8A040C2F8A400C2F83B
:1028B000B0304B69224ADC07FBD501234FF40004FA
:1028C000204811465361C2F8A040C2F8A400C2F8E3
:1028D000B0304B691A4AD807FBD5D2F8003145F61B
:1028E0000D5121209BB250618B4210D0164B082213
:1028F0004FF400041A7015490020154A0123009076
:10290000521A1448224400F0A3F903B0F0BD4FF46A
:1029100000044FF4802101231046C2F8A040C2F801
:10292000A410C2F8B03043690549DB07FBD501208C
:10293000054B10224FF0807448611A70DBE700BF2E
:1029400000402A400400030072F5002000000070DF
:102950000000007010F70020F0B4174A40274FF431
:1029600080314FF480564FF400554FF4404443F209
:102970004200136913F0020F06D094615161906117
:10298000136913F0020FF8D113F4005F01D1556100
:10299000EFE713F4805F01D15661EAE7002BE8DA34
:1029A00013F4803F01D09161E3E75B0601D45761E6
:1029B000DFE7F0BC704700BF00800D40394A0320BC
:1029C0003949F3EE095A13689FED386A23F0010381
:1029D000DFED376AF0B4136000241061D1F8E03005
:1029E000344FD8B2C3F30B211B0D334E07EE100A40
:1029F00005EE101A07EE903A304BB8EEC55A304D3E
:102A0000B8EEC77A3060F8EEE77A29602D4937EEE4
:102A1000466A2D4E77EEC57A2C4877EE666A2C4DC5
:102A200037EE657A26EE276AC7ED007A66EEA76A6A
:102A3000176867EE277A83ED007AC6EE075A86EEAE
:102A4000876AC7EE876A35EE857AFCEEC77A36EE7E
:102A5000057A17EE903ABCEEC77A47EA035376EE52
:102A6000857A136017EE103AD2F81071FCEEE77A0F
:102A700001EA0341394317EE903AC2F81011C3F34B
:102A80000B03D2F810110B43C2F81031136843F056
:102A9000020313603470C0F840510E4B0122F0BCA9
:102AA0001A60704780810D4000441F400000AA4218
:102AB0000000B44268F2002060F2002064F20020BE
:102AC0005CF200200000FF0F40E400E000680020FE
:102AD000AD18010008E100E0304B40F6617270B5BE
:102AE000C3F8202140F2044500F0DAF82C492D48C3
:102AF000D1F880202C4C42F003022C4BC1F88020EE
:102B0000C0F86051226813401BB9D0F8A8319A0769
:102B10001AD0244B4FF00041234A51631A46D3F890
:102B2000401141F00201C3F84011D2F840319B0737
:102B3000FBD44FF400301E491B4B4FF0004208609D
:102B400019209A6300F0B0F81A4D0022164B4FF08E
:102B50008041144C0A26996328461A601146C4F82D
:102B6000A8614FF4207200F077F84FF4810640F22C
:102B700043114FF48000104B104A2E602864C4F8B3
:102B80005851C4F84811C3F804220D4A4FF40031DB
:102B900001231160C4F8403170BD00BF00800D40BA
:102BA00000C00F4000002E4000900D40001C1E0091
:102BB0008CE200E00000002000680020791A01008B
:102BC0000CE100E008B50E4B1B6E9B0700D4FBBE6A
:102BD00072B60C4B00200C4AC3F8400103F160436D
:102BE0000A49A3F55F2311649D46BFF34F8F084A3E
:102BF00003F5E0430749126818461960936898473F
:102C000000441F4000002E4000C00A400300200086
:102C10001C002000000012EBF8B500BFF8BC08BC97
:102C20009E467047000000005FF800F0D14E0100A2
:102C30005FF800F0CD4101005FF800F0155C010085
:102C40005FF800F0A14601005FF800F015530100A5
:102C50005FF800F0752B01005FF800F0794D01007E
:102C60005FF800F0E95401005FF800F0B14C01009A
:102C70005FF800F0815801005FF800F04D4C010052
:102C80005FF800F0C90B01005FF800F0B90B01001C
:102C90005FF800F01D4E01005FF800F0E544010010
:102CA0005FF800F0192201005FF800F00106010052
:102CB0005FF800F0794501005FF800F03D03010086
:102CC0005FF800F0C14E01005FF800F00114010050
:102CD0005FF800F0454E0100450000006D1900004E
:0C2CE00045600000496600000902010088
:102CF00001000000020000000400000008000000C5
:102D000010000000200000004000000080000000D3
:102D10001B00000036000000637C777BF26B6FC500
:102D20003001672BFED7AB76CA82C97DFA5947F0CE
:102D3000ADD4A2AF9CA472C0B7FD9326363FF7CCAA
:102D400034A5E5F171D8311504C723C31896059A47
:102D5000071280E2EB27B27509832C1A1B6E5AA06A
:102D6000523BD6B329E32F8453D100ED20FCB15B55
:102D70006ACBBE394A4C58CFD0EFAAFB434D3385BE
:102D800045F9027F503C9FA851A3408F929D38F592
:102D9000BCB6DA2110FFF3D2CD0C13EC5F974417C9
:102DA000C4A77E3D645D197360814FDC222A908840
:102DB00046EEB814DE5E0BDBE0323A0A4906245CCC
:102DC000C2D3AC629195E479E7C8376D8DD54EA931
:102DD0006C56F4EA657AAE08BA78252E1CA6B4C6FD
:102DE000E8DD741F4BBD8B8A703EB5664803F60E56
:102DF000613557B986C11D9EE1F8981169D98E9445
:102E00009B1E87E9CE5528DF8CA1890DBFE642685D
:102E100041992D0FB054BB1651F4A7507E41655314
:102E20001A17A4C33A275E963BAB6BCB1F9D45F1A7
:102E3000ACFA58AB4BE303932030FA55AD766DF600
:102E400088CC7691F5024C254FE5D7FCC52ACBD727
:102E500026354480B562A38FDEB15A4925BA1B6777
:102E600045EA0E985DFEC0E1C32F7502814CF01259
:102E70008D4697A36BD3F9C6038F5FE715929C9598
:102E8000BF6D7AEB955259DAD4BE832D587421D395
:102E900049E069298EC9C84475C2896AF48E797877
:102EA00099583E6B27B971DDBEE14FB6F088AD177A
:102EB000C920AC667DCE3AB463DF4A18E51A318288
:102EC0009751336062537F45B16477E0BB6BAE844A
:102ED000FE81A01CF9082B94704868588F45FD1995
:102EE00094DE6C87527BF8B7AB73D323724B02E24C
:102EF000E31F8F576655AB2AB2EB28072FB5C203E5
:102F000086C57B9AD33708A5302887F223BFA5B2A0
:102F100002036ABAED16825C8ACF1C2BA779B492A1
:102F2000F307F2F04E69E2A165DAF4CD0605BED5ED
:102F3000D134621FC4A6FE8A342E539DA2F355A03D
:102F4000058AE132A4F6EB750B83EC394060EFAAF9
:102F50005E719F06BD6E10513E218AF996DD063DD9
:102F6000DD3E05AE4DE6BD4691548DB571C45D059F
:102F70000406D46F605015FF1998FB24D6BDE9975D
:102F8000894043CC67D99E77B0E842BD07898B88DA
:102F9000E7195B3879C8EEDBA17C0A477C420FE970
:102FA000F8841EC90000000009808683322BED489A
:102FB0001E1170AC6C5A724EFD0EFFFB0F85385619
:102FC0003DAED51E362D39270A0FD964685CA6217F
:102FD0009B5B54D124362E3A0C0A67B19357E70F06
:102FE000B4EE96D21B9B919E80C0C54F61DC20A29F
:102FF0005A774B691C121A16E293BA0AC0A02AE546
:103000003C22E043121B171D0E090D0BF28BC7ADBE
:103010002DB6A8B9141EA9C857F11985AF75074C6C
:10302000EE99DDBBA37F60FDF701269F5C72F5BCC6
:1030300044663BC55BFB7E348B432976CB23C6DCE1
:10304000B6EDFC68B8E4F163D731DCCA42638510A1
:103050001397224084C61120854A247DD2BB3DF8B7
:10306000AEF93211C729A16D1D9E2F4BDCB230F392
:103070000D8652EC77C1E3D02BB3166CA970B999C9
:10308000119448FA47E96422A8FC8CC4A0F03F1AC6
:10309000567D2CD8223390EF87494EC7D938D1C1FD
:1030A0008CCAA2FE98D40B36A6F581CFA57ADE286D
:1030B000DAB78E263FADBFA42C3A9DE45078920D2E
:1030C0006A5FCC9B547E4662F68D13C290D8B8E8F6
:1030D0002E39F75E82C3AFF59F5D80BE69D0937CC9
:1030E0006FD52DA9CF2512B3C8AC993B10187DA779
:1030F000E89C636EDB3BBB7BCD2678096E5918F4E8
:10310000EC9AB701834F9AA8E6956E65AAFFE67E12
:1031100021BCCF08EF15E8E6BAE79BD94A6F36CE57
:10312000EA9F09D429B07CD631A4B2AF2A3F23311B
:10313000C6A5943035A266C0744EBC37FC82CAA6C0
:10314000E090D0B033A7D815F104984A41ECDAF7F3
:103150007FCD500E1791F62F764DD68D43EFB04DA3
:10316000CCAA4D54E49604DF9ED1B5E34C6A881B8B
:10317000C12C1FB84665517F9D5EEA04018C355D08
:10318000FA877473FB0B412EB3671D5A92DBD25240
:10319000E91056336DD647139AD7618C37A10C7A54
:1031A00059F8148EEB133C89CEA927EEB761C935C7
:1031B000E11CE5ED7A47B13C9CD2DF5955F2733FF3
:1031C0001814CE7973C737BF53F7CDEA5FFDAA5BFA
:1031D000DF3D6F147844DB86CAAFF381B968C43E23
:1031E0003824342CC2A3405F161DC372BCE2250CE8
:1031F000283C498BFF0D954139A80171080CB3DEBD
:10320000D8B4E49C6456C1907BCB8461D532B6704F
:10321000486C5C74D0B85742F4A750514165537E56
:1032200017A4C31A275E963AAB6BCB3B9D45F11FA3
:10323000FA58ABACE303934B30FA5520766DF6ADFC
:10324000CC769188024C25F5E5D7FC4F2ACBD7C523
:103250003544802662A38FB5B15A49DEBA1B672573
:10326000EA0E9845FEC0E15D2F7502C34CF0128155
:103270004697A38DD3F9C66B8F5FE703929C951594
:103280006D7AEBBF5259DA95BE832DD47421D35891
:10329000E0692949C9C8448EC2896A758E7978F473
:1032A000583E6B99B971DD27E14FB6BE88AD17F076
:1032B00020AC66C9CE3AB47DDF4A18631A3182E584
:1032C00051336097537F45626477E0B16BAE84BB46
:1032D00081A01CFE082B94F94868587045FD198F91
:1032E000DE6C87947BF8B75273D323AB4B02E27248
:1032F0001F8F57E355AB2A66EB2807B2B5C2032FE1
:10330000C57B9A863708A5D32887F230BFA5B2239C
:10331000036ABA0216825CEDCF1C2B8A79B492A79D
:1033200007F2F0F369E2A14EDAF4CD6505BED506E9
:1033300034621FD1A6FE8AC42E539D34F355A0A239
:103340008AE13205F6EB75A483EC390B60EFAA40F5
:10335000719F065E6E1051BD218AF93EDD063D96D5
:103360003E05AEDDE6BD464D548DB591C45D05719B
:1033700006D46F045015FF6098FB2419BDE997D659
:103380004043CC89D99E7767E842BDB0898B8807D6
:10339000195B38E7C8EEDB797C0A47A1420FE97C6C
:1033A000841EC9F800000000808683092BED483296
:1033B0001170AC1E5A724E6C0EFFFBFD8538560F15
:1033C000AED51E3D2D3927360FD9640A5CA621687B
:1033D0005B54D19B362E3A240A67B10C57E70F9302
:1033E000EE96D2B49B919E1BC0C54F80DC20A2619B
:1033F000774B695A121A161C93BA0AE2A02AE5C042
:1034000022E0433C1B171D12090D0B0E8BC7ADF2BA
:10341000B6A8B92D1EA9C814F119855775074CAF68
:1034200099DDBBEE7F60FDA301269FF772F5BC5CC2
:10343000663BC544FB7E345B4329768B23C6DCCBDD
:10344000EDFC68B6E4F163B831DCCAD7638510429D
:1034500097224013C61120844A247D85BB3DF8D2B3
:10346000F93211AE29A16DC79E2F4B1DB230F3DC8E
:103470008652EC0DC1E3D077B3166C2B70B999A9C5
:103480009448FA11E9642247FC8CC4A8F03F1AA0C2
:103490007D2CD8563390EF22494EC78738D1C1D9F9
:1034A000CAA2FE8CD40B3698F581CFA67ADE28A569
:1034B000B78E26DAADBFA43F3A9DE42C78920D502A
:1034C0005FCC9B6A7E4662548D13C2F6D8B8E890F2
:1034D00039F75E2EC3AFF5825D80BE9FD0937C69C5
:1034E000D52DA96F2512B3CFAC993BC8187DA71075
:1034F0009C636EE83BBB7BDB267809CD5918F46EE4
:103500009AB701EC4F9AA883956E65E6FFE67EAA0E
:10351000BCCF082115E8E6EFE79BD9BA6F36CE4A53
:103520009F09D4EAB07CD629A4B2AF313F23312A17
:10353000A59430C6A266C0354EBC377482CAA6FCBC
:1035400090D0B0E0A7D8153304984AF1ECDAF741EF
:10355000CD500E7F91F62F174DD68D76EFB04D439F
:10356000AA4D54CC9604DFE4D1B5E39E6A881B4C87
:103570002C1FB8C165517F465EEA049D8C355D0104
:10358000877473FA0B412EFB671D5AB3DBD252923C
:10359000105633E9D647136DD7618C9AA10C7A3750
:1035A000F8148E59133C89EBA927EECE61C935B7C3
:1035B0001CE5EDE147B13C7AD2DF599CF2733F55EF
:1035C00014CE7918C737BF73F7CDEA53FDAA5B5FF6
:1035D0003D6F14DF44DB8678AFF381CA68C43EB91F
:1035E00024342C38A3405FC21DC37216E2250CBCE4
:1035F0003C498B280D9541FFA80171390CB3DE08B9
:10360000B4E49CD856C19064CB84617B32B670D54B
:103610006C5C7448B85742D05051F4A7537E416552
:10362000C31A17A4963A275ECB3BAB6BF11F9D459F
:10363000ABACFA58934BE303552030FAF6AD766DF8
:103640009188CC7625F5024CFC4FE5D7D7C52ACB1F
:10365000802635448FB562A349DEB15A6725BA1B6F
:103660009845EA0EE15DFEC002C32F7512814CF051
:10367000A38D4697C66BD3F9E7038F5F9515929C90
:10368000EBBF6D7ADA9552592DD4BE83D35874218D
:103690002949E069448EC9C86A75C28978F48E796F
:1036A0006B99583EDD27B971B6BEE14F17F088AD72
:1036B00066C920ACB47DCE3A1863DF4A82E51A3180
:1036C000609751334562537FE0B1647784BB6BAE42
:1036D0001CFE81A094F9082B58704868198F45FD8D
:1036E0008794DE6CB7527BF823AB73D3E2724B0244
:1036F00057E31F8F2A6655AB07B2EB28032FB5C2DD
:103700009A86C57BA5D33708F2302887B223BFA598
:10371000BA02036A5CED16822B8ACF1C92A779B499
:10372000F0F307F2A14E69E2CD65DAF4D50605BEE5
:103730001FD134628AC4A6FE9D342E53A0A2F35535
:1037400032058AE175A4F6EB390B83ECAA4060EFF1
:10375000065E719F51BD6E10F93E218A3D96DD06D1
:10376000AEDD3E05464DE6BDB591548D0571C45D97
:103770006F0406D4FF605015241998FB97D6BDE955
:10378000CC8940437767D99EBDB0E8428807898BD2
:1037900038E7195BDB79C8EE47A17C0AE97C420F68
:1037A000C9F8841E000000008309808648322BED92
:1037B000AC1E11704E6C5A72FBFD0EFF560F853811
:1037C0001E3DAED527362D39640A0FD921685CA677
:1037D000D19B5B543A24362EB10C0A670F9357E7FE
:1037E000D2B4EE969E1B9B914F80C0C5A261DC2097
:1037F000695A774B161C121A0AE293BAE5C0A02A3E
:10380000433C22E01D121B170B0E090DADF28BC7B6
:10381000B92DB6A8C8141EA98557F1194CAF750764
:10382000BBEE99DDFDA37F609FF70126BC5C72F5BE
:10383000C544663B345BFB7E768B4329DCCB23C6D9
:1038400068B6EDFC63B8E4F1CAD731DC1042638599
:10385000401397222084C6117D854A24F8D2BB3DAF
:1038600011AEF9326DC729A14B1D9E2FF3DCB2308A
:10387000EC0D8652D077C1E36C2BB31699A970B9C1
:10388000FA1194482247E964C4A8FC8C1AA0F03FBE
:10389000D8567D2CEF223390C787494EC1D938D1F5
:1038A000FE8CCAA23698D40BCFA6F58128A57ADE65
:1038B00026DAB78EA43FADBFE42C3A9D0D50789226
:1038C0009B6A5FCC62547E46C2F68D13E890D8B8EE
:1038D0005E2E39F7F582C3AFBE9F5D807C69D093C1
:1038E000A96FD52DB3CF25123BC8AC99A710187D71
:1038F0006EE89C637BDB3BBB09CD2678F46E5918E0
:1039000001EC9AB7A8834F9A65E6956E7EAAFFE60A
:103910000821BCCFE6EF15E8D9BAE79BCE4A6F364F
:10392000D4EA9F09D629B07CAF31A4B2312A3F2313
:1039300030C6A594C035A26637744EBCA6FC82CAB8
:10394000B0E090D01533A7D84AF10498F741ECDAEB
:103950000E7FCD502F1791F68D764DD64D43EFB09B
:1039600054CCAA4DDFE49604E39ED1B51B4C6A8883
:10397000B8C12C1F7F466551049D5EEA5D018C3500
:1039800073FA87742EFB0B415AB3671D5292DBD238
:1039900033E91056136DD6478C9AD7617A37A10C4C
:1039A0008E59F81489EB133CEECEA92735B761C9BF
:1039B000EDE11CE53C7A47B1599CD2DF3F55F273EB
:1039C000791814CEBF73C737EA53F7CD5B5FFDAAF2
:1039D00014DF3D6F867844DB81CAAFF33EB968C41B
:1039E0002C3824345FC2A34072161DC30CBCE225E0
:1039F0008B283C4941FF0D957139A801DE080CB3B5
:103A00009CD8B4E4906456C1617BCB8470D532B647
:103A100074486C5C42D0B857A75051F465537E414E
:103A2000A4C31A175E963A276BCB3BAB45F11F9D9B
:103A300058ABACFA03934BE3FA5520306DF6AD76F4
:103A4000769188CC4C25F502D7FC4FE5CBD7C52A1B
:103A500044802635A38FB5625A49DEB11B6725BA6B
:103A60000E9845EAC0E15DFE7502C32FF012814C4D
:103A700097A38D46F9C66BD35FE7038F9C9515928C
:103A80007AEBBF6D59DA9552832DD4BE21D3587489
:103A9000692949E0C8448EC9896A75C27978F48E6B
:103AA0003E6B995871DD27B94FB6BEE1AD17F0886E
:103AB000AC66C9203AB47DCE4A1863DF3182E51A7C
:103AC000336097517F45625377E0B164AE84BB6B3E
:103AD000A01CFE812B94F90868587048FD198F4589
:103AE0006C8794DEF8B7527BD323AB7302E2724B40
:103AF0008F57E31FAB2A66552807B2EBC2032FB5D9
:103B00007B9A86C508A5D33787F23028A5B223BF94
:103B10006ABA0203825CED161C2B8ACFB492A77995
:103B2000F2F0F307E2A14E69F4CD65DABED50605E1
:103B3000621FD134FE8AC4A6539D342E55A0A2F331
:103B4000E132058AEB75A4F6EC390B83EFAA4060ED
:103B50009F065E711051BD6E8AF93E21063D96DDCD
:103B600005AEDD3EBD464DE68DB591545D0571C493
:103B7000D46F040615FF6050FB241998E997D6BD51
:103B800043CC89409E7767D942BDB0E88B880789CE
:103B90005B38E719EEDB79C80A47A17C0FE97C4264
:103BA0001EC9F8840000000086830980ED48322B8E
:103BB00070AC1E11724E6C5AFFFBFD0E38560F850D
:103BC000D51E3DAE3927362DD9640A0FA621685C73
:103BD00054D19B5B2E3A243667B10C0AE70F9357FA
:103BE00096D2B4EE919E1B9BC54F80C020A261DC93
:103BF0004B695A771A161C12BA0AE2932AE5C0A03A
:103C0000E0433C22171D121B0D0B0E09C7ADF28BB2
:103C1000A8B92DB6A9C8141E198557F1074CAF7560
:103C2000DDBBEE9960FDA37F269FF701F5BC5C72BA
:103C30003BC544667E345BFB29768B43C6DCCB23D5
:103C4000FC68B6EDF163B8E4DCCAD7318510426395
:103C500022401397112084C6247D854A3DF8D2BBAB
:103C60003211AEF9A16DC7292F4B1D9E30F3DCB286
:103C700052EC0D86E3D077C1166C2BB3B999A970BD
:103C800048FA1194642247E98CC4A8FC3F1AA0F0BA
:103C90002CD8567D90EF22334EC78749D1C1D938F1
:103CA000A2FE8CCA0B3698D481CFA6F5DE28A57A61
:103CB0008E26DAB7BFA43FAD9DE42C3A920D507822
:103CC000CC9B6A5F4662547E13C2F68DB8E890D8EA
:103CD000F75E2E39AFF582C380BE9F5D937C69D0BD
:103CE0002DA96FD512B3CF25993BC8AC7DA710186D
:103CF000636EE89CBB7BDB3B7809CD2618F46E59DC
:103D0000B701EC9A9AA8834F6E65E695E67EAAFF06
:103D1000CF0821BCE8E6EF159BD9BAE736CE4A6F4B
:103D200009D4EA9F7CD629B0B2AF31A423312A3F0F
:103D30009430C6A566C035A2BC37744ECAA6FC82B4
:103D4000D0B0E090D81533A7984AF104DAF741ECE7
:103D5000500E7FCDF62F1791D68D764DB04D43EF97
:103D60004D54CCAA04DFE496B5E39ED1881B4C6A7F
:103D70001FB8C12C517F4665EA049D5E355D018CFC
:103D80007473FA87412EFB0B1D5AB367D25292DB34
:103D90005633E91047136DD6618C9AD70C7A37A148
:103DA000148E59F83C89EB1327EECEA9C935B761BB
:103DB000E5EDE11CB13C7A47DF599CD2733F55F2E7
:103DC000CE79181437BF73C7CDEA53F7AA5B5FFDEE
:103DD0006F14DF3DDB867844F381CAAFC43EB96817
:103DE000342C3824405FC2A3C372161D250CBCE2DC
:103DF000498B283C9541FF0D017139A8B3DE080CB1
:103E0000E49CD8B4C190645684617BCBB670D53243
:103E10005C74486C5742D0B8C66363A5F87C7C8458
:103E2000EE777799F67B7B8DFFF2F20DD66B6BBD4B
:103E3000DE6F6FB191C5C55460303050020101038F
:103E4000CE6767A9562B2B7DE7FEFE19B5D7D76243
:103E50004DABABE6EC76769A8FCACA451F82829D3F
:103E600089C9C940FA7D7D87EFFAFA15B25959EB35
:103E70008E4747C9FBF0F00B41ADADECB3D4D4672E
:103E80005FA2A2FD45AFAFEA239C9CBF53A4A4F759
:103E9000E47272969BC0C05B75B7B7C2E1FDFD1CB2
:103EA0003D9393AE4C26266A6C36365A7E3F3F4190
:103EB000F5F7F70283CCCC4F6834345C51A5A5F4F8
:103EC000D1E5E534F9F1F108E2717193ABD8D8731B
:103ED000623131532A15153F0804040C95C7C752A7
:103EE000462323659DC3C35E30181828379696A1D4
:103EF0000A05050F2F9A9AB50E07070924121236E4
:103F00001B80809BDFE2E23DCDEBEB264E2727694D
:103F10007FB2B2CDEA75759F1209091B1D83839E7E
:103F2000582C2C74341A1A2E361B1B2DDC6E6EB2D4
:103F3000B45A5AEE5BA0A0FBA45252F6763B3B4D1E
:103F4000B7D6D6617DB3B3CE5229297BDDE3E33EFC
:103F50005E2F2F7113848497A65353F5B9D1D1687E
:103F600000000000C1EDED2C40202060E3FCFC1FB0
:103F700079B1B1C8B65B5BEDD46A6ABE8DCBCB4676
:103F800067BEBED97239394B944A4ADE984C4CD43C
:103F9000B05858E885CFCF4ABBD0D06BC5EFEF2AD9
:103FA0004FAAAAE5EDFBFB16864343C59A4D4DD7B4
:103FB00066333355118585948A4545CFE9F9F91063
:103FC00004020206FE7F7F81A05050F0783C3C4402
:103FD000259F9FBA4BA8A8E3A25151F35DA3A3FE6E
:103FE000804040C0058F8F8A3F9292AD219D9DBC3D
:103FF00070383848F1F5F50463BCBCDF77B6B6C15C
:10400000AFDADA754221216320101030E5FFFF1A84
:10401000FDF3F30EBFD2D26D81CDCD4C180C0C1434
:1040200026131335C3ECEC2FBE5F5FE1359797A2E3
:10403000884444CC2E17173993C4C45755A7A7F208
:10404000FC7E7E827A3D3D47C86464ACBA5D5DE724
:104050003219192BE6737395C06060A0198181989D
:104060009E4F4FD1A3DCDC7F44222266542A2A7E55
:104070003B9090AB0B8888838C4646CAC7EEEE29EE
:104080006BB8B8D32814143CA7DEDE79BC5E5EE2C0
:10409000160B0B1DADDBDB76DBE0E03B643232560A
:1040A000743A3A4E140A0A1E924949DB0C06060A73
:1040B0004824246CB85C5CE49FC2C25DBDD3D36E5F
:1040C00043ACACEFC46262A6399191A8319595A436
:1040D000D3E4E437F279798BD5E7E7328BC8C8436C
:1040E0006E373759DA6D6DB7018D8D8CB1D5D564CA
:1040F0009C4E4ED249A9A9E0D86C6CB4AC5656FA85
:10410000F3F4F407CFEAEA25CA6565AFF47A7A8E4C
:1041100047AEAEE9100808186FBABAD5F0787888BB
:104120004A25256F5C2E2E72381C1C2457A6A6F13A
:1041300073B4B4C797C6C651CBE8E823A1DDDD7CD4
:10414000E874749C3E1F1F21964B4BDD61BDBDDCA6
:104150000D8B8B860F8A8A85E07070907C3E3E4284
:1041600071B5B5C4CC6666AA904848D80603030565
:10417000F7F6F6011C0E0E12C26161A36A35355FB7
:10418000AE5757F969B9B9D01786869199C1C15808
:104190003A1D1D27279E9EB9D9E1E138EBF8F813A7
:1041A0002B9898B322111133D26969BBA9D9D97060
:1041B000078E8E89339494A72D9B9BB63C1E1E229E
:1041C00015878792C9E9E92087CECE49AA5555FFC0
:1041D00050282878A5DFDF7A038C8C8F59A1A1F8AD
:1041E000098989801A0D0D1765BFBFDAD7E6E63158
:1041F000844242C6D06868B8824141C3299999B0C7
:104200005A2D2D771E0F0F117BB0B0CBA85454FC44
:104210006DBBBBD62C16163A6363A5C67C7C84F8AE
:10422000777799EE7B7B8DF6F2F20DFF6B6BBDD647
:104230006F6FB1DEC5C5549130305060010103028B
:104240006767A9CE2B2B7D56FEFE19E7D7D762B53F
:10425000ABABE64D76769AECCACA458F82829D1F3B
:10426000C9C940897D7D87FAFAFA15EF5959EBB231
:104270004747C98EF0F00BFBADADEC41D4D467B32A
:10428000A2A2FD5FAFAFEA459C9CBF23A4A4F75355
:10429000727296E4C0C05B9BB7B7C275FDFD1CE1AE
:1042A0009393AE3D26266A4C36365A6C3F3F417E8C
:1042B000F7F702F5CCCC4F8334345C68A5A5F451F4
:1042C000E5E534D1F1F108F9717193E2D8D873AB17
:1042D0003131536215153F2A04040C08C7C75295A3
:1042E00023236546C3C35E9D181828309696A137D0
:1042F00005050F0A9A9AB52F0707090E12123624E0
:1043000080809B1BE2E23DDFEBEB26CD2727694E49
:10431000B2B2CD7F75759FEA09091B1283839E1D7A
:104320002C2C74581A1A2E341B1B2D366E6EB2DCD0
:104330005A5AEEB4A0A0FB5B5252F6A43B3B4D761A
:10434000D6D661B7B3B3CE7D29297B52E3E33EDDF8
:104350002F2F715E848497135353F5A6D1D168B97A
:1043600000000000EDED2CC120206040FCFC1FE3AC
:10437000B1B1C8795B5BEDB66A6ABED4CBCB468D72
:10438000BEBED96739394B724A4ADE944C4CD49838
:104390005858E8B0CFCF4A85D0D06BBBEFEF2AC5D5
:1043A000AAAAE54FFBFB16ED4343C5864D4DD79AB0
:1043B00033335566858594114545CF8AF9F910E95F
:1043C000020206047F7F81FE5050F0A03C3C4478FE
:1043D0009F9FBA25A8A8E34B5151F3A2A3A3FE5D6A
:1043E0004040C0808F8F8A059292AD3F9D9DBC2139
:1043F00038384870F5F504F1BCBCDF63B6B6C17758
:10440000DADA75AF2121634210103020FFFF1AE580
:10441000F3F30EFDD2D26DBFCDCD4C810C0C141830
:1044200013133526ECEC2FC35F5FE1BE9797A235DF
:104430004444CC881717392EC4C45793A7A7F25504
:104440007E7E82FC3D3D477A6464ACC85D5DE7BA20
:1044500019192B32737395E66060A0C08181981999
:104460004F4FD19EDCDC7FA3222266442A2A7E5451
:104470009090AB3B8888830B4646CA8CEEEE29C7EA
:10448000B8B8D36B14143C28DEDE79A75E5EE2BCBC
:104490000B0B1D16DBDB76ADE0E03BDB3232566406
:1044A0003A3A4E740A0A1E144949DB9206060A0C6F
:1044B00024246C485C5CE4B8C2C25D9FD3D36EBD5B
:1044C000ACACEF436262A6C49191A8399595A43132
:1044D000E4E437D379798BF2E7E732D5C8C8438B68
:1044E0003737596E6D6DB7DA8D8D8C01D5D564B1C6
:1044F0004E4ED29CA9A9E0496C6CB4D85656FAAC81
:10450000F4F407F3EAEA25CF6565AFCA7A7A8EF448
:10451000AEAEE94708081810BABAD56F787888F0B7
:1045200025256F4A2E2E725C1C1C2438A6A6F15736
:10453000B4B4C773C6C65197E8E823CBDDDD7CA1D0
:1045400074749CE81F1F213E4B4BDD96BDBDDC61A2
:104550008B8B860D8A8A850F707090E03E3E427C80
:10456000B5B5C4716666AACC4848D8900303050661
:10457000F6F601F70E0E121C6161A3C235355F6AB3
:104580005757F9AEB9B9D06986869117C1C1589904
:104590001D1D273A9E9EB927E1E138D9F8F813EBA3
:1045A0009898B32B111133226969BBD2D9D970A95C
:1045B0008E8E89079494A7339B9BB62D1E1E223C9A
:1045C00087879215E9E920C9CECE49875555FFAABC
:1045D00028287850DFDF7AA58C8C8F03A1A1F859A9
:1045E000898980090D0D171ABFBFDA65E6E631D754
:1045F0004242C6846868B8D04141C3829999B029C3
:104600002D2D775A0F0F111EB0B0CB7B5454FCA840
:10461000BBBBD66D16163A2CA5C6636384F87C7CAA
:1046200099EE77778DF67B7B0DFFF2F2BDD66B6B43
:10463000B1DE6F6F5491C5C5506030300302010187
:10464000A9CE67677D562B2B19E7FEFE62B5D7D73B
:10465000E64DABAB9AEC7676458FCACA9D1F828237
:104660004089C9C987FA7D7D15EFFAFAEBB259592D
:10467000C98E47470BFBF0F0EC41ADAD67B3D4D426
:10468000FD5FA2A2EA45AFAFBF239C9CF753A4A451
:1046900096E472725B9BC0C0C275B7B71CE1FDFDAA
:1046A000AE3D93936A4C26265A6C3636417E3F3F88
:1046B00002F5F7F74F83CCCC5C683434F451A5A5F0
:1046C00034D1E5E508F9F1F193E2717173ABD8D813
:1046D000536231313F2A15150C0804045295C7C79F
:1046E000654623235E9DC3C328301818A1379696CC
:1046F0000F0A0505B52F9A9A090E070736241212DC
:104700009B1B80803DDFE2E226CDEBEB694E272745
:10471000CD7FB2B29FEA75751B1209099E1D838376
:1047200074582C2C2E341A1A2D361B1BB2DC6E6ECC
:10473000EEB45A5AFB5BA0A0F6A452524D763B3B16
:1047400061B7D6D6CE7DB3B37B5229293EDDE3E3F4
:10475000715E2F2F97138484F5A6535368B9D1D176
:10476000000000002CC1EDED604020201FE3FCFCA8
:10477000C879B1B1EDB65B5BBED46A6A468DCBCB6E
:10478000D967BEBE4B723939DE944A4AD4984C4C34
:10479000E8B058584A85CFCF6BBBD0D02AC5EFEFD1
:1047A000E54FAAAA16EDFBFBC5864343D79A4D4DAC
:1047B0005566333394118585CF8A454510E9F9F95B
:1047C0000604020281FE7F7FF0A0505044783C3CFA
:1047D000BA259F9FE34BA8A8F3A25151FE5DA3A366
:1047E000C08040408A058F8FAD3F9292BC219D9D35
:1047F0004870383804F1F5F5DF63BCBCC177B6B654
:1048000075AFDADA63422121302010101AE5FFFF7C
:104810000EFDF3F36DBFD2D24C81CDCD14180C0C2C
:10482000352613132FC3ECECE1BE5F5FA2359797DB
:10483000CC884444392E17175793C4C4F255A7A700
:1048400082FC7E7E477A3D3DACC86464E7BA5D5D1C
:104850002B32191995E67373A0C060609819818195
:10486000D19E4F4F7FA3DCDC664422227E542A2A4D
:10487000AB3B9090830B8888CA8C464629C7EEEEE6
:10488000D36BB8B83C28141479A7DEDEE2BC5E5EB8
:104890001D160B0B76ADDBDB3BDBE0E05664323202
:1048A0004E743A3A1E140A0ADB9249490A0C06066B
:1048B0006C482424E4B85C5C5D9FC2C26EBDD3D357
:1048C000EF43ACACA6C46262A8399191A43195952E
:1048D00037D3E4E48BF2797932D5E7E7438BC8C864
:1048E000596E3737B7DA6D6D8C018D8D64B1D5D5C2
:1048F000D29C4E4EE049A9A9B4D86C6CFAAC56567D
:1049000007F3F4F425CFEAEAAFCA65658EF47A7A44
:10491000E947AEAE18100808D56FBABA88F07878B3
:104920006F4A2525725C2E2E24381C1CF157A6A632
:10493000C773B4B45197C6C623CBE8E87CA1DDDDCC
:104940009CE87474213E1F1FDD964B4BDC61BDBD9E
:10495000860D8B8B850F8A8A90E07070427C3E3E7C
:10496000C471B5B5AACC6666D8904848050603035D
:1049700001F7F6F6121C0E0EA3C261615F6A3535AF
:10498000F9AE5757D069B9B9911786865899C1C100
:10499000273A1D1DB9279E9E38D9E1E113EBF8F89F
:1049A000B32B989833221111BBD2696970A9D9D958
:1049B00089078E8EA7339494B62D9B9B223C1E1E96
:1049C0009215878720C9E9E94987CECEFFAA5555B8
:1049D000785028287AA5DFDF8F038C8CF859A1A1A5
:1049E00080098989171A0D0DDA65BFBF31D7E6E650
:1049F000C6844242B8D06868C3824141B0299999BF
:104A0000775A2D2D111E0F0FCB7BB0B0FCA854543C
:104A1000D66DBBBB3A2C161663A5C6637C84F87CA6
:104A20007799EE777B8DF67BF20DFFF26BBDD66B3F
:104A30006FB1DE6FC55491C5305060300103020183
:104A400067A9CE672B7D562BFE19E7FED762B5D737
:104A5000ABE64DAB769AEC76CA458FCA829D1F8233
:104A6000C94089C97D87FA7DFA15EFFA59EBB25929
:104A700047C98E47F00BFBF0ADEC41ADD467B3D422
:104A8000A2FD5FA2AFEA45AF9CBF239CA4F753A44D
:104A90007296E472C05B9BC0B7C275B7FD1CE1FDA6
:104AA00093AE3D93266A4C26365A6C363F417E3F84
:104AB000F702F5F7CC4F83CC345C6834A5F451A5EC
:104AC000E534D1E5F108F9F17193E271D873ABD80F
:104AD00031536231153F2A15040C0804C75295C79B
:104AE00023654623C35E9DC31828301896A13796C8
:104AF000050F0A059AB52F9A07090E0712362412D8
:104B0000809B1B80E23DDFE2EB26CDEB27694E2741
:104B1000B2CD7FB2759FEA75091B1209839E1D8372
:104B20002C74582C1A2E341A1B2D361B6EB2DC6EC8
:104B30005AEEB45AA0FB5BA052F6A4523B4D763B12
:104B4000D661B7D6B3CE7DB3297B5229E33EDDE3F0
:104B50002F715E2F8497138453F5A653D168B9D172
:104B600000000000ED2CC1ED20604020FC1FE3FCA4
:104B7000B1C879B15BEDB65B6ABED46ACB468DCB6A
:104B8000BED967BE394B72394ADE944A4CD4984C30
:104B900058E8B058CF4A85CFD06BBBD0EF2AC5EFCD
:104BA000AAE54FAAFB16EDFB43C586434DD79A4DA8
:104BB000335566338594118545CF8A45F910E9F957
:104BC000020604027F81FE7F50F0A0503C44783CF6
:104BD0009FBA259FA8E34BA851F3A251A3FE5DA362
:104BE00040C080408F8A058F92AD3F929DBC219D31
:104BF00038487038F504F1F5BCDF63BCB6C177B650
:104C0000DA75AFDA2163422110302010FF1AE5FF78
:104C1000F30EFDF3D26DBFD2CD4C81CD0C14180C28
:104C200013352613EC2FC3EC5FE1BE5F97A23597D7
:104C300044CC884417392E17C45793C4A7F255A7FC
:104C40007E82FC7E3D477A3D64ACC8645DE7BA5D18
:104C5000192B32197395E67360A0C0608198198191
:104C60004FD19E4FDC7FA3DC226644222A7E542A49
:104C700090AB3B9088830B8846CA8C46EE29C7EEE2
:104C8000B8D36BB8143C2814DE79A7DE5EE2BC5EB4
:104C90000B1D160BDB76ADDBE03BDBE032566432FE
:104CA0003A4E743A0A1E140A49DB9249060A0C0667
:104CB000246C48245CE4B85CC25D9FC2D36EBDD353
:104CC000ACEF43AC62A6C46291A8399195A431952A
:104CD000E437D3E4798BF279E732D5E7C8438BC860
:104CE00037596E376DB7DA6D8D8C018DD564B1D5BE
:104CF0004ED29C4EA9E049A96CB4D86C56FAAC5679
:104D0000F407F3F4EA25CFEA65AFCA657A8EF47A40
:104D1000AEE947AE08181008BAD56FBA7888F078AF
:104D2000256F4A252E725C2E1C24381CA6F157A62E
:104D3000B4C773B4C65197C6E823CBE8DD7CA1DDC8
:104D4000749CE8741F213E1F4BDD964BBDDC61BD9A
:104D50008B860D8B8A850F8A7090E0703E427C3E78
:104D6000B5C471B566AACC6648D890480305060359
:104D7000F601F7F60E121C0E61A3C261355F6A35AB
:104D800057F9AE57B9D069B986911786C15899C1FC
:104D90001D273A1D9EB9279EE138D9E1F813EBF89B
:104DA00098B32B981133221169BBD269D970A9D954
:104DB0008E89078E94A733949BB62D9B1E223C1E92
:104DC00087921587E920C9E9CE4987CE55FFAA55B4
:104DD00028785028DF7AA5DF8C8F038CA1F859A1A1
:104DE000898009890D171A0DBFDA65BFE631D7E64C
:104DF00042C6844268B8D06841C3824199B02999BB
:104E00002D775A2D0F111E0FB0CB7BB054FCA85438
:104E1000BBD66DBB163A2C1652096AD53036A5386A
:104E2000BF40A39E81F3D7FB7CE339829B2FFF8792
:104E3000348E4344C4DEE9CB547B9432A6C2233D76
:104E4000EE4C950B42FAC34E082EA16628D924B227
:104E5000765BA2496D8BD12572F8F6648668981648
:104E6000D4A45CCC5D65B6926C704850FDEDB9DAA7
:104E70005E154657A78D9D8490D8AB008CBCD30A95
:104E8000F7E45805B8B34506D02C1E8FCA3F0F0271
:104E9000C1AFBD0301138A6B3A9111414F67DCEA40
:104EA00097F2CFCEF0B4E67396AC7422E7AD3585B9
:104EB000E2F937E81C75DF6E47F11A711D29C589C3
:104EC0006FB7620EAA18BE1BFC563E4BC6D27920A5
:104ED0009ADBC0FE78CD5AF41FDDA8338807C731AE
:104EE000B11210592780EC5F60517FA919B54A0DA6
:104EF0002DE57A9F93C99CEFA0E03B4DAE2AF5B01B
:104F0000C8EBBB3C83539961172B047EBA77D62636
:104F1000E169146355210C7D6BC1BEE22E409F9662
:104F2000E93D7E117393172AAE2D8A571E03AC9C60
:104F30009EB76FAC45AF8E5130C81C46A35CE411E0
:104F4000E5FBC1191A0A52EFF69F2445DF4F9B1764
:104F5000AD2B417BE66C371044416AC2D1F53C5819
:104F60003303917E6BE9EBE048E31E9E256718F260
:104F70009229319C19F15BA4058CCFFDBBCB382D58
:104F80001F6F56585D8A4ADEC34C052CC0DA8D73FC
:104F9000451AFE5F03BE297FF3F6752AE8D7831111
:104FA00038F041560631B1148B79EECC93A0EE5D0A
:104FB000FF30B4EA21636DA4FACA37E0B0C8537376
:104FC000DF706E73F7C9AF865DF678DD17BA4E7580
:104FD000B61768C6ADEF7C7B4804E1818FE6297582
:104FE00019A3E88C573104138A05FC5E095AF4842E
:104FF0008A08D328D3688E3D7BD966D53AD8C1BB01
:1050000085D2ADFAE87BB104FE3C53653E2F45B531
:105010006FCD88B2CC898FF000010203040506072A
:1050200008090A0B0C0D0E0F2B7E151628AED2A602
:10503000ABF7158809CF4F3C0000000000000000CE
:1050400000000000000000008E73B0F7DA0E64521A
:10505000C810F32B809079E562F8EAD2522C6B7B72
:105060000000000000000000603DEB1015CA71BE9A
:105070002B73AEF0857D77811F352C073B6108D7F8
:105080002D9810A30914DFF43B3FD92EB72DAD2086
:10509000333449F8E83CFB4AC8A64537A0B3A93FDA
:1050A000CDE3CDAD9F1CE58B26751F67A3CBB1402B
:1050B000B1808CF187A4F4DFC04B05357C5D1C0EFC
:1050C000EAC4C66F9FF7F2E6CDC80D6FDDF18CAB79
:1050D00034C25909C99A417467CE7F7F811736213E
:1050E000961A2B70171D3D7A2E1E8A1DD59B88B1EE
:1050F000C8E60FED1EFAC4C9C05F9F9CA9834FA0EC
:1051000042AE8FBA584B09FFDC7E84BFDA79164B6A
:105110007ECD8486985D386039FFED143B28B1C898
:1051200032113C6331E5407BDF10132415E54B92CF
:10513000A13ED0A8267AE2F975A385741AB9CEF8F3
:105140002031623D55B1E4710000003000000000E4
:105150000000000000000001006CB6DBC0543B59A9
:10516000DA48D90B0000000100E0017B27777F3F80
:105170004A1786F000000001AE6852F8121067CCA2
:105180004BF7A5765577F39E7E24067817FAE0D77D
:1051900043D6CE1F325391637691BE035E5020A852
:1051A000AC6E618529F9A0DC100000002000000031
:1051B00024000000E4095D4FB7A7B3792D6175A302
:1051C000261311B8000000000000000000000000DD
:1051D00000000000000000000000000000000000CF
:1051E000000000005104A106168A72D9790D41EE23
:1051F0008EDAD388EB2E1EFC46DA57C8FCE630DF89
:105200009141BE28000000000000000000000000E6
:1052100000000000C1CF48A89F2FFDD9CF4652E91A
:10522000EFDB72D74540A42BDE6D7836D59A5CEA69
:10523000AEF3105325B2072F00000000000000005D
:105240000000000053696E676C6520626C6F636BD1
:10525000206D7367000000000000000000000000E7
:10526000000000000000000000000000000000003E
:1052700000000000000102030405060708090A0BEC
:105280000C0D0E0F101112131415161718191A1BE6
:105290001C1D1E1F00000000000000000000000098
:1052A00000000000000102030405060708090A0BBC
:1052B0000C0D0E0F101112131415161718191A1BB6
:1052C0001C1D1E1F202122230000000000000000E2
:1052D000000000004142434445464748494A4B4C80
:1052E0004D4E4F505152535455565758595A61626A
:1052F000636465666768696A6B6C6D6E6F70717206
:10530000737475767778797A30313233343536374D
:1053100038392B2F7F7F7F7F7F7F7F7F7F7F7F7FCE
:105320007F7F7F7F7F7F7F7F7F7F7F7F7F7F7F7F8D
:105330007F7F7F7F7F7F7F7F7F7F7F7F7F7F7F3EBE
:105340007F7F7F3F3435363738393A3B3C3D7F7F6E
:105350007F407F7F7F000102030405060708090ADA
:105360000B0C0D0E0F101112131415161718197FB0
:105370007F7F7F7F7F1A1B1C1D1E1F20212223245D
:1053800025262728292A2B2C2D2E2F303132337F0A
:105390007F7F7F7F24486E5687625ABDBF17D9A290
:1053A000C4171A0194ED8F1E11B3D7090CB6E9107A
:1053B0006F22EE13CAB3070576C9FA316C0834FFC1
:1053C0008DC26C380043E95497AF504BD141BA9528
:1053D000315A0B974A456875566F64695772322F78
:1053E00046396D6978426361415A54746A7834521F
:1053F0007339634A444C6270454738693768504B8B
:105400007377634664736E364D5777494E502B4E13
:10541000776D773441455070564A657655457652DA
:10542000516271564D566F4C6C773D3D0000000047
:105430000300000005000000070000000B00000052
:105440000D00000011000000130000001700000014
:105450001D0000001F0000002500000029000000C2
:105460002B0000002F000000350000003B00000072
:105470003D0000004300000047000000490000001C
:105480004F000000530000005900000061000000C0
:1054900065000000670000006B0000006D00000068
:1054A000710000007F000000830000008900000000
:1054B0008B00000095000000970000009D00000098
:1054C000A3000000A7000000AD000000B300000032
:1054D000B5000000BF000000C1000000C5000000D2
:1054E000C7000000D3000000DF000000E300000060
:1054F000E5000000E9000000EF000000F1000000FE
:10550000FB00000001010000070100000D01000088
:105510000F01000015010000190100001B0100002F
:1055200025010000330100003701000039010000AF
:105530003D0100004B010000510100005B01000033
:105540005D01000061010000670100006F010000C3
:10555000750100007B0100007F0100008501000053
:105560008D0100009101000099010000A3010000DD
:10557000A5010000AF010000B1010000B70100006B
:10558000BB010000C1010000C9010000CD01000005
:10559000CF010000D3010000DF010000E70100009F
:1055A000EB010000F3010000F7010000FD01000025
:1055B000090200000B0200001D020000230200008F
:1055C0002D02000033020000390200003B020000FF
:1055D000410200004B02000051020000570200008F
:1055E000590200005F02000065020000690200002D
:1055F0006B020000770200008102000083020000BD
:10560000870200008D020000930200009502000056
:10561000A1020000A5020000AB020000B3020000DE
:10562000BD020000C5020000CF020000D70200004A
:10563000DD020000E3020000E7020000EF020000CC
:10564000F5020000F902000001030000050300005C
:10565000130300001D030000290300002B030000BA
:1056600035030000370300003B0300003D0300004A
:105670004703000055030000590300005B030000CE
:105680005F0300006D03000071030000730300005E
:10569000770300008B0300008F03000097030000D6
:1056A000A1030000A9030000AD030000B303000044
:1056B000B9030000C7030000CB030000D1030000C2
:1056C000D7030000DF030000E503000099FFFFFFA0
:1056D000B50200006102000015000000E4060000B1
:1056E000640300001C0000000BB1CD2D06D3502038
:1056F0000100000038411676D99360F272C2AB9A6D
:10570000750657A091F7B5C9A28CD290F607A727C6
:105710008EB249DE435CD7C73EF58F671F186EAF68
:105720002FE2850D53F09C65EAA3AE9EEC802D6BB5
:10573000A82B36A6C5864D33FD6658963A099510B6
:1057400078D842CCEF26E5611A3F3B82B6DBD4988D
:10575000E88B02EB0A2C1DB06F8D880E19874E0B5B
:10576000A90C79117F22E759E1DA3DC8120474547B
:10577000307EB428556850BED0C431CB2AAD0FCA94
:1057800070FF326908620024D1FBBAED4581736D68
:10579000849FEE4AC32EC101E6254899B9B37BF92F
:1057A000CEBFDF7129CD6C13649B639DC04BB7A541
:1057B000895FB117F4BCD346CF375E4794FAFC5BE0
:1057C00097FE5AAC3C4C0335F323B85D6A92D52161
:1057D0004451C67D3983DCAA7C7756051BA4153459
:1057E0001E1CF8522014E9BDDDE4A1E08AF1D67A4E
:1057F000BBE3404F70822CECB327C0E5E4855735FE
:10580000EA0CAE4123EF6B934519A521ED0E4F4EE7
:105810001D6592BD86B8AF8F7CEB1FCE3E30DC5F3E
:105820005EC50B1AA6E139CAD5475D3DD9015AD6E6
:1058300051566C4D8B0D9A66FBCCB02D74122B20FB
:10584000F0B18499DF4CCBC2347E76056DB7A931B7
:10585000D11704D714583A61DE1B111C320F9C1665
:105860005318F222FE44CFB2C3B57A912408E8A8B7
:1058700060FC6950AAD0A07DA1896297545B1E95F7
:10588000E0FF64D210C40048A3F775DB8A03E6DAB0
:10589000093FDD94875C8302CD4A90337367F6F34A
:1058A0009D7FBFE2529BD826C837C63B81966F4B7F
:1058B00013BE632EE979A78C9F6EBC8E29F5F9B6CD
:1058C0002FFDB4597898066AE74671BAD425AB42E1
:1058D00088A28DFA7207B955F8EEAC0A36492A68E3
:1058E0003C38F1A44028D37BBBC943C115E3ADF4D8
:1058F00077C7809E702CB3C0E457EAAE236B45A5F2
:10590000ED4F1D9286AF7C1F3EDC5E0BA639D55D48
:10591000D95A516C8B9AFBB0742BF084DFCB347660
:105920006DA9D104143ADE11329C53F2FECFC37A32
:1059300024E86069AAA0A162541EE0641000A37567
:105940008AE609DD8783CD9073F69DBF52D8C8C61D
:10595000816F1363E9A79FBC29F92FB47806E7711B
:10596000D4AB888D72B9F8AC362A3CF140D3BB4336
:1059700015AD778082EC27E585350C41EF93192131
:105980000E4E65BDB88FEBCE305FC51AE1CA473DFC
:1059900001D6564D0D66CC2D1220B1994CC27E0514
:1059A000B73117D758611B1C0F16182244B2B59196
:1059B00008A8FC50D07D89975B95FFD2C448F7DBDF
:1059C00003DA3F945C024A3367F37FE29B26373B5E
:1059D000964BBE2E798C6E8EF5B6FD59986A46BAF6
:1059E0002542A2FA0755EE0A496838A4287BC9C1A6
:1059F000E3F4C79EE00558D9674E81CBC90BAE6A68
:105A0000D5185D8246DFD6278A324B42DB1C9E9C2E
:105A10003ACA257B0D715F1FF8D73E9D7C60B9BEE9
:105A2000BC8B16344DC37295AB8EBA7AB302B4AD4B
:105A3000A2ACD89A171A35CCF799615AE824564087
:105A4000E1630933BF98978568FCEC0ADA6F53620B
:105A5000A32E08AF28B074C2BD362238641E392C7C
:105A6000A630E544FD889F65876BF4234810D1512B
:105A7000C0F9D2A055A141FA4313C42FA8B63C2BBC
:105A8000C1FFC8A52089009047EFEAB71506CDB53C
:105A9000127EBB290FB807049B942166E6CEEDE782
:105AA0003BFE7FC5A437B14C916E8D76032DDE96FB
:105AB000267DC65CD3F24F193FDC791D52EBF36DA6
:105AC0005EFB69B2F0310CD4CF8CE275A94A5784E1
:105AD00011451BF5E40E73AAF1DD59146C9254D0F4
:105AE0007870E3498050A7F6779386832AC75BE9ED
:105AF000EE8F013DA09E667F3BCC908BB67AE85836
:105B00004CAA73B2C6EF372FE94F82BE54FF53A59C
:105B1000F1D36F1C10E527FADE682D1DB05688C240
:105B2000B3E6C1FD01010101000000000101010116
:105B3000000000000100010101010001010101005C
:105B4000010100010001020308090A0B2627242590
:105B5000171415161BFFFF1AFFFFFFFFFFFFFFFFC4
:105B6000FFFFFFFFFFFFFFFFFFFFFFFF040506072B
:105B70000C0D0E0F10111213FF1819FF1F1C1D1E04
:105B8000FFFFFFFFFFFFFFFFFFFFFFFFFFFFFFFF25
:105B9000FFFFFFFF000102033D3E3F3CFFFFFFFF11
:105BA0001B18191A23202122FFFFFFFF08090A0BE7
:105BB00010111213FFFFFFFF27242526FFFFFFFF11
:105BC0000C0D0E0F3A3B38391F1C1D1EFFFFFFFF47
:105BD000040506074142434014151617FFFFFFFF57
:105BE0002B28292A15161714FFFFFFFF1213101177
:105BF0000B08090A0F0C0D0E191A1B181D1E1F1C6D
:105C000012131011FFFFFFFFFFFFFFFF0123456786
:105C100089ABCDEFFEDCBA9876543210000000005C
:105C20000000000000000000000000000000000074
:105C30000000000000000000000000000000000064
:105C40000000000000000000000000000123456784
:105C500089ABCDEFFEDCBA987654321000112233B6
:105C600044556677000000000000000000000000BE
:105C70000000000000000000000000000000000024
:105C80000000000000000000000000000123456744
:105C900089ABCDEFFEDCBA98765432100011223376
:105CA000445566778899AABBCCDDEEFF0000000062
:105CB00000000000000000000000000000000000E4
:105CC000000000000000000000000000676731389D
:105CD000549669730857065648EABE43383C6C2A06
:105CE000ABEF7FDE25CD470BF774A331B4993401B8
:105CF000B3E996F84EE5CEE7D79B09B9D1763FC018
:105D000019D77CC930BFF2A56F7C93649ACC237DF0
:105D1000FF16D76C20EF7C919E3A75090503FB10A6
:105D2000AB241E7CF45D8CDEEE47433501234567D2
:105D300089ABCDEFFEDCBA9876543210000000003B
:105D4000020000000000000000000000000102034B
:105D50000405060708090A0B0C0D0E0F2B7E1516FD
:105D600028AED2A6ABF7158809CF4F3C0000000043
:105D70000000000000000000000000008E73B0F77B
:105D8000DA0E6452C810F32B809079E562F8EAD2FB
:105D9000522C6B7B0000000000000000603DEB1007
:105DA00015CA71BE2B73AEF0857D77811F352C0728
:105DB0003B6108D72D9810A30914DFF41607CF49CB
:105DC0004B36BBF00DAEB0B503C831ABA2F2CF6716
:105DD0001629EF7840C5A5DFB50748870F0616508E
:105DE00008CF8B8B5A63586362543E542A4830ABB9
:105DF0005AC4A1A2405955FD2195CF935D5A869B67
:105E0000D14CE54264F892A6DD2EC3D537D359C3F1
:105E1000349836D884E310ADDF68C449E6CFA35F79
:105E2000C02B134A4D2C0B6737AC3EDA36CBEB73E5
:105E3000BD504B4070B1B7DE2B21EB50E31A6055DB
:105E4000297D96CA3330CDF1B1860A836BC1BEE29B
:105E50002E409F96E93D7E117393172AAE2D8A57E7
:105E60001E03AC9C9EB76FAC45AF8E5130C81C462C
:105E7000A35CE411E5FBC1191A0A52EF00000030DF
:105E8000000000000000000000000001006CB6DB14
:105E9000C0543B59DA48D90B0000000100E0017BF7
:105EA00027777F3F4A1786F000000001AE6852F85E
:105EB000121067CC4BF7A5765577F39E7E240678B3
:105EC00017FAE0D743D6CE1F325391637691BE03C3
:105ED0005E5020A8AC6E618529F9A0DCD09DC29AE5
:105EE0008214619A20877C76DB1F0B3F0000000044
:105EF00000000000000000000000000000000000A2
:105F0000000000000000000000000000DBF3C78D6F
:105F1000C08396D4DA7C907765BBCB442B8E8E0FF2
:105F200031F0DCA72C7417E35360E0480000000058
:105F3000000000000000000000000000B19D1FCD27
:105F4000CB75EB882F849CE24D85CF739CE64B2B61
:105F50005C9D73F14F2D5D9DCE9889CDDF50869667
:105F600000000000000000000000000053696E67A0
:105F70006C6520626C6F636B206D736700000000BE
:105F80000000000000000000000000000000000011
:105F900000000000000000000000000000010203FB
:105FA0000405060708090A0B0C0D0E0F1011121339
:105FB0001415161718191A1B1C1D1E1F00000000AF
:105FC00000000000000000000000000000010203CB
:105FD0000405060708090A0B0C0D0E0F1011121309
:105FE0001415161718191A1B1C1D1E1F20212223F9
:105FF0000000000000000000000000001000000091
:106000002000000024000000404142434445464730
:1060100048494A4B4C4D4E4F070000000800000015
:106020000C00000008000000100000001400000038
:106030000400000010000000180000000400000030
:1060400006000000080000007162015B4DAC255D98
:106050000000000000000000000000000000000040
:106060000000000000000000D2A1F0E051EA5F62F1
:10607000081A7792073D593D1FC64FBFACCD0000AF
:106080000000000000000000E3B201A9F5B71A7A91
:106090009B1CEAECCD97E70B6176AAD9A4428AA5AE
:1060A000484392FBC1B099511011121314151617E1
:1060B00018191A1B202122232425262728292A2BB8
:1060C0002C2D2E2F30313233343536370001020378
:1060D0000405060708090A0B0C0D0E0F1011121308
:1060E000A70D00002D2D2D2D2D424547494E204353
:1060F000455254494649434154452D2D2D2D2D0DD2
:106100000A4D494944687A4343416D2B67417749B9
:1061100042416749424144414E42676B71686B6935
:10612000473977304241515546414441374D5173CB
:1061300077435159445651514745774A4F54444546
:10614000520D0A4D4138474131554543684D495537
:1061500047397359584A5455307778475441584213
:10616000674E5642414D5445464276624746795500
:10617000314E4D4946526C63335167513045774833
:1061800068634E0D0A4D5445774D6A45794D54511B
:10619000304E4441775768634E4D6A45774D6A45A6
:1061A000794D5451304E444177576A41374D5173C0
:1061B00077435159445651514745774A4F544445C6
:1061C000524D4138470D0A4131554543684D4955B7
:1061D00047397359584A5455307778475441584293
:1061E000674E5642414D5445464276624746795580
:1061F000314E4D4946526C63335167513045776794
:106200006745694D4130470D0A4353714753496211
:10621000334451454241515541413449424477410B
:10622000776767454B416F494241514441337A6634
:1062300038463776676C70302F687436574D6E313C
:1062400045705261677A5348780D0A6D645473360D
:10625000737438474667496C4B58736D38574C33E5
:10626000786F656D54695A687835377749303533BA
:106270007A6864634867483035375A6B2B693563F1
:106280006C48467A714D7755716E790D0A353042FA
:1062900077464D74456F6E494C777556412B543790
:1062A0006C7067367A2B65784B593843344B5142C2
:1062B000306E466337714B55456B48487876595078
:1062C0005A5039616C346A77716A2B386E0D0A59ED
:1062D0004D50476E38753637474239742B61454DFE
:1062E0007235502B31676D49674E62314C54562BD5
:1062F0002F586A6C693577774F51757666777537A1
:10630000754A42566341304C6E306B636D6E4C0D76
:106310000A5237455551494E395A2F5347396A4722
:106320007238586D6B7372557545766D45462F42C0
:10633000696279632B45316978564130686D6E4DDD
:10634000336F54445062354C6339756E38724E73F6
:10635000750D0A4B4E462B416B736A6F4258794F4D
:1063600047566B43656F4D626F34624636427879AB
:106370004C4F6279617670772F4C50683561506769
:106380004149796E706C5962364C5641674D4241B5
:1063900041476A0D0A675A5577675A497744415908
:1063A000445652305442415577417745422F7A4105
:1063B0006442674E5648513445466751557446729B
:1063C0006B70625065306C4C327564576D6C512F38
:1063D0007250727A480D0A2F6638775977594456A9
:1063E00052306A42467777576F41557446726B70E8
:1063F000625065306C4C327564576D6C512F725021
:10640000727A482F662B68503651394D4473784361
:106410007A414A42674E560D0A42415954416B3502
:106420004D4D524577447759445651514B45776805
:106430005162327868636C4E545444455A4D4263FD
:10644000474131554541784D515547397359584A5F
:1064500054553077675647567A0D0A644342445183
:106460005949424144414E42676B71686B694739F3
:106470007730424151554641414F43415145417565
:10648000503155324142556B49736C734366646CAD
:10649000633269393451484859654A0D0A53735279
:1064A0003445646748746463695549354936324AEE
:1064B000364D6F6D2B593064542F37612B3853365E
:1064C0004D564D435A503643354E794E79587731B3
:1064D0004757592F5952383258544A38480D0A44B0
:1064E000424A6943546F6B3544625A36537A614F5E
:1064F0004E427A645748587757776D6935766731D9
:1065000064786E375978724D396430496A784D3203
:1065100037574E4B7334734451685A42516B460D92
:106520000A706A6D6673326362346F506C34593925
:1065300054396D6554782F6C76646B525945756784
:1065400036314A666E3663412B7148707950596412
:1065500054482B55736849546E6D70352F5A746BBF
:10656000660D0A6D2F5554534C424E464E48657386
:1065700069545A654833314E637859476448536DBE
:1065800065394E632F67666964526130464C4F43EC
:10659000665778526C4671414934377A47396A41B7
:1065A00051435A0D0A375A326D4347444E4D686A7B
:1065B00051632B425963646E6C306C50586A64446A
:1065C0004B36563071436731645665776855426380
:1065D0005735675A4B7A563765392B447056413DCB
:1065E0003D0D0A2D2D2D2D2D454E44204345525451
:1065F000494649434154452D2D2D2D2D0D0A2D2D54
:106600002D2D2D424547494E204345525449464978
:10661000434154452D2D2D2D2D0D0A4D49494468DA
:106620007A4343416D2B6741774942416749424173
:1066300044414E42676B71686B694739773042411C
:10664000517346414441374D517377435159445634
:1066500051514745774A4F544445520D0A4D4138F0
:106660004741315545436777495547397359584A2A
:1066700054553077784754415842674E5642414D01
:106680004D454642766247467955314E4D49465210
:106690006C63335167513045774868634E0D0A4D3E
:1066A0005463774E5441304D5459314E7A417857A6
:1066B00068634E4D6A63774E5441314D5459314EA3
:1066C0007A4178576A41374D51737743515944564F
:1066D00051514745774A4F544445524D4138470D33
:1066E0000A41315545436777495547397359584AE7
:1066F00054553077784754415842674E5642414D81
:106700004D454642766247467955314E4D4946528F
:106710006C6333516751304577676745694D413048
:10672000470D0A435371475349623344514542412F
:1067300051554141344942447741776767454B4160
:106740006F494241514441337A6638463776676C27
:1067500070302F687436574D6E3145705261677ACC
:106760005348780D0A6D645473367374384746671E
:10677000496C4B58736D38574C33786F656D54695D
:106780005A6878353777493035337A6864634867B3
:10679000483035375A6B2B6935636C48467A714DF2
:1067A0007755716E790D0A35304277464D74456FD5
:1067B0006E494C777556412B54376C7067367A2B7F
:1067C00065784B593843344B5142306E46633771CC
:1067D0004B55456B4848787659505A5039616C345E
:1067E0006A77716A2B386E0D0A594D50476E3875AD
:1067F0003637474239742B61454D7235502B31671E
:106800006D49674E62314C54562B2F586A6C69356E
:1068100077774F51757666777537754A425663417B
:10682000304C6E306B636D6E4C0D0A5237455551CE
:10683000494E395A2F5347396A477238586D6B732E
:1068400072557545766D45462F42696279632B45D1
:10685000316978564130686D6E4D336F54445062E3
:10686000354C6339756E38724E73750D0A4B4E4652
:106870002B416B736A6F4258794F47566B43656F74
:106880004D626F346246364278794C4F6279617658
:1068900070772F4C5068356150674149796E706C44
:1068A0005962364C5641674D424141476A0D0A676D
:1068B0005A5577675A4977485159445652304F4292
:1068C000425945464C5261354B577A33744A5339D5
:1068D000726E5670705550367A3638782F332F4D89
:1068E000474D4741315564497752634D4671410DDB
:1068F0000A464C5261354B577A33744A5339726E9B
:106900005670705550367A3638782F332F6F542B97
:106910006B505441374D517377435159445651513F
:106920004745774A4F544445524D413847413155C8
:10693000450D0A436777495547397359584A5455A5
:106940003077784754415842674E5642414D4D4545
:106950004642766247467955314E4D4946526C6300
:10696000335167513047434151417744415944566F
:106970005230540D0A42415577417745422F7A41B2
:106980004E42676B71686B6947397730424151738A
:106990004641414F4341514541484B2F484872546D
:1069A0005A4D6E6E564D70646531696F2B766F412E
:1069B00074716C376A0D0A347352684C726A4437CA
:1069C0006F3354487477526244613264694376701D
:1069D0007130537132334E67324C4D596F58734F8B
:1069E000786F4C2F52514B33694E37554B78563395
:1069F0004D4B50457230770D0A5851532B6B4B510C
:106A000071695432627366726A6E574D56485A7491
:106A1000554F4D706D36464E716364476D2F5273FE
:106A20007333764B6461326C634B6C386B556E71AB
:106A30002F796C63312B5162420D0A47364136740F
:106A40005576516372325A79576656672B6D4D35BC
:106A5000586B6854724F4F587573324F4C696B6264
:106A600034577745744A544A524E4530662B795014
:106A70004F4453557A302F765435370D0A417048BC
:106A800030436E42383062594A736859485048481A
:106A9000796D4F746C654142384B535974716D3741
:106AA00035672F594E6F626A6E6A4236636D34489D
:106AB0006B57334F5A5256496C366659590D0A6E08
:106AC00032304E52564131566A73364741524F72F8
:106AD000344E7157346B2F2B4C6F66593979304CCB
:106AE0004C44452B70306F49454B58497349766883
:106AF0005072333973777853413D3D0D0A2D2D2D5A
:106B00002D2D454E44204345525449464943415456
:106B1000452D2D2D2D2D0D0A2D2D2D2D2D42454789
:106B2000494E2043455254494649434154452D2D31
:106B30002D2D2D0D0A4D494943556A434341646546
:106B400067417749424167494A414D4644346E3571
:106B50006951387A6F4D416F4743437147534D3404
:106B60003942414D434D443478437A414A42674E5D
:106B700056424159540D0A416B354D4D52457744AB
:106B80007759445651514B45776851623278686362
:106B90006C4E54544445634D426F47413155454115
:106BA000784D545547397359584A7A633277675646
:106BB00047567A644342460D0A5179424451544142
:106BC00065467730784D7A41354D6A51784E54514B
:106BD000354E446861467730794D7A41354D6A4982
:106BE000784E5451354E4468614D443478437A416F
:106BF0004A42674E56424159540D0A416B354D4D3C
:106C0000524577447759445651514B457768516204
:106C1000327868636C4E54544445634D426F47412B
:106C200031554541784D545547397359584A7A631F
:106C30003277675647567A644342460D0A51794285
:106C400044515442324D42414742797147534D3489
:106C50003941674547425375424241416941324992
:106C600041424D50614B7A52424E316776683162F3
:106C70002B2F496D364B554E4C547542750D0A7786
:106C8000773558557A4D35574E5253744A47564FBB
:106C900051736A333138584A474A492F4271564B2B
:106CA0006334734C59664369464B4172395A71716A
:106CB000794864754E4D63626C6934797569790DF4
:106CC0000A6159377A51613070773752666461646E
:106CD000486239555A4B5656706D6C4D37494C5277
:106CE0006D466D417A48714F426F4443426E544144
:106CF0006442674E5648513445466751556E573089
:106D0000670D0A4A456B425079764C654C555A7668
:106D100048346B796476374E6E777762675944569C
:106D200052306A424763775A5941556E5730674A25
:106D3000456B425079764C654C555A7648346B79A0
:106D40006476370D0A4E6E7968517152414D443464
:106D500078437A414A42674E5642415954416B3515
:106D60004D4D524577447759445651514B457768BC
:106D70005162327868636C4E54544445634D426F9F
:106D800047413155450D0A41784D5455473973599E
:106D9000584A7A633277675647567A644342465177
:106DA0007942445159494A414D4644346E356951FE
:106DB000387A6F4D41774741315564457751464D9B
:106DC000414D42416638770D0A436759494B6F5A26
:106DD000497A6A304541774944615141775A674958
:106DE00078414D4F30596E4E574B4A554166586762
:106DF000534A744A7865786E346970672B6B7634C1
:106E00007A6E755235307635360D0A7434643050EA
:106E100043753431326D5543364E6E6437697A7638
:106E20007445324D6749784150316E6E4A516A5A05
:106E3000384257756B737A465144473438777843F4
:106E40004379636939717064534D760D0A75436AED
:106E50006E387077554F6B4142584B384D737339CC
:106E600030667A436643454F7449413D3D0D0A2DD6
:106E70002D2D2D2D454E442043455254494649431E
:106E80004154452D2D2D2D2D0D0A0000AB0600007F
:106E90002D2D2D2D2D424547494E20525341205036
:106EA000524956415445204B45592D2D2D2D2D0D20
:106EB0000A4D4949457041494241414B4341514581
:106EC00041794854457A4C6E3574586E7052646BF3
:106ED00055594C423975355079617836664D3630A2
:106EE0004E6A346F38566D586C3345545A7A476140
:106EF000460D0A423958344A37424B4E64426A6E54
:106F00006770754737666138483672376777516BF7
:106F1000345A4A4744547A71437253562F55753147
:106F20004339334B59526854594A516A366556535E
:106F30004844310D0A626B327931525044306872E4
:106F400074356B507151685472644F724137522FCF
:106F5000555630367038366A74307544424D48455F
:106F6000774D6A4456302F594930465A50526F3740
:106F700079582F6B390D0A5A3547494D43354373BC
:106F80007439392B2B554D642F2F734D6342346A5E
:106F9000372F4366387174624348576A646D4C6199
:106FA0006F3576344A76344546624D7334345446F0
:106FB000655930424762480D0A37766B32446D712D
:106FC0005639676D61426D66305A5848347971534D
:106FD000784A65442B504973314247653634453908
:106FE000326866782F2F445A7274656E4E4C514E3B
:106FF0006954724D39414D2B760D0A6471427056B9
:107000006F4E7130716A5535314278357255324262
:1070100058634662587649354D5439544E55685830
:1070200077494441514142416F49424147644E745E
:1070300066594469617036627A73740D0A796843DF
:107040006949386D39547472685A77344D6973617F
:1070500045614E2F6C6C3358536A614F47326476EA
:107060005636784D5A434D562B3554655844484F43
:10707000415A6E59313859693138767A7A0D0A3465
:10708000557432546E4E467A697A434543594E617F
:107090004132665354335767496E6E78556B563399
:1070A000595841795036434E784A61436D76326182
:1070B0004130794672326B46565365614B47740DC9
:1070C0000A796D766C6A4E70324E566B766D375417
:1070D0006838664251424F3749374158687A3433ED
:1070E0006B306D5237586D50676577653841705A0F
:1070F0004F47336873746B4F614D766257417657D3
:10710000410D0A7A435A757064446A5A596A4F4A63
:10711000716C41346545413448382F7737463833F0
:107120007235437567654245384C674552456A4C30
:10713000506979656A725535483166756245592BD3
:107140006830640D0A6C35485A424A3638796254C0
:107150005866513555396F2F514B41336464307443
:107160006F4245686864525544477A57746A767727
:107170006B455166714631726547576A2F746F646B
:107180002F674370660D0A44466936583045436799
:1071900059454134774F762F706A534333747936AB
:1071A00054754F764B5832724F556942724C58584D
:1071B00076324A53785A6E4D6F4D6957493569702A
:1071C0004C51742B5259540D0A565061664C2F6D18
:1071D00037446E364D62776A61794F6B635A684205
:1071E000776B35434E7A35413651346C4A36344DDF
:1071F000712F6C71487A6E52435151324D63314751
:1072000038657944462F66594C0D0A5A6532704CE0
:10721000767750395644356A5463326D69446677DF
:107220002B4D6E764A68797752524C63656D4446B1
:1072300050386B34685156746D38504D70335A6DF8
:107240004E45436759454134677A370D0A777A4F7F
:10725000625234676E386962653631377551505AFB
:107260006A577A556A3964554859642B696E316793
:107270007742434972744E6E61526E394939552FC7
:10728000513674656752597069693479730D0A63B0
:107290003137364E6D552B756D7936586D75534BAC
:1072A00056357144396253705A5747326E4C466EA8
:1072B000736C724E31354C6D3366685A786F654D1C
:1072C0004E6842614544546E4C543236796F690DB4
:1072D0000A33336770306D5353577939345A4571D7
:1072E00069706D732B554C46367359315A74465735
:1072F00036747047466F7938436759415148686E14
:107300006E764A666C4973326B793471313042362D
:10731000300D0A5A6378467033727444706B703063
:107320004A7868464C6869697A4672756A4D745A3B
:10733000536A594E6D3555374B6B67505648684CFC
:10734000454C455576436D4F6E4B54743461702FE8
:10735000765A300D0A42784A4E6531475A483370A2
:107360005736534176474451706C397347377575BA
:107370002F765446502B6C4378756B6D7A7842307B
:107380004472724463766F72456B4B4D6F6D375A22
:1073900043435276570D0A4B5A735A365965483251
:1073A0005A3831426175526A3231386B514B4267FB
:1073B000514355562F44674B503239383578445431
:1073C0005437394E30386A556F33685450354D56FE
:1073D000594343756A2F2B0D0A556545773154760D
:1073E0005A6378334C4A6279375036586164366153
:1073F000312F42717665614779464B49664546496A
:107400006142554249746B38303173444470446171
:10741000596334674C303058630D0A376C467542F7
:10742000484F5A6B784A596C73733551724770756F
:107430004F456C395A775574354972464C426459F8
:10744000614B714E487A4E56433170435066622FFD
:107450004A794836447232485578710D0A67785532
:107460007741514B4267514363553647324C38415F
:1074700047396439633055704F794C31744D7646D5
:107480006535547477304B6A6C5156647368314D6E
:107490005036796967596F3944597577750D0A62A5
:1074A0004846565732723064425471656750322FE5
:1074B0004B544F784B7A614866433171663052477E
:1074C0004473556F4A434E4A72643163776F434C3D
:1074D0004738503245463477334F42724B71760D00
:1074E0000A38753479745930462B566C616E6A359A
:1074F0006C6D3354616F48535646312B4E5750795B
:107500004F5469776576494543474B775378766C96
:107510006B6934664441413D3D0D0A2D2D2D2D2DC5
:10752000454E442052534120505249564154452023
:107530004B45592D2D2D2D2D0D0A0000170500004E
:107540002D2D2D2D2D424547494E2043455254495E
:107550004649434154452D2D2D2D2D0D0A4D4949A8
:107560004468544343416D3267417749424167491A
:10757000424244414E42676B71686B6947397730CC
:107580004241517346414441374D517377435159FC
:10759000445651514745774A4F544445520D0A4D80
:1075A0004138474131554543677749554739735904
:1075B000584A54553077784754415842674E56429E
:1075C000414D4D454642766247467955314E4D49CB
:1075D00046526C63335167513045774868634E0DAE
:1075E0000A4D5463774E5441314D544D774E7A5580
:1075F000355768634E4D6A63774E5441324D544D52
:10760000774E7A5535576A41384D51737743515902
:10761000445651514745774A4F544445524D41389D
:10762000470D0A41315545436777495547397359E5
:10763000584A5455307778476A415942674E564206
:10764000414D4D455642766247467955314E4D493A
:10765000454E7361575675644341794D49494249D6
:107660006A414E0D0A42676B71686B694739773022
:10767000424151454641414F43415138414D4949AD
:107680004243674B4341514541794854457A4C6EDA
:107690003574586E7052646B55594C42397535507B
:1076A00079617836660D0A4D36304E6A346F385639
:1076B0006D586C3345545A7A476146423958344ABA
:1076C00037424B4E64426A6E677075473766613861
:1076D000483672376777516B345A4A4744547A7147
:1076E000437253562F55750D0A314339334B595256
:1076F0006854594A516A36655653484431626B3270
:10770000793152504430687274356B5071516854FD
:1077100072644F724137522F555630367038366A80
:1077200074307544424D4845770D0A4D6A445630D1
:107730002F594930465A50526F3779582F6B395A62
:107740003547494D433543737439392B2B554D64B7
:107750002F2F734D6342346A372F4366387174623A
:107760004348576A646D4C616F35760D0A344A762A
:10777000344546624D73343454466559304247624D
:107780004837766B32446D715639676D61426D666C
:10779000305A584834797153784A65442B504973AC
:1077A0003142476536344539326866782F0D0A2FE5
:1077B000445A7274656E4E4C514E6954724D394143
:1077C0004D2B7664714270566F4E7130716A55352B
:1077D000314278357255324258634662587649359F
:1077E0004D5439544E556858774944415141420DE2
:1077F0000A6F3447534D4947504D42304741315548
:107800006444675157424252786F51427A636B41E8
:107810007656485A654D2F78536A377A78335774BD
:10782000474954426A42674E5648534D4558444270
:10783000610D0A674253305775536C73393753558E
:1078400076613531616156442B732B764D66392F45
:1078500036452F704430774F7A454C4D416B474148
:1078600031554542684D43546B77784554415042F9
:10787000674E560D0A42416F4D4346427662474677
:107880007955314E4D4D526B77467759445651518B
:10789000444442425162327868636C4E54544342CD
:1078A000555A584E3049454E42676745414D416BE8
:1078B00047413155640D0A457751434D4141774465
:1078C00051594A4B6F5A496876634E4151454C4273
:1078D00051414467674542414337794F3738364E07
:1078E000766348704B38556F764B4947396342335E
:1078F000326F5351516F6D0D0A4C6F5230654844D1
:10790000527A6471456B6F713779475A756648468C
:10791000695241417A624D714A666F675274786C60
:10792000725741654234792F6A47614D425632356C
:107930004962464F49634832570D0A694345614DD4
:107940004D62472B56514C4B4E76754336336B6D1B
:10795000772F5A6577633954684D365061314863E3
:1079600079306178543066616631422F5530316A22
:1079700030464963772F366D54664B0D0A4438778D
:1079800034384F497763317972304A74757443568D
:107990006A696735444330797A6E474D74333252A1
:1079A0007973654F4C6355652B6C66713030357655
:1079B00032504169436F7A7235583872450D0A6FFB
:1079C00066475A70694D324E715250655067597909
:1079D0002B566337355A6B3238786B525171316E92
:1079E0006370726751623353347654735A645363CD
:1079F000704D39684C662B654D6C7267716C6A0D01
:107A00000A6335504C536B5842654C45352B6665BF
:107A1000646B796654614C7878516C674370756F0C
:107A20004F684B426D30342F523170574E7A554863
:107A3000797161676A4F39513D0D0A2D2D2D2D2D1C
:107A4000454E442043455254494649434154452DEF
:107A50002D2D2D2D0D0A0000AB0600002D2D2D2DF6
:107A60002D424547494E20525341205052495641DC
:107A70005445204B45592D2D2D2D2D0D0A4D49498D
:107A8000457041494241414B43415145417755324F
:107A90006A3365664E4864454531306C79754A6D88
:107AA00073446E6A6B4F6A784B7A7A6F54467442AD
:107AB00061354D326A4149696E376835720D0A6C1D
:107AC000716453744A44764C584A36506953612F56
:107AD0004C593072435431642B416D5A4979637368
:107AE0004368396F6472716A4F624A484A61382F3D
:107AF00073454555724D32314B5036346246320D26
:107B00000A324A44425962526D556A61694A6C4F61
:107B100071713352654233305A6774737132422B3C
:107B200067325130634C556C6D3931736C63306220
:107B30006F4334705061517931414A4468326F4922
:107B4000510D0A5A6E32755643754C5A586D526F24
:107B5000654A687738314153516A7561417A78696D
:107B600034625352722F51754B6F524178352F56F4
:107B7000716761486B515944772B466939714C5292
:107B80004637690D0A474D5A694C38646D6A66700C
:107B9000643248337A4A346B7041635751446A38CF
:107BA0006E3854444953673776317437487879646E
:107BB000727877553965735143504A6F6450672F17
:107BC0006F4E4A68620D0A79334E4C5570625945C2
:107BD000614973674968704F56725444374465571A
:107BE000533852782F6671456745776C7749444121
:107BF000514142416F4942415143585230533845F7
:107C0000494846474F525A0D0A2B2B41744F67364D
:107C100065454E78442B7856733066314965477A0E
:107C20003537546A6F33516E58583756425A4E643E
:107C30006A2B70314543766843452F4737586E6B42
:107C4000675535684C5A582B470D0A5A306A6B7A7B
:107C50002F74714A4F4930765253644C42626970B6
:107C6000486E576F7579425134652F413179494AD1
:107C7000646C42747158784A314B452F6974754869
:107C800052624E63346A346B4C385A0D0A2F723686
:107C90007076776E54493050537832457173303472
:107CA0003859645339324C543671417634666C62BB
:107CB0004E44784D6E32755937733479635334516D
:107CC0003877314A586E436561416E596D0D0A57D8
:107CD00059493577784F2B627652454C52324D6375
:107CE0007A35446D566E4C386A52796D6C366C3606
:107CF000353832625376356F75665265464962791A
:107D0000505A6251576C5867596E70753648650DF8
:107D10000A4754633745317A4B595147472F392B1E
:107D20004451556C2F3176517543507151776E79AE
:107D30003074516F5832773574645970644D64569D
:107D40006D2B7A6B4C7462616A7A645476694A4A24
:107D5000610D0A54577A4C366C7435416F47424175
:107D60004E38362B5356654A44636D514A63763418
:107D700045713655687452723451474D69514D7A88
:107D800030536F64366574745978597A4D677874D6
:107D90007732380D0A43497267706F7A43632B5507
:107DA000615A4A4C6F375578764336616E38357272
:107DB0003162326E4B50434C51466167674A3048DE
:107DC0003451304A2F735A4F68424958616F427A92
:107DD000577876654B0D0A6E757063654B645678FF
:107DE0004773466938434479383644426669794670
:107DF000697666426A2B3437426261517A50426A30
:107E0000374334724B37556C4C6A6162327244416D
:107E10006F4742414E32750D0A414D326763686FBC
:107E200046697534763148464C3844376C77654539
:107E30007069365A6E4D4A6A6E45752F64456747BC
:107E4000514A466A7764704C6E5062736A34633785
:107E5000356F645134477A38670D0A7377396C612E
:107E60006F3956567A6275736F52452F4A474934B7
:107E70006154644F307041545879473765473151E8
:107E8000752B355963315947586343726C694132D8
:107E9000784D3978782B6437662B730D0A6D507ADC
:107EA0004E2B5749456735474A44595A446A417AE7
:107EB000484735424E76692F46664D314339644F07
:107EC000746A763264416F4741463074354B6D7742
:107ED000626A574842686356714F3449630D0A42DB
:107EE00056764E3342496C63317565325952584566
:107EF000446C785935623072384E345863654D673A
:107F00004B6D5731384F4841705A78666C38755010
:107F1000446175575A4C584F676C34756570760DCF
:107F20000A77685A43334575577253797949434EF6
:107F3000684C59323141683768624945425046338E
:107F40004C335A734F77432B5545724C2B6458571B
:107F50004C644235364A677933675A614265573710
:107F6000620D0A764472456E6F634A6271436D37E3
:107F700049756B6858484F424B38436759454177BC
:107F800071644842306871794E537A494F47593786
:107F9000763961627A42367055644133425A69518A
:107FA0007645730D0A334C6A4856643448504A3259
:107FB00078304E384367724249574F453071382BFD
:107FC0003068534D6D6545393657572F376A4433FE
:107FD000665057774352357A6C586B6E78425173BE
:107FE00066763067500D0A33424335505230516443
:107FF00079707A2B642B397A664D663632356B7917
:10800000697434542F687A77684476655A557A488B
:108010006E6B3143662B494737512B544F456E4C9D
:108020006E5741574245440D0A49534F576D72559B
:108030004367594146456D5278677741632F752BE9
:10804000443674307379437741596836504F7473AE
:10805000637139593069394779576B38394E7A67C6
:1080600043344E6477776242480D0A344167616851
:108070004F78497858783267784A6E713379666BF1
:108080004A66496A7766307332447950306B5932A8
:1080900079365561314F656F6D506559396D72494B
:1080A00053347443754451364C72450D0A5442366C
:1080B0006C3956476F784A4C346679486E5A623844
:1080C0004C356747766E423162624438634C3659AC
:1080D000506144694F68635273654339764269451C
:1080E0007556673D3D0D0A2D2D2D2D2D454E4420F5
:1080F0005253412050524956415445204B45592D29
:108100002D2D2D2D0D0A0000AD0400002D2D2D2D3F
:108110002D424547494E2043455254494649434123
:1081200054452D2D2D2D2D0D0A4D4949444E7A4390
:108130004341682B674177494241674942416A415F
:108140004E42676B71686B694739773042415155D0
:1081500046414441374D517377435159445651512B
:108160004745774A4F544445520D0A4D41384741DF
:1081700031554543684D495547397359584A545507
:108180003077784754415842674E5642414D5445E6
:108190004642766247467955314E4D4946526C63A8
:1081A000335167513045774868634E0D0A4D544549
:1081B000774D6A45794D5451304E4441325768638A
:1081C0004E4D6A45774D6A45794D5451304E444184
:1081D00032576A41304D517377435159445651518A
:1081E0004745774A4F544445524D4138470D0A415F
:1081F00031554543684D495547397359584A545587
:10820000307778456A415142674E5642414D54435A
:10821000577876593246736147397A64444343410B
:108220005349774451594A4B6F5A496876634E0D0A
:108230000A415145424251414467674550414443D8
:108240004341516F4367674542414D464E6F393355
:108250006E7A523352424E644A6372695A724135A1
:108260003435446F385373383645786251577554F6
:108270004E0D0A6F774349702B34656135616E5539
:1082800072535137793179656A346B6D7679324E34
:108290004B776B395866674A6D534D6E4C416F662C
:1082A000614861366F7A6D7952795776503742421C
:1082B000464B7A0D0A4E74536A2B7547786474697D
:1082C00051775747305A6C49326F695A54717174FB
:1082D000305867643947594C624B7467666F4E6B10
:1082E0004E4843314A5A7664624A584E4736417581
:1082F0004B54326B4D0D0A745143513464714345F4
:10830000475A39726C5172693256356B61486959F6
:1083100063504E51456B49376D674D38597547303D
:108320006B612F304C697145514D656631616F4706
:10833000683545474138500D0A68597661693052B1
:108340006534686A4759692F485A6F3336586468EC
:10835000393879654A4B5148466B41342F4A2F458D
:108360007779456F4F373962657838636E61386366
:108370004650587245416A79610D0A485434503666
:108380004453595738747A53314B57324247694CEA
:1083900049434961546C6130772B77336C6B764578
:1083A000636633366849424D4A63434177454141EC
:1083B000614E4E4D457377435159440D0A56523024
:1083C00054424149774144416442674E56485134D2
:1083D00045466751557051586F5A4C6A6333324164
:1083E0005055424A4E594B686B7230324C51354DA4
:1083F00077487759445652306A424267770D0A46A9
:108400006F41557446726B70625065306C4C3275BA
:1084100064576D6C512F7250727A482F66387744CA
:1084200051594A4B6F5A496876634E41514546420D
:1084300051414467674542414A786E58436C590D33
:108440000A6F486B62703730637142727347584CE1
:108450007962413734637A624F3552644C456746DE
:1084600073377248565339722B633239336C7553F4
:108470002F4B646C694C53635A71417A5956796C2D
:10848000770D0A55665257764B4D6F576848594BD2
:10849000703364454953347854586B362F357A58C5
:1084A0007868763952773853476338716E36764933
:1084B00054486B3153316D50657674656B676173E9
:1084C0005935590D0A695751754D33683459566CF1
:1084D0005248334848454D414431546E41657866B1
:1084E00058484844465147652B4264316941627A95
:1084F000312F73483948386C345374775836656770
:1085000076544B334D0D0A775852776B4B6B766A26
:108510004B61454441394154625A78306D49384C79
:10852000477378537543716539723964796A6D742C
:10853000746434374A31703152756C7A33434C7AF3
:10854000615263564975530D0A525251666144385F
:108550006E654D396331532F694A2F616D545671E1
:108560004A7841314B4F644F533537383057685054
:1085700066534172412B673471416D536A656C6378
:108580003370347757706861380D0A7A6875597797
:108590006A567558364A484730633D0D0A2D2D2DD1
:1085A0002D2D454E4420434552544946494341549C
:1085B000452D2D2D2D2D0D0A000000000C00000072
:1085C000506F6C617253534C54657374000000001B
:1085D000F60600002D2D2D2D2D424547494E2052E7
:1085E00053412050524956415445204B45592D2D59
:1085F0002D2D2D0D0A50726F632D547970653A2020
:10860000342C454E435259505445440D0A44454B71
:108610002D496E666F3A204445532D454445332D10
:108620004342432C41384139354230354435423795
:10863000323036420D0A0D0A3951643947654172AC
:10864000656A6C3147445668326C4C5631624874E6
:108650003063507466626835682F357A56704156BB
:10866000614670717453504D72456C703530526E66
:10867000746E3965742B4A410D0A37564F79626F13
:10868000522B497932742F48553457764136383752
:108690006B33427070653947774B486A4868746C31
:1086A0002F2F3878464B775A7233586235794F35C9
:1086B0004A5550384155637451710D0A4E62384322
:1086C0004C6C5A797555432B35325245414174688B
:1086D00064576773582B37644A4F347961627A550F
:1086E000635132325470394A53443068694C3433E0
:1086F000426C6B5759554E4B3364416F0D0A505ABB
:108700006C6D6970746A6E7A56546A67314D78730D
:10871000425379645A696E574F4C4256382F4A512A
:10872000677853506F3279443475456669673238DB
:108730007162765132774E496E30706E41620D0A29
:1087400047786E53414F617A6B6F6E674547667627
:10875000636A4949732B4C5A4E39675846687863A7
:108760004F68366B6334512F63393942375157455F
:1087700054774C4C6B59675A2B7A316139565939B9
:108780000D0A67455537437743785943442B683979
:1087900068593646506D734B302F6C43344F3761F8
:1087A00065524B705971303072505078733669375A
:1087B0007068696578673661783679544D6D4172B5
:1087C00051710D0A516D4B335441734A6D38562F18
:1087D0004A354157704C4556366A4146675247798B
:1087E0006D4747486E6F663044587A56575A6964E9
:1087F00072635A4A57544E7547455839306E423362
:10880000656532770D0A50584A4546574B6F4433D9
:108810004B33614663534C64485972336D4C47780F
:108820005037483954685161693956737963785AB9
:108830004B53356B7776424B512F2F594D726D4606
:108840006677506B38780D0A76546559344B5A4D1B
:10885000615572766545656C3574575A43393452A3
:10886000534D4B67785236637945316E425879548F
:10887000516E444F476266704E4E67424B78794B5B
:1088800062494E576F4F4A550D0A574A5A41776C05
:1088900073516E2B517A434477707269372B73563C
:1088A000316D53336742453655593761516D6E6DA1
:1088B00069696143325633486270687863742F6522
:1088C0006E35517366444F7431580D0A4A637A53BA
:1088D000667052574C6C62507A6E5A67384F5168C6
:1088E0002F5667434D4135384E35446A4F7A5449C7
:1088F0004B37734A4A35722B39345A4254437067A6
:10890000414D624635383866304E54520D0A4B435D
:108910006534797278474A52375830324D346E7622
:10892000443449774F6C707351387851785A744F8A
:1089300053675876344C6B7876645539584A4A4BAD
:10894000575A2F584E4B4A65577A747853650D0A1B
:108950005A31766454633259667344424132534506
:108960007633337678487832673176717477385356
:108970006A44525432526151535330517553614DD0
:108980004A696D644F58366D544F43424B6B314AC0
:108990000D0A3951356D58547245522B2F4C6E4B80
:1089A000306A456D58734258574135627171565A55
:1089B000497961685853783456595A376C37772F4C
:1089C00050486955447444677952684D4D4B693439
:1089D0006E320D0A6951765163575351546A727061
:1089E0006E6C4A626361312F446B705274335977F5
:1089F00072764A776471623861735A553256724E94
:108A00004554683578305156656644524C4669562F
:108A10007069662F0D0A7455616541652F503146A6
:108A2000384F6B53374F495A447331535562762F41
:108A3000734432764D62684E6B556F436D73332FBE
:108A400050764E74646E76674C3446307A68614472
:108A5000704B436D6C540D0A503876783439453775
:108A600076354379524E6D4544397A5A67346F33BF
:108A7000776D4D7172514F3933507454756733456A
:108A800075396F5678317A50514D314E564D794285
:108A900061322B663239444C0D0A316E7554436590
:108AA00058646F392B6E69343578782B6A414934B4
:108AB000444377725264684A39757A5A7943363931
:108AC00036324833374836442B356E614E76436C28
:108AD00046523173366C693147620D0A6E71506FC0
:108AE00069792F4F42734578394361444763715127
:108AF000427035576D652F3358572B367A314953AD
:108B00004F782B6967774E5456435431346D48641F
:108B1000424D6279613065494B6674350D0A582BB8
:108B2000476E777467454D79435979795775556321
:108B300074386734527A45726359392B7957394FF3
:108B40006D35487A7078347A4F7557344E505A677D
:108B5000504454674B2B743252534C2F59710D0AA9
:108B60007245316E6A726765475963566547336669
:108B70002B4F6674483473366650627137743141D6
:108B8000355A67557363624C4D42717239744B2B81
:108B90004F717967523445674B4250734836437A78
:108BA0000D0A4C367A6C762F325256307141487627
:108BB0005675444A6349444967775935724A74493E
:108BC0004E456D333272684F65464E4A775A53357B
:108BD0004D4E494331637A585A78352F2F7567586F
:108BE000376C0D0A49347379356E62566877536A6B
:108BF00074416B38586735645A6264545A366D490B
:108C00007262377871482B6664616B5A6F72316B90
:108C10006847376243327549776962443363536CFE
:108C200032586B520D0A774E34386C736C62486E52
:108C3000717161677236586D316E4E4F53566C3894
:108C4000432F366B624A45734D704C6841657A66B6
:108C500052744777764F75636F61452B5762655540
:108C60004E6F6C4764650D0A502F655169646453FB
:108C7000663062726E70694C4A526837715A726C13
:108C80003958757159647055716E6F45644D416600
:108C90006F74444F4944384F7456376774386134A1
:108CA00038616438565057320D0A2D2D2D2D2D4523
:108CB0004E44205253412050524956415445204B76
:108CC00045592D2D2D2D2D0D0A0000002D2D2D2D5A
:108CD0002D424547494E2043455254494649434158
:108CE00054452D2D2D2D2D0D0A4D494944687A43AB
:108CF00043416D2B674177494241674942414441B5
:108D00004E42676B71686B69473977304241515504
:108D100046414441374D517377435159445651515F
:108D20004745774A4F544445520D0A4D4138474113
:108D300031554543684D495547397359584A54553B
:108D40003077784754415842674E5642414D54451A
:108D50004642766247467955314E4D4946526C63DC
:108D6000335167513045774868634E0D0A4D54457D
:108D7000774D6A45794D5451304E44417757686379
:108D80004E4D6A45774D6A45794D5451304E4441B8
:108D900077576A41374D5173774351594456515172
:108DA0004745774A4F544445524D4138470D0A4193
:108DB00031554543684D495547397359584A5455BB
:108DC0003077784754415842674E5642414D54459A
:108DD0004642766247467955314E4D4946526C635C
:108DE00033516751304577676745694D4130470DCD
:108DF0000A435371475349623344514542415155E7
:108E00004141344942447741776767454B416F4957
:108E10004241514441337A6638463776676C703048
:108E20002F687436574D6E3145705261677A5348DA
:108E3000780D0A6D64547336737438474667496C0D
:108E40004B58736D38574C33786F656D54695A6859
:108E500078353777493035337A6864634867483006
:108E600035375A6B2B6935636C48467A714D7755A7
:108E7000716E790D0A35304277464D74456F6E49F3
:108E80004C777556412B54376C7067367A2B657862
:108E90004B593843344B5142306E466337714B5512
:108EA000456B4848787659505A5039616C346A7726
:108EB000716A2B386E0D0A594D50476E387536372A
:108EC000474239742B61454D7235502B31676D49DE
:108ED000674E62314C54562B2F586A6C6935777740
:108EE0004F51757666777537754A42566341304CF7
:108EF0006E306B636D6E4C0D0A5237455551494EBD
:108F0000395A2F5347396A477238586D6B73725507
:108F10007545766D45462F42696279632B45316907
:108F200078564130686D6E4D336F54445062354C05
:108F30006339756E38724E73750D0A4B4E462B4170
:108F40006B736A6F4258794F47566B43656F4D623A
:108F50006F346246364278794C4F62796176707729
:108F60002F4C5068356150674149796E706C596279
:108F7000364C5641674D424141476A0D0A675A5582
:108F800077675A49774441594456523054424155C3
:108F900077417745422F7A416442674E56485134B3
:108FA00045466751557446726B70625065306C4C23
:108FB000327564576D6C512F7250727A480D0A2FBA
:108FC000663877597759445652306A424677775710
:108FD0006F41557446726B70625065306C4C3275DF
:108FE00064576D6C512F7250727A482F662B6850FF
:108FF0003651394D447378437A414A42674E560D93
:109000000A42415954416B354D4D52457744775989
:10901000445651514B4577685162327868636C4EC3
:10902000545444455A4D4263474131554541784D6A
:10903000515547397359584A5455307767564756F2
:109040007A0D0A64434244515949424144414E42D7
:10905000676B71686B6947397730424151554641BA
:10906000414F434151454175503155324142556B55
:1090700049736C734366646C633269393451484890
:1090800059654A0D0A5373523445646748746463E2
:10909000695549354936324A364D6F6D2B59306422
:1090A000542F37612B3853364D564D435A50364363
:1090B000354E794E795877314757592F59523832B2
:1090C00058544A38480D0A44424A6943546F6B3534
:1090D00044625A36537A614F4E427A645748587701
:1090E00057776D693576673164786E375978724D88
:1090F000396430496A784D3237574E4B7334734474
:1091000051685A42516B460D0A706A6D667332633C
:1091100062346F506C34593954396D6554782F6C02
:1091200076646B525945756736314A666E366341CF
:109130002B7148707950596454482B5573684954C1
:109140006E6D70352F5A746B660D0A6D2F55545322
:109150004C424E464E48657369545A654833314E09
:10916000637859476448536D65394E632F67666964
:1091700064526130464C4F43665778526C46714199
:109180004934377A47396A4151435A0D0A375A32BE
:109190006D4347444E4D686A51632B425963646E78
:1091A0006C306C50586A64444B36563071436731AA
:1091B00064566577685542635735675A4B7A563718
:1091C00065392B447056413D3D0D0A2D2D2D2D2D19
:1091D000454E442043455254494649434154452D48
:1091E0002D2D2D2D0D0A00002D2D2D2D2D42454705
:1091F000494E2043455254494649434154452D2D3B
:109200002D2D2D0D0A4D494944687A4343416D2B5C
:109210006741774942416749424144414E42676B49
:1092200071686B6947397730424151734641444117
:10923000374D517377435159445651514745774AF9
:109240004F544445520D0A4D41384741315545432D
:109250006777495547397359584A54553077784795
:1092600054415842674E5642414D4D454642766202
:1092700047467955314E4D4946526C6333516751DB
:109280003045774868634E0D0A4D5463774E54411C
:10929000304D5459314E7A41785768634E4D6A6368
:1092A000774E5441314D5459314E7A4178576A4185
:1092B000374D517377435159445651514745774A79
:1092C0004F544445524D4138470D0A4131554543AD
:1092D0006777495547397359584A54553077784715
:1092E00054415842674E5642414D4D454642766282
:1092F00047467955314E4D4946526C63335167515B
:10930000304577676745694D4130470D0A435371D2
:1093100047534962334451454241515541413449D3
:1093200042447741776767454B416F494241514419
:1093300041337A6638463776676C70302F687436FA
:10934000574D6E3145705261677A5348780D0A6DFA
:1093500064547336737438474667496C4B58736D61
:1093600038574C33786F656D54695A68783537775C
:10937000493035337A6864634867483035375A6B0B
:109380002B6935636C48467A714D7755716E790D4E
:109390000A35304277464D74456F6E494C777556A5
:1093A000412B54376C7067367A2B65784B593843AC
:1093B000344B5142306E466337714B55456B4848CC
:1093C000787659505A5039616C346A77716A2B3803
:1093D0006E0D0A594D50476E38753637474239740D
:1093E0002B61454D7235502B31676D49674E6231A7
:1093F0004C54562B2F586A6C693577774F517576D8
:1094000066777537754A42566341304C6E306B63F0
:109410006D6E4C0D0A5237455551494E395A2F53EE
:1094200047396A477238586D6B7372557545766D5A
:1094300045462F42696279632B4531697856413040
:10944000686D6E4D336F54445062354C6339756EA0
:1094500038724E73750D0A4B4E462B416B736A6F13
:109460004258794F47566B43656F4D626F34624681
:10947000364278794C4F6279617670772F4C50681C
:10948000356150674149796E706C5962364C56416E
:10949000674D424141476A0D0A675A5577675A49F5
:1094A00077485159445652304F42425945464C52E2
:1094B00061354B577A33744A5339726E5670705512
:1094C00050367A3638782F332F4D474D4741315536
:1094D00064497752634D4671410D0A464C526135DD
:1094E0004B577A33744A5339726E567070555036F2
:1094F0007A3638782F332F6F542B6B505441374DB9
:10950000517377435159445651514745774A4F5407
:109510004445524D413847413155450D0A4367771F
:10952000495547397359584A54553077784754410B
:109530005842674E5642414D4D4546427662474637
:109540007955314E4D4946526C633351675130471E
:10955000434151417744415944565230540D0A42D7
:10956000415577417745422F7A414E42676B71688A
:109570006B6947397730424151734641414F43410E
:10958000514541484B2F484872545A4D6E6E564DC6
:1095900070646531696F2B766F4174716C376A0D39
:1095A0000A347352684C726A44376F335448747784
:1095B0005262446132646943767071305371323360
:1095C0004E67324C4D596F58734F786F4C2F525134
:1095D0004B33694E37554B7856334D4B50457230AF
:1095E000770D0A5851532B6B4B517169543262738A
:1095F00066726A6E574D56485A74554F4D706D36A7
:10960000464E716364476D2F52737333764B6461BA
:10961000326C634B6C386B556E712F796C63312BE8
:109620005162420D0A4736413674557651637232A3
:109630005A79576656672B6D4D35586B6854724F83
:109640004F587573324F4C696B6234577745744A83
:10965000544A524E4530662B79504F4453557A3018
:109660002F765435370D0A41704830436E423830FA
:1096700062594A73685948504848796D4F746C650F
:109680004142384B535974716D3735672F594E6FBE
:10969000626A6E6A4236636D34486B57334F5A5272
:1096A00056496C366659590D0A6E32304E52564143
:1096B00031566A73364741524F72344E7157346B8C
:1096C0002F2B4C6F66593979304C4C44452B7030F8
:1096D0006F49454B584973497668507233397377EF
:1096E0007853413D3D0D0A2D2D2D2D2D454E442005
:1096F00043455254494649434154452D2D2D2D2D66
:109700000D0A00001B0500002D2D2D2D2D42454773
:10971000494E2043455254494649434154452D2D15
:109720002D2D2D0D0A4D494944687A4343416D2B37
:109730006741774942416749424144414E42676B24
:1097400071686B69473977304241517346414441F2
:10975000374D517377435159445651514745774AD4
:109760004F544445520D0A4D413847413155454308
:109770006777495547397359584A54553077784770
:1097800054415842674E5642414D4D4546427662DD
:1097900047467955314E4D4946526C6333516751B6
:1097A0003045774868634E0D0A4D5463774E5441F7
:1097B000304D5459314E7A41785768634E4D6A6343
:1097C000774E5441314D5459314E7A4178576A4160
:1097D000374D517377435159445651514745774A54
:1097E0004F544445524D4138470D0A413155454388
:1097F0006777495547397359584A545530777847F0
:1098000054415842674E5642414D4D45464276625C
:1098100047467955314E4D4946526C633351675135
:10982000304577676745694D4130470D0A435371AD
:1098300047534962334451454241515541413449AE
:1098400042447741776767454B416F4942415144F4
:1098500041337A6638463776676C70302F687436D5
:10986000574D6E3145705261677A5348780D0A6DD5
:1098700064547336737438474667496C4B58736D3C
:1098800038574C33786F656D54695A687835377737
:10989000493035337A6864634867483035375A6BE6
:1098A0002B6935636C48467A714D7755716E790D29
:1098B0000A35304277464D74456F6E494C77755680
:1098C000412B54376C7067367A2B65784B59384387
:1098D000344B5142306E466337714B55456B4848A7
:1098E000787659505A5039616C346A77716A2B38DE
:1098F0006E0D0A594D50476E3875363747423974E8
:109900002B61454D7235502B31676D49674E623181
:109910004C54562B2F586A6C693577774F517576B2
:1099200066777537754A42566341304C6E306B63CB
:109930006D6E4C0D0A5237455551494E395A2F53C9
:1099400047396A477238586D6B7372557545766D35
:1099500045462F42696279632B453169785641301B
:10996000686D6E4D336F54445062354C6339756E7B
:1099700038724E73750D0A4B4E462B416B736A6FEE
:109980004258794F47566B43656F4D626F3462465C
:10999000364278794C4F6279617670772F4C5068F7
:1099A000356150674149796E706C5962364C564149
:1099B000674D424141476A0D0A675A5577675A49D0
:1099C00077485159445652304F42425945464C52BD
:1099D00061354B577A33744A5339726E56707055ED
:1099E00050367A3638782F332F4D474D4741315511
:1099F00064497752634D4671410D0A464C526135B8
:109A00004B577A33744A5339726E567070555036CC
:109A10007A3638782F332F6F542B6B505441374D93
:109A2000517377435159445651514745774A4F54E2
:109A30004445524D413847413155450D0A436777FA
:109A4000495547397359584A5455307778475441E6
:109A50005842674E5642414D4D4546427662474612
:109A60007955314E4D4946526C63335167513047F9
:109A7000434151417744415944565230540D0A42B2
:109A8000415577417745422F7A414E42676B716865
:109A90006B6947397730424151734641414F4341E9
:109AA000514541484B2F484872545A4D6E6E564DA1
:109AB00070646531696F2B766F4174716C376A0D14
:109AC0000A347352684C726A44376F33544874775F
:109AD000526244613264694376707130537132333B
:109AE0004E67324C4D596F58734F786F4C2F52510F
:109AF0004B33694E37554B7856334D4B504572308A
:109B0000770D0A5851532B6B4B5171695432627364
:109B100066726A6E574D56485A74554F4D706D3681
:109B2000464E716364476D2F52737333764B646195
:109B3000326C634B6C386B556E712F796C63312BC3
:109B40005162420D0A47364136745576516372327E
:109B50005A79576656672B6D4D35586B6854724F5E
:109B60004F587573324F4C696B6234577745744A5E
:109B7000544A524E4530662B79504F4453557A30F3
:109B80002F765435370D0A41704830436E423830D5
:109B900062594A73685948504848796D4F746C65EA
:109BA0004142384B535974716D3735672F594E6F99
:109BB000626A6E6A4236636D34486B57334F5A524D
:109BC00056496C366659590D0A6E32304E5256411E
:109BD00031566A73364741524F72344E7157346B67
:109BE0002F2B4C6F66593979304C4C44452B7030D3
:109BF0006F49454B584973497668507233397377CA
:109C00007853413D3D0D0A2D2D2D2D2D454E4420DF
:109C100043455254494649434154452D2D2D2D2D40
:109C20000D0A0000E90000002D2D2D2D2D42454785
:109C3000494E2045432050524956415445204B45FA
:109C4000592D2D2D2D2D0D0A4D486343415145456C
:109C500049506233686D54785A332F6D5A493376C0
:109C6000796B37703355337742662B57496F7036AF
:109C70006844686B467A4A686D4C63716F416F4700
:109C800043437147534D34390D0A417745486F5569
:109C9000514451674145562B5775735850663036BD
:109CA00079376B3769422F784B7537755A54724D37
:109CB0003556552F59304473777534324D6C4339CE
:109CC0002B5934764E63594461570D0A774E5559D6
:109CD0004648446C66352F565330555935624273A9
:109CE00031567A346C6F2B48634B506B78773D3D1F
:109CF0000D0A2D2D2D2D2D454E442045432050522B
:109D00004956415445204B45592D2D2D2D2D0D0AD9
:109D1000000000003D0300002D2D2D2D2D42454754
:109D2000494E2043455254494649434154452D2DFF
:109D30002D2D2D0D0A4D4949434C44434341624B5F
:109D40006741774942416749424454414B42676702
:109D500071686B6A4F50515144416A412B4D5173A8
:109D600077435159445651514745774A4F544445DA
:109D7000524D4138470D0A4131554543684D4955CB
:109D800047397359584A54553077784844416142AD
:109D9000674E5642414D544531427662474679639B
:109DA000334E734946526C6333516752554D675178
:109DB0003045774868634E0D0A4D544D774F5449EE
:109DC000304D5455314D6A41305768634E4D6A4DA0
:109DD000774F5449794D5455314D6A4130576A4255
:109DE000424D517377435159445651514745774A33
:109DF0004F544445524D4138470D0A413155454372
:109E0000684D495547397359584A54553077784801
:109E10007A416442674E5642414D54466C427662E6
:109E200047467955314E4D4946526C63335167511F
:109E30003278705A573530494449770D0A575441A2
:109E40005442676371686B6A4F5051494242676779
:109E500071686B6A4F50514D4242774E43414152B7
:109E6000583561367863392F54724C7554754948AA
:109E70002F45713775356C4F737A6C56540D0A390E
:109E80006A514F7A43376A5979554C33356A693884
:109E90003178674E70624131526755634F562F6E6D
:109EA00039564C52526A6C73477A56585069576A01
:109EB0003464776F2B54486F3447644D4947610DC4
:109EC0000A4D416B4741315564457751434D4141FE
:109ED00077485159445652304F4242594546486F8F
:109EE0004158345A6B2F4F4264355245514F374CCD
:109EF0006D4F38516D50382F694D473447413155BA
:109F0000640D0A4977526E4D475741464A317449AC
:109F100043524A41543872793369314762782B4A47
:109F20004D6E622B7A5A386F554B6B5144412B4D15
:109F3000517377435159445651514745774A4F54CD
:109F40004445520D0A4D4138474131554543684D0E
:109F5000495547397359584A5455307778484441E0
:109F60006142674E5642414D544531427662474602
:109F70007963334E734946526C6333516752554D82
:109F800067513047430D0A43514442512B4A2B59E4
:109F90006B504D3644414B42676771686B6A4F5056
:109FA00051514441674E6F4144426C416A424B5AA1
:109FB00051313749494F696D626D6F442F794E3782
:109FC0006F38397533424D0D0A6C674F736A6E688E
:109FD000773366494F6F4C49577932574F47736B08
:109FE0002F4C47462B2B447A7672527A754E694134
:109FF000434D5143643869656D315853344A4B378A
:10A0000068616A38786F6370550D0A4C776A516AD7
:10A010006535504447486664336839745033385165
:10A020006B6E7535624A717773306D64324B4F4B8E
:10A030004879655630553D0D0A2D2D2D2D2D454E57
:10A04000442043455254494649434154452D2D2D02
:10A050002D2D0D0A00000000E90000002D2D2D2DF2
:10A060002D424547494E20454320505249564154C0
:10A0700045204B45592D2D2D2D2D0D0A4D4863435F
:10A08000415145454950457145794232416E436FD2
:10A09000504C2F39552F59444876647158596249AC
:10A0A0006F67547977777970362F55664477366EB7
:10A0B0006F416F4743437147534D34390D0A417720
:10A0C00045486F555144516741454E38785732588D
:10A0D000594A486C70795073645A4C663867627597
:10A0E00035382B516152644E4374464C58336143AA
:10A0F0004A5A59704A4F355144594978482F0D0AE8
:10A1000036692F534E4631644672324B694D4A725E
:10A11000647731567A596F7144766F42794C547432
:10A120002F773D3D0D0A2D2D2D2D2D454E442045DB
:10A13000432050524956415445204B45592D2D2D11
:10A140002D2D0D0A000000002D0300002D2D2D2DBA
:10A150002D424547494E20434552544946494341C3
:10A1600054452D2D2D2D2D0D0A4D494943487A4337
:10A1700043416157674177494241674942435441EE
:10A180004B42676771686B6A4F50515144416A4155
:10A190002B4D517377435159445651514745774A96
:10A1A0004F544445524D4138470D0A4131554543BE
:10A1B000684D495547397359584A5455307778484E
:10A1C00044416142674E5642414D544531427662A8
:10A1D00047467963334E734946526C633351675235
:10A1E000554D67513045774868634E0D0A4D544DC3
:10A1F000774F5449304D5455314D6A41305768635B
:10A200004E4D6A4D774F5449794D5455314D6A4101
:10A2100030576A41304D517377435159445651512B
:10A220004745774A4F544445524D4138470D0A41FE
:10A2300031554543684D495547397359584A545526
:10A24000307778456A415142674E5642414D5443FA
:10A25000577876593246736147397A6444425A4D89
:10A26000424D4742797147534D3439416745470D57
:10A270000A43437147534D3439417745484130498A
:10A28000414244664D56746C3243523561636A37BD
:10A29000485753332F4947377566506B476B5854AF
:10A2A00051725253313932676957574B5354755570
:10A2B000410D0A32434D522F2B6F76306A5264584B
:10A2C000526139696F6A436133634E5663324B4B57
:10A2D0006737364163693037662B6A675A3077676C
:10A2E0005A6F77435159445652305442414977414D
:10A2F0004441640D0A42674E564851344546675101
:10A30000555547476C6A3951483264654341517A23
:10A310006C5A582B4D5930616E4537347762675906
:10A32000445652306A424763775A5941556E573006
:10A33000674A456B420D0A5079764C654C555A7602
:10A3400048346B796476374E6E7968517152414D5D
:10A35000443478437A414A42674E56424159544107
:10A360006B354D4D524577447759445651514B45C5
:10A37000776851623278680D0A636C4E54544445D4
:10A38000634D426F474131554541784D54554739EA
:10A390007359584A7A633277675647567A6443420C
:10A3A00046517942445159494A414D4644346E35EB
:10A3B0006951387A6F4D416F470D0A4343714753D6
:10A3C0004D343942414D43413267414D4755434D2C
:10A3D0005143614C467A58707475693557514E38FF
:10A3E0004C6C4F3364646831684D787836747A67A2
:10A3F0004C765430334D54564B32530D0A43313260
:10A4000072304C7A3372692F6D6F5345704E5A57C4
:10A4100071506A6B434D4345326635334758635933
:10A420004C717966794A52303738632F784E5355DC
:10A4300055352B58786C37565A343134560D0A66D8
:10A440004761356B4876484152425063385941491B
:10A450005649714476484831513D3D0D0A2D2D2D08
:10A460002D2D454E442043455254494649434154BD
:10A47000452D2D2D2D2D0D0A000000000C00000093
:10A48000506F6C617253534C54657374000000003C
:10A490006A0100002D2D2D2D2D424547494E2045A6
:10A4A000432050524956415445204B45592D2D2D9E
:10A4B0002D2D0D0A50726F632D547970653A20343A
:10A4C0002C454E435259505445440D0A44454B2D9A
:10A4D000496E666F3A204445532D454445332D431C
:10A4E00042432C33303745414234363939333344D3
:10A4F0003634450D0A0D0A49786272526D4B63413C
:10A500007A63744A71506454514C413453577942C0
:10A51000595947594A566B59456E612B4637506118
:10A5200035743559672F674B414472464B636D361E
:10A53000423732653744470D0A69684578745A498D
:10A5400036343873307A6459773671534A373476F3
:10A550007250537557446535716D39334271736666
:10A56000564839737674437A57485730706D317056
:10A57000304B544243466655710D0A557375575416
:10A580004954774A496D636E6C4173316761525A21
:10A59000337341576D37634F5569644C30666F3282
:10A5A0004730665955464E63596F43534C66664370
:10A5B000465445484275506E6167620D0A613737EF
:10A5C000782F735931427669693853392F58684466
:10A5D00054623670544D783036777A726D0D0A2D8C
:10A5E0002D2D2D2D454E4420454320505249564196
:10A5F0005445204B45592D2D2D2D2D0D0A000000C1
:10A60000730300002D2D2D2D2D424547494E20432B
:10A61000455254494649434154452D2D2D2D2D0D6C
:10A620000A4D494943556A43434164656741774947
:10A63000424167494A414D4644346E356951387A42
:10A640006F4D416F4743437147534D343942414D3C
:10A65000434D443478437A414A42674E5642415909
:10A66000540D0A416B354D4D524577447759445648
:10A6700051514B4577685162327868636C4E54543F
:10A680004445634D426F474131554541784D5455DE
:10A6900047397359584A7A633277675647567A640E
:10A6A0004342460D0A517942445154416546773040
:10A6B000784D7A41354D6A51784E5451354E446843
:10A6C00061467730794D7A41354D6A49784E54511B
:10A6D000354E4468614D443478437A414A42674E6E
:10A6E00056424159540D0A416B354D4D5245774400
:10A6F0007759445651514B457768516232786863B7
:10A700006C4E54544445634D426F47413155454169
:10A71000784D545547397359584A7A63327767569A
:10A7200047567A644342460D0A5179424451544295
:10A73000324D42414742797147534D343941674563
:10A7400047425375424241416941324941424D506D
:10A75000614B7A52424E3167766831622B2F496DD8
:10A76000364B554E4C547542750D0A777735585512
:10A770007A4D35574E5253744A47564F51736A3388
:10A780003138584A474A492F4271564B6334734C0B
:10A7900059664369464B4172395A717179486475FB
:10A7A0004E4D63626C6934797569790D0A61593768
:10A7B0007A51613070773752666461644862395506
:10A7C0005A4B5656706D6C4D37494C526D466D4123
:10A7D0007A48714F426F4443426E54416442674E1F
:10A7E0005648513445466751556E5730670D0A4AF1
:10A7F000456B425079764C654C555A7648346B79A6
:10A800006476374E6E7777626759445652306A42A3
:10A810004763775A5941556E5730674A456B4250E6
:10A8200079764C654C555A7648346B796476370D99
:10A830000A4E6E7968517152414D443478437A41E1
:10A840004A42674E5642415954416B354D4D52452F
:10A8500077447759445651514B4577685162327865
:10A8600068636C4E54544445634D426F47413155C3
:10A87000450D0A41784D545547397359584A7A6302
:10A880003277675647567A6443424651794244517B
:10A8900059494A414D4644346E356951387A6F4DB5
:10A8A00041774741315564457751464D414D4241CD
:10A8B0006638770D0A436759494B6F5A497A6A30AF
:10A8C0004541774944615141775A674978414D4F35
:10A8D00030596E4E574B4A5541665867534A744A31
:10A8E0007865786E346970672B6B76347A6E755242
:10A8F00035307635360D0A74346430504375343152
:10A90000326D5543364E6E6437697A767445324DF2
:10A910006749784150316E6E4A516A5A38425775CC
:10A920006B737A4651444734387778434379636987
:10A9300039717064534D760D0A75436A6E387077BD
:10A94000554F6B4142584B384D73733930667A43DB
:10A950006643454F7449413D3D0D0A2D2D2D2D2D4A
:10A96000454E442043455254494649434154452DA0
:10A970002D2D2D2D0D0A0000020000006CB002608C
:10A980000300000050B002600400000034B0026018
:10A990000500000018B0026006000000FCAF026075
:10A9A00007000000E0AF026008000000C4AF0260D2
:10A9B00009000000A8AF02600A0000008CAF02602E
:10A9C0000B00000070AF02600C00000054AF02608A
:10A9D0000D00000038AF02600E000000F8AE02600B
:10A9E0000F000000DCAE026010000000C0AE02608C
:10A9F0002B00000080AE02602C00000064AE0260FC
:10AA00002D00000048AE02601100000008AE026098
:10AA100012000000ECAD026013000000D0AD026037
:10AA200014000000B4AD02601500000098AD026093
:10AA3000160000007CAD02601700000060AD0260EF
:10AA40001800000044AD02601900000028AD02604B
:10AA50001A0000000CAD02601B000000F0AC0260A8
:10AA60001C000000D4AC02601D00000094AC026029
:10AA70001E00000078AC02601F0000005CAC0260A9
:10AA80002E0000001CAC02602F00000000AC026031
:10AA900030000000E4AB026020000000A4AB0260C4
:10AAA0002200000048AB026024000000ECAA026013
:10AAB0002100000088AB0260230000002CAB026084
:10AAC00025000000D0AA0260000000000000000085
:10AAD00025020000C0000000E41D00200800000066
:10AAE000000000000800000008AB02602401000024
:10AAF000C0000000F41D002008000000000000005D
:10AB00000800000008AB026004000000F58000604F
:10AB10000981006000000000000000002981006041
:10AB200025810060A58100602D8100602302000066
:10AB300080000000041E002008000000000000004B
:10AB40000800000064AB02602201000080000000E9
:10AB5000101E002008000000000000000800000097
:10AB600064AB026003000000F580006009810060B2
:10AB70000000000000000000218100601D810060D5
:10AB8000A58100602D8100602102000040000000CE
:10AB9000442400200800000000000000080000001D
:10ABA000C0AB026020010000400000001C1E00201D
:10ABB000080000000000000008000000C0AB0260B8
:10ABC00003000000ED800060FD80006000000000D8
:10ABD000000000001981006015810060BD810060E7
:10ABE000418100603008000000010000241E0020A8
:10ABF0000C000000010000001000000038AC0260F2
:10AC00002F080000C0000000381E00200C000000CB
:10AC1000010000001000000038AC02602E080000A7
:10AC2000800000004C1E00200C000000010000000D
:10AC30001000000038AC02600500000000000000B9
:10AC4000000000000000000000000000E180006043
:10AC5000E1800060D5810060558100601F06000022
:10AC600000010000601E00200C0000000100000038
:10AC700010000000B0AC02601E060000C000000022
:10AC8000741E00200C0000000100000010000000F5
:10AC9000B0AC02601D06000080000000881E00208D
:10ACA0000C0000000100000010000000B0AC0260C9
:10ACB000050000000000000000000000000000008F
:10ACC00000000000D5800060D5800060ED8100604C
:10ACD000698100601C050000000100009C1E00202E
:10ACE00010000000000000001000000024AE026010
:10ACF0001B050000C0000000B01E00201000000076
:10AD0000000000001000000024AE02601A050000E0
:10AD100080000000C41E00201000000000000000A1
:10AD20001000000024AE02601903000000010000C2
:10AD3000D81E0020100000000000000010000000DD
:10AD400024AE026018030000C0000000EC1E0020CA
:10AD500010000000000000001000000024AE02609F
:10AD60001703000080000000001F002010000000FA
:10AD7000000000001000000024AE02601602000077
:10AD800000010000141F002010000000000000005F
:10AD90001000000024AE026015020000C000000098
:10ADA000281F00201000000000000000100000001C
:10ADB00024AE026014020000800000003C1F00204E
:10ADC00010000000000000001000000024AE02602F
:10ADD0001301000000010000501F002010000000BF
:10ADE000000000001000000024AE0260120100000C
:10ADF000C0000000641F00201000000000000000E0
:10AE00001000000024AE026011010000800000006C
:10AE1000781F00201000000000000000100000005B
:10AE200024AE026005000000AD800060B1800060CB
:10AE3000BD800060C5800060D1800060CD80006072
:10AE4000058200607D8100602D0800000001000087
:10AE50008C1F00200C00000001000000100000000A
:10AE60009CAE02602C080000C0000000981F00206B
:10AE70000C00000001000000100000009CAE026009
:10AE80002B08000080000000A41F00200C00000020
:10AE900001000000100000009CAE026002000000F3
:10AEA00000000000000000000000000000000000A2
:10AEB000A1800060A1800060D581006055810060A4
:10AEC0001006000000010000B01F00200C00000070
:10AED000010000001000000014AF02600F06000027
:10AEE000C0000000BC1F00200C000000010000009A
:10AEF0001000000014AF02600E0600008000000089
:10AF0000C81F00200C00000001000000100000001D
:10AF100014AF02600200000000000000000000000A
:10AF20000000000000000000958000609580006037
:10AF3000ED810060698100600D05000000010000E6
:10AF4000D41F0020100000000000000010000000CE
:10AF500088B002600C050000C0000000E01F002067
:10AF600010000000000000001000000088B0026027
:10AF70000B05000080000000EC1F00201000000006
:10AF8000000000001000000088B002600A0300000A
:10AF900000010000F81F0020100000000000000069
:10AFA0001000000088B0026009030000C00000002B
:10AFB0000820002010000000000000001000000029
:10AFC00088B0026008030000800000001820002004
:10AFD00010000000000000001000000088B00260B7
:10AFE00007020000000100002820002010000000DF
:10AFF000000000001000000088B00260060200009F
:10B00000C0000000342000201000000000000000FC
:10B010001000000088B002600502000080000000FF
:10B020004020002010000000000000001000000080
:10B0300088B0026004010000000100004C200020E4
:10B0400010000000000000001000000088B0026046
:10B0500003010000C0000000582000201000000084
:10B06000000000001000000088B002600201000033
:10B07000800000006420002010000000000000009C
:10B080001000000088B00260020000006D800060C7
:10B09000718000607D80006085800060918000602C
:10B0A0008D8000601D8200609181006001020407B4
:10B0B000080B0D0E10131516191A1C1F2023252618
:10B0C000292A2C2F31323437383B3D3E4043454608
:10B0D000494A4C4F51525457585B5D5E61626467F8
:10B0E000686B6D6E70737576797A7C7F80838586E8
:10B0F000898A8C8F91929497989B9D9EA1A2A4A7D8
:10B10000A8ABADAEB0B3B5B6B9BABCBFC1C2C4C7C7
:10B11000C8CBCDCED0D3D5D6D9DADCDFE0E3E5E6B7
:10B12000E9EAECEFF1F2F4F7F8FBFDFE01010101B1
:10B1300001010101FEFEFEFEFEFEFEFE1F1F1F1F9F
:10B140000E0E0E0EE0E0E0E0F1F1F1F1011F011F43
:10B15000010E010E1F011F010E010E0101E001E0B1
:10B1600001F101F1E001E001F101F10101FE01FE57
:10B1700001FE01FEFE01FE01FE01FE011FE01FE0D7
:10B180000EF10EF1E01FE01FF10EF10E1FFE1FFE8B
:10B190000EFE0EFEFE1FFE1FFE0EFE0EE0FEE0FE89
:10B1A000F1FEF1FEFEE0FEE0FEF1FEF140100010C7
:10B1B0000010000000000400401004100000001007
:10B1C000401000104000000000000010400004008B
:10B1D00000000410401004100010040000100410BF
:10B1E00040100400001000004000000000000410A7
:10B1F000400000100010001040100000001004007B
:10B200004000040040000410001004104010000032
:10B21000000000000000000040000410400000108A
:10B220000010001040100400000004004010040052
:10B230000000040000100410001000004000000096
:10B240004000041000100000401004000010001026
:10B2500040000000400000100000041040000410F6
:10B26000000000100000040040100010000000006A
:10B2700040100410400004004000001000000410C2
:10B2800000100010401000100000000040100410DA
:10B2900000100400001004004010000040100000E6
:10B2A0004000040000000010001004100000200006
:10B2B0000200200402080004000000000008000052
:10B2C00002080004020820000008200402082004EC
:10B2D0000000200000000000020000040200000046
:10B2E000000000040200200402080000000800041E
:10B2F00002082000020020000008000402000004F0
:10B3000000002004000820040200200000002004A7
:10B3100000080000020800000208200400082000C5
:10B3200002000000000000040008200000000004EB
:10B3300000082000000020000208000402080004A9
:10B34000020020040200200402000000020020008D
:10B350000000000400080004000020000008200491
:10B360000208000002082000000820040208000073
:10B37000020000040208200400002004000820004D
:10B38000000000000200000002082004000000008D
:10B390000208200000002004000800000200000451
:10B3A0000008000400080000020020001000002037
:10B3B00000004020004000001040402000004020DD
:10B3C000100000001040402000004000004000201D
:10B3D000104040000000400010000020100040001D
:10B3E000004000200000002010400000000000008D
:10B3F00010004000104000200040000000404000CD
:10B4000010400020100000001000402010004020DC
:10B4100000000000104040000040402010400000AC
:10B42000004040000040402000000020004000207C
:10B43000100000001000402000404000104040205C
:10B4400000004000104000001000002000004000FC
:10B4500000400020000000201040000010000020EC
:10B4600010404020004040000000402010404000BC
:10B4700000404020000000001000402010000000AC
:10B48000004000000000402010404000004000004C
:10B49000100040001040002000000000004040204C
:10B4A000000000201000400010400020012080001B
:10B4B00081200000812000008000000080208000AA
:10B4C00081008000010080000120000000000000D9
:10B4D000002080000020800081208000810000008A
:10B4E00000000000800080000100800001000000DA
:10B4F000002000000000800001208000800000008B
:10B5000000008000012000008020000081008000F9
:10B51000010000008020000080008000002000006A
:10B520008020800081208000810000008000800059
:10B530000100800000208000812080008100000048
:10B5400000000000000000000020800080200000BB
:10B550008000800081008000010000000120800048
:10B5600081200000812000008000000081208000F8
:10B5700081000000010000000020000001008000A8
:10B580000120000080208000810080000120000058
:10B59000802000000000800001208000800000006A
:10B5A00000008000002000008020800020801080AB
:10B5B000008000800080000020801000000010004B
:10B5C00020000000200010802080008020000080EB
:10B5D00020801080008010800000008000800080AB
:10B5E00000001000200000002000108000801000EB
:10B5F000200010002080008000000000000000807B
:10B60000008000002080100000001080200010004A
:10B61000200000800000000000801000208000005A
:10B6200000801080000010802080000000000000DA
:10B63000208010002000108000001000208000807A
:10B64000000010800080108000800000000010804A
:10B6500000800080200000002080108020801000EA
:10B66000200000000080000000000080208000001A
:10B6700000801080000010002000008020001000DA
:10B68000208000802000008020001000008010003A
:10B69000000000000080008020800000000000808A
:10B6A0002000108020801080008010000001000029
:10B6B000000108020000080200010042000008002A
:10B6C00000010000000000400000080200010840E6
:10B6D00000000800000100020001084000010042D3
:10B6E00000000842000108000000004000000002C5
:10B6F0000000084000000840000000000001004079
:10B700000001084200010842000100020000084256
:10B71000000100400000000000000042000108029B
:10B7200000000002000000420001080000000800C4
:10B730000001004200010000000000020000004083
:10B740000000080200010042000108400001000260
:10B75000000000400000084200010802000108400B
:10B760000001000000000002000008420001084241
:10B770000001080000000042000108420000080229
:10B780000000000000000840000000420001080026
:10B79000000100020001004000000800000000005D
:10B7A00000000840000108020001004008020000FB
:10B7B0000002020800000000080002080002000861
:10B7C0000000000008020200000200080800020059
:10B7D0000800000808000008000002000802020833
:10B7E0000800020000000208080200000000000833
:10B7F000080000000002020800020000000202002F
:10B8000000000208080002080802020008020008FE
:10B810000002020000000200080200080800000008
:10B8200008020208000200000000000800020208EE
:10B8300000000008080002000802000000000200EA
:10B8400000020208000200080000000000020000E0
:10B8500008000200080202080002000808000008B0
:10B8600000020000000000000800020808020008B2
:10B8700000000200000000080802020808000000A2
:10B88000080202000002020008000008000002088E
:10B890000802000808020000000002080802020076
:10B8A0000800000008000208000202000004010174
:10B8B0000000000000000100040401010400010177
:10B8C0000404010004000000000001000004000066
:10B8D000000401010404010100040000040400014B
:10B8E0000400010100000001040000000404000045
:10B8F0000004000100040001000401000004010034
:10B900000000010100000101040400010400010025
:10B910000400000104000001040001000000000018
:10B920000404000004040100000000010000010004
:10B9300004040101040000000000010100040101F1
:10B9400000000001000000010004000004000101EB
:10B9500000000100000401000400000100040000D8
:10B9600004000000040400010404010004040101B7
:10B9700004000100000001010404000104000001B2
:10B980000404000004040100000401010404000098
:10B990000004000100040001000000000400010098
:10B9A000000401000000000004000101000000008C
:10B9B0000100000000010000010100000000010082
:10B9C000010001000001010001010100000000016F
:10B9D000010000010001000101010001000001015E
:10B9E000010001010001010101010101000000004D
:10B9F0000000000100000100000001010001000042
:10BA0000000100010001010000010101010000002E
:10BA1000010000010100010001000101010100001D
:10BA20000101000101010100010101014E6F7720B8
:10BA3000697320740123456789ABCDEF234567897E
:10BA4000ABCDEF01456789ABCDEF0123CDD64F2FAD
:10BA50009427C15D6996C8FA47A2ABEB8325397676
:10BA600044091A0A6A2A19F41ECA854B03E69F5B29
:10BA7000FA58EB42DD17E8B8B437D23212345678B0
:10BA800090ABCDEF54F15AF6EBE3A4B435761156F2
:10BA90005FA18E4DCB191F85D1ED8439129F40B91E
:10BAA000D20056B3470EFC9A6B8EE393C5CECF639C
:10BAB000ECEC514C2D2D2D2D2D424547494E204467
:10BAC0004820504152414D45544552532D2D2D2D66
:10BAD0002D0D0A4D494748416F4742414A3431399B
:10BAE0004442454F676D51547A6F3571586C3566D5
:10BAF00051634E39544E343535776B4F4C373035B2
:10BB000032487A787852564D7968596D7751636723
:10BB10004A76680D0A317361313866796652394F59
:10BB20006956454D59676C4F706B71566F474C4E57
:10BB30003771643561514E4E693557372F432B5657
:10BB400042644854424A63475A4A797950354233ED
:10BB500071637A33320D0A396D4C4A4B75646C56F9
:10BB60007564563051786B3571554A61505A2F784B
:10BB700075707A304E796F567076697569424F49A3
:10BB800031674E69386F765358577A416745430D90
:10BB90000A2D2D2D2D2D454E442044482050415234
:10BBA000414D45544552532D2D2D2D2D0D0A00008C
:10BBB0000400180080010000F4200020030017009A
:10BBC00000010000B022002002001500E00000008B
:10BBD000BC22002001001300C0000000C822002089
:10BBE000000000000000000000000000FFFFFFFF59
:10BBF000FFFFFFFFFEFFFFFFFFFFFFFFFFFFFFFF56
:10BC0000FFFFFFFFB1B946C1ECDEB8FE4930247238
:10BC1000ABE9A70FE7809CE5190521643128D2B470
:10BC2000B1C96B1436F8DE99FFFFFFFFFFFFFFFF7E
:10BC3000FFFFFFFF1210FF82FD0AFFF40088A143FF
:10BC4000EB20BF7CF69030B00EA88D181148791EFD
:10BC5000A177F973D5CD246BED11106378DAC8FFA5
:10BC6000952B1907010000000000000000000000F3
:10BC7000FFFFFFFFFFFFFFFFFFFFFFFFFFFFFFFFD4
:10BC800000000000B4FF552343390B27BAD8BFD7B3
:10BC9000B7B04450563241F5ABB3040C850A05B435
:10BCA0003D2A5C5C4529DD133EF0B8E0A216FFFF9B
:10BCB000FFFFFFFFFFFFFFFFFFFFFFFF211D5C11E5
:10BCC000D68032342211C256D3C1034AB9901332FE
:10BCD0007FBFB46BBD0C0EB7347E00859981D5440F
:10BCE0006447075AA07543CDE6DF224CFB23F7B526
:10BCF000886337BDFFFFFFFFFFFFFFFFFFFFFFFF71
:10BD00000000000000000000000000000100000032
:10BD1000FFFFFFFF4B60D2273E3CCE3BF6B053CC3B
:10BD2000B0061D65BC86987655BDEBB3E7933AAA7D
:10BD3000D835C65A512563FCC2CAB9F3849E17A7E9
:10BD4000ADFAE6BCFFFFFFFFFFFFFFFF00000000B2
:10BD5000FFFFFFFF96C298D84539A1F4A033EB2D21
:10BD6000817D0377F240A463E5E6BCF847422CE10D
:10BD7000F2D1176BF551BF376840B6CBCE5E316B51
:10BD80005733CE2B169E0F7C4AEBE78E9B7F1AFE15
:10BD9000E242E34FFFFFFFFF000000000000000051
:10BDA000FFFFFFFFFEFFFFFFFFFFFFFFFFFFFFFFA4
:10BDB000FFFFFFFFFFFFFFFFFFFFFFFFFFFFFFFF93
:10BDC000FFFFFFFFEF2AECD3EDC8852A9DD12E8A15
:10BDD0008D3956C65A8713508F081403124181FEBD
:10BDE0006E9C1D18192DF8E36B058E98E4E73EE272
:10BDF000A72F31B37329C5CC6A19ECEC7AA7B048E8
:10BE0000B20D1A58DF2D37F4814D63C7FFFFFFFFD6
:10BE1000FFFFFFFFFFFFFFFFFFFFFFFFFFFFFFFF32
:10BE2000FFFFFFFFB70A7672385E543A6C2955BFA0
:10BE30005DF20255382A5482E041F759989BA78B4E
:10BE4000623B1D6E74AD20F31EC7B18E37058BBEED
:10BE500022CA87AA5F0EEA907C1D437A9D817E1DCF
:10BE6000CEB1600AC0B8F0B51331DAE97C149A2873
:10BE7000BD1DF4F829DC9292BF989E5D6F2C26962A
:10BE80004ADE17360000000000000000000000003D
:10BE9000201C0000000000004038000000000000EE
:10BEA000602400000000000080700000000000001E
:10BEB000A06C000000000000C0480000000000006E
:10BEC000E05400000000000000E10000000000005D
:10BED00020FD00000000000040D90000000000002C
:10BEE00060C500000000000080910000000000001C
:10BEF000A08D000000000000C0A9000000000000AC
:10BF0000E0B500000000000058E2FCCEFA7E30618F
:10BF1000367F1D57A4E7455AAB6E47D42CEC13BDB2
:10BF2000F53A67B21257BDDF4D5C2AF327CD64A600
:10BF30002CF35ABD2BA6FAB45BC94FBC3221A5DB4A
:10BF400094FAE95AE7121A473612D2E79E3B078560
:10BF5000561BE14AACA2FCCB619CC5AEFFFE0BFABE
:10BF6000462AF43C1699D050CD33B28AC773F74BAA
:10BF7000A00ED1F3125724352FF58D80033927AB4E
:10BF80008EF4D4587514F0FB9924A7C8587336BFA3
:10BF9000B118024DB8674A142519498E80F1478FB0
:10BFA00037BA55BD6D27618C65DCC57FCF623A24F9
:10BFB000094FCCA40D3533F8DCF566FF291C25BBF1
:10BFC000B8568FC3D376A6D9530F8AFBC74536B967
:10BFD000A963B4F1C4CB738BD0D1C8A799996BF086
:10BFE000265B98B5D48AB919B094DAC5D93471BD35
:10BFF000EC1A502270E3CC6C76FC6ECE0F4E1768B4
:10C00000CDDF8853BB2D551B3A337DBF46A792C465
:10C010005E454913FE2EA8F2A44A8266EE1C8EB03D
:10C02000C8B5D4CF5AE9F19A000000000000000022
:10C030000000000000000000000000000000000000
:10C0400000000000000000000000000000000000F0
:10C0500000000000000000000000000000000000E0
:10C0600000000000000000000388DACE60B6A39252
:10C07000F328C2B971B2FE78000000000000000091
:10C0800000000000000000000000000000000000B0
:10C0900000000000000000000000000000000000A0
:10C0A000000000000000000042831EC221777424BB
:10C0B0004B7221B784D0D49CE3AA212F2C02A4E098
:10C0C00035C17E2329ACA12E21D514B25466931C10
:10C0D0007D8F6A5AAC84AA051BA30B396A0AAC97F8
:10C0E0003D58E091473F598542831EC22177742411
:10C0F0004B7221B784D0D49CE3AA212F2C02A4E058
:10C1000035C17E2329ACA12E21D514B25466931CCF
:10C110007D8F6A5AAC84AA051BA30B396A0AAC97B7
:10C120003D58E0910000000061353B4C2806934AE1
:10C13000777FF51FA22A4755699B2A714FCDC6F814
:10C140003766E5F97B6C742373806900E49F24B241
:10C150002B097544D4896B424989B5E1EBAC0F07D3
:10C16000C23F4598000000008CE24998625615B61F
:10C1700003A033ACA13FB894BE9112A5C3A211A8ED
:10C18000BA262A3CCA7E2CA701E4A9A4FBA43C90B1
:10C19000CCDCB281D48C7C6FD62875D2ACA41703CA
:10C1A0004C34AEE50000000000000000000000007C
:10C1B000000000000000000000000000000000007F
:10C1C000000000000000000000000000000000006F
:10C1D000000000000000000000000000000000005F
:10C1E000000000000000000098E7247C07F0FE41FA
:10C1F0001C267E4384B0F600000000000000000012
:10C20000000000000000000000000000000000002E
:10C21000000000000000000000000000000000001E
:10C2200000000000000000003980CA0B3C00E8411B
:10C23000EB06FAC4872A2757859E1CEAA6EFD98405
:10C24000628593B40CA1E19C7D773D00C144C52576
:10C25000AC619D18C84A3F4718E2448B2FE324D9AC
:10C26000CCDA2710ACADE2563980CA0B3C00E8416D
:10C27000EB06FAC4872A2757859E1CEAA6EFD984C5
:10C28000628593B40CA1E19C7D773D00C144C52536
:10C29000AC619D18C84A3F4718E2448B2FE324D96C
:10C2A000CCDA2710000000000F10F599AE14A1544D
:10C2B000ED24B36E25324DB8C566632EF2BBB34F85
:10C2C0008347280FC4507057FDDC29DF9A471F753C
:10C2D000C66541D4D4DAD1C9E93A19A58E8B473F56
:10C2E000A0F062F700000000D27E88681CE3243CC6
:10C2F0004830165A8FDCF9FF1DE9A1D8E6B447EFA4
:10C300006EF7B79828666E4581E79012AF34DDD995
:10C31000E2F037589B292DB3E67C036745FA22E704
:10C32000E9B7373B000000000000000000000000FB
:10C3300000000000000000000000000000000000FD
:10C3400000000000000000000000000000000000ED
:10C3500000000000000000000000000000000000DD
:10C360000000000000000000CEA7403D4D606B6E55
:10C37000074EC5D3BAF39D1800000000000000006E
:10C3800000000000000000000000000000000000AD
:10C39000000000000000000000000000000000009D
:10C3A0000000000000000000522DC1F099567D07EA
:10C3B000F47F37A32A84427D643A8CDCBFE5C0C990
:10C3C0007598A2BD2555D1AA8CB08E48590DBB3D9C
:10C3D000A7B08B1056828838C5F61E6393BA7A0AC6
:10C3E000BCC9F662898015AD522DC1F099567D0702
:10C3F000F47F37A32A84427D643A8CDCBFE5C0C950
:10C400007598A2BD2555D1AA8CB08E48590DBB3D5B
:10C41000A7B08B1056828838C5F61E6393BA7A0A85
:10C42000BCC9F66200000000C3762DF1CA787D32E7
:10C43000AE47C13BF19844CBAF1AE14D0B976AFA76
:10C44000C52FF7D79BBA9DE0FEB582D33934A4F04F
:10C45000954CC2363BC73F7862AC430E64ABE4995F
:10C46000F47C9B1F000000005A8DEF2F0C9E53F1AF
:10C47000F75D7853659E2A20EEB2B22AAFDE6419CA
:10C48000A058AB4F6F746BF40FC0C3B780F2444534
:10C490002DA3EBF1C5D82CDEA2418997200EF82EF2
:10C4A00044AE7E3F000000000000000000000000DD
:10C4B000000000000000000000000000000000007C
:10C4C0000000000000000000FEFFE9928665731C7A
:10C4D0006D6A8F9467308308FEFFE9928665731C4E
:10C4E0006D6A8F9467308308000000000000000030
:10C4F000000000000000000000000000000000003C
:10C50000000000000000000000000000000000002B
:10C51000000000000000000000000000000000001B
:10C52000000000000000000000000000000000000B
:10C5300000000000000000000000000000000000FB
:10C5400000000000000000000000000000000000EB
:10C5500000000000000000000000000000000000DB
:10C5600000000000000000000000000010000000BB
:10C57000400000003C0000003C0000003C000000C7
:10C5800000000000000000000000000000000000AB
:10C59000000000000000000000000000000000009B
:10C5A000000000000000000000000000000000008B
:10C5B000000000000000000000000000000000007B
:10C5C000CAFEBABEFACEDBADDECAF88800000000B3
:10C5D000000000000000000000000000000000005B
:10C5E000000000000000000000000000000000004B
:10C5F000000000000000000000000000000000003B
:10C600009313225DF88406E555909C5AFF5269AA5F
:10C610006A7A9538534F7DA1E4C303D2A318A728A3
:10C62000C3C0C95156809539FCF0E2429A6B52540E
:10C6300016AEDBF5A0DE6A57A637B39B00000000FC
:10C6400000000000000000000000000000000000EA
:10C6500000000000000000000000000000000000DA
:10C6600000000000000000000000000000000000CA
:10C6700000000000000000000000000000000000BA
:10C6800000000000000000000000000000000000AA
:10C69000000000000000000000000000000000009A
:10C6A000000000000000000000000000000000008A
:10C6B000000000000000000000000000000000007A
:10C6C000000000000000000000000000000000006A
:10C6D000000000000000000000000000000000005A
:10C6E000000000000000000000000000000000004A
:10C6F000000000000000000000000000000000003A
:10C700000000000000000000010000000100000027
:10C7100001000000020000000C0000000C000000FE
:10C720000C0000000C000000080000003C000000AD
:10C7300000000000000000000000000000000000F9
:10C7400000000000000000000000000000000000E9
:10C7500000000000000000000000000000000000D9
:10C7600000000000000000000000000000000000C9
:10C77000FEEDFACEDEADBEEFFEEDFACEDEADBEEFE3
:10C78000ABADDAD2000000000000000000000000A5
:10C790000000000000000000000000000000000099
:10C7A0000000000000000000000000000000000089
:10C7B0000000000000000000000000000000000079
:10C7C0000000000000000000000000000000000069
:10C7D0000000000000000000000000000000000059
:10C7E0000000000000000000000000000000000049
:10C7F0000000000000000000000000000000000039
:10C800000000000000000000000000000000000028
:10C810000000000000000000000000000000000018
:10C820000000000000000000000000000000000008
:10C8300000000000000000000000000000000000F8
:10C8400000000000000000000000000000000000E8
:10C8500000000000000000000000000000000000D8
:10C8600000000000000000000000000000000000C8
:10C8700000000000000000000000000000000000B8
:10C8800000000000000000000000000000000000A8
:10C890000000000000000000000000000000000098
:10C8A0000000000000000000000000000000000088
:10C8B0000000000000000000000000000100000077
:10C8C0000100000001000000000000000000000066
:10C8D000000000001400000014000000140000001C
:10C8E0000000000000000000000000000000000048
:10C8F0000000000000000000000000000000000038
:10C900000000000000000000000000000000000027
:10C910000000000000000000000000000000000017
:10C92000D9313225F88406E5A55909C5AFF5269A0F
:10C9300086A7A9531534F7DA2E4C303D8A318A7216
:10C940001C3C0C95956809532FCF0E2449A6B5259C
:10C95000B16AEDF5AA0DE657BA637B391AAFD25525
:10C9600000000000000000000000000000000000C7
:10C9700000000000000000000000000000000000B7
:10C9800000000000000000000000000000000000A7
:10C990000000000000000000000000000000000097
:10C9A0000000000000000000000000000000000087
:10C9B0000000000000000000000000000000000077
:10C9C0000000000000000000000000000000000067
:10C9D0000000000000000000000000000000000057
:10C9E0000000000000000000000000000000000047
:10C9F0000000000000000000000000000000000037
:10CA00000000000000000000000000000000000026
:10CA10000000000000000000000000000000000016
:10CA20000000000000000000000000000000000006
:10CA300000000000000000000000000000000000F6
:10CA400000000000000000000000000000000000E6
:10CA500000000000000000000000000000000000D6
:10CA600000000000000000000100000001000000C4
:10CA70000100000001000000A0C9AB58F1E2E5A4EC
:10CA8000DE3EBD4FF73E9C5B64EFD8CA028CF811C6
:10CA900048A584FE69AB5AEE42AA4D42176099D46C
:10CAA0005E1397DC404D86A37BF55954756951E4BC
:10CAB0009A00A2D00ED59BFE31ECB1399B60814823
:10CAC000D1969D250D3C1E94101098129325CAB83E
:10CAD000FCCC2D54731970C0107AA4892519955E69
:10CAE0004BC6001D7F4E6A2BF8A301AB46055C09BF
:10CAF000A67188F1A740EEF3E15C029B44AF0344CA
:10CB000079349BBF7CDDA5799557866621C913834F
:10CB10001146733ABF8C35C8C7215B5B96C48E9BA8
:10CB2000338C74E3E99DFEDFC6A16AB8D420706F30
:10CB30000F34AB7FEC5ADCA9D8CA3A133E159CA639
:10CB4000AC43C6F8A2BE22834A4C0A0AFFB10D715B
:10CB500094F1C1A5CF7322EC1AE0964ED4BF1227F0
:10CB600046E087FDB5B3E91B3493D5BB98FAED4990
:10CB7000E85F130FC8A459B70800000007000000C1
:10CB80000600000005000000040000000300000093
:10CB90000000000000000000010000000300000091
:10CBA0000E0000001A0000003E00000050000000CF
:10CBB000D41D8CD98F00B204E9800998ECF8427E2C
:10CBC0000CC175B9C0F1B6A831C399E26977266185
:10CBD000900150983CD24FB0D6963F7D28E17F72AD
:10CBE000F96B697D7CB7938D525A2F31AAF161D0D0
:10CBF000C3FCD3D76192E4007DFB496CCA67E13B7B
:10CC0000D174AB98D277D9F5A5611C2C9F419D9F1B
:10CC100057EDF4A22BE3C955AC49DA2E2107B67AB9
:10CC20000000000000000000000000000000000004
:10CC300000000000000000000000000000000000F4
:10CC400000000000000000000000000000000000E4
:10CC500000000000000000000000000000000000D4
:10CC600000000000000000000000000000000000C4
:10CC70000061000000000000000000000000000053
:10CC800000000000000000000000000000000000A4
:10CC90000000000000000000000000000000000094
:10CCA0000000000000000000000000000000000084
:10CCB0000000000000000000000000000000000074
:10CCC000000061626300000000000000000000003E
:10CCD0000000000000000000000000000000000054
:10CCE0000000000000000000000000000000000044
:10CCF0000000000000000000000000000000000034
:10CD00000000000000000000000000000000000023
:10CD10000000006D65737361676520646967657302
:10CD2000740000000000000000000000000000008F
:10CD300000000000000000000000000000000000F3
:10CD400000000000000000000000000000000000E3
:10CD500000000000000000000000000000000000D3
:10CD6000000000006162636465666768696A6B6CF5
:10CD70006D6E6F707172737475767778797A000062
:10CD800000000000000000000000000000000000A3
:10CD90000000000000000000000000000000000093
:10CDA0000000000000000000000000000000000083
:10CDB00000000000004142434445464748494A4B71
:10CDC0004C4D4E4F505152535455565758595A6125
:10CDD00062636465666768696A6B6C6D6E6F7071BB
:10CDE00072737475767778797A30313233343536B8
:10CDF000373839000000000000000000000000008B
:10CE00000000000000003132333435363738393015
:10CE100031323334353637383930313233343536D0
:10CE200037383930313233343536373839303132BA
:10CE300033343536373839303132333435363738A4
:10CE400039303132333435363738393031323334A2
:10CE50003536373839300000080000000C25002036
:10CE6000400000008000000081F1006069F1006076
:10CE70006DF1006089F1006029F20060CDF1006081
:10CE800079F100607DF10060070000006838002043
:10CE9000300000008000000061F1006069F1006076
:10CEA0006DF1006071F1006029F20060CDF1006069
:10CEB00079F100607DF10060060000003C38002040
:10CEC000200000004000000051F1006039F10060D6
:10CED0003DF1006059F1006011F20060B9F10060AD
:10CEE00049F100604DF1006005000000942400202D
:10CEF0001C0000004000000031F1006039F10060CA
:10CF00003DF1006041F1006011F20060B9F1006094
:10CF100049F100604DF10060040000007024002021
:10CF200014000000400000001DF1006021F10060CD
:10CF300025F1006071570160F9F10060A5F1006012
:10CF400029F100602DF1006003000000482300205B
:10CF5000100000004000000009F100600DF10060C9
:10CF600011F10060F5EF0060E1F1006091F1006007
:10CF700015F1006019F10060602300200900000035
:10CF800040260020582600200301000068260020CB
:10CF900009000000742600208C26002004010000F7
:10CFA0009C26002009000000A8260020C0260020A2
:10CFB00005010000D426002009000000E026002022
:10CFC000F8260020060100000C27002009000000C0
:10CFD00018270020302700200701000044270020E8
:10CFE00009000000502700206827002008010000E9
:10CFF0007C27002005000000742600208C260020DD
:10D000000401000084270020070000008C27002076
:10D010009C27002004040000AC270020080000002A
:10D02000B8270020CC27002005040000E0270020BE
:10D0300008000000EC270020002800200604000063
:10D040001428002008000000202800203428002098
:10D050000704000048280020080000005428002091
:10D0600068280020080400007C2800200900000037
:10D07000882800208828002000060000000000000A
:10D0800000000000000000000000000000000000A0
:10D090007823002003000000D0290020E829002088
:10D0A00000010000FC29002003000000002A0020ED
:10D0B000102A0020040000001C2A002003000000A9
:10D0C000202A0020342A002000080000482A0020DE
:10D0D000030000004C2A0020642A002020000000E9
:10D0E000782A002009000000842A00209C2A0020C1
:10D0F000000001000000000000000000000000002F
:10D1000000000000000000007C230020030000005D
:10D11000B82A0020CC2A0020D82A0020DC2A0020AF
:10D1200003000000E02A0020F42A0020FC2A00204E
:10D13000002B002003000000042B0020142B0020F3
:10D14000202B0020242B002003000000282B00208F
:10D15000342B00203C2B0020402B0020030000003B
:10D16000442B00205C2B00206C2B0020702B002017
:10D1700003000000742B0020942B0020A02B002023
:10D18000A42B002009000000B02B0020C02B0020A1
:10D19000B02B0020D02B002003000000D42B002057
:10D1A000E82B0020F82B0020082C002003000000B2
:10D1B0000C2C0020202C0020302C0020402C0020A3
:10D1C00003000000442C0020582C0020642C002078
:10D1D000702C002003000000742C0020842C002000
:10D1E0008C2C0020902C002003000000942C0020A8
:10D1F000A42C0020B02C0020B42C00200300000040
:10D20000B82C0020C82C0020D42C0020E02C0020BA
:10D2100003000000E42C0020002D0020182D002029
:10D220002C2D002003000000302D00203C2D00207C
:10D23000442D00204C2D002003000000502D002024
:10D24000642D0020842D0020902D0020030000007C
:10D25000942D0020A42D0020B02D0020BC2D0020F6
:10D260000A000000C82D0020DC2D0020F02D002039
:10D27000F42D002003000000F82D0020102E0020C7
:10D28000242E00200000000000000000000000002C
:10D2900000000000000000008023002009000000C2
:10D2A000EC250020FC250020010000008C2300203C
:10D2B00007000000002600201026002002000000C9
:10D2C000202600200500000028260020302600200F
:10D2D000030000000000000000000000000000004B
:10D2E000000000000000000094230020080000005F
:10D2F000C8220020C82200200100000028040020CD
:10D3000005000000BC220020BC220020020000001A
:10D31000E025002008000000B0220020B0220020FC
:10D32000030000003004002005000000F42000206D
:10D33000F4200020040000000000000000000000B5
:10D34000000000000000000000000000A0230020FA
:10D3500008000000242500204823002003000000CE
:10D36000C4230020050000002C25002034250020C7
:10D37000040000003C250020090000004825002092
:10D3800054250020050000005C2500200900000055
:10D390006825002074250020060000007C25002060
:10D3A00009000000882500209425002007000000C7
:10D3B0009C25002009000000A8250020B42500209D
:10D3C0000800000000000000000000000000000055
:10D3D0000000000000000000AC2300200800000056
:10D3E0006C24002078240020040000008424002005
:10D3F00008000000902400209C240020050000006C
:10D40000AC24002008000000B8240020C424002020
:10D4100006000000D424002008000000E0240020C2
:10D42000EC24002007000000FC240020080000007D
:10D43000082500201425002008000000000000003E
:10D4400000000000000000000000000000000000DC
:10D45000B82300200800000094280020A8280020FD
:10D46000C828002008000000D4280020E828002058
:10D470000829002008000000142900202829002085
:10D480003829002008000000442900205C290020E1
:10D4900070290020080000007C290020902900202D
:10D4A000A029002008000000AC290020C02900208D
:10D4B000000000000000000000000000000000006C
:10D4C000CC23002005000000BC25002044240020BF
:10D4D00021000000C425002008000000D025002005
:10D4E000E41D0020250000000000000000000000F6
:10D4F000000000000000000000000000D423002015
:10D500000A000000E0230020002400200425000081
:10D51000202400200A0000002C2400204C2400209D
:10D5200004230000000000000000000000000000D4
:10D53000000000000000000005000000F82E0020A0
:10D54000A50301609903016000000000B1030160C0
:10D55000FD03016000000000E1040160D9040160E6
:10D56000790401600000000004000000002F00208A
:10D57000A90201608D030160AD020160D10201606A
:10D58000000000000000000069030160C1040160A8
:10D59000650401606D03016003000000082F002096
:10D5A000A90201608103016000000000000000008A
:10D5B000000000000000000069030160A904016090
:10D5C000510401606D03016002000000102F002073
:10D5D000A90201609D020160D90201601D03016082
:10D5E000000000000000000069030160A904016060
:10D5F000510401606D03016001000000FC25002062
:10D600004501016035010160510101609D0101602A
:10D61000D901016029020160710201608D0401607D
:10D620003D04016075020160080000000800000070
:10D6300008000000180000000900000000000000C1
:10D6400004000000040000000400000024000000AA
:10D6500005000000000000000100000002000000C2
:10D66000001000000010000000100000000000008A
:10D670001400000014000000140000001900000055
:10D6800010000000000000000C60C80F961F0E7113
:10D69000F3A9B524AF6012062FE037A60000000002
:10D6A0000000000000000000EA6C014DC72D6F8CE7
:10D6B000CD1ED92ACE1D41F0D8DE895700000000CA
:10D6C00000000000000000004B007901B765489A97
:10D6D000BEAD49D926F721D065A429C100000000BC
:10D6E00000000000000000003D2EEC4FE41C849B75
:10D6F00080C8D83662C0E44A8B291A964CF2F07082
:10D70000380000000000000056FA6AA75548099D3D
:10D71000CC37D7F03425E0C3000000000000000043
:10D7200000000000000000000000000000000000F9
:10D7300000000000000000000000000000000000E9
:10D74000000000000000000070617373776F726466
:10D7500000000000000000000000000000000000C9
:10D76000000000000000000070617373776F726446
:10D7700000000000000000000000000000000000A9
:10D78000000000000000000070617373776F726426
:10D790000000000000000000000000000000000089
:10D7A000000000000000000070617373776F726406
:10D7B00050415353574F524470617373776F726483
:10D7C00000000000000000007061737300776F724A
:10D7D00064000000000000000000000000000000E5
:10D7E0000000000000000000000000000000000039
:10D7F0000000000000000000000000000000000029
:10D80000000000000000000073616C740000000064
:10D810000000000000000000000000000000000008
:10D8200000000000000000000000000000000000F8
:10D8300073616C7400000000000000000000000034
:10D8400000000000000000000000000000000000D8
:10D85000000000000000000073616C740000000014
:10D8600000000000000000000000000000000000B8
:10D8700000000000000000000000000000000000A8
:10D8800073616C7453414C5473616C7453414C54C8
:10D8900073616C7453414C5473616C7453414C54B8
:10D8A00073616C74000000007361006C7400000010
:10D8B0000000000000000000000000000000000068
:10D8C0000000000000000000000000000000000058
:10D8D0000000000000000000000000000000000048
:10D8E0000000000000000000000000000000000038
:10D8F0000000000000000000A9993E364706816A3A
:10D90000BA3E25717850C26C9CD0D89D84983E4414
:10D910001C3BD26EBAAE4AA1F95129E5E54670F139
:10D9200034AA973CD4C4DAA4F61EEB2BDBAD273126
:10D930006534016F616263000000000000000000B8
:10D9400000000000000000000000000000000000D7
:10D9500000000000000000000000000000000000C7
:10D960000000000000000000000000000061626391
:10D97000646263646563646566646566676566675B
:10D9800068666768696768696A68696A6B696A6B0B
:10D990006C6A6B6C6D6B6C6D6E6C6D6E6F6D6E6FBB
:10D9A000706E6F7071000000000000000000000049
:10D9B0000000000000000000000000000000000067
:10D9C0000000000000000000000000000000000057
:10D9D0000000000000000000000000000000000047
:10D9E0000300000038000000E8030000982F8A427E
:10D9F00091443771CFFBC0B5A5DBB5E95BC25639A1
:10DA0000F111F159A4823F92D55E1CAB98AA07D8B8
:10DA1000015B8312BE853124C37D0C55745DBE72DB
:10DA2000FEB1DE80A706DC9B74F19BC1C1699BE45B
:10DA30008647BEEFC69DC10FCCA10C246F2CE92DEB
:10DA4000AA84744ADCA9B05CDA88F97652513E980F
:10DA50006DC631A8C82703B0C77F59BFF30BE0C616
:10DA60004791A7D55163CA0667292914850AB727A4
:10DA700038211B2EFC6D2C4D130D385354730A6541
:10DA8000BB0A6A762EC9C281852C7292A1E8BFA218
:10DA90004B661AA8708B4BC2A3516CC719E892D180
:10DAA000240699D685350EF470A06A1016C1A41903
:10DAB000086C371E4C774827B5BCB034B30C1C3902
:10DAC0004AAAD84E4FCA9C5BF36F2E68EE828F74C1
:10DAD0006F63A5781478C8840802C78CFAFFBE90DB
:10DAE000EB6C50A4F7A3F9BEF27871C623097D222E
:10DAF0003405D8228642A477BDA255B32AADBCE432
:10DB0000BDA0B3F7E36C9DA70000000075388B162D
:10DB1000512776CC5DBA5DA1FD890150B0C6455C48
:10DB2000B4F58B1952522525000000002079465586
:10DB3000980C91D8BBB4C1EA97618A4BF03F425828
:10DB40001948B2EE4EE7AD6700000000BA7816BF84
:10DB50008F01CFEA414140DE5DAE2223B00361A3D5
:10DB600096177A9CB410FF61F20015AD248D6A619E
:10DB7000D20638B8E5C026930C3E6039A33CE45980
:10DB800064FF2167F6ECEDD419DB06C1CDC76E5CEE
:10DB90009914FB9281A1C7E284D73E67F1809A482D
:10DBA000A497200E046D39CCC7112CD003000000BF
:10DBB00038000000E803000061626300000000001C
:10DBC0000000000000000000000000000000000055
:10DBD0000000000000000000000000000000000045
:10DBE0000000000000000000000000000000000035
:10DBF000006162636462636465636465666465664C
:10DC00006765666768666768696768696A68696A98
:10DC10006B696A6B6C6A6B6C6D6B6C6D6E6C6D6E48
:10DC20006F6D6E6F706E6F7071000000000000000D
:10DC300000000000000000000000000000000000E4
:10DC400000000000000000000000000000000000D4
:10DC500000000000000000000000000000000000C4
:10DC6000000000000000000022AE28D7982F8A4252
:10DC7000CD65EF23914437712F3B4DECCFFBC0B501
:10DC8000BCDB8981A5DBB5E938B548F35BC2563901
:10DC900019D005B6F111F1599B4F19AFA4823F92EB
:10DCA00018816DDAD55E1CAB420203A398AA07D88F
:10DCB000BE6F7045015B83128CB2E44EBE85312489
:10DCC000E2B4FFD5C37D0C556F897BF2745DBE72E3
:10DCD000B196163BFEB1DE803512C725A706DC9B48
:10DCE000942669CF74F19BC1D24AF19EC1699BE42D
:10DCF000E3254F388647BEEFB5D58C8BC69DC10F47
:10DD0000659CAC77CCA10C2475022B596F2CE92DA6
:10DD100083E4A66EAA84744AD4FB41BDDCA9B05C3E
:10DD2000B5531183DA88F976ABDF66EE52513E982F
:10DD30001032B42D6DC631A83F21FB98C82703B01F
:10DD4000E40EEFBEC77F59BFC28FA83DF30BE0C6FC
:10DD500025A70A934791A7D56F8203E05163CA06AE
:10DD6000706E0E0A67292914FC2FD246850AB72740
:10DD700026C9265C38211B2EED2AC45AFC6D2C4D79
:10DD8000DFB3959D130D3853DE63AF8B54730A6573
:10DD9000A8B2773CBB0A6A76E6AEED472EC9C281CF
:10DDA0003B358214852C72926403F14CA1E8BFA22A
:10DDB000013042BC4B661AA89197F8D0708B4BC2C9
:10DDC00030BE5406A3516CC71852EFD619E892D151
:10DDD00010A96555240699D62A20715785350EF469
:10DDE000B8D1BB3270A06A10C8D0D2B816C1A4197D
:10DDF00053AB4151086C371E99EB8EDF4C774827A7
:10DE0000A8489BE1B5BCB034635AC9C5B30C1C39F2
:10DE1000CB8A41E34AAAD84E73E363774FCA9C5B2F
:10DE2000A3B8B2D6F36F2E68FCB2EF5DEE828F74AA
:10DE3000602F17436F63A57872ABF0A11478C88484
:10DE4000EC39641A0802C78C281E6323FAFFBE90BF
:10DE5000E9BD82DEEB6C50A41579C6B2F7A3F9BE1A
:10DE60002B5372E3F27871C69C6126EACE3E27CA34
:10DE700007C2C021C7B886D11EEBE0CDD67DDAEA55
:10DE800078D16EEE7F4F7DF5BA6F1772AA67F006F4
:10DE9000A698C8A2C57D630AAE0DF9BE04983F11CD
:10DEA0001B471C13350B711B847D0423F577DB287E
:10DEB0009324C7407BABCA32BCBEC9150ABE9E3C88
:10DEC0004C0D109CC4671D43B6423ECBBED4C54C1E
:10DED0002A7E65FC9C297F59ECFAD63AAB6FCB5F62
:10DEE0001758474A8C19446CCB00753F45A35E8B8D
:10DEF000B5A03D699AC65007272C32AB0EDED16320
:10DF00001A8B605A43FF5BED8086072BA1E7CC2379
:10DF100058BAECA134C825A700000000000000009A
:10DF2000000000000000000009330C33F71147E83F
:10DF30003D192FC782CD1B4753111B173B3B05D201
:10DF40002FA08086E3B0F712FCC7C71A557E2DB903
:10DF500066C3E9FA91746039000000000000000017
:10DF600000000000000000009D0E1809716474CBD1
:10DF7000086E834E310A4A1CED149E9C00F24852F2
:10DF80007972CEC5704C2A5B07B8B3DC38ECC4EBB1
:10DF9000AE97DDD87F3D89850000000000000000BD
:10DFA0000000000000000000DDAF35A193617ABAE7
:10DFB000CC417349AE20413112E6FA4E89A97EA2C6
:10DFC0000A9EEEE64B55D39A2192992A274FC1A873
:10DFD00036BA3C23A3FEEBBD454D4423643CE80E1A
:10DFE0002A9AC94FA54CA49F8E959B75DAE313DA44
:10DFF0008CF4F72814FC143F8F7779C6EB9F7FA130
:10E000007299AEADB6889018501D289E4900F7E46D
:10E01000331B99DEC4B5433AC7D329EEB6DD265487
:10E020005E96E55B874BE909E718483D0CE76964B4
:10E030004E2E42C7BC15B4638E1F98B13B204428B6
:10E040005632A803AFA973EBDE0FF244877EA60A0F
:10E050004CB0432CE577C31BEB009C5C2C49AA2EEB
:10E060004EADB217AD8CC09B0300000070000000E5
:10E07000E80300006162630000000000000000008F
:10E080000000000000000000000000000000000090
:10E090000000000000000000000000000000000080
:10E0A0000000000000000000000000000000000070
:10E0B0000000000000000000000000000000000060
:10E0C0000000000000000000000000000000000050
:10E0D0000000000000000000000000000000000040
:10E0E00000000000006162636465666768626364E3
:10E0F0006566676869636465666768696A646566BA
:10E100006768696A6B65666768696A6B6C66676889
:10E11000696A6B6C6D6768696A6B6C6D6E68696A59
:10E120006B6C6D6E6F696A6B6C6D6E6F706A6B6C29
:10E130006D6E6F70716B6C6D6E6F7071726C6D6EF9
:10E140006F707172736D6E6F70717273746E6F70C9
:10E150007172737475000000000000000000000080
:10E1600000000000000000000000000000000000AF
:10E17000000000000000000000000000000000009F
:10E18000000000000000000000000000000000008F
:10E19000000000000000000000000000000000007F
:10E1A000000000000000000000000000000000006F
:10E1B000000000000000000000000000000000005F
:10E1C000000000000000000009C00000C034002072
:10E1D000050404000300000001000000030000002B
:10E1E00003000000000000000AC00000F03400201E
:10E1F0000704040003000000010000000300000009
:10E20000030000000000000023C0000018350020BB
:10E2100005060400030000000300000003000000E6
:10E2200003000000000000002BC00000403500206B
:10E230000E060400030000000300000003000000BD
:10E24000030000000000000024C00000683500202A
:10E2500007070400030000000300000003000000A3
:10E2600003000000000000002CC0000090350020DA
:10E27000100704000300000003000000030000007A
:10E280000300000000000000ADC00000B835002011
:10E290002D0604000300000003000000030000003E
:10E2A0000300000000000000AFC00000DC350020CB
:10E2B0002D0604000300000003000000030000001E
:10E2C0000300000002000000ACC000000036002087
:10E2D0002B06040003000000030000000300000000
:10E2E0000300000000000000AEC000002436002043
:10E2F0002B060400030000000300000003000000E0
:10E30000030000000200000072C000004836002038
:10E3100014060400030000000100000003000000D8
:10E32000030000000000000073C0000078360020E9
:10E3300016070400030000000100000003000000B5
:10E34000030000000000000086C00000A836002086
:10E350001D0604000300000003000000030000008D
:10E36000030000000000000087C00000D836002035
:10E370001F0704000300000003000000030000006A
:10E38000030000000000000008C000000837002063
:10E390002504040003000000010000000300000049
:10E3A000030000000000000013C000003037002010
:10E3B000050403000300000001000000030000004A
:10E3C000030000000000000014C0000054370020CB
:10E3D0000704030003000000010000000300000028
:10E3E000030000000000000027C000007837002074
:10E3F0000506030003000000030000000300000006
:10E4000003000000000000002FC00000A037002023
:10E410000E060300030000000300000003000000DC
:10E42000030000000000000028C00000C8370020E2
:10E4300007070300030000000300000003000000C2
:10E44000030000000000000030C00000F037002092
:10E450001007030003000000030000000300000099
:10E46000030000000000000076C000001838002003
:10E470001406030003000000010000000300000078
:10E48000030000000000000077C0000044380020B6
:10E490001607030003000000010000000300000055
:10E4A00003000000000000008AC000007038002057
:10E4B0001D0603000300000003000000030000002D
:10E4C00003000000000000008BC000009C3800200A
:10E4D0001F0703000300000003000000030000000A
:10E4E000030000000000000012C00000C838002037
:10E4F00025040300030000000100000003000000E9
:10E5000003000000000000009F000000EC38002025
:10E5100010070200030000000300000003000000D9
:10E5200003000000000000009E00000010390020E1
:10E530000E060200030000000300000003000000BC
:10E5400003000000000000006700000034390020D4
:10E5500005060200030000000300000003000000A5
:10E5600003000000000000006B000000583900208C
:10E570000706020003000000030000000300000083
:10E580000300000000000000330000007C39002080
:10E59000050402000300000000000000030000006A
:10E5A000030000000000000039000000A039002036
:10E5B0000704020003000000000000000300000048
:10E5C00003000000000000009FC00000C4390020CC
:10E5D0002D060200030000000300000003000000FD
:10E5E0000300000000000000A3C00000E439002088
:10E5F0002D060200030000000300000003000000DD
:10E6000003000000020000009EC00000043A002049
:10E610002B060200030000000300000003000000BE
:10E620000300000000000000A2C00000243A002007
:10E630002B0602000300000003000000030000009E
:10E640000300000002000000BE000000443A002069
:10E650001406020003000000030000000300000095
:10E660000300000000000000C4000000703A002019
:10E670001606020003000000030000000300000073
:10E680000300000000000000450000009C3A00204C
:10E69000140402000300000000000000030000005A
:10E6A000030000000000000088000000C43A0020C1
:10E6B0001604020003000000000000000300000038
:10E6C00003000000000000007CC00000EC3A0020C5
:10E6D0001D0602000300000003000000030000000C
:10E6E00003000000000000007DC00000183B002077
:10E6F0001F070200030000000300000003000000E9
:10E70000030000000000000016000000443B002051
:10E7100025040200030000000000000003000000C8
:10E7200003000000000000009D000000683B002086
:10E7300010070100030000000300000003000000B8
:10E7400003000000000000009C000000883B002047
:10E750000E0601000300000003000000030000009B
:10E7600003000000000000003C000000A83B002067
:10E770000506010003000000030000000300000084
:10E7800003000000000000003D000000C83B002026
:10E790000706010003000000030000000300000062
:10E7A00003000000000000002F000000E83B0020F4
:10E7B0000504010003000000000000000300000049
:10E7C000030000000000000035000000083C0020AD
:10E7D0000704010003000000000000000300000027
:10E7E00003000000000000009DC00000283C002045
:10E7F0002D060100030000000300000003000000DC
:10E800000300000000000000A1C00000443C002004
:10E810002D060100030000000300000003000000BB
:10E8200003000000020000009CC00000603C0020CB
:10E830002B0601000300000003000000030000009D
:10E840000300000000000000A0C000007C3C00208D
:10E850002B0601000300000003000000030000007D
:10E860000300000002000000BA000000983C0020F5
:10E870001406010003000000030000000300000074
:10E880000300000000000000C0000000C03C0020A9
:10E890001606010003000000030000000300000052
:10E8A000030000000000000041000000E83C0020E0
:10E8B0001404010003000000000000000300000039
:10E8C0000300000000000000840000000C3D002058
:10E8D0001604010003000000000000000300000017
:10E8E00003000000000000007AC00000303D00205E
:10E8F0001D060100030000000300000003000000EB
:10E9000003000000000000007BC00000583D002014
:10E910001F070100030000000300000003000000C7
:10E9200003000000000000000A000000803D0020FD
:10E9300025040100030000000000000003000000A7
:10E9400003000000000000000EC00000A03D0020F9
:10E95000050409000300000001000000030000009E
:10E9600003000000000000000FC00000C43D0020B4
:10E97000070409000300000001000000030000007C
:10E98000030000000000000029C00000E83D002056
:10E99000050609000300000003000000030000005A
:10E9A000030000000000000031C00000103E002005
:10E9B0000E06090003000000030000000300000031
:10E9C00003000000000000002AC00000383E0020C4
:10E9D0000707090003000000030000000300000017
:10E9E000030000000000000032C00000603E002074
:10E9F00010070900030000000300000003000000EE
:10EA0000030000000000000078C00000883E0020E5
:10EA100014060900030000000100000003000000CC
:10EA2000030000000000000079C00000B43E002098
:10EA300016070900030000000100000003000000A9
:10EA400003000000000000008CC00000E03E002039
:10EA50001D06090003000000030000000300000081
:10EA600003000000000000008DC000000C3F0020EB
:10EA70001F0709000300000003000000030000005E
:10EA800003000000000000000DC00000383F00201F
:10EA9000250409000300000001000000030000003D
:10EAA000030000000000000004C000005C3F0020E4
:10EAB00005040A000300000001000000030000003C
:10EAC000030000000000000005C00000803F00209F
:10EAD00007040A000300000001000000030000001A
:10EAE000030000000000000025C00000A43F00203B
:10EAF00005060A00030000000300000003000000F8
:10EB000003000000000000002DC00000CC3F0020EA
:10EB10000E060A00030000000300000003000000CE
:10EB2000030000000000000026C00000F43F0020A9
:10EB300007070A00030000000300000003000000B4
:10EB400003000000000000002EC000001C40002058
:10EB500010070A000300000003000000030000008B
:10EB6000030000000000000074C0000044400020CA
:10EB700014060A000300000001000000030000006A
:10EB8000030000000000000075C00000704000207D
:10EB900016070A0003000000010000000300000047
:10EBA000030000000000000088C000009C4000201E
:10EBB0001D060A000300000003000000030000001F
:10EBC000030000000000000089C00000C8400020D1
:10EBD0001F070A00030000000300000003000000FC
:10EBE000030000000000000003C00000F44000200B
:10EBF00025040A00030000000100000003000000DB
:10EC00000300000000000000A80000001C410020DC
:10EC10000E060500030000000300000003000000D2
:10EC20000300000000000000A90000003C4100209B
:10EC300010070500030000000300000003000000AF
:10EC40000300000000000000AE0000005C41002056
:10EC5000050605000300000001000000030000009D
:10EC60000300000000000000AF0000007C41002015
:10EC7000070705000300000001000000030000007A
:10EC800003000000000000008C0000009C410020F8
:10EC90000504050003000000000000000300000060
:10ECA00003000000000000008D000000BC410020B7
:10ECB000070405000300000000000000030000003E
:10ECC0000300000000000000A5C00000DC4100209F
:10ECD0002D060500030000000300000003000000F3
:10ECE0000300000000000000A9C00000F84100205F
:10ECF0002D060500030000000300000003000000D3
:10ED00000300000002000000A4C000001442002024
:10ED10002B060500030000000300000003000000B4
:10ED20000300000000000000A8C0000030420020E6
:10ED30002B06050003000000030000000300000094
:10ED4000030000000200000094C000004C420020BC
:10ED5000140605000300000001000000030000008D
:10ED6000030000000000000095C000007442002075
:10ED7000160705000300000001000000030000006A
:10ED800003000000000000008EC000009C42002034
:10ED90001D06050003000000030000000300000042
:10EDA00003000000000000008FC00000C4420020EB
:10EDB0001F0705000300000003000000030000001F
:10EDC00003000000000000008B000000EC42002067
:10EDD00025040500030000000000000003000000FF
:10EDE0000300000000000000AA0000000C43002007
:10EDF0000E060600030000000300000003000000F0
:10EE00000300000000000000AB00000030430020C1
:10EE100010070600030000000300000003000000CC
:10EE20000300000000000000B20000005443002076
:10EE300005060600030000000100000003000000BA
:10EE40000300000000000000B30000007843002031
:10EE50000707060003000000010000000300000097
:10EE60000300000000000000900000009C43002010
:10EE7000050406000300000000000000030000007D
:10EE8000030000000000000091000000C0430020CB
:10EE9000070406000300000000000000030000005B
:10EEA0000300000000000000A7C00000E4430020B1
:10EEB0002D06060003000000030000000300000010
:10EEC0000300000000000000ABC00000044400206C
:10EED0002D060600030000000300000003000000F0
:10EEE0000300000002000000A6C00000244400202F
:10EEF0002B060600030000000300000003000000D2
:10EF00000300000000000000AAC0000044440020EC
:10EF10002B060600030000000300000003000000B1
:10EF2000030000000200000096C0000064440020BE
:10EF300014060600030000000100000003000000AA
:10EF4000030000000000000097C000009044002073
:10EF50001607060003000000010000000300000087
:10EF6000030000000000000090C00000BC4400202E
:10EF70001D0606000300000003000000030000005F
:10EF8000030000000000000091C00000E8440020E1
:10EF90001F0706000300000003000000030000003C
:10EFA00003000000000000008F0000001445002056
:10EFB000250406000300000000000000030000001C
:10EFC000030000000000000037C0000038450020AA
:10EFD0000506080003000000010000000300000017
:10EFE000030000000000000038C000006045002061
:10EFF00007070800030000000100000003000000F4
:10F00000030000000000000035C00000884500201B
:10F0100005040800030000000100000003000000D8
:10F02000030000000000000036C00000AC450020D6
:10F0300007040800030000000100000003000000B6
:10F0400003000000000000009AC00000D04500202E
:10F050001406080003000000010000000300000087
:10F0600003000000000000009BC00000FC450020E1
:10F070001607080003000000010000000300000064
:10F08000030000000000000034C0000028460020FB
:10F090002504080003000000010000000300000038
:10F0A0000300000000000000AC0000004C460020FF
:10F0B0000E0607000300000003000000030000002C
:10F0C0000300000000000000AD00000070460020BA
:10F0D0001007070003000000030000000300000009
:10F0E0000300000000000000B6000000944600206D
:10F0F00005060700030000000100000003000000F7
:10F100000300000000000000B7000000B846002027
:10F1100007070700030000000100000003000000D3
:10F12000030000000000000094000000DC46002006
:10F1300005040700030000000100000003000000B8
:10F1400003000000000000009500000000470020C0
:10F150000704070003000000010000000300000096
:10F16000030000000000000098C0000024470020B9
:10F170001406070003000000010000000300000067
:10F18000030000000000000099C00000504700206C
:10F190001607070003000000010000000300000044
:10F1A000030000000000000092C000007C47002027
:10F1B0001D0607000300000003000000030000001C
:10F1C000030000000000000093C00000A8470020DA
:10F1D0001F070700030000000300000003000000F9
:10F1E000030000000000000093000000D44700204E
:10F1F00025040700030000000100000003000000D8
:10F200000300000000000000000000009C2300201C
:10F2100000000000000000000000000000000000EE
:10F220000000000000000000A8CC0000A9CC0000F5
:10F23000AACC00002CC0000030C000009F000000DD
:10F24000ADC000009FC0000024C0000028C0000026
:10F250006B0000000AC0000014C00000390000006C
:10F26000AFC00000A3C0000087C000008BC000003A
:10F270007DC0000073C0000077C00000C400000023
:10F28000880000005DC0000061C0000053C00000A5
:10F2900049C000004DC0000045C000002BC0000068
:10F2A0002FC000009E000000ACC000009EC0000007
:10F2B00023C0000027C000006700000009C0000054
:10F2C00013C0000033000000AEC00000A2C0000068
:10F2D00086C000008AC000007CC0000072C0000030
:10F2E00076C00000BE000000450000005CC00000C9
:10F2F00060C0000052C0000048C000004CC00000C8
:10F3000044C0000008C0000012C000001600000049
:10F31000ACCC0000ADCC0000AB000000A7C00000EA
:10F3200038C00000B300000036C0000091000000AB
:10F3300091C000009BC0000097C00000ABC000005F
:10F340006DC0000071C0000067C00000AA0000008E
:10F35000A6C0000037C00000B200000035C00000A9
:10F360009000000090C0000096C000009AC000000D
:10F37000AAC000006CC0000070C0000066C00000A1
:10F3800034C000008F000000FFC000009D0000009E
:10F390009DC000003D0000003500000032C00000AC
:10F3A0002AC000000FC000002EC0000026C00000D0
:10F3B00005C00000A1C000007BC00000C00000002C
:10F3C000840000008DC0000079C0000089C00000EA
:10F3D00075C000005FC0000063C0000051C00000A5
:10F3E0004BC000004FC000003DC000009C0000006A
:10F3F0009CC000003C0000002F00000031C0000055
:10F4000029C000000EC000002DC0000025C0000073
:10F4100004C00000A0C000007AC00000BA000000D4
:10F42000410000008CC0000078C0000088C00000CF
:10F4300074C000005EC0000062C0000050C0000048
:10F440004AC000004EC000003CC000000A0000009E
:10F450000DC0000003C00000AECC0000AD000000F5
:10F46000B70000009500000093C0000099C00000A4
:10F470006FC0000069C00000AC000000B6000000D2
:10F480009400000092C0000098C000006EC0000010
:10F4900068C0000093000000ABCC0000A900000091
:10F4A000A5C00000AF0000008D0000008FC000006C
:10F4B00095C00000A9C000006BC0000065C000003E
:10F4C000A8000000A4C00000AE0000008C000000F6
:10F4D0008EC0000094C00000A8C000006AC00000F8
:10F4E00064C000008B00000007C0000011C00000D5
:10F4F00033C000008E000000050000000400000082
:10F500000CC0000002C00000920000008A00000051
:10F51000150000000900000006C0000010C0000037
:10F520003BC000003AC0000039C00000B500000038
:10F53000B40000002D0000003B00000002000000AD
:10F54000010000000BC0000001C00000B900000075
:10F55000B80000002E000000B1000000B000000064
:10F560002C0000000000000001000000084C0020FA
:10F57000020000009C4C002004000000CC4C002045
:10F5800008000000144D002010000000504D002025
:10F5900020000000844D002040000000984D002015
:10F5A00080000000B04D002000010000D84D002078
:10F5B00000020000084E002000040000384E002029
:10F5C00000080000544E002000100000804E002073
:10F5D00000200000B44E002000400000E44E002057
:10F5E000008000001C4F002000000100684F002038
:10F5F00000000200BC4F002000000400EC4F00207F
:10F600000000080030500020000000000000000052
:10F61000F0000000FFFFFF0FFFFFFF0F00080000DA
:10F62000600000000A0000000C0000000000000064
:10F63000E0000000FFFFFF0FFC08000000080000D2
:10F6400080C00F40000000031900000010000000FF
:10F65000E8841F4001000000FF000000FF000000E0
:10F660000000000000000000180000001000000072
:10F67000E4841F4001000000FF000000FF000000C4
:10F6800000000000000000001F0000000DF5000059
:10F6900070C00F40000C00001100000011000000BD
:10F6A000E0841F40020000002C0000001200000057
:10F6B000E0841F4001000000100000001100000065
:10F6C000DC841F40020000002D000000120000003A
:10F6D000DC841F40010000001E00000001F5000056
:10F6E00070C00F40C00000001200000013000000B6
:10F6F000D0841F4001000000FF000000FF00000058
:10F7000000000000000000001300000013000000D3
:10F71000CC841F4001000000FF000000FF0000003B
:10F7200000000000000000001C000000F5F40000D4
:10F73000010101011603550053004200200053004F
:10F7400065007200690061006C000000180354003D
:10F75000650065006E007300790064007500690043
:10F760006E006F000403090409024B00020100C08F
:10F7700032080B000202020100090400000102022B
:10F7800001000524001001052401010104240206E2
:10F79000052406000107058203100010090401007A
:10F7A000020A00000007050302400000070584026A
:10F7B0004000000009024B00020100C032080B00AB
:10F7C00002020201000904000001020201000524F6
:10F7D000001001052401010104240206052406008D
:10F7E000010705820310000509040100020A000058
:10F7F0000007050302000200070584020002000062
:0CF800000A060002EF02014001000100B6
:10F80C0000000000000000000000000000000000EC
:10F81C0000000000000000000000000000000000DC
:10F82C0010B5054C237833B9044B13B10448AFF32E
:10F83C0000800123237010BDB09200200000000056
:10F84C00E4B00100084B10B51BB108490848AFF3F0
:10F85C0000800848036803B910BD074B002BFBD090
:10F86C00BDE81040184700BF00000000B492002013
:10F87C00E4B00100C06A00200000000000207047C6
:10F88C00704700BF10B50446C06808B114F008FBFF
:10F89C00204610BD10B50A4806F00EFC00B910BD8C
:10F8AC00044602460749064806F0A8FB064B2246CA
:10F8BC00044918680368BDE810405B68184700BF2E
:10F8CC0008950020CC920020A05700202DE9F04193
:10F8DC00114C94F85B50C5F15A05002D1ADD94F8C3
:10F8EC005910002794F8586021440C4814F80680ED
:10F8FC00A75515F063FB042D04F806800ADD94F877
:10F90C00545094F85510665D21440548675515F020
:10F91C0055FB6655BDE8F08194F100203CF50020C4
:10F92C00F8F200201049002230B4134601F14404CF
:10F93C0011F8010F0344A142DBB21A44D2B2F7D141
:10F94C000A490B4D91F846000A4C98422B702270D4
:10F95C0002D0002030BC704791F84700801AB0FAF2
:10F96C0080F030BC40097047956200209462002002
:10F97C005EF500205FF5002030B4017844784588AE
:10F98C000C44E3B25A191944D2B202EB15230A44BF
:10F99C00DBB21A440373D2B2427375B18168013D74
:10F9AC0011FA85F5013911F8014F2344A942DBB254
:10F9BC001A440373D2B24273F5D130BC704700BF06
:10F9CC002DE9F0419FED670A82B0022011F0E4F8B6
:10F9DC009FED640A032011F0DFF80221222010F0C1
:10F9EC00B5FA0221202010F0B1FA0221252010F0E6
:10F9FC00ADFA0121042010F0A9FA0521292010F0FC
:10FA0C00A5FA0521182010F0A1FA57480EF06CFF4A
:10FA1C0055481AF055FF554805F06EFF002850D098
:10FA2C001021534812F066FB5248534F0FF076FEEC
:10FA3C00524C002010F020FB2070012010F01CFB19
:10FA4C006070B4F90030B3F5166F45D04FF41663FF
:10FA5C0002A80422002140F8043D10F09DFC102265
:10FA6C000A21474810F098FCDFF814810D22282158
:10FA7C004448444E10F090FC03223C21424810F0C4
:10FA8C008BFC98F80110F0EE086A98F80530327982
:10FA9C005B1A3E4907EE903AF8EEE77A87EEA67AC3
:10FAAC0081ED007A002A58D13B78002B3BD12121E3
:10FABC00374812F01FFB2F480FF030FE02B0BDE8A4
:10FACC00F0810446152133482B4F12F013FB2948C3
:10FADC000FF024FE3C70ABE72F4C04F1010804F14D
:10FAEC001006C8F10B05281910F0C6FA04F8010F1E
:10FAFC00A642F8D1234E282435462046013410F076
:10FB0C00BBFA05F8010B352CF7D11F4C3C2010F03B
:10FB1C00B3FA20703D2010F0AFFA60703E2010F068
:10FB2C00ABFAA070ADE728211C4812F0E3FA11489B
:10FB3C000FF0F4FD00210C2010F0FCF901210B203A
:10FB4C0010F0F8F98021094805F0D4FE002107488F
:10FB5C0005F0CCFE02B0BDE8F0810121032010F0CD
:10FB6C00F5F9A1E70000F543EC580020ACE80020C3
:10FB7C00CC0F002010560020146600204CF50020FD
:10FB8C00EC650020DC65002098650020A0F00020CA
:10FB9C0024100020E00F0020EB650020F80F00205F
:10FBAC00F0B50B4C83B0526805460E46094F0192D6
:10FBBC0069461A462046009706F0E4F93246294673
:10FBCC00204606F0F3F9204606F0E4F903B0F0BD48
:10FBDC00D894002004070020AF4B1B7803B9704762
:10FBEC002DE9F043AD4C89B0204606F065FA80B2A1
:10FBFC00042802D809B0BDE8F083A94D182220468C
:10FC0C00294606F0FBF92B78802BF3D16B78812BEE
:10FC1C00F0D1AB787F2BEDD1EB78FE2B63D0FC2BA6
:10FC2C0000F07881FB2B00F0C181C82B00F02D82F5
:10FC3C00C92B00F04382CA2BDCD12A79984B032ABA
:10FC4C00D8D15A79CA2AD5D19B79CA2BD2D1954B06
:10FC5C00002294F814C04FF0800E1D788127D978BB
:10FC6C00CB268DF8155010469D7893F801801723FC
:10FC7C008DF812108DF8181007218DF8175004AD5F
:10FC8C008DF819C094F815C0A47D8DF816808DF8E8
:10FC9C001AC08DF81B408DF810E08DF811708DF89E
:10FCAC0013608DF814108DF81C30AB1801329B7852
:10FCBC000A2A03EB0004A4B220B2F6D1FF267A4F35
:10FCCC00284642F20F7302AA0D218DF81C400297B0
:10FCDC008DF80C608DF80D608DF80E608DF80F604E
:10FCEC00FFF75EFF86E7714B1B78002B82D095F9EE
:10FCFC0009202B7AB5F8051043EA02236C4E07EE67
:10FD0C00101A6C4906EE103A6B4CB8EEC77B0A78A9
:10FD1C00B8EEC66BEB793270D71A2468674A18BFF5
:10FD2C0001270B7066486749674E1460DA07377015
:10FD3C009FED554B9FED565B26EE046B27EE057B36
:10FD4C00B7EEC66BB7EEC77B80ED006A81ED007A2B
:10FD5C0040F1DB81B7EEC77AB4EEC57BF1EE10FA59
:10FD6C0000F1D381594B1B78012B00F0CE81584BFD
:10FD7C0000221A70574927239FED577A0F22D1ED95
:10FD8C00007AB820554C222167EE877A544E2372A4
:10FD9C00544BFDEEE77A544FE2711A78CDED017AAF
:10FDAC00BDF90430B6F800C097F900E01E1263717B
:10FDBC00A671BEF1020F4D4E6072AF7AA172E27263
:10FDCC004B49E87A2A7B4B4B84F80CC0377008708F
:10FDDC001A7040F3CF810222002013460133A25C3B
:10FDEC00DBB21044734500B21A46F7DBDFF8208112
:10FDFC0004AD414F0E2104F80E002A46D8F80460D9
:10FE0C00294C3B88354805960494FFF7C9FE3B4BBB
:10FE1C001A7A1AB95B7A002B3FF4ECAE384E337871
:10FE2C005A1C022B32707FF6E5AE364B364AD3EDB8
:10FE3C00007A92F900E0FCEEE77ADFF8D0C0BEF170
:10FE4C00020F17EE903A8CF8053040F395810222A0
:10FE5C004FF00009134601331CF80220DBB24A4470
:10FE6C0073450FFA82F91A46F5DBD8F804002A46D6
:10FE7C003B880E21059025480CF80E900494FFF752
:10FE8C008FFE00233370B5E67B14AE47E17A843FD6
:10FE9C009A9999999999B93F60F50020D8940020C6
:10FEAC00D8E80020D4940020040700201466002019
:10FEBC007EF5002074F500202CF500209CF000202D
:10FECC0010F3002098F0002075F500201C6600202F
:10FEDC001E66002008F300200000C84200560020D7
:10FEEC0052F5002089F50020166600208BF50020C5
:10FEFC0083F5002084F50020A0650020DC6500203F
:10FF0C0069F50020F0F2002015660020F055002065
:10FF1C00CC9400209E4B1B78002B3FF46BAE287AC0
:10FF2C0010222B7B0A2107EE900A9A4C06EE103A0F
:10FF3C006B7AB8EE677AEF7A05EE903AB8EE466ACD
:10FF4C00AB7AB7EEC77A6E79F8EE655A43EA0723B7
:10FF5C00B7EEC66AAD796380C4ED025A20712046B3
:10FF6C00267065719FED864B9FED875B27EE047BBA
:10FF7C0026EE056BB7EEC77BFCEEC77AB7EEC66B09
:10FF8C0017EE903A84ED036A637010F005FA63790A
:10FF9C00F0EE086A6178804A5B1A07EE903AF8EE48
:10FFAC00E77A87EEA67A82ED007A23E66B797B4CB2
:10FFBC0013F0010218BF0122227003F0020202F0BA
:10FFCC00FF01002A00F0AB800122627003F00402F2
:10FFDC0002F0FF01002A00F0A0800122A27003F0C1
:10FFEC00080202F0FF01002A00F095800122E27065
:04FFFC0003F01002FC
:02000004600397
:1000000002F0FF01002A00F08A800122227103F031
:10001000200202F0FF01002A79D00122627103F070
:10002000400202F0FF01002A6FD00122A2711B06DC
:10003000AA794CBF01230023A272E3712B7A5A4A9A
:1000400013F0010118BF0121D17203F0020202F086
:10005000FF01002A57D00122227203F0040202F0AD
:10006000FF01002A4DD00122627203F0080303F061
:10007000FF02002B4DD0012323730D2228214A4873
:1000800010F090F92379002B3FF4BAAD0121032041
:100090000FF062FFB4E5414B1B78002B47D1434B77
:1000A0001B7823B9424B1B78002B3FF4A9AD414884
:1000B00004AA414B0B214568404C1B8840480595DC
:1000C0000494FFF773FD9BE52A793E4B052A7FF4E4
:1000D00097AD5A79C92A7FF493AD9A79C92A7FF4EA
:1000E0008FAD394C0322DE793C211D7A20465B7AA4
:1000F0002670A370657010F055F9344B344A1A60BD
:100100007EE56172B1E72172A7E7A1718FE76171A6
:1001100085E72273B1E72F4B66221A7030E6217112
:1001200075E7E1706AE7A1705FE7617054E72A4BF9
:1001300004AA9FED2A7A0B21D3ED007A1D4867EEC1
:10014000877A274B274DB3F90030FDEEE77A4068F8
:10015000254C2F781D12CDED017A0590BDF90400D4
:10016000154E4FEA202E2572144DE3716071204622
:10017000338884F806E067720495FFF717FD8EE771
:10018000002039E64FF0000975E600BF3333333302
:100190003333F33F7B14AE47E17A843F146600208B
:1001A000EC650020A0F00020DC65002093F5002025
:1001B00096F50020CC940020A065002004070020C4
:1001C00078650020D8E80020986500200CED00E05C
:1001D0000400FA051E66002008F300200000C84253
:1001E0004EF5002089F500206C650020364BB0EEFE
:1001F000086A3648D3ED006A354BFDEEE67A35499C
:1002000010B417EE904A027883B0002C07EE102A43
:10021000314AB8BF6442B8EEC77A07EE904A27EE7B
:10022000267AF8EEE77AFDEEC76A83ED007AF4EEFF
:10023000C67AC2ED007ACDED016AF1EE10FABDF991
:1002400004300B8031D54278002B07EE102A234A68
:10025000B8EEC77AD2ED006AA7EEA67AFDEEC77AAD
:10026000CDED017ABDF9042022DB03D000790344EF
:100270001BB20B809A4201DA13460A805242934223
:10028000174BB8BF0A809A7812B10A8852420A8086
:10029000DB7A33B1B1F9003013F1FA0F0DDA4123F3
:1002A0000B8003B05DF8044B7047002B4279DCDA19
:1002B00000791B1A1BB20B80DCE7FA2BA8BFFA23CC
:1002C0009B1080331BB2EBE70CF30020EC650020A1
:1002D00090F1002054F50020B4EC0020A0F00020A4
:1002E000DC650020214B10B51979214CA1B1B4F97E
:1002F000001040221F4B00291EDBC3F884205B68DE
:100300005A0602D41C4B1D4ADA62022010F0E6FBAA
:1003100022881B4B1A8010BDB4F90030002B17DD6A
:10032000032010F0DBFBB4F90010022010F0D6FB24
:100330002288134B1A8010BDC3F888205B685B06C7
:1003400002D40D4B3822DA62494209B22180DCE73F
:100350005B420220238010F0C1FBB4F9001003209F
:1003600010F0BCFB2288064B1A8010BDDC65002013
:1003700054F5002000C0004200801F4038F001000A
:1003800052F500202DE9F04782B0A64DFFF72AFC78
:10039000A5492A680B68A548D31A0260182B16D8FD
:1003A000A34EA44A2B6811689E4A5B1AB3F57A7F64
:1003B00080F00581A049136808681B1AC82B3AD839
:1003C00033789B4C002B5AD102B0BDE8F0879B4F8D
:1003D0000120974E3B789A4CFA2B30700A6094BFFC
:1003E0001B1866232220DFF898823B700FF0AEFDC9
:1003F000637988F80000012B00F09781A379012B25
:1004000000F0F6818F4B1B78002B4ED08E4B1B7863
:10041000012B00F0FB81002B47D1DFF8689299F89F
:100420000030002B43D1894A117801293FD189F846
:10043000001013703BE08648136890ED007A0B6063
:10044000B7EEC77A834B9FED736BB4EEC67BF1EECC
:1004500010FA40F3B58018780022754C9FED6F6B51
:1004600027EE067BB7EEC77BFCEEC77ACDED017AAF
:10047000BDF804100FF014FA3378002BA4D0252017
:100480000FF064FD744B75491A78087082429BD056
:100490001870002898D02378002B95D0704A00213E
:1004A00013782170013313708EE7DFF8D891E37968
:1004B000634A2BB16A4B927A1B789A4240F2EC80E5
:1004C000237ADFF87CA1002B40F0F480637A002BC4
:1004D00040F0338125200FF039FD99F8001083009A
:1004E00098F80020DFF8A0E143EA4103DFF89CC15F
:1004F000E17813438CF800008EF8003009B14FF416
:100500008041DFF88C81574805F0F8F9554805F02F
:100510001DFAA8F80000534805F050FAB8F9002079
:10052000514952105148DFF86C91114413B22278AE
:100530000180A8F800304E49002A62D04A8891ED27
:10054000027AC2F56542B1EE477A6B3213441BB2B0
:1005500007EE903AA8F80030F8EEE76AC6EE877A20
:10056000F5EEC07AC9ED007AF1EE10FA00F13081B3
:100570003B78632B28D82379314A002B00F0D080B8
:100580005378002B00F02F81002103200FF0D8FCBE
:10059000384BD9ED007A93ED007A374B77EEC77A76
:1005A000C3ED007AFFF722FEFFF79CFE01210C202D
:1005B0000FF0C6FC00210B200FF0C2FCF1E6254B2A
:1005C00018780FF007FAFBE621791D4B002900F09F
:1005D000A3805978002900F00281012103200FF047
:1005E000AFFC0024254B1C80FFF77CFE1C4B012137
:1005F0000B201C700FF0A4FC21460C200FF0A0FC77
:10060000CFE64A8891ED027AA2F5D452153A9DE7D9
:10061000AFF30080295C8FC2F528BC3FF54A5986AC
:10062000380E42402CF50020E46200200C630020CC
:1006300071F500209CF0002004F300201E660020CD
:10064000DC65002075F5002074F500207FF50020A2
:1006500098F000201D66002078F500208AF5002023
:1006600080F50020ACE8002070E5FFFF4EF500208B
:10067000EC65002010F300200CF3002054F500205E
:1006800097F500201C66002089F5002085F50020E4
:1006900058F5002008F3002001237648764A00210F
:1006A00089F800300370237A1170DFF8E4A1002B81
:1006B0003FF40CAF18200FF001FA06EE100A9AF87A
:1006C0000A30BAEECF6A6D4A06EE903A6C4B9FED57
:1006D000614BB7EEC67A93ED005AF8EEE66A82ED0A
:1006E000006AB7EEC55A27EE047B9FED5C4BA5EE82
:1006F000047BB7EEC77BB4EEE67A83ED007AF1EEC9
:1007000010FAFFF6E3AE01235A485B4A002189F84C
:10071000003003701170D9E604200FF011FC60E77F
:10072000012104200FF00CFC32E7DFF86891202053
:100730000FF00CFC89F80000B9E629200FF0BEF993
:1007400007EE900A4E4AB8EEE77ADFED4E7A92ED68
:10075000004A9FED4D5A77EEC77AA17AB7EEC44AA8
:1007600005EE901AFDEEE77AF8EEE55A17EE903AAC
:10077000002BB8BF5B4207EE103ABAEEEF7B3F4B5F
:100780009FED382BB7EEC77B9FED383BB7EEC76ABE
:1007900083ED007A26EE027BA4EE037BB7EEC77BE7
:1007A000B4EEC57AF1EE10FA58BFB0EE457AF4EE29
:1007B000C75A82ED007AF1EE10FA3FF68BAE0123B4
:1007C0002C482D4A002189F800300370117081E611
:1007D00091ED037A67EE277AC9ED007AC8E6032027
:1007E0000FF0AEFBFDE6012103200FF0A9FBCFE6E1
:1007F00020200FF0ABFB254B1870A0B91E4B1A78C8
:10080000012A15D0DFF88C90187050E6DFF884903C
:1008100099F80030012B7FF44AAE174A117800296D
:100820007FF445AE03E6144BDFF8689018703EE69F
:100830001049DFF8609091F800E0BEF1010F04D09C
:100840000A7089F80020187031E6087089F80000F5
:1008500018702CE69A9999999999D93F3333333383
:100860003333E33F333333333333D33F6666666624
:100870006666E63F1B6600207FF50020F4F200204C
:10088000F0F2002000C0414400007F4382F50020C8
:10089000DC6500201C66002038B505460180880014
:1008A0000C46E98013F0FAFAE86090B100210E4B93
:1008B00000226980A980AA602B616B613CB121464E
:1008C000013989B200EB81031A600029F8D128466A
:1008D00038BD054B002228806880A8802846AA6081
:1008E0002B616B6138BD00BF0000C07F10B50A4CA2
:1008F00000224FF4E13120680EF05CFB20684FF4D9
:10090000007206490EF0D2FC20684FF400720449D0
:10091000BDE810400EF0B0BCA8570020C8A10020D0
:10092000C89F0020042970B41CD0841C0D1F4FF6F2
:10093000FF720E4E254414F8013B5340AC42DBB22B
:1009400036F8133083EA1222F5D1014411F8010C74
:1009500011F8023C03EB0020801AB0FA80F070BC62
:10096000400970474FF6FF72EFE700BF080700200D
:100970002DE9F8435A4DDFF89C812E46594C5A4FC9
:10098000286803681B699847002800F09380306846
:1009900003685B6998472378C0B2524A032B62D838
:1009A000DFE803F06C67550298F800C0DFF868E1F3
:1009B0000CF101014D4B9EF800E0C9B203F80C00A8
:1009C0000EF1040088F8001088424CDA00214648F5
:1009D000117099780023DFF81491053103704846AF
:1009E000C9B2FFF79FFF0028CAD0414B414A19689E
:1009F00099F803301160162B5ED0232BBFD199F8E4
:100A00000B0099F80C2099F80D103B4B99F8134006
:100A100018705A7099F80E00384A997099F80F10AA
:100A2000D870117099F8103099F8110099F81210D7
:100A300053709070D170324B99F8140099F81510DA
:100A400099F816201C7058709970DA7096E7DFF8E4
:100A5000C8900322254B3B2889F80000987088F83D
:100A6000002012DC22703B781F48002B88D01F4BDF
:100A7000AFE7552819D000232370F4E7AA28F2D154
:100A80001A4B012218702270EDE7002319211D482E
:100A9000237011F035FB99F800101B4805310EF05A
:100AA0009BFE19480EF040FEDDE7104B0222587005
:100AB0002270D8E7BDE8F88399F81120134902F0B5
:100AC0000702134B99F80B400A7099F80C0099F83B
:100AD0000D1099F80E201C7058709970DA704DE75F
:100AE000A85700207AF5002073F50020749D00209F
:100AF0002CF50020C8A30020C09F0020B49D00203A
:100B000038E60020541000201056002081F5002007
:100B100034E600207DF5002079F50020F0B52C2189
:100B200083B0674811F0ECFA66480EF0FDFD4FF413
:100B30007A620021644805F02BF805F069F9002875
:100B400000F0908005F054F9022800F0B0805F4B6F
:100B50005F48604C19785D789A78037821706570E9
:100B6000A270002B7BD178200346E0705A4E5B4880
:100B70008DF8041069468DF806208DF807308DF841
:100B80000550009605F054F91421554811F0B8FAB3
:100B90004C480EF0C9FD1121524811F0B1FA6846D7
:100BA00005F038F9474968464F4D0EF0C9FC4548F5
:100BB0000EF0BAFD4FF0010EA278FF23277819211D
:100BC00066784A48AA7180F800E0EB7148482F71B6
:100BD0006E7111F095FA684605F01CF939496846BE
:100BE000444C0EF0ADFC37480EF09EFD18214248F3
:100BF00011F086FA334928460EF0A2FC31480EF077
:100C000093FD1A213D4811F07BFA3D4900230A2249
:100C100009682C480EF0A0FD2A480EF085FD2188B9
:100C2000384805F05FF930BB374C3848218805F06B
:100C300059F970BB364C3748218805F053F960B13B
:100C40003621354811F05CFA216800230A221D483C
:100C50000EF082FD1B480EF067FD03B0F0BD7E2351
:100C6000E37083E730212D4811F04AFA15480EF061
:100C70005BFD03B0F0BD2421294811F041FA216841
:100C800000230A220F480EF067FD0E480EF04CFDBF
:100C9000CAE72621234811F033FA216800230A22EB
:100CA00008480EF059FD07480EF03EFDC2E74A2104
:100CB0001D4811F025FA03480EF036FD47E700BF46
:100CC00070100020105600208465002098650020D8
:100CD00014660020D49400200407002068950020AA
:100CE0002011002038110020CC94002060F5002055
:100CF0004C110020A4650020681100208411002000
:100D0000A065002038950020C055002008950020DF
:100D1000BC550020D8940020F0110020A010002025
:100D2000A0110020C8110020D410002010B589485F
:100D30002DED048B8CB002F083FB18B90CB0BDEC28
:100D4000048B10BD0DF11B020BA90AA809AB02927E
:100D500008AA019107A900907E4801F0CDFF9DED02
:100D6000076ADDED0A6A26EE067A9DED085ADDED8A
:100D7000095AA6EEA67AA5EE057AA5EEA57AB7EEF3
:100D8000C77AB1EEC70BB4EE400BF1EE10FA40F0AB
:100D9000C680B7EEC00BB0EE004BB7EE001BC5EE41
:100DA000007A85EE807A86EE005AC6EE805ACDED46
:100DB000087A27EEA78A8DED097AB0EE486AA7EE89
:100DC000076A8DED075A65EE277AE5EE877ACDED55
:100DD0000A5AB7EEC66AA6EE441B37EEA70AB7EE6C
:100DE000C00AB7EEC11BB7EEC11A11F067FBB7EE30
:100DF000C00B594BB7EEC07AB1EE400A9FED516B74
:100E0000B7EEC00A27EE067B83ED000BFDEEC77B35
:100E1000CDED057ABDF9143007EE903AF8EEE77A99
:100E2000F5EEC07AF1EE10FA71D44C4BC3ED007AB6
:100E3000DDED096AB7EE006A9DED077ADDED0A5A2D
:100E400027EE660ADDED087AA5EEA70A30EE000A65
:100E5000B4EEC60AF1EE10FA4FDDB7EE000BA7EEC6
:100E6000078A3F4B67EEA67AB0EE004B1B7BB7EECE
:100E7000001BE5EE877AB7EEC86AA6EE441B37EE94
:100E8000A78AF7EEC18BEBB911F0C2FA354BB7EE7A
:100E9000E81A354C9FED2D9B20EE097BB7EEC80A72
:100EA000B7EEC77B83ED007A11F008FB20EE090B4B
:100EB000B7EEC00BB1EE400A84ED000A0CB0BDECF9
:100EC000048B10BD9FED219B11F0A2FA264CB7EECA
:100ED000E81A20EE097BB7EEC80AB7EEC77B84EDAF
:100EE000007A11F0EBFA20EE099B1E4B94ED000AFC
:100EF000B7EEC99B83ED009ADCE7BFEE006AB4EE63
:100F0000C60AF1EE10FA17D5BFEE000BA7E79FED6A
:100F1000177A124B77EE877AC3ED007A88E7B0EE46
:100F2000470B11F00FFCDDED0A6A9DED076A9DEDA0
:100F3000085ADDED095A2CE7B7EEC00A8FE700BF6B
:100F4000AFF300803B597E90A9E781C03B597E906A
:100F5000A9E78140F4E800208892002048F50020AD
:100F6000DC65002018F2002028F200200000614516
:100F70002DE9F041174E82B073782A2B27D0711CCF
:100F800000225A4011F8013F2A2BFAD1111102F028
:100F90000F04114B002702AD0E48D3F80080ADF8C6
:100FA000007018F8013005F8083D14F06FF8294674
:100FB000304413F003FE18F8043002A9ADF80470B1
:100FC00001F8043D14F000F802B0BDE8F0810024FF
:100FD0002146DEE728F10020E06200204A4B1B7822
:100FE00070B54A4D82B0002B00F08380484B93E8E7
:100FF000030085E803002C24444814F047F84549D1
:101000002844454E13F0DAFD44490470013013F0D2
:10101000D5FD43490470013013F0D0FD41490470FF
:10102000013013F0CBFD40490470013013F0C6FDD0
:101030003E490470013013F0C1FD3D490470013098
:1010400013F0BCFD3B490470013013F0B7FD3A4981
:101050000470013013F0B2FD38490470013013F010
:10106000ADFD37490470013013F0A8FD3549047017
:10107000013013F0A3FD34490470013013F09EFDDC
:1010800032490470013013F099FD31490470013088
:1010900013F094FD2F4B1B880380FFF769FF1B485B
:1010A00013F0F4FF2C4B2A181C88997833782C52B3
:1010B000917013B9294B1B780BB3294B1B78B3B133
:1010C000124813F0E3FF274B274A04465D68694640
:1010D000264B128826488DE8280004F059FF224646
:1010E0000A49234804F068FF214804F059FF02B080
:1010F00070BD204B93E8030085E803007BE7811C6B
:10110000024810F0FDFFD8E795F5002028F10020F7
:1011100028120020BCEC00207BF50020E8F0002025
:10112000E4F00020FCF00020F8F00020B8EC0020F3
:101130008CF100206C9D0020C4E80020B8E800205D
:10114000F8F20020A4F00020B4F00020ACF0002061
:10115000C0F00020381200203C1200207CF5002056
:1011600060F50020CC940020A0650020040700203A
:1011700038950020301200202DE9F041002342482C
:10118000424A082542494FF47A77424E4FF00C0EFE
:10119000414C4FF00E0C03714FF00A08037343618A
:1011A000036243628362C36287600460066185777D
:1011B000042013719760137314601661536195775F
:1011C000136253629362D3628F600927334A0C60C3
:1011D000334C0B710B730E614B618D770B624B625D
:1011E0008B62A2F826E1A2F82851A2F82A51A2F8AF
:1011F00024C14FF0010CA2F82C71A2F82E01CB6291
:10120000C2F88430274982F88A3082F8BC3082F8EC
:10121000CC30A2F88830A2F830812768224A234DCA
:101220000E605A2617602846214A4B60072182F833
:101230007FC0D365136682F87C3082F87E3082F8F6
:10124000803082F8813082F87D3082F85A3082F81E
:101250005B60FFF721FB174A2846174912F0B6FBDF
:101260002068164B226816491A6008600EF0E6FEE8
:101270004821144804F02AFB206813492268134BC4
:1012800008601A60BDE8F0813895002008950020BC
:10129000D8940020040700203C060020F4E8002039
:1012A0002CF50020CC94002004F3002010F1002045
:1012B00094F10020B855002085000000BCF000200B
:1012C000C8A30020ACE800209CF00020F0E800203B
:1012D00000000000B34B1B78F0B52DED028B83B0FE
:1012E0005BBBB14D2B78C3B1B04B0221B04A042097
:1012F00093ED000BB7EEC00B0FF030F9AD4BAE4ADB
:101300000221042093ED000BB7EEC00B03B0BDEC3F
:10131000028BBDE8F0400FF021B9A84B1B78002BE1
:101320004CD1A74B1B78002B40F0F0802B78002B82
:10133000DAD103B0BDEC028BF0BDA24BB2EE048A51
:101340000A229D49D3ED007A67EE887AFDEEE77AAE
:1013500017EE900A12F07CFD9B4B1B7BFBB99B4B5D
:101360000A229B49D3ED007A67EE887AFDEEE77A90
:1013700017EE900A12F06CFD964BD3ED007A0A221C
:101380008B4927EE888AFDEEC87A17EE900A12F094
:101390005FFD0A229049002012F05AFDA1E78D4B13
:1013A0000A228B49D3ED007A67EE887AFDEEE77A60
:1013B00017EE900A12F04CFD844BDEE7874CC023F9
:1013C00001261C21204684F8A53084F8306184F879
:1013D0002F610DF059FA314620460DF037FB3346A8
:1013E0000322204660210DF0A1FB94F8A30094F89D
:1013F000A220831A022BFDDD904240F2B480511CE2
:10140000A318764FC9B293F91A60814284F8A210EA
:101410004FEA062680F0A780394402328B7E87F897
:10142000A220334307EE903AF8EEE77AF1EE677ABE
:10143000C02301276A4E02216848C6ED007A84F86D
:10144000A53084F8307184F82F710DF01DFA3946FB
:1014500062480DF0FBFA3B46032260215F480DF025
:1014600065FB94F8A31094F8A2208B1A022BFDDDE3
:1014700091427ED9531CA018584FDBB290F91A0044
:101480008B4284F8A2304FEA002077D23B440232EC
:101490009B7E87F8A220184306EE900A9FED3B7BC7
:1014A000B8EEE66B9FED3B5B26EE077B27EE057BF8
:1014B0004C4B0A22404983ED007B12F0C9FC94F8A2
:1014C000A23094F8A310454A99424FD9591C1344AD
:1014D00093F91A0082F8A2100A223D4912F0B8FCD2
:1014E000D6ED007A0A223249FDEEE77ACDED017A97
:1014F000BDF9040012F0ACFC0A223749002012F0BA
:10150000A7FC2F4B1B78002B3FF410AF364B0A2261
:101510002949D3ED007AFDEEE77ACDED017ABDF9E8
:10152000040012F095FC314B0A222949D3ED007AD0
:10153000FDEEE77ACDED017ABDF9040012F088FCEA
:10154000274B0A221A49D3ED007AFDEEE77ACDED5A
:10155000017ABDF9040012F07BFC0A221E4900202A
:1015600012F076FCE2E6F7EE007A61E74FF0FF302A
:10157000B2E74FF0FF309FED097B99E79FED077BC6
:101580004FF0FF3094E700BFAFF300809A9999992C
:101590009999B93F399D52A246DF913FF561B70352
:1015A00071985CBF96F5002095F50020A892002068
:1015B000B4F0002098920020A4F0002094F50020C0
:1015C00093F5002038E60020DC650020C09F002055
:1015D000ACF00020B49D0020C0F00020AC570020EB
:1015E00028F200208892002048F5002018F2002000
:1015F0000000000038B5634B6348DA7F997F93F8A9
:10160000205001EB022193F8214001EB054202EB4F
:10161000046207EE902A90ED006BB8EEE77B5B4822
:101620009FED4C4B9FED4D5BA7EE046BB4EEC56B8D
:10163000F1EE10FAA8BF36EE456BB5EEC06B80ED4B
:10164000006BF1EE10FA5FD4DD7E9A7EDC7D02EB5A
:1016500005221D7F997D02EB05425D7F01EB042190
:101660001C7E02EB05624A4D01EB04415C7E07EEF5
:10167000102A93F9292004EE102A01EB0462B8EE37
:10168000C77B444C00EE102A93F92820B8EEC44BD7
:1016900093F8423005EE102AB8EEC00B83F0020139
:1016A00083F00402B8EEC55BC1F34001C2F38002CF
:1016B0009FED2C3B9FED2D2B0A43A4EE037BA5EE63
:1016C000030B26EE026B84ED007B85ED000B80EDB5
:1016D000006B18D103F0010282F001059AB1C3F347
:1016E000C103022B15D02C4B0A202C4A93ED007B12
:1016F0009FED206B117827EE067B83ED007B0EF0CB
:101700001FFC274B1D7038BD9FED147B36EE076B19
:101710009AE7B5EE407BF1EE10FA03D137EE037B8A
:1017200084ED007B80EE070B10F072FE1A4B012156
:101730000A209FED127B20EE070B83ED000B0EF0CD
:10174000FFFBFFF7C7FD164B01221A7038BD00BF23
:10175000AFF300802D431CEBE2361A3F000000007F
:101760000020AC407B14AE47E17A843F9A99999966
:101770009999B93FCDCCCCCCCCCCEC3FF8C1631A15
:10178000DCA54CC094620020885100209892002073
:10179000A092002080920020A89200206BF50020EB
:1017A00070F500202DE9F041844C94F85B50C5F1B0
:1017B0005A05002D40F3948094F85910002794F8AE
:1017C000586021447E4814F80680A75513F0FCFBAE
:1017D000012D04F8068000F0838094F8581094F8E6
:1017E00057602144774814F80680A75513F0ECFBA6
:1017F000022D04F8068073D094F8571094F85660C0
:101800002144714814F80680A75513F0DDFB032D21
:1018100004F8068064D094F8561094F8556021447A
:101820006A4814F80680A75513F0CEFB042D04F87F
:10183000068055D094F8551094F8546021446448BB
:1018400014F80680A75513F0BFFB052D04F8068099
:1018500046D094F8541094F8536021445D4814F82D
:101860000680A75513F0B0FB062D04F8068037D08C
:1018700094F8531094F852602144574814F80680A5
:10188000A75513F0A1FB072D04F8068028D094F883
:10189000521094F851602144504814F80680A7551E
:1018A00013F092FB082D04F8068019D094F851101B
:1018B00094F8506021444A4814F80680A75513F064
:1018C00083FB0C2D04F806800ADD94F84C5094F844
:1018D0004D10665D21444348675513F075FB66550E
:1018E000414C217841B301210D200EF029FB2178D4
:1018F00001233E4D59403E4A2E78217013700EB19F
:101900003C4A13703C4B1B78D3B93C4B1B781BB93A
:101910003B4B1B78002B2FD0FFF7DCFCFFF75EFB67
:10192000344B00222C781A70002C38D0354C2268A9
:10193000354B1A60BDE8F0810D200EF001FBD6E7B3
:10194000304C0122314B324920681A700860FFF791
:1019500045FB304B1B78012BE9D92F4A4EF660210D
:10196000236810681B1A8B42E1D923681360226830
:10197000254B1A60BDE8F081002ED7D10920214CFB
:101980000EF0DEFA31460A200EF0DAFA0A22234976
:101990004FF6FF7012F05CFAFFF720FBC7E701215A
:1019A00009200EF0CDFA2146164C0A200EF0C8FA96
:1019B000154B22681A60BDE8F08100BF94F1002049
:1019C000BCEC0020E8F00020E4F00020FCF0002057
:1019D000F8F00020B8EC00208CF100206C9D002075
:1019E000C4E80020B8E800206BF5002095F5002041
:1019F00062F500206FF5002096F5002093F5002099
:101A000094F500202CF5002094F0002076F50020BD
:101A1000BCF0002081F50020F0E80020A4F00020B8
:101A20002DE9F04F4FF4FA7083B00EF0EFF9012179
:101A30000D20B74D0EF090FA012105200EF08CFA22
:101A4000012106200EF088FA012109200EF084FA07
:101A500001210A200EF080FA01210B200EF07CFA01
:101A600001210C200EF078FA95F87C70A94B012F1B
:101A7000EB6540F2D181A84C0A200EF0C7F9A74DC2
:101A8000266840F2EE28A64FDFF8109304E0B3F585
:101A9000FA6F15D810F0BAFB10F0B8FB2B7843B1F1
:101AA0003B78DB0705D52368D9F800209B1A0E2B5D
:101AB00006D823682A789B1B002AE8D14345E9D938
:101AC0000A20984D0EF0A2F90B219748012610F03C
:101AD00017FB96480DF028FE286800224FF4E121FC
:101AE0000DF068FA28684FF4007291490DF0C4FBBC
:101AF00028684FF400728F490DF0D8FB0A200EF0D1
:101B000085F900224FF416518B480DF053FA8B4D96
:101B10004FF400728A4988480DF0AEFB0A200EF09F
:101B200075F9286800224FF4E1210DF043FA286886
:101B30004FF4007283490DF09FFB4FF40072286848
:101B400081490DF0B3FB3A21804810F0D9FA77486B
:101B50000DF0EAFD17217E4810F0D2FA73480DF01F
:101B6000E3FD7C4DFDF732FF16217B4810F0C8FAEB
:101B70006E480DF0D9FDFEF7D1FF1121774810F026
:101B8000BFFA6A480DF0D0FD284618F09FFEC0232A
:101B90002846314685F8A53085F8306185F82F61F3
:101BA0000CF054FF0746002864D112216C4810F055
:101BB000A7FA3B46102260215C480DF0CDFD5B4842
:101BC0000DF0B2FDDFF8D8810A216648664F10F0AB
:101BD00097FA56480DF0A8FD88F8006064200EF0D2
:101BE00015F90C21614810F08BFA98F800104F4855
:101BF0000DF0F2FD4D480DF097FD0C215C4810F002
:101C00007FFA397849480DF0E7FD48480DF08CFD22
:101C1000FEF76CFEC8200EF0F9F8FEF7A9FE554A53
:101C20002368182112689B1A502B68D8524810F06C
:101C300067FA3E480DF078FD504C01232370FFF702
:101C400049FB23781BB93B78002B00F0D6801E217E
:101C50004B4810F055FA35480DF066FD02F0BCFA1D
:101C60002121484810F04CFA304803B0BDE8F04F4D
:101C70000DF05ABD1B214448DFF8248110F040FAD2
:101C80002A480DF051FD98F80030002B40F02D81CE
:101C9000DFF810A14A23DFF81091334FD346012615
:101CA0002C488AF8003003FA06F2314685F8306194
:101CB00085F8A52085F82F610CF0C8FE0346019039
:101CC00002213248002B71D010F01AFA00231022A2
:101CD0009BF8001015480DF03FFD1E212C4810F018
:101CE0000FFA12480DF020FD3B78002B7FF476AF01
:101CF000284B4B453FF472AF19F8013FCFE7264818
:101D000010F0FEF909481D4C0DF00EFD99E700BFDB
:101D100094F10020810000002CF5002090F50020B7
:101D20008FF50020A05700205012002010560020F0
:101D30006C9900206C9B002080560020A457002046
:101D4000C09D00206C9500206C9700205C12002044
:101D500098120020AC570020B0120020C8120020BA
:101D6000DC120020F012002093F5002070130020F8
:101D700080130020C8A300209013002096F50020B7
:101D8000EC1300200C140020FC120020EC120020A8
:101D9000501300200D060020AC13002028F700206F
:101DA00094F500206CF500200C06002010F0A8F936
:101DB000019B10229BF800104D480DF0CDFC0B212B
:101DC0004C4810F09DF94A480DF0AEFC9BF800100D
:101DD000FF23494A494801F0E7FC2921A8B14849B5
:101DE00045480CF09FFF4FF496700EF00FF8142149
:101DF000424801F0BBFC3E70F0E62021414810F063
:101E00007FF93B480DF090FC21E73F4810F078F94E
:101E100037480DF089FC67E7002F45D095F864300E
:101E20002D2B01D0472B3FD1384E39483346341D36
:101E300010F8012F13F8011F2D2A18BF8A4201D074
:101E40002D2932D19C42F3D195F864302D2B01D04D
:101E5000472B47D12F4E2E483346341D10F8012F03
:101E600013F8011F8A4218BF2D2A01D02D2902D153
:101E70009C42F3D1FFE5012303EB43030027264CEB
:101E800005EB830396E80300586683F8681095F81D
:101E90007C3003EB4302013305EB820285F87C3092
:101EA00082F86970D466E6E5184E07EB47031B4CD1
:101EB000002705EB830396E80300586683F8681053
:101EC00095F87C3003EB43020133DBB205EB820271
:101ED000012B85F87C3082F86970D4663FF6CBAD73
:101EE0000BB1B1E701230B4EC6E70D4F76E600BFFD
:101EF0001056002018130020AC570020F4E80020F2
:101F0000801A0600C8130020241300204812002065
:101F1000F8F1002040120020CD000000991F0000C1
:101F200093F500202DE9F04F8FB002F057FEA64B3D
:101F30001B7823B9A54F3B78002B00F0A780DFF872
:101F4000B4B2DFF88C92DFF89CA210F06FF8002892
:101F500040F0B480D9F800009D4C03681B69984795
:101F600050B19A4B20681B78002B7CD003685B69CA
:101F70009847C0B210F0AEF8964B1B78002B40F09B
:101F8000DB8095480CF04EFF002840F0BE80934C5B
:101F9000237823B1924D2B78002B40F0F780DAF8AC
:101FA0000000904C03681B699847002840F0CE80E1
:101FB0008D4C2368472B00F3C2808C4942F210728B
:101FC000DBF8003009685B1A934200F2A980884A66
:101FD000DBF80030116887485B1A142B03D9864B55
:101FE0001B78002B3AD1FEF7C3FC844B1B7833B12E
:101FF000834ADBF8003012689B1A462B7BD8814B52
:102000001B786BB1FEF7BEF903F0F2FE02280DD08B
:1020100003F0EEFE0128044615D00FB0BDE8F08FA6
:10202000FDF7E0FD03F0E4FE0228F1D101210520D7
:102030000DF086FF002106200DF082FF03F0D8FE90
:1020400001280446E9D1002105200DF079FF214641
:1020500006200DF075FF0FB0BDE8F08F0368136028
:10206000FEF764FEBFE70368674C5B69984794F826
:102070007D30C5B2062B00F2B481DFE813F0FE001C
:10208000720189011701350151015C015F4BDFF8D5
:1020900064B11B784BB95E4C42F20F72DBF8003032
:1020A00021685B1A934200F2CF80DFF82491DFF8B9
:1020B00034A10FF0BBFF00283FF44CAF0FF0FAFF44
:1020C000544B5FFA80F81B78032B53D9042B00F094
:1020D000788100234F4A3D4F13703B78002B6CD121
:1020E0004A4B1B78002B68D0DAF8000041460368A1
:1020F0001B6898472EE7484B1A78002A3FF47FAFB9
:1021000000221A70FFF7E6F879E7D9F80040324864
:102110000CF09CFE2368C1B220461B68984736E746
:10212000002109200DF00CFF00210A200DF008FF0E
:102130003A4B00221A704AE7FDF7B2FB21E7FDF7A0
:10214000F7FB002876D10023236036E72068264C71
:1021500003685B6998472D4BC0B21B78002B65D193
:102160002268032A18DC2E4B9B5C8342EBD10132A0
:10217000226022E72B4AD25C4245AAD12A495A1C46
:10218000124F01F80380234B1A70A6E7FEF726FFD3
:10219000002323702B7002E72149531C88542360CD
:1021A00008E723445B78442B40F01981002307495A
:1021B000164A0B70174913700B70D9F8000041468E
:1021C00003681B689847C5E662F500207BF5002090
:1021D000A057002060F50020805600206FF50020F9
:1021E00070F50020A45700201CF2002094F000207D
:1021F000BC9D00202CF5002093F5002096F50020D2
:10220000BCF000201466002094F100207CF5002032
:10221000B89D00206AF5002076F5002095F5002095
:1022200094620020DC620020D0E800200FF052FF12
:102230002368BFE6002109200DF082FEB84B012281
:102240001A70FFF7D7F97EE71721DFF80893DFF858
:1022500008A3B4480FF054FFB3480DF065FAD9F85D
:102260000030DAF80000B149DBF80020C9F80000BE
:10227000CAF800300B60226067E60022242DAC4BC8
:102280004FF0010184F87E2000F0CF81DA6D83F8F1
:102290007E1002B1904700235A2284F87D3084F8E2
:1022A0005A3084F87E3084F85B2065E6A5F130036F
:1022B000092B40F2A680284611F0A4FD462D00F21D
:1022C0009780002800F09480A5F137035BB2581C7A
:1022D00029D094F88120DBB2042142EA031384F868
:1022E0007D1084F8813047E6A5F13003092B40F2D8
:1022F0009380284611F086FD462D00F28480002848
:1023000000F08180A5F137035BB2591C0BD094F823
:10231000811005220B4384F87D2084F881302BE660
:102320000D2D00F07E810122E36D84F87E20002BCC
:10233000B1D09847AFE70A2DF5D194F87F207C4BB8
:10234000002A00F0BD8193F8811093F8802091421B
:1023500000F0B6810421DA6D83F87E10002A99D14D
:1023600099E7284611F036FD00285ED094F85A20EF
:1023700094F85B106E4B914240F24B81042A40F27C
:10238000E8810321DA6D83F87E10002A82D182E78A
:1023900094F85A1094F85B30654A99423ED22A2D3F
:1023A00000F061812C2D40F0548192F88000013BB7
:1023B00080F02C00DBB282F8800082F85B30D154D0
:1023C000DAE55C4C84F804800FF074FE5A4B6071BF
:1023D0001B78E25C522A41D0452A3FF4E2AE574FC7
:1023E0007BE60522E36D84F87E20002BA1D152E725
:1023F000284611F0F9FC662D95D8002893D0A5F158
:1024000057035BB263E7284611F0EEFC662D8AD8CD
:10241000002888D0A5F157035BB276E70221D36D7F
:1024200082F87E10002B84D135E72A2D00F002813E
:102430002C2D7FF478AF94F85B30022094F8802044
:10244000013B94F85A1082F02C0284F87D00DBB234
:1024500084F8802084F85B30E1548DE52344384AC9
:10246000384C5B78C9F80040312BCAF8002000F0E6
:102470007A81322B00F07E810024304F0023062128
:1024800008220AA80A930B930C930D938DF8281039
:102490008DF82920FDF776FA2B4908AB2B48BDF8BB
:1024A0002A200646086849681512CDF814A0B246DD
:1024B000CDF810800697CDF81C9003C39DF8293005
:1024C0008DF824209DF828208DF823308DF82220C7
:1024D0009DF835309DF834208DF825508DF8262054
:1024E0008DF827305AF8049F132119480FF008FE81
:1024F000002349460A220C480DF02EF90A480DF037
:1025000013F94946002220460CF054FD64200DF0DA
:102510007DFC2368FF2120461B68984720E000BF10
:1025200095F500203014002010560020C49F002094
:1025300094F10020D0E800206AF500207BF500200F
:102540002056002040570020C0030020E4620020F5
:1025500048140020A0570020A45700205B6998472A
:10256000236820461B699847002823682046F5DC2D
:102570005B68082208A9204698474FF000089DF89C
:102580002830454646460293DBF800709DF8293016
:10259000CDF804800393236820461B6998470028E0
:1025A00010DD236820465B699847C0B2A0F1B503EF
:1025B000B3FA83F35B09AB4222D8002D40F0E280EE
:1025C0000136E8E7DBF80030DB1BB3F57A7FE2D3B6
:1025D000019B002B53D1824B534583D12E2181483F
:1025E000DDF81080DDF814A0069FDDF81C900FF0D8
:1025F00087FD7D480DF098F800237C4A13706CE548
:10260000B52802D001260025C5E7002601360125A0
:10261000C1E70221DA6D83F87E10002A7FF43AAE1A
:1026200039E6062384F87D30A6E483F8802083F819
:102630007D10A1E494F85B30032194F85A20013B0B
:1026400084F8810084F87D10DBB284F85B30E254BA
:1026500092E492F88030481C55545D4082F85A004C
:1026600082F8805088E4013B00240320DBB282F82A
:10267000814082F87D0082F85B30D1547CE44C4686
:1026800006215B48DDF81080DDF814A0069FDDF818
:102690001C900FF035FD1C2156480FF031FD2146EE
:1026A00000230A2250480DF057F84F480DF03CF82F
:1026B000062151480FF024FD4B480DF035F89BE7FB
:1026C00094F859E0002594F87C8014F80E304B4EB5
:1026D000019304F80E50B8F1000F31D016F865CB15
:1026E000BCF12D0318BF0123029316F8013C9C4551
:1026F00018BF2D2B01D0029BEBB94048371D334644
:1027000013F8012B10F8011F2D2A18BF8A4201D09F
:102710002D2910D19F42F3D16DB29DF804306A1C6F
:1027200004F80E30354B0FD005EB450503EB85055E
:10273000EB6E9847AFE501350C36EDB24545D4D187
:102740009DF8043004F80E30236E002B7FF4F1ADB9
:10275000A1E593F88010501C9D544D4083F85A0019
:1027600083F8805008E4264F0121264B002239705F
:102770001A7083E6224F0020224B01211446387044
:1027800019707BE616B9B5287FF43CAFA6F10103BA
:102790006228B3FA83F34FEA531303D013B102262E
:1027A0000025F8E6622802D1002B7FF409AF022E43
:1027B00002D180460326EEE6032E7FF427AFB8F160
:1027C000050F0BD0029B042698457FF41CAF039B9A
:1027D00083427FF418AF01230193DCE60426DAE696
:1027E000086300205C140020105600206AF50020C9
:1027F000D0E800208C140020AC14002094F10020BC
:102800007BF500207CF5002090F8A32090F8A20032
:10281000101A704790F8A23090F8A3209A4205D978
:102820005A1C034480F8A220987E70474FF0FF3076
:10283000704700BF70B50446D0F8B80007221449AD
:102840000368651EE61C5B689847D4F8B80001224F
:10285000104903685B68984715F8011F0F290DD9C7
:1028600000231022D4F8B8000CF076FFB542ECD16A
:10287000D4F8B800BDE870400CF056BFD4F8B800EA
:102880000122054903685B6898472978E8E700BF9B
:10289000541500206C1000205C1500202DE9F0413B
:1028A000037805464778461ED0F8B800072243EA69
:1028B000072766490368EC1C3FB25B681FFA87F87C
:1028C0009847D5F8B8000122614903685B689847CA
:1028D00016F8011F0F2935D900231022D5F8B800AA
:1028E0000CF03AFFB442ECD13E1FD5F8B8000622F6
:1028F0005849F6B20368282E5B6828BF28269847F7
:102900004EB3013EF6B204362E4407E000231022F7
:10291000D5F8B8000CF020FFA6421CD0D5F8B800BE
:1029200001224B4903685B68984714F8011F0F297F
:10293000ECD8D5F8B8000122474903685B6898478E
:102940002178E3E7D5F8B8000122434903685B68C2
:1029500098473178C0E7002F3FDBD5F8B800082250
:102960003E4903685B6898474146D5F8B8000CF0CB
:1029700033FFD5F8B8003A49092203685B689847E5
:10298000A978A9B1012943D002294ED003291CD02E
:10299000042952D005292ED000230A22D5F8B800E8
:1029A0000CF0DAFED5F8B800BDE8F0410CF0BCBE82
:1029B000D5F8B80007222B4903685B689847D5F81B
:1029C000B800BDE8F0410CF0AFBED5F8B8000D225C
:1029D000254903685B689847E4E7D5F8B8401422B6
:1029E0002249C8F30E08236820465B6898472046B2
:1029F0000CF09AFEB1E7D5F8B8000B221C49036829
:102A00005B689847D5F8B800BDE8F0410CF08CBE83
:102A1000D5F8B8000A22174903685B689847D5F8CB
:102A2000B800BDE8F0410CF07FBED5F8B800072231
:102A3000114903685B689847B4E7D5F8B8000B22E2
:102A40000E4903685B689847ACE700BF5415002047
:102A50006C100020601500205C15002080150020FF
:102A60008C15002098150020B41500206815002052
:102A7000D0150020A0150020AC150020C4150020A2
:102A800038B5044608460D4612F000FB236802469E
:102A9000294620465B689847054620460CF044FED0
:102AA000284438BD2DE9F84F81780346D0F8052039
:102AB0000529C0F8042140781A781F7ADE799D79BB
:102AC0005C7969D042EA0022DF7A9E7BC2F30E0273
:102AD00093F80DE0DD7B07F0030C043A93F81090B7
:102AE0009C7C4EEA062812B2597C45EA09290E2A36
:102AF00041EA042436DC00210A46587A012882463D
:102B00003FD004287DD0022800F0958003286DD0A6
:102B1000082818BF05287FD0A0F1280B5FFA8BFB8F
:102B2000BBF1010F78D9102800F09180112800F036
:102B30008B80132800F08E801E2800F08E80BAF162
:102B4000140F00F09E80BAF1150F00F0A180BAF1C9
:102B5000160F00F0A480BAF1F10F00F0A78000205A
:102B6000BDE8F88F187D102AD97C41EA002140F396
:102B7000BD80987D5A7D42EA0022587A012882461B
:102B8000BFD1A3F8D4C080B2A3F8CE80A3F8D09070
:102B9000A3F8D240BDE8F88F45EA06259A7A93F863
:102BA00004E02A20DE7A597A4EEA042E42EA06260A
:102BB0005C7B1A7B47EA0127D97B42EA04249A7B93
:102BC000A3F8F05042EA01215D7C1A7CA3F8EEE004
:102BD00042EA0522A3F8F270A3F8F460A3F8FA40E1
:102BE000A3F8FC10A3F8FE20BDE8F88FA3F8ECC012
:102BF000A3F8E680A3F8E890A3F8EA4080B2BDE825
:102C0000F88FA3F8DCC080B2A3F8D680A3F8D890E0
:102C1000A3F8DA40BDE8F88FA3F8F8C080B2A3F8B3
:102C2000EE80A3F8F090A3F8F240A3F8F410A3F814
:102C3000F620BDE8F88FA3F8E4C0A3F8DE80A3F87F
:102C4000E090A3F8E240D9E7A3F80241D6E783F881
:102C500000E1D3E783F808E1D0E76FF00E0003F15D
:102C60000F0103F1170483F80961C01A01E011F89C
:102C7000015FD3F80C21A1420A441554F7D1587AC8
:102C8000BCE7A3F81281A3F81491A3F81641B5E7A5
:102C9000A3F81881A3F81A91A3F81C41AEE7A3F892
:102CA0001E81A3F82091A3F82241A7E71C4693F8C0
:102CB000BC302BB9072FA1D1504684F810619DE795
:102CC0000B49D4F8B800FFF7DBFEE37A072B01D0FD
:102CD000607A93E794F8BC3023B10649D4F8B80081
:102CE000FFF7CEFE94F809A0A67BE5E7002204E7F3
:102CF000F40F0020DC1500202DE9F047914698469E
:102D000090F82421B0EE000BB0F9EE3004468A466C
:102D100007EE103A53422DED028B01EE103AB8EE59
:102D2000C78A0A9FB8EEC11B0B9E0C9D0FF0CAFB11
:102D3000B7EEC87A94F824315B4227EE007B01EEAF
:102D4000103AB4F9F03006EE103AB8EEC11BB0EE0E
:102D5000000BB8EEC68AB7EEC77B8AED007A0FF09B
:102D6000B1FBB7EEC86A94F82411B4F9F23026EE3C
:102D7000006B07EE103A4B42B8EEC78A01EE103AEC
:102D8000B0EE000BB8EEC11BB7EEC66B89ED006A62
:102D90000FF098FBB7EEC87A94F82421B4F9F43018
:102DA00027EE007B06EE103A5342B8EEC68A01EEDB
:102DB000103AB0EE000BB8EEC11BB7EEC77B88ED42
:102DC000007A0FF07FFBB7EEC86A94F82431B4F9AB
:102DD000F62026EE006B5B4207EE102A01EE103A59
:102DE000B8EEC78AB8EEC11BB0EE000BB7EEC66BEB
:102DF00087ED006A0FF066FBB7EEC87AB4F8F830DA
:102E000027EE000BB7EEC00B86ED000A2B70BDEC71
:102E1000028BBDE8F08700BF70B505466424174EED
:102E20000DE090F8A33090F8A22001209B1A002B0F
:102E300010DC0CF0EBFF631E13F0FF040CD0D5F890
:102E4000B00003681B69B342EBD0984703460120EA
:102E5000002BEEDD012070BD95F8BC000028FAD0F3
:102E6000D5F8B8500B2206492B6828465B6898476E
:102E700028460CF059FC204670BD00BFFD2F000015
:102E80006C16002070B505467D2406E001200CF08C
:102E9000BDFF631E13F0FF0416D095F8CA000DF0B5
:102EA00055F878B195F8BC30002BEFD0D5F8B86064
:102EB00008220E49336830465B68984730460CF06C
:102EC00033FCE3E7012070BD95F8BC000028FAD080
:102ED000D5F8B8500F2206492B6828465B689847FA
:102EE00028460CF021FC204670BD00BF781600205B
:102EF00084160020002900F0A0802DE9F843064642
:102F0000894600254E4FB9F11C0FC8464FF001030A
:102F100096F8B41028BF4FF01C08D6F8B00008F19E
:102F20000402D2B20BF002FE3046FFF775FF002814
:102F300000F08180D6F8B00003685B69BB4274D1B1
:102F400090F8A22090F8A310914206D9013280F89F
:102F5000A220D6F8B00003685B69BB425FD190F84D
:102F6000A22090F8A310914251D9013280F8A220FA
:102F7000D6F8B00003685B69BB424ED190F8A2203E
:102F800090F8A310914242D9013280F8A220D6F8DD
:102F9000B00003685B69BB423BD190F8A23090F867
:102FA000A3209A4204D9013380F8A230D6F8B000A9
:102FB000002419E090F8A23090F8A32003F1010E4C
:102FC000C1189A4221D980F8A2E0887E01347F2D71
:102FD00005F1010206EB0503E4B201D895B21871C0
:102FE000444508D2D6F8B00003685B69BB42E1D023
:102FF0009847C0B2EAE7C8EB09091FFA89F9B9F1A5
:10300000000F80D10120BDE8F883FF20DEE7BB423E
:10301000CED09847D6F8B000CAE79847B7E79847A8
:10302000D6F8B00003685B69A6E79847D6F8B00009
:1030300003685B6991E7BDE8F8830120704700BF32
:10304000093000002DE9F0470446D0F8B000002810
:1030500079D00123042294F8B4100BF067FD2046C8
:10306000FFF7DAFE10B90020BDE8F087D4F8B030E1
:103070009B4E1A685269B24240F01A8193F8A2102E
:1030800093F8A300884240F288814A1C194483F8CF
:10309000A220D4F8B03091F81A801A680FFA88F993
:1030A0005269B24240F0F98093F8A20093F8A3105D
:1030B000814240F27681421C184483F8A22090F8A5
:1030C0001AA0D4F8B0304FEA0A211A680DB252693A
:1030D000B24240F0DF8093F8A21093F8A300884238
:1030E00040F263814A1C194483F8A220887ED4F8F8
:1030F000B030C7B21A685269B24240F0C78093F844
:10310000A22093F8A310914240F25581511C1A4419
:1031100083F8A210907E45EA090184F8008084F8C3
:1031200001A0C1F30E01A770E07000299BD0043903
:10313000204689B2FFF7DEFEA078012800F0C380A8
:103140000120BDE8F08794F8CA000CF0FFFE0128CA
:1031500089D0D4F8C030D4F8C400DA7C002A2ED04C
:1031600072B6DA7CD70706D55E495A690D682A40DF
:103170009A620A60DA7C960706D55B499A690D68FF
:103180002A40DA620A60DA7C550706D55749DA69BF
:103190000D682A401A630A60DA7C110706D5544983
:1031A0001A6A0D682A405A630A60DA7CD70605D588
:1031B00050495A6A0D682A409A630A6062B69A6852
:1031C000904200F0E8804C4A986092694B49C2F303
:1031D0000115C2F3826251F825100132B1FBF2F100
:1031E000002875D0B1FBF0F24AB1B1FBF2F1884290
:1031F00038BF0132B2F5817FC0F0DF80404ADA602B
:103200001B68002503213F4E01201D61596229469C
:103210001A641E66186194F8C8000CF091FED4F888
:10322000C06033685D66DA6D12F4F81FFBD05A6F28
:103230000021D2B25966D96D11F4F81FFBD0586F36
:103240000021C7B25966D96D11F4F81FFBD05D6F2C
:103250000021EDB25966D96D11F4F81FFBD00002C0
:103260005B6FA57000F4FE402270E37050EA020527
:10327000677049D194F8BC30002B3FF4F4AE20467F
:10328000FFF7D8FA2846BDE8F087FF271846904791
:10329000C0B240E71846904729E718469047D4F84F
:1032A000B03001021A685FFA80FA0DB252690FE776
:1032B00018469047D4F8B0305FFA80F81A680FFAD1
:1032C00088F95269EDE62379012B03D0BDE8F08738
:1032D0000A4689E784F8CC301846BDE8F08700BF7D
:1032E0000930000080E100E084E100E088E100E0D6
:1032F0008CE100E090E100E000C00F4020090020D8
:10330000FF7F7F00070000C02A1F91B2A1B1251DD9
:103310000020FF2732685766D36D13F4F81FFBD0E7
:103320007F28536F00F1010005F1010598BF05F8F2
:10333000013C83B29942EDD8012194F8C8000CF009
:10334000FFFDD4F8C020D37CE3B1DE0703D5214BC9
:10335000916A1960D37C9D0703D51F4BD16A196010
:10336000D37C580703D51D4B116B1960D37C19070B
:1033700003D51B4B516B1960D37CDB0602D5926BD6
:10338000184B1A6094F8BC30002B3FF4D5AE2046A1
:10339000FFF784FAD0E6DA6832E74FF0FF09C84653
:1033A0007FE66FF0FF054FF0FF0AB2427FF46DAF8A
:1033B000FF200746AFE6FF20ADE6022A08D9023A11
:1033C0005008010442EA002201F47F010A4316E793
:1033D000002214E700E100E004E100E008E100E081
:1033E0000CE100E010E100E010B5044690F8CA00DE
:1033F000FF2803D00CF0AAFD01280AD02046FFF7D1
:1034000021FE30B1A378032B05D0022B0BD0052B66
:1034100004D0002010BD2379FB2BFAD12046BDE853
:103420001040FFF73FBB2379F12BF2D1A379072B93
:1034300001D0F12010BD637A84F81031F9E700BFA4
:1034400008B5FFF7D1FF003018BF012008BD00BF4D
:103450002DE9F84302F10408D0F8B03015460646CD
:103460000F465FFA88F8002B5DD090F8B420012059
:103470004146824083F8300183F82F0183F8A5206C
:10348000D6F8B00003681B689847D6F8B000002152
:1034900003681B689847D6F8B0003946374403687C
:1034A0001B689847D6F8B00097F8841003684A1C48
:1034B0001B6887F8842098476DB1013DF41CEDB27C
:1034C00004353544D6F8B00014F8011F03681B68B2
:1034D0009847AC42F6D10121D6F8B0000BF0B6FA0D
:1034E0000546E0B196F8BC301BB900242046BDE883
:1034F000F883D6F8B8002B227A49002403685B6869
:103500009847D6F8B860294623460A2230460CF080
:1035100023F930460CF008F92046BDE8F883012471
:103520002046BDE8F883FFF7ADFC04460028DCD058
:10353000D6F8C030D6F8C490DA7C002A2ED072B605
:10354000DA7CD00706D5684958690A6802409A6251
:103550000A60DA7C910706D5644998690A680240D6
:10356000DA620A60DA7C500706D56149D8690A68D0
:1035700002401A630A60DA7C110706D55D49186AB1
:103580000A6802405A630A60DA7CD20605D55A49B5
:10359000586A0A6802409A630A6062B69A6891455E
:1035A00000F09180554AC3F808909269DFF868E10D
:1035B000C2F38261C2F3011C01315EF82C20B2FB20
:1035C000F1F1B9F1000F7CD0B1FBF9F242B1B1FBDE
:1035D000F2F1894538BF0132B2F5817F75D3484A8F
:1035E000DA601B6800214FF0030CDFF830E10120A6
:1035F0001961C3F824C01A64C3F860E0186196F832
:10360000C8000CF09DFCD6F8C0100B68C3F86480AD
:10361000DA6D12F4F81FFBD00022586F5A66DA6D8B
:1036200012F4F81FFBD05A6F5F66DA6D12F4F81FC0
:10363000FBD037445B6F97F884305A1C87F884209E
:1036400009684B66CB6D13F4F81FFBD04B6F75B157
:10365000681EF21CC0B20430304412F8013F4B66C1
:10366000CB6D13F4F81FFBD090424B6FF5D10121C5
:1036700096F8C8000CF064FCD6F8C030DA7C002A5A
:103680003FF44DAFD60703D51E4A996A1160DA7C24
:10369000950703D51C4AD96A1160DA7C500703D517
:1036A0001A4A196B1160DA7C110703D5184A596B55
:1036B0001160DA7CD2067FF532AF9A6B154B1A6037
:1036C00014E70A4682E7DA688BE7022A01D800226B
:1036D00086E7023A5008010442EA002201F47F0121
:1036E0000A437DE79416002080E100E084E100E0D9
:1036F00088E100E08CE100E090E100E000C00F40D4
:10370000FF7F7F0000E100E004E100E008E100E06D
:103710000CE100E010E100E020090020070000C0FB
:10372000F0B54FF47A7541711F0A4FF0FD0E05FB9D
:1037300002F21E0C00254374111242721B0E80F817
:1037400004E081721114120E8774C1720221027397
:103750001122C67403758571C57105724573857331
:10376000C5730574BDE8F040FFF772BE0A4600233A
:103770000821FFF7D5BF00BF012210B51146027125
:103780000446FFF765FE32200CF040FB2046FFF7B1
:1037900059FC0028FAD132200CF038FB2046FFF704
:1037A00051FC0028FAD110BDFF2B2DE9F041044651
:1037B00080F8B410C0F8B02080F8CA3003D01846A2
:1037C00002210CF0C9FB20460025FFF7D5FFF923A5
:1037D00002226571237120461146FFF739FE20460B
:1037E000FFF730FC18B12379F82B02D02846BDE84A
:1037F000F08194F8BC60002EF9D0D4F8B8001422FF
:10380000284903685B6898472B46A1791022D4F8B1
:10381000B8000BF0A1FFD4F8B800152222490368C4
:103820005B6898472B46E1791022D4F8B8000BF07A
:1038300093FFD4F8B800A768132203681B495B689C
:1038400098472B4639461022D4F8B8000BF084FF75
:10385000D4F8B800E7681422036815495B689847F4
:103860002B4639461022D4F8B8000BF075FFD4F877
:10387000B800237C15220168677CD1F804800D49CB
:1038800043EA0727C047D4F8B84039462B461022F0
:1038900020460BF061FF20460BF046FF3046BDE8A6
:1038A000F08100BFC0160020D8160020F0160020BE
:1038B000041700201C17002000207047034B1868D5
:1038C00010B103681B681847704700BFECE7002081
:1038D0002DE9F04344F260235D4C91B0DFF884E1C0
:1038E000C1501646206810AC5A4B00901B6A5A48CB
:1038F000C3F30123056802462344046805F080757C
:1039000013F8407C44F0A0430EFB07FE0360BEFBAF
:10391000F1F0BEFBF0F7CF1B1368DC01FCD50528E6
:1039200040F2938000221446931C0132B0FBF3FC5A
:10393000BCF1190F0CFB03F3F6D84FF00108BEFBE6
:10394000F3F3CB1A002BB8BF5B42BB426CDB18BF52
:103950004FF00008ACF10C03062B03D8B8F1000FB0
:1039600018BF1446BCF1050FDED8631CB7F5967F6F
:10397000B0FBF3F0A0F1050E59DCBEF1140F56D8E0
:10398000364FE84607F130093868103757F80C1CF5
:10399000C44657F8082C08F1100857F8043C4F4566
:1039A000ACE80F00F0D10EEB4E0E10AB3868022ED3
:1039B00073447968BA68B7F80CE0BF7BA8E80700E1
:1039C000A8F800E088F8027013F8400C13F83F1CC8
:1039D00000F0070013F83E3C4FEAC141204A40F492
:1039E00080004FEA034301F4601103F4E02341EA4D
:1039F000000143EA010343F4804343EA0464146092
:103A0000136814BF23F0080343F00803136045B99B
:103A1000114B19681A4621F0805119601368DB01B7
:103A2000FCD411B0BDE8F0831F46144692E7002D88
:103A3000F7D1094B19681A4621F0805119601368B3
:103A4000D901FCD411B0BDE8F083012300248DE737
:103A5000C803002000C00F4000801D40CC030020A0
:103A600004801D4040420F00002070470020704736
:103A700008207047104A11491368086812680968DD
:103A800002F07F02C1F3036101320431B2EB410F56
:103A900010D303F07F03C0F30360053B0130A3EBB9
:103AA0004000C3B2044A106800F07F000130C01A21
:103AB000C0B270470023F5E700801D4034801D40F0
:103AC000034901220B6802FA00F003430B607047C0
:103AD00030801D402DE9F84F724B1C6818461A685B
:103AE00004F0807442F0A0421A6003686D4ADD0160
:103AF000FBD5156800236C4F964625F000556B4E9C
:103B0000184615601D463B6033601368684B00F132
:103B1000010C684A00270344624E02445FFA8CF0AD
:103B20001B019200DD609D605D601D601560DEF828
:103B3000003003F07F0301339842E7D35E48DFF89B
:103B400084E15E4DCEF800700760D5F800E0734662
:103B5000D0F820E047EA0E022B60026233680029A9
:103B600043D14FF000680D46DFF83CB14FF001093A
:103B7000DFF838A1524F1BE0306800F07F000130C1
:103B8000B1EB900F2CBF4FF08C614FF08061116052
:103B90003A6812F4803218BF4FF080421A603368DE
:103BA000013503F07F03EDB2013329469D422CD24B
:103BB00033683F4A03F07F033E482A4401332844D8
:103BC0001201B1EB530F4FEA8003D5D3C2F8008046
:103BD00033689A0054D41F2D09FA05F257D8DAF841
:103BE00000301343CAF80030D9E743F00053336084
:103BF000356815F0005515D0FFF73CFF33680546D2
:103C000003F07F03013398420DD3002C3DD1254BA7
:103C100019681A4621F0805119601368DB01FCD441
:103C2000BDE8F88F33681F4F1F4EDFF8808011E02A
:103C300001231F2D03FA05F31AD8D8F800201343E7
:103C4000C8F800303B68013503F07F03EDB2013363
:103C50009D42DAD2164B4FF000622B441B011A60D2
:103C60003B689900E4D5FFF705FFA842EAD8DFE7F3
:103C7000A5F12001012332688B4013433360E1E753
:103C8000FFF7F8FEA8428AD8A5E7BDE8F88FA5F1AE
:103C90002003DBF8002009FA03F31343CBF80030CC
:103CA0007DE700BF00801D4024801D4028801D400E
:103CB00008D801042062071010801D402C801D4090
:103CC00034801D4048801D40604B00226049F0B5A3
:103CD000054683B018686A6001900B6AAA60C3F356
:103CE0000123EA602A6102AA134413F8043C002B62
:103CF00000F09080564944F25C209A24554B564A75
:103D000044F2652E2C504FF0030CC3F8A82219245E
:103D1000D1F8843041F2B000504A002743F4707368
:103D20004F4EC1F884304F4B05F80EC0C2F8A44086
:103D30001946C2F89402C6F88C73C2F8A840C2F8BB
:103D400098021A6822F000421A601A6842F0A042F3
:103D50001A600B68434ADE01FBD5434811460368ED
:103D600043F008030360136843F0804313600B685B
:103D70003C4ADC02FBD41368114643F00073136025
:103D80000B689801FCD4374A1368364CD901FBD52F
:103D900023680021354A284643F400332360236812
:103DA00043F480332360236843F480532360236803
:103DB00043F400532360236843F4800323602368A3
:103DC00043F400232360236823F40843236013682B
:103DD00043F4E0231360236843F400132360236853
:103DE00043F080632360FFF775FE2368224623F0CB
:103DF000805323601368DB01FCD444F25C2301226E
:103E00001B49EB5803F01F005B09824041F8232057
:103E100003B0F0BD0B6A174A23F47F73106843F4B4
:103E200080730B6200283FF465AF01F55C2144F21A
:103E30006022036804315B68096811F0080FA95813
:103E400014BF02220022984754E700BFC803002095
:103E500000C00F4000680020B140000000801F40FB
:103E600000841F4000801D4004801D4034801D40A0
:103E700000E100E0ECE700204A4B1A68920065D5AB
:103E800049481A4600682DE9F04FC0F303681C68E2
:103E9000186883B04FEAC80804F0807440F0A0406E
:103EA00008F10808019418601368DE01FCD50024AD
:103EB0008A463E4E3E4F2146DFF8E8B0DFF8F490E8
:103EC0000DE035B93560DBF800309A0025D4C9F82B
:103ED0000010013404370436E3B2984528D99AF823
:103EE0000050012DEDD1DBF8003013F4407F0BD1F1
:103EF0004FF0FF333360DBF800309D0027D46FF0C4
:103F00004043C9F80030E4E7DBF80030C3F3012395
:103F1000012B29D0DBF80030DBE70091FFF7AAFD89
:103F200020280099A8BF20208442D0DA3D60CEE747
:103F3000019B43B91B4B19681A4621F08051196047
:103F40001368DB01FCD403B0BDE8F08F704700912B
:103F5000FFF790FD20280099A8BF20208442CEDAE8
:103F60006FF040433B60CAE74FF0FF333360DBF84C
:103F70000030980004D46FF08023C9F80030A8E71F
:103F80000091FFF777FD20280099A8BF20208442E8
:103F9000F1DA6FF080233B606FF08023C9F80030C6
:103FA00097E700BF00801D4034801D40E0801D4029
:103FB00080881D4048801D402DE9F8437D4D2C68C8
:103FC00014F000547FD07C4C2468C4F30364E400F4
:103FD00008348C4274D92F682E462C6807F08077FD
:103FE00044F0A0442C603468724DE401FBD598463F
:103FF0002B6891460E4613F4407F04464DD198F845
:104000000000012800F09180089BD2046B491B78C6
:104010003144DFF8B4E1022B694D4FEA810102EA35
:104020000E0E0CBF4FF0004300234EEA0303614A1B
:104030000B60136899006AD4012806EB4600614AB8
:104040006FF0404104EBC00018BF002343F25074EE
:1040500008BF4FF48033116043F2547503510022BE
:10406000035943F2587143F25C7C43F2607E03F4DF
:10407000702333430351035943F080030351035921
:1040800043F00053035143F2647340F805904250EB
:1040900040F80C2040F80E20C250464B1868C0F380
:1040A0000120012812D047B9424B19681A4621F065
:1040B000805119601368DB01FCD40120BDE8F8834E
:1040C0000020BDE8F8832046BDE8F8833B4B98F814
:1040D00000203344012A4FEA830444D0089B1B7814
:1040E000022B62D04FEAC94037494FEAC90243F672
:1040F000F8730140354D13400B4323602D4B1B6873
:104100009A0026D42F4B6FF080221A60CBE7FFF77E
:10411000B1FC2028A8BF2020864248DA2C4B98F812
:10412000000033449B001D6086E75300089A234932
:104130004FF0FF3512783144DFF898E0022A03EAA5
:104140000E0E4FEA81010CBF4FF040434FF0804309
:104150006BE7FFF78FFC2028A8BF20208642D1DA2A
:10416000C4F8A057CEE7089B1B78022B4FF04023E2
:1041700003D1012A43F0802308D14FEAD9324FF00E
:10418000FF3542EA024213432360B7E74FEAC9050D
:1041900043F6F8704FEAC9420B4928406FF0071503
:1041A000114001430B432360A8E70023E1E798F89F
:1041B000000041E700801D4034801D40386007103A
:1041C0000100F8FF48801D400000F83FF87FF87FAD
:1041D00020620710FEFFFF3F334A344B1268344819
:1041E00070B584B001261A60FFF76EFD04AC0022A2
:1041F00030492F48FFF76CFB31462D48FFF76AFC2A
:104200002D4D04F8016D21462948FFF735FE4FF486
:104210007A700BF0FBFD2B681A21B3F5803F28DB89
:1042200026480DF06DFF29680023102224480BF06A
:1042300093FA23480BF078FA2A68002500940DF1D0
:104240000E031B4829468DF80E608DF80F50FFF7BE
:10425000B3FE1C4B1B7833B112211B480DF050FFED
:1042600017480BF061FA40F6B8300BF0CFFD04B000
:1042700070BD164803260DF043FF29680023102265
:104280000F480BF069FA0E480BF04EFA2A68002529
:1042900000940DF10E03064829468DF80F508DF855
:1042A0000E60FFF789FED4E72CF50020E0F0002037
:1042B000CCA3002090D00300DC550020581700202C
:1042C000105600206EF50020901700207417002073
:1042D00043F25073C358DB004BD5414B2DE9F043FB
:1042E0001E680025C6F30366F600083605EB450E8A
:1042F00043F2507200EBCE04224413685B0F012B93
:104300000DD013685B0F022B28D013685B0F052BB1
:1043100031D00135B542E9D10020BDE8F0831768FE
:1043200017F4607FF5D043F254773C59A14253D043
:1043300094464FEA4E0EDFB2DCF800207B1CC2F33D
:10434000C2120EEB0304974204F6D454E1D250F8A3
:104350002440A142EFD10120BDE8F08343F2547321
:104360001B598B42D5D843F258731B599942D0D868
:10437000F1E701207047136813F4607FC9D043F25E
:10438000647C43F25473A4442344DCF800401F6867
:10439000DCF800300C403B409C42DCD04FEA4E073A
:1043A000012314680133C4F3C214DBB2013407EBF8
:1043B000030EA3420EF6D45EABD2DCF8008050F8B8
:1043C0002E90DCF8004001EA080E09EA0404A64534
:1043D000E7D10120BDE8F0831846BDE8F08300BFB7
:1043E00034801D4030B401EB410143F65024C90034
:1043F000044460586318C0002AD56058400F012853
:1044000029D06058400F022838D06058400F052846
:1044100002D0002030BC70476058C0F3C210C0B159
:1044200058695C68596910402140884210D00121C8
:104430001C680131C4F3C214C9B20134A142E8D2EC
:104440005C6953F821505869144028408442EFD1E8
:10445000012030BC70476158C1F3C211B9B159682D
:104460008A42F6D01968C4B2C1F3C211601C8C42F2
:10447000CFD253F820109142F4D1E9E759688A422B
:10448000C7D3986882428CBF00200120E1E708462C
:10449000DFE700BF0B78632B70B5044615460FD0DD
:1044A00000EB830344F254029B580BB12846984713
:1044B00044F25413E3584BB12846BDE87040184706
:1044C00044F25403C358002BF0D1F1E770BD00BF94
:1044D00038B504461A2500206388DBB205FB034388
:1044E00083F806016388DBB205FB034383F80721E9
:1044F0006088C0B205FB004000F584700FF0DEFF5D
:104500006288238892B29BB283F480739A420DD062
:1045100063880133C3F308036380A3889BB2FF2B36
:1045200003D8A38801339BB2A38038BD238801330D
:10453000C3F308032380EBE72DE9F04F8E468DB0DF
:1045400007460E466C464FF001093D4607F110083C
:10455000DFF8A8A0BEE80F000FC49EE8030084E8BF
:10456000030055F8044F64B19DF91420D4E9020109
:1045700009FA02F30021184050EA010327D1237CF5
:10458000C3B94545EDD144F25003FB5C53B33068E9
:1045900006AC7168B268F3680FC43069182271699B
:1045A00003C40DEB020107F11400FFF791FF0DB0FA
:1045B000BDE8F08F2368D3F800B0D345E1D02046A2
:1045C0009DF815304FF0FF326946D847D9E7236888
:1045D000D3F800B0D345D2D09DF8153069462046B7
:1045E000D847CCE7337D0CA93846324601F8183D50
:1045F000FFF750FF0DB0BDE8F08F00BFAD400000E9
:1046000044F25103C35C002B00F0AC802DE9F04F65
:104610000D468BB00F46064604ACDFF868E20FCDBE
:104620000FC495E8030084E80300DEF800309B0027
:1046300053D5934B00254FF0630A1B68C3F30369FE
:104640004FEAC90909F108090CE01868400F02286F
:1046500000F095801868400F052800F0AC80013507
:104660004D453AD097F91430EAB2632B35D005EBBB
:10467000450843F2507306EBC8010B44186810F06C
:10468000604FECD01868400F0128DED11A68F97924
:10469000C2F300429142E2D11A6812F4607FDED088
:1046A0004FEA48089B46002206E0DBF80010E2B221
:1046B000C1F3C2118A42D2D2541C049A08EB0403FB
:1046C00003F6D45356F823309A42EED104A930466B
:1046D0008DF824A0FFF730FFE7E70023694D8DF840
:1046E00016302C6814F000543DD12B68DFF894810B
:1046F00008E0D8F80030013403F07F03E4B201335E
:104700009C4239D297F91430A342F2D004EB440111
:1047100043F6502306EBC1021344186810F0604FB3
:10472000E7D01868FD79C0F3C0608542E1D1186810
:10473000400F012871D01968490F022900F09180BB
:104740001B685B0F052BD4D1049A21463046FFF736
:1047500049FE0028CDD004A930468DF82440FFF74B
:10476000EBFEC6E77047FFF785F92B68044603F0B8
:104770007F0301339842B9D30BB0BDE8F08F1B68BB
:10478000FA79C3F300439A427FF469AF43F254735A
:10479000049A0B441B689A42FFF461AF43F25873CA
:1047A0005B589A423FF65BAF04A930468DF824A0CF
:1047B000FFF7C2FE53E7186810F4607F3FF44FAF75
:1047C00043F2647B019301238B4409E00199013397
:1047D0000968DBB2C1F3C21101318B42BFF43FAFB4
:1047E00003EB4801DBF80000049C01F6D4512040A3
:1047F00056F821E0DBF800100EEA01018842E5D10D
:1048000004A9304603938DF8162002928DF824A057
:10481000FFF792FE039B029AD8E71A6812F4607FB2
:104820003FF467AF1D464FEA410A002307E02A68BC
:104830005FFA89F3C2F3C2129342BFF45AAF03F195
:104840000109049A0AEB090303F6946356F823302E
:104850009A42ECD104A930468DF82440FFF76CFE53
:10486000E5E743F65423049913441B689942FFF487
:1048700040AF43F658239B5899427FF66CAF38E718
:1048800034801D4000801D402F4AF8B5136813F096
:10489000005353D0136813F400434BD02B4B1B68C9
:1048A00013F020034AD02A4B0C462A4A05461B68BF
:1048B00044F26520DFF8A4E0632103F40016C3F39B
:1048C0000347A380E772002E12680CBF1226002651
:1048D00022F06042204F22FA06F214BF0126002681
:1048E0002260DEF80020E671E273160C4FEA122E09
:1048F000120E667384F80EE0C3F300562273DB0DCC
:104900003A682672E274170A160C120EA7746674BF
:1049100022740D4A285CA3716075217513681B040D
:104920000ED521462846FFF76BFE21682846FFF783
:10493000CFFCF8BD283212689206AFD51846F8BDF4
:104940000520FFF7BDF8ECE700801D4030801D40DA
:1049500080801D4084801D408C801D4088801D40CB
:10496000974B1B682DE9F04F13F0005385B0894633
:10497000039040F01E810293914E44F26422039909
:104980003368885C03F07F030133984200F20381AF
:1049900044F26428039B03279844E0E0002B00F0D6
:1049A000ED80B3FA83F2C2F140029042C0F2E3809C
:1049B000306810F0005040F0F280013F88F80000AD
:1049C00017F0FF0700F0E78033689C0006D5029AD5
:1049D000824203D9501EC0B288F80000336803F049
:1049E0007F03013398420BD3306810F0005040F041
:1049F000C980013F88F8000017F0FF0700F0CB8066
:104A0000704BC0F1200E704AA0F120011B68D2F853
:104A100000C0019300230093DDE9002342EA0C0269
:104A200022FA00F403FA0EFE23FA01F1002344EA0D
:104A30000E040C4304F00102134340F08680634BE4
:104A400003441B011A6811017FD4110E01F00B0EF3
:104A5000BEF1020F79D102F4001E5868C2F3005C67
:104A600001F00F01BEF1000F20F0604089F808C08E
:104A700015BF4FF0000C4FF0120C4FF0010E4FF02D
:104A8000000E20FA0CF0062989F807E0C9F80000AA
:104A900000F08B80C2F3034044F2652189F80B00DB
:104AA0000398014498F8000000F1010E88F800E036
:104AB00089F81400A9F804200A7899F8071089F8F1
:104AC00015209A68002989F80F2008BF4FF08061EF
:104AD0009A6818BF4FF08C61120A89F80E209A6804
:104AE000120C89F80D209A68120E89F80C20DA68E9
:104AF00089F81320DA68120A89F81220DA68120C91
:104B000089F81120DA68120E89F81020196099F8D6
:104B100014002F4B1F281B6844D9203801222D4B2D
:104B200002FA00F01B6818432A4B186049460398A4
:104B3000FFF766FDD9F8002099F814100398FFF7E5
:104B400051FC002839D198F800000130C0B288F833
:104B50000000336803F07F03013398421BD81E4ADC
:104B60004FF0000A1B4B1B6811684AEA010252EA27
:104B700003017FF413AF98F8000025E7B2FA82F240
:104B8000203210E7013FFEF775FF88F8000017F0AC
:104B9000FF077FF435AF002005B0BDE8F08FFEF7CA
:104BA00069FF0AE7FEF78CFFC0E7012189F80910C9
:104BB00070E7FEF75FFF0290DEE60120ECE700BF42
:104BC00000801D4024801D4028801D4008D801041D
:104BD00008801D402C801D4030801D4070B5022192
:104BE00000200AF061FF002833D1464B1B68990072
:104BF0002FD5454B1B689A062BD4444B1B689B064C
:104C000027D543494348FFF73FFE002827D0424DB0
:104C10003F4E2B7823BB414C6368A26833441B7B17
:104C200013421CD03E493F4A0B6810681B1AB3F56B
:104C30007A7F3CD909682B781160374D002B3BD126
:104C4000394C2278012A33D00123384A237013705B
:104C500070BD2F492F48FFF783FE0028D7D170BDC4
:104C60000B2133480DF04CFA0023102231683148F3
:104C70000AF072FD294C02212F480DF041FA1B2148
:104C80002E480DF03DFA61682A480AF0A5FD092179
:104C90002B480DF035FA6168002310223144254875
:104CA000097B0AF059FD23480AF03EFDB4E770BDC8
:104CB0001E4A23701370D2E7162122481A4C0DF0B9
:104CC0001FFA1C480AF030FD2378012B0AD02B78FC
:104CD000002BB9D014211C480DF012FA15480AF027
:104CE00023FDB1E7002311492A7823700B70002AB5
:104CF000B5D0112115480DF003FA0E48BDE87040FB
:104D00000AF012BD00801D4028801D4030801D40EB
:104D1000C4550020CCA300206EF50020DC550020F7
:104D20002CF50020E0F000201B6600201C6600200F
:104D3000A417002010560020B0170020B417002040
:104D4000D0170020DC17002008180020F4170020DE
:104D50001F2938B50D46144634D91C49A5F1200049
:104D600001230A68834013430B60194B4FF0006125
:104D7000E2792B441B011960BAB1217A226800291B
:104D800022F0604214BF4FF4E0014FF4C0015A60BA
:104D9000E06800BA9860206900BAD860E27A41EA17
:104DA000024242F040621A6038BD2268207A9104C3
:104DB000084A002802EA01020CBF00214FF48011CA
:104DC0005A60E5E70846FEF77BFECEE72C801D40E3
:104DD00008D801040000FC1F2DE9F04F08219DB008
:104DE0000025DFF898C0DFF898E0224C2A460C95A1
:104DF0000A958DF833100B950D950E950F95DCF8EF
:104E000000C0DEF800E024686346DFF878C042EABC
:104E10000E0A2146184C03909B462846DCF80050A9
:104E2000236840EA05001D04CDE9040103D423688A
:104E3000990000F10982DDE9042342F00102002B10
:104E400000F0FE81B3FA83F5DFF82C80C5F1400550
:104E5000D8F80040EDB214F0005440F07A81D8F850
:104E6000003044F26523039AD318CDE90067089314
:104E70008BE000BF2C801D4000801D4024801D4021
:104E800028801D4030801D4000F4001CD3F804E051
:104E9000BCF1000F2EF060460DBF4FF0120E4FF028
:104EA000000E0127002726FA0EFE06298DF82F7026
:104EB000CDF828E000F059820899C0F3034E8DF830
:104EC0003C40BCF1000F09788DF833E008BF4FF08B
:104ED000806E8DF83D1018BF4FF08C6E99681F2CB6
:104EE000ADF82C008DF8371099684FEA11218DF834
:104EF000361099684FEA11418DF8351099684FEADC
:104F000011618DF83410D9688DF83B10D9684FEADB
:104F100011218DF83A10D9684FEA11418DF83910F6
:104F2000D9684FEA11618DF83810C3F800E0BC4B26
:104F30001B6840F216820121BA4B01FA02F21B688B
:104F40001A43B84B1A600A9A21460398FFF74AFAA7
:104F5000002840F001820AA90398FFF751FB0AA834
:104F6000AFF300800AA8AFF300800AA8AFF3008077
:104F7000AD4B01341B68E4B203F07F0301339C4264
:104F800080F0F480A54240F2F1802AFA04F2C4F1E4
:104F9000200300920BFA03F0009EA4F120020643C6
:104FA0002BFA02F1304608432BFA04F100900191EC
:104FB000DDE90001002100F001000143D8D0DDE966
:104FC000046707FA03F326FA04F8394648EA0308A7
:104FD000D14048EA0108002108F0010050EA01032D
:104FE000C6D0924B23441B011868010E01F00B0E32
:104FF00001F00F01BEF1020F3FF446AF042900F0AB
:10500000CE810829B4D1C0F30341089ED3F804C06F
:1050100096F800E08DF8331000F400118DF83DE0B3
:1050200041F2560E8DF83C4000299968A644ADF82F
:105030002C002CF0604C8DF8371018BF00209968B8
:1050400008BF1220039E4FEA11212CFA00F056F8F7
:105050002E6018BF4FF0010E8DF8361008BF4FF0CC
:10506000000E99680A90090C8DF82FE08DF8351024
:105070009968090E8DF83410D9688DF83B10D968FD
:10508000090A8DF83A10D968090C8DF83910DB68D7
:105090001B0E8DF838301EB10AA80692B047069A4A
:1050A00044F2582303990B441B681BB10AA80692CB
:1050B0009847069A039941F61A33CB181846069377
:1050C00019469B889BB2002B00F05D8110AA0388D3
:1050D0004FF01A0E0DF1580CDBB2104609926746DC
:1050E0000EFB031E02460EF5817E16465EF8060F85
:1050F000DEF80410DEF80820DEF80C30ACE80F0013
:10510000DEF81000DEF81410ACE803000FCF0FC675
:1051100097E8030086E803009DF954305A1C00F01C
:10512000D6819C427FF424AF099AE1B20398FFF73D
:105130000FFE06990B880133C3F308030B808B889D
:105140009BB2002B3FF414AF8B88013B9BB28B804A
:105150000EE7FEF78FFCD8F80030044603F07F031B
:105160000133834202D985423FF67BAE304B314C4E
:1051700018682168304A41400A40002A47D0039A03
:1051800043F2206313449A8892B20F2A3FD89A8838
:1051900092B20F2A40F2F28043F22066039A5988B5
:1051A0005D88925B01F00F01ADB292B2023182F0E4
:1051B000100243F82100954200F06881598843F2BB
:1051C000E862039E01311D4D324401F01F015980F8
:1051D0002E689388B6B29BB20F2B40F2CA8043F27E
:1051E000E867039B51885588DB5B01F00F01ADB286
:1051F0009BB202EB410183F01003CE809D4200F090
:105200003E8153882060013303F01F035380084A16
:10521000136803431360BFF34F8F1DB0BDE8F08FD9
:1052200008801D402C801D4000801D4008D80104CE
:1052300020801D4050E80020BFFF07001C801D405B
:10524000B2FA82F52035FFE50AF02002002313436D
:105250003FF4F1AD00F02002002313433FF4EBAD27
:105260009F4A44F26521039863251268415CC2F3AA
:10527000034402F400109B4B8DF8334000281B6858
:105280004FEAD25014BF0024122423F060438DF85B
:105290002E00ADF82C20C2F3005223FA04F3924CF6
:1052A0004FF005000A9323688DF8302018BF0122C3
:1052B0008DF8373008BF002223688DF82F201B0A95
:1052C0008DF8363023681B0C8DF835302268874BFB
:1052D000120E8DF834201A688DF83B201A68120AD5
:1052E0008DF83A201A68120C8DF839201B68804A14
:1052F0001B0E8DF83D108DF83C508DF8383013683A
:10530000FEF7DEFBDDE90423002302F04002134335
:1053100040F0D580DDE90423002302F0800213432E
:1053200040F0C980039C0AA92046FFF769F90AA842
:10533000AFF300800AA8AFF300800AA8AFF30080A3
:105340000A992046FEF7C4FF00283FF474AD0AA96D
:105350000398FFF7F1F86EE50AA90398FFF7ECF858
:10536000F9E52046FEF7ACFBEDE501218DF83110A3
:10537000A2E5938801339BB2938030E79A8801328B
:1053800092B29A8008E71F2C40F29D800121594B70
:1053900001FA02F21B681343564A1360E8E5C0F3B2
:1053A0000341089ED3F804C096F800E08DF833104E
:1053B00000F400118DF83DE041F2560E8DF83C40AE
:1053C00000299968A644ADF82C002CF0604C8DF8AB
:1053D000371018BF0020996808BF1220039E4FEABB
:1053E00011212CFA00F056F82E6018BF4FF0010E74
:1053F0008DF8361008BF4FF0000E99680A90090C1E
:105400008DF82FE08DF835109968090E8DF834105D
:10541000D9688DF83B10D968090A8DF83A10D96817
:10542000090C8DF83910D968090E8DF838102EB195
:105430000AA809920693B047099A069B44F258219C
:1054400003980144096829B10AA80992069388477C
:10545000099A069B41F61A31039841180E460691A7
:10546000898889B2C9B133884FF01A0E0DF1580CF2
:1054700010AADBB2674609920EFB036E33E603996E
:10548000CB5B013303F01F03CB53BAE603998A5B6E
:10549000013202F01F028A5390E61F2C1AD9012014
:1054A000144900FA02F209680A4312490A604FF0EF
:1054B00000621A605CE50720FEF702FB32E7062077
:1054C000FEF7FEFA26E72046FEF7FAFA50E5099ABB
:1054D00021462BE620460693FEF7F2FA069BE6E706
:1054E00080801D4084801D4088801D408C801D4030
:1054F00008801D402C801D4044F25003C25C2DE901
:10550000F04305468FB00AB90122C2542B8B9BB2DF
:10551000002B54D144F25C2341F61A360122714922
:10552000EB58B0462E4403F01F005B09824041F85F
:105530002320B3889BB263B335F808301A240DF1E9
:10554000200E02AFDBB2F446B94604FB036404F557
:10555000817454F8060F6168A268E368AEE80F0032
:1055600020696169AEE80300BCE80F00A9E80F00FC
:105570009CE8030089E803009DF91C104B1C5FD0D8
:10558000594B0B441B011B68C3F30363082B00F04A
:10559000878044F25C2301225449EB5803F01F003A
:1055A0005B09824041F8232000212B8BB0889BB2FD
:1055B00080B21B0380B218430FB0BDE8F0832A46C7
:1055C0001A2408AE02AF32F8143FB5F814E0DBB28B
:1055D0000EF1010E04FB0324CEF3080E04F58174D2
:1055E00054F8060F6168A268E3680FC620690023BB
:1055F00061690824A5F814E02A8BBB6092B202937B
:105600007B60FB603B617B618DF8134003C61AB180
:105610002B8B013B9BB22B8308AC3E460DF1380E21
:105620000FCC0FC694E803003A4686E803009DF8C5
:105630001C3028460EF8313D7146FEF72BFF69E716
:10564000DFF8AC80D8F8004014F000543ED1D8F810
:105650000030DFF89C8008E0D8F80030013403F017
:105660007F03E4B201339C4293D21F4B23441B01BE
:105670001B68C3F30363082BEED13A462146284644
:10568000FFF766FB33880133C3F308033380B38825
:105690009BB2002BE0D0B388013B9BB2B380DBE729
:1056A0003A46C9B22846FFF753FB35F808300133B4
:1056B000C3F3080325F80830B3889BB2002B3FF4EE
:1056C00068AFB388013B9BB2B38062E7FEF7D2F9C3
:1056D000D8F80030044603F07F0301338342B8D882
:1056E00057E700BF80E100E008D8010400E100E0D6
:1056F00000801D4070B50D4686B006464968286892
:105700006C46AA68EB680FC428691822696903C44B
:1057100041F61A3069463044FEF7DAFE06B070BD35
:10572000F0B58B7D0546474C87B00E462068002BB0
:1057300038D110F0005062D123680146424B0B442F
:105740001B011B68C3F30363082B24D03D4A04E00C
:105750002368C3F30363082B1DD01368481C3A4C1D
:1057600003F07F03C1B201330C4499424FEA0414A1
:10577000EED30FCE6C46FF270FC496E8030084E8F3
:105780000300284669468DF81470FFF7B3FF4FF009
:10579000FF3007B0F0BD28463246FFF7D9FA0120A6
:1057A00007B0F0BD10F0005033D12368264B0446FB
:1057B00003441B011A68110114D4224902E01A683B
:1057C00012010FD40A6801301F4B02F07F02C0B2F1
:1057D00001320344044690424FEA0313EFD31B4BBC
:1057E0004FF0FF341B68C3F30363082B1AD128461C
:1057F0003246E1B2FFF7ACFA012007B0F0BDFEF788
:1058000039F92368014603F07F030133834295D8B9
:10581000AFE7FEF72FF9236803F07F0301338342DC
:10582000C4D8DCE70FCE6F460FC796E8030087E8C1
:105830000300284669468DF81440FFF75BFF4FF0E0
:10584000FF30A6E700801D4008D8010470801D408D
:105850001B4B002241F61A3143F2246043F2E86CFC
:10586000F0B59A8241F61C37DA8241F61E351A836A
:1058700043F2206E5A5243F2226443F2EA6643F244
:10588000EC61DA5344F250075A5344F2510523F8BD
:105890000E2044F25C2E1A5344F260241A5244F251
:1058A000642023F80C209A535A52064E0649DA55C2
:1058B00043F80E201E605A551A511A540B60F0BD61
:1058C000CCA3002018060020ECE7002070B5094D9D
:1058D00004460E46284609F00DF8284614F0F6FF57
:1058E0004FF4806500228023267020466580A280C8
:1058F000A37170BDEC5800204180704781807047D3
:105900008171704770B5012503780F4C0646AB4096
:105910000021204684F8305184F8A53084F82F51B6
:1059200008F0B2FF2946204609F090F82B4631785E
:105930002046022209F0FAF894F8A30094F8A23065
:10594000C01A18BF012070BDEC58002070B50125A9
:105950000378194C0646AB400021204684F83051AC
:1059600084F8A53084F82F5108F08EFF2946204690
:1059700009F06CF8317802222B46204609F0D6F85F
:1059800094F8A22094F8A3108A4211D25319A018B7
:10599000DBB290F91A00994284F8A2304FEA002055
:1059A00006D9234402329B7E84F8A220184370BD9E
:1059B0004FF0FF3070BD00BFEC580020F8B5818873
:1059C000054642880126AF7948F203130A432D7831
:1059D0000E4C31463A43B540204684F830611343BB
:1059E00084F8A55084F82F619DB208F04DFF204641
:1059F000290A08F049FF2046E9B208F045FF314680
:105A00002046BDE8F84009F021B800BFEC5800205E
:105A100088B181B10288012A30B410D01030002240
:105A200003E030F8104B012C0AD0013205469142B8
:105A3000F7D130BC70474FF0FF329A60704705468F
:105A40002A7A01211A746A7A5A74AA7A9A74EA7ABA
:105A50009960DA7430BC70474B684360704700BF90
:105A6000F0B589B00D460446084601A9164603F074
:105A7000B7F9013004D0019B0120736009B0F0BD7B
:105A8000002301221B494FF45450A3600593029355
:105A9000039304930793ADF80420ADF81420069106
:105AA000ADF8060004F03EFE04F0B4FF27796179FA
:105AB000A279E379029001A8049507948DF80C70FF
:105AC0008DF80D108DF80E208DF80F3001F056FF77
:105AD0000028D3D0A368002BFCD0A368013302D0E8
:105AE000A068012802D0002009B0F0BD23697360CE
:105AF00009B0F0BD0562000000207047704700BF8C
:105B0000014B1868704700BF2CF5002010B5044603
:105B100009F0C6FD204610BD0029194B14BF012114
:105B2000002130B5197083B013D01546044604F037
:105B3000F9FD04F009FE00238DF804308DF80530DE
:105B40008DF806308DF80730019B834208D003B0F2
:105B500030BD01F0A9FE03B0BDE8304001F098BEB1
:105B6000084B18461C6001F025FE0028EFD02046A7
:105B700001F09AFE296803B0BDE8304001F0C2BED2
:105B800064F5002054E80020704700BF704700BF54
:105B90002DE9F04F844F93B0894604920390D7F8D3
:105BA000008004F0BFFD04F013FD002840F0CD801C
:105BB0007E4B1B681BB94FF480337C4A13607C4BCF
:105BC0001B68002B00F0E980DFF81CA2DAF8003037
:105BD0001BB94FF40063CAF80030DFF810B29BF82D
:105BE0000000002800F0D0808000724E0AF08CFC8B
:105BF0009BF80030306098000AF086FC9BF800307B
:105C00006D497060580001910AF07EFC9BF80030ED
:105C1000B06058000AF078FC9BF80030F060980003
:105C20000AF072FC9BF80030306198000AF06CFCBE
:105C3000624A9BF80030106058000AF065FC9BF83F
:105C40000030706158000AF05FFC5D4A9BF800303C
:105C5000106098000AF058FC5A4B18609BF800003E
:105C60000AF052FC01999BF8003008607BB30024D5
:105C7000CDF81480234625B2D6F80080DAF800006B
:105C8000029301910AF040FC48F82500D6F8048000
:105C9000DAF800000AF038FC48F825000420D6F8AD
:105CA00010800AF031FC454B48F8250004F1010E44
:105CB0001A680199029B42F825300A6813555FFA69
:105CC0008EF49BF80020A242D5D8DDF81480384B22
:105CD0000AA81A68354B0A921B683B4A0B933B4B48
:105CE0000C920D9305F0EAFF01303AD00399062299
:105CF000374804F00FFE013033D004F013FD80B3B9
:105D000004F010FD334A34491368079013F0010F73
:105D10000891324B03D1012104981160186007A843
:105D2000099302F0D7F845F6BF522D492D4809F0E6
:105D300057FC04F0F7FC01F0B7FD01F0B1FDB0B97C
:105D40003B68C8EB03034B450BD204F0EBFC01F0BE
:105D5000ABFD01F0A5FD50B93B68C8EB03034B4513
:105D6000F3D3002013B0BDE8F08F0A9B8BB904F089
:105D7000D9FC01F099FD0AA901F0B0FD3B68C8EB20
:105D800003039945F1D8ECE7082320208BF8003075
:105D90002BE7012013B0BDE8F08F044B18680AF020
:105DA000B3FB034B18600FE72CF5002008E8002038
:105DB00004E80020000020201CE80020FCE7002070
:105DC00014E8002018E80020080900201809002025
:105DD000246300203CE600200D63000064E80020FE
:105DE0009DC50000045D002000E8002063F5002050
:105DF000064B1B7803F0FF002BB1A0F10100B0FAB5
:105E000080F0400970470220704700BF64F5002011
:105E10000320704710B5044604F084FC04F094FCA1
:105E2000024B60602046236010BD00BF04070020C5
:105E300038B50D4604F076FC04466D6804F072FC3B
:105E400004F08CFC024629462046BDE8384004F0A8
:105E500041BC00BF30B4054B0024054D5C601D60A3
:105E6000044A0549054830BC0DF0B0BD0CE80020DF
:105E700004070020B855002001630000045D0020E5
:105E800003689B6B184700BF4969024A4160026082
:105E9000704700BF04070020008B7047C08970471F
:105EA000808B80B2704700BF10B582B004680122B9
:105EB00002AB03F8011D19466368984702B010BD94
:105EC000704700BF38B5064D837F2A789A4205D9BE
:105ED0000446184600F08EF92B78A37738BD00BF32
:105EE00063F50020104B1A7870B504460E460F4D2E
:105EF00082B100212A78197082773146022000F0A1
:105F00009DF92B78A07783420BD90023E6810120ED
:105F1000A38370BD807F2B788342EED900F06AF9AD
:105F2000EBE7002070BD00BF1866002063F500207D
:105F3000F0B500238BB0154C0D4617460693099318
:105F40000646029305940894019404F0EBFB04F0D8
:105F50000FFC03A9049005A80394FFF77DFD2946D3
:105F600005A841F2883301AAFFF77AFD012801D084
:105F70000BB0F0BD33683A46029D03A99B6A3046D8
:105F80000394049598470BB0F0BD00BF04070020B0
:105F900008B5002304314383807F00F0FFFA08BD79
:105FA00008B50021807F00F035FB08BD08B5807F73
:105FB00000F030FB08BD00BF10B5044693B2807FEF
:105FC0000A46618B00F0B6FA638B0344638310BD0D
:105FD000838B9BB213B94FF0FF30704710B582B07E
:105FE00004460122807F0DF1070100F035FA0028F8
:105FF00007DDA38B9DF80700013B9BB2A38302B092
:1060000010BD4FF0FF30FAE7838B9BB2CBB1838B8F
:106010009BB2934210B504460CD912B2807F00F0B7
:106020001BFA0246002A0FDDA38B10469B1A9BB277
:10603000A38310BD828B807F12B200F00DFA02465E
:10604000F0E74FF0FF3070474FF0FF3010BD00BF5A
:10605000074A08B5837F12789A4202D9828B92B29E
:1060600012B94FF0FF3008BD184600F055FA08BDD0
:1060700063F50020F0B5114D0446807F83B02B7886
:106080000F461646834215D80D4B32467F68694647
:1060900082208DE8880000F08DF92B78A07783426C
:1060A00005D900230120E681A38303B0F0BD0020C1
:1060B00003B0F0BD00F09EF8E6E700BF63F50020F6
:1060C00004070020F0B5044687B0807F00F00AFA8C
:1060D000A08308B907B0F0BD1B4B0C271B4906ADC8
:1060E000A27F0DEB0706186800230968DFF864E05B
:1060F00051F8221050F82200DEF8002045F8107DFB
:106100000096019505F0F0F9114A0023A17F12686D
:1061100022F81130421C13D09842DBDDBDF80E305E
:106120009DF814605BBA9DF815509DF816109DF807
:106130001720238326756575A175E27507B0F0BD3C
:10614000184607B0F0BD00BFFCE700200400202087
:106150001400202000E80020224B1A6852F820305A
:10616000C3B152F82000204910B584B0012403AA1D
:106170000DF10B0303940092072205F0B3FA0130EE
:106180001CD09DF80B30042B15D8DFE803F0050870
:106190000B0E110018467047002004B010BD1C20E3
:1061A00004B010BD132004B010BD172004B010BD02
:1061B000142004B010BD012004B010BD02F016FA86
:1061C00004460A2109480BF09BFF0BF0CDFF214646
:1061D000074809F001FB064809F0A6FA0BF0C4FFD6
:1061E000CFE700BFFCE7002017E5030020180020E0
:1061F0001056002070B50E4D04462B681A5C0344FF
:1062000052B986000B4D00242A681C70905905F085
:10621000CBF82B689C5170BD074A03B212689E00F0
:1062200052F8230001F080FE2B682344EAE700BF08
:106230001CE80020FCE7002018E800202DE9F047CA
:10624000564F88B097F80090B9F1000F00F08580A4
:10625000DFF85C810E460546D8F800301C68F4B1C2
:106260000433002402E053F8042BC2B10134E4B239
:10627000A145F8D14FF0000A534601E0994517D9DE
:1062800018461C46FFF768FF00F0FB000AF1010A00
:1062900018285FFA8AF3F1D12046FFF7ABFF404B95
:1062A0000121022D1B680391029352D0212D03D0AE
:1062B000387808B0BDE8F08700220846D8F800A07A
:1062C0000FFA84F905F018FB4AF829004FEA89090A
:1062D000D8F80030DFF8D88053F80930002BE7D029
:1062E0000C22002105A876BA05F02AFED8F8003065
:1062F0004FF0000E05A953F8090001230C22ADF858
:106300001660ADF81430CDF81CE005F059FB0130F3
:10631000D8F8003023D0042653F80900062202AB37
:106320002049009605F056F9D8F8001002AB052276
:1063300051F809001B49009605F04CF9212D13D0A6
:10634000194B002220461B6823F8142008B0BDE832
:10635000F087084600222946B0E74846A9E753F8E7
:10636000090005F021F8A3E7D8F8005003AB0F4966
:10637000102255F809500868062100960490284616
:1063800005F028F9D8F8001004AB032251F80900F1
:106390000449009605F01EF9D2E700BF63F500201E
:1063A00000E8002017E5030014E800200C0400209A
:1063B000FCE700202DE9F047022086B0894611460F
:1063C000FFF73CFF224B05461B7883423BD099F8F0
:1063D0000540002699F804200FFA80F8240499F863
:1063E000073099F806C04FF0080E04EB0264194F0D
:1063F00031460DF118091C443A6804AB4FF0040A09
:1064000004EB0C2452F828001922CDF800E024BA3D
:106410000596049405F0DEF83868FF23314618220B
:1064200050F8280049F80C3D4B46CDF800A005F087
:10643000D1F83A684B46314652F828001722CDF879
:1064400000A005F0C7F8284606B0BDE8F08700BFF9
:1064500063F50020FCE700202DE9F0411E4E4500C9
:106460001E4B37681B6837F810E02F449E452FD02D
:1064700080460EEB02001446834212DD69B1184BD0
:1064800008461B6853F82810714405F0D7FC37689C
:1064900037F818E02F440EEB040038802046BDE8A2
:1064A000F081CEEB0304A4B261B10D4B0846224645
:1064B0001B6853F82810714405F0C0FC33685F195D
:1064C00033F818E004EB0E0120463980BDE8F08176
:1064D0004FF0FF34E2E700BF1400202000E8002066
:1064E0000400202010B509490246094C022309681E
:1064F0002068084C51F8221050F82200226805F05C
:106500005FF8431C14BF80B2002010BD040020209F
:10651000FCE7002000E80020044A054B12681B68D5
:1065200052F8202033F81030D05C7047040020204F
:106530001400202070B51D460B440E4604B2B3F57E
:10654000006F144B10DA1B6811462A4653F82400DA
:10655000304405F073FC104B28461A6832F81430AA
:106560001D4422F8145070BD1B68C1F5006511462A
:1065700053F824002A46304405F060FC064BA8B2CC
:106580001A6832F814309E1B06F5006622F8146073
:1065900070BD00BF0000202008002020F0B40C785F
:1065A0000CB94B7823B3002A2AD0174D03B2174CED
:1065B00000270120266854BA2A6826F8137052F87A
:1065C00023600F78124A37702E684F7856F8236090
:1065D00077702E688F7856F82360B7702E68CD7864
:1065E00056F82310CD70126822F81340F0BC7047A3
:1065F0008B78002BD7D1CB78002BD4D11846F5E778
:106600001046F0BC704700BF10002020080020207A
:106610000C002020F0B51B4A87B01B4C01231268E8
:106620000C262468ADF80C300B4654F820700DEBA6
:10663000060532F81020DFF85CC0ADF80E2079783E
:106640003C780904FA7897F802E001EB04640F4FF4
:106650000F4914443F68DCF8002004EB0E2457F87F
:106660002070096824BA32F8102051F820103846FA
:1066700005948DE8600004F0C5FE013018BF0120CC
:1066800007B0F0BD0C00202010002020FCE7002007
:10669000000020200800202040BA80B2704700BFD0
:1066A00000BA7047002070472DE9F041514D044673
:1066B000514BEA6E514E194642F440625048EA6628
:1066C000C3F8E860C3F8E400D1F8E0304A4A002B90
:1066D000FADA4C4D4FF480334B490527C2F8E830C5
:1066E00043F2E9066A684FF4004C484B4FF4804E81
:1066F0001140474803224FF0160841F40031696009
:106700004BF2E905C3F87471C3F878713127416819
:1067100041F440414160C0F884C04FF0020CC0F821
:1067200088E00120C3F87C634FF0000EC3F8846357
:10673000C3F88053C3F89863C3F88853C3F88C53E5
:10674000C3F89053C3F8947307F16047C3F89021DE
:10675000C3F88C2107F6D377C3F8A481C3F8A82126
:106760003D46C3F89421C3F8A021C3F89821C3F88B
:106770009C2102F186422749274E02F5DE12C3F81A
:10678000B8E102F5F452C3F8B4E1C1F830C048638F
:106790008863C8630864C86238683368A2FB033240
:1067A000920C52002B681D491B1A9A42FAD81848BD
:1067B00012221B4B4FF48045C0F8845008465A649F
:1067C000184A09683368A2FB0332920C02EB82027A
:1067D00003685B1A9A42FBD84FF4207218212046B6
:1067E00002F070F820468122172102F06BF8002099
:1067F000BDE8F08100C00F4000800D400F10010087
:106800000120210000C00A40FFDF7DFF00801F4003
:106810000040004200841F40EC550020041000E0BE
:1068200000802D4083DE1B43014B187803F02CB908
:1068300004ED00E0102832D91A4B1B4A9B68F0B4D3
:1068400053F82040944218BF43F82020A0F11002D2
:106850005309042B20D89E00144D012402F01F027E
:1068600035440F2904FA02F2104FD5F8806128BF91
:106870000F210F4C1643C1F10F0104440020C5F84D
:106880008061090157F82350C9B22A4347F82320F1
:1068900084F80013F0BC70470020F0BC70474FF044
:1068A000FF30704700ED00E01D70000000E100E0E7
:1068B000F0E000E0E0B103691B78012B18D1C36858
:1068C0001A68AAB1A1B113680020D3F8E43030B43B
:1068D000CB701D0E1C0C1B0A0D704C708B70136856
:1068E000D3F8E8301A0E1B0C0A714B7130BC70479C
:1068F0004FF0FF30704700BF70B103691B78012B68
:106900000AD1C36800201B681B68D3F80422D3F89F
:10691000843281E80C0070474FF0FF30704700BFB1
:10692000C3681A6813685968890103D44FF0FF32AD
:106930005A6070474FF00071D1605960704700BFD6
:10694000F0B4C6684FF400078904154D30684FF461
:10695000803301F4F80144686760A768A06820F4F8
:106960000000A060307AC00500F07860054329433C
:10697000216401E0013B0BD061680902FAD54FF4B4
:10698000000300206360A760236CF0BC1380704795
:106990004FF400034FF0FF306360A760F0BC704716
:1069A00000000260F0B4C7684FF400008904154D80
:1069B0003C684FF4803301F4F80164686060A668B5
:1069C000A06820F40000A060387AC00500F078606C
:1069D000024315432943216401E0013B09D0626869
:1069E0001202FAD54FF4000300206360A660F0BCE9
:1069F00070474FF400034FF0FF306360A660F0BCB7
:106A0000704700BF00000250002835D0F8B5036978
:106A10001B78012B2DD1C3681F6857B349B30C46AF
:106A2000054606221649204605F09AFA08B30622C2
:106A30001449204605F094FAD8B1237813F00106E2
:106A400017D161781B06E278284643EA0143A5780E
:106A50003968134343EA0523C1F8E43063792279A6
:106A60001B0443EA0263C1F8E83001F06BFE3046D4
:106A7000F8BD4FF0FF30F8BD4FF0FF30704700BF5A
:106A8000D40D0020CC0D002038B5C36800224FF093
:106A9000FF35044619680B6888685A645A629A6020
:106AA0005D6003F057F82046BDE8384001F03EBE77
:106AB000C3689A692DE9F04F074683B01E6822B17A
:106AC000904710B103B0BDE8F08F326801235362E4
:106AD000536A13F00104FBD1306B4FF0FF314FF0DC
:106AE0000C09946000F13F0800F18E03ED30516015
:106AF00028F03F0823F03F0320F03F002546C6F86A
:106B00001480A246C6F82480B3613362A8F80090CE
:106B1000A8F80240FFF7C4FD336BD6F814B0C8F8EC
:106B2000040003F22A709BF808306FF07F088BF89E
:106B3000089020F03F009BF8093040F23D698BF847
:106B400009409BF80A308BF80A409BF80B308BF811
:106B50000B40FFF7A5FD0223CBF80C003377306B19
:106B6000B36909FB050003EBC50413F8352000F6F3
:106B7000675003F835800135637820F03F0084F8D2
:106B800001A0A37884F802A0E37884F803A0FFF7BB
:106B900087FD042D6060E2D171692B4675770A8903
:106BA000D6F818E042F02002B0680A81BEF818401A
:106BB0002D4A44F020042D49AEF81840009702F009
:106BC00089FF00287FF47EAFB46940F2FE5E7169F0
:106BD000182233684FF047084FF4807CC3F8200137
:106BE000C3F82401C3F81801C3F81C01C3F888E1F5
:106BF0004FF06E0EC3F880410F24C3F884111C4976
:106C0000C3F884104FF00071C3F8C450C3F8C0211A
:106C10000222C3F8C481C3F844C1C3F890013846C6
:106C20003C627468C4F844E099605A6201F07EFEE8
:106C300000287FF447AF33684FF000424FF0807177
:106C4000C3F8E400C3F8E8005A66C3F80402C3F8C6
:106C500084025A6E22F000425A66B062F0621961F4
:106C600003B0BDE8F08F00BF05750000157100008E
:106C70000401FE05F8B5C3681C68236A1A88150666
:106C80002FD405464FF080761A8811072AD4236A3C
:106C900021681A88083302F0200223F8082C33F800
:106CA000082C42F0800223F8082C33F8082C9206B6
:106CB00048BFA36923620E611A881707E9D51A88AD
:106CC00002F020021A801A8842F080021A801A8884
:106CD00090064CBFA369083323620E611A8812061E
:106CE000D2D5F8BD1A8812F47C5F02D0236A2168DD
:106CF000E5E75868FFF7D4FC236A07465888FFF792
:106D0000CBFC39460246284601F07CFCEEE700BF8A
:106D100038B5C36805461C6802F04AFFE3689A016B
:106D200005D523F000732846E360FFF7A3FFBDE815
:106D3000384002F045BF00BFF8B50D46002933D0FA
:106D40004B690D2B30D9C3681E68736A1C8804F028
:106D50008004A4B2002CF9D15868FFF7A1FC2146A9
:106D6000034607464FF0FF32284603F0AFF8AB6901
:106D700099061ED5686980B2746AFFF78DFC736A44
:106D800060801A8842F080021A80BFF35F8F1A88F1
:106D9000920632684CBF7369083373625369002BE3
:106DA000FCD14FF0807353612846BDE8F84003F0F2
:106DB000E1B9BB896869082B19D02728DBD94DF6C2
:106DC00086529342D7D1397D28230029D3D003F1AD
:106DD0000E0206293A441ED0112915D00129CAD124
:106DE00004339842C7D300239370D370C3E71328AA
:106DF000C1D9BB8A23F04003002BBCD1BB7BF97DFA
:106E00009B0003F03C03E0E708339842B3D3002330
:106E10009371D371AFE714339842ACD3002313744A
:106E20005374A8E7C2684FF0FF33F0B4CE18176868
:106E3000053116F8014F082006E01E4B01384FEAD5
:106E4000540483EA05030AD084EA03025D08D207EA
:106E5000F3D401384FEA53034FEA5404F4D18E427D
:106E6000E7D19B0E012203F01F011F2B3B6802FAA2
:106E700001F208D8D3F824110A420FD0BB6A1A4392
:106E8000BA62F0BC7047D3F820110A420DD1D3F892
:106E900020110A43F0BCC3F820217047D3F8241115
:106EA0000A43F0BCC3F824217047FB6A1A43FA6214
:106EB000F0BC70472083B8EDC2684FF0FF33F0B4E8
:106EC000CE181768053116F8014F082006E0184B58
:106ED00001384FEA540483EA05030AD084EA030226
:106EE0005D08D207F3D401384FEA53034FEA540444
:106EF000F4D18E42E7D19B0E0122386803F01F01C6
:106F00001F2B02FA01F209D9F96AD0F8203161EA9F
:106F100002021340F0BCC0F820317047B96AD0F8C3
:106F2000243161EA02021340F0BCC0F824317047FA
:106F30002083B8ED38B5DC1C8C420BD81C460546C6
:106F400002701A4602346B700499023004F076FF26
:106F5000281938BD002038BD70B590E84400531C96
:106F60009E4203D89AE0B24200F0D88014781346CB
:106F70000132002CF7D0FF2C00F0D0805A7802327A
:106F80001A44B24200F2CA8002601C785D78013C6B
:106F90003A2CE4D80FF2040E5EF824F003790000D6
:106FA00053770000F5780000537700005377000016
:106FB000E778000053770000537700005377000014
:106FC0005377000053770000537700005377000099
:106FD0005377000053770000537700005377000089
:106FE0005377000053770000537700005377000079
:106FF0005377000053770000537700005377000069
:107000005377000053770000537700005377000058
:107010005377000053770000537700005377000048
:107020005377000053770000537700005377000038
:107030005377000053770000537700005377000028
:107040005377000053770000537700005377000018
:107050005377000053770000537700005377000008
:1070600053770000D9780000C1780000AF780000A5
:10707000A178000053770000537700005377000099
:10708000937800007D780000042D7FF468AFD3F87A
:1070900002308B61531C9E423FF668AF70BD042DD9
:1070A0007FF45DAFD3F802304B6158E7042D7FF4D5
:1070B00056AFD3F80230CB6051E7012D7FF44FAFCC
:1070C0009B7881F8203090E8440048E7012D7FF458
:1070D00046AF9B78032B3FF642AF81F8213090E812
:1070E00044003CE7042D7FF43AAFD3F80230CB6183
:1070F00035E7032D7FF633AFD3F802300B612EE76F
:10710000032D7FF62CAFD3F802308B6027E7042DD8
:107110007FF425AFD3F802304B6020E770BD00BF8D
:107120002DE9F0410C2586B000F13406044606AB8B
:107130000DEB050200680F4643F8105D31460193E0
:10714000002300924FF40A7204F0CEF9054607F0CE
:1071500089F8A3696269C01A904250D2EF2D03DD0D
:1071600094F83430022B04D00025284606B0BDE840
:10717000F081D4F83880A06AFFF792FA8045F3D105
:1071800094F83620062AEFD104F1200104F15000D2
:1071900004F0E6FE0028E7D104221A4904F59070B5
:1071A00004F0DEFE0028DFD12421384604F0D0FEB2
:1071B0006B1E616C04F592721E4404F12C08396058
:1071C000394626634046E262FFF7C6FE97F8213053
:1071D000002BCAD09A07394640464CBF04F16003E1
:1071E00004F1A003E36297F82130DB074CBF04F2FF
:1071F0001F1304F19F032363FFF7AEFEB5E74FF0C3
:10720000FF35B2E7C80D00202DE9F04F00F134073B
:10721000044689B04FF40A7100F12008384604F0A2
:1072200097FE06250123A06A84F8365084F834308E
:1072300084F83530FFF734FA80232A46A063E387C9
:10724000414604F1500004F5927504F0F7FD04F591
:1072500090700422704904F0F1FD2379092B00F2AB
:107260008A80DFE803F08B88969EB888C3CE8805B5
:1072700004F5187204F5177628460423711B009252
:107280003222FFF757FE0546002874D003234FF043
:10729000FF398DF809300DF10900711B01233522EA
:1072A00000902846FFF746FE0546002863D09DF86B
:1072B000093003F0FD03012B1CD106F0D3FFD4F8F5
:1072C0006432A0615BB104F51970711B0423332291
:1072D00000902846FFF72EFE054600284BD04F4869
:1072E000711B0623372200902846FFF723FE054630
:1072F000002840D04FF40A70FFF7CEF90DF1200EB0
:10730000711B02232EF8160D39222846CDF800E015
:10731000FFF710FE054670B30DF1200B4FF0010A88
:10732000414606220DF10D000BF814AD04F086FD68
:10733000711B2846CDF800B007233D22FFF7FAFD68
:107340000546C0B1FF2305AE0C210370304604F0A2
:10735000FFFD0C23EA1B20684FF48644019300963E
:10736000524439460023ADF814A0CDF81C90ADF876
:10737000164004F047F809B0BDE8F08FD4F86C224D
:107380000723D4F8789204F5177622648DF8093033
:1073900081E7012304F517764FF0FF398DF80930A6
:1073A00079E704F5247204F5177628460423009241
:1073B000711B3222FFF7BEFD0028DCD004F52775D3
:1073C000311A042336220095FFF7B4FD0546002844
:1073D0007FF45CAFCFE7D4F86C22042304F5177672
:1073E0004FF0FF3922648DF8093054E7D4F86C224D
:1073F0000323D4F8789204F5177622648DF80930C7
:1074000049E70322D4F86C3204F517764FF0FF39C0
:107410008DF8092023643EE7C80D0020806300201A
:1074200010B504460171092906D8DFE801F01328D8
:10743000383D4A576778280610BDFFF7E5FE012062
:10744000A1694FF4FA524FF47A6320732161A2606C
:10745000636110BDD0F86C32002B66D1D4F8B40251
:1074600003F090F9022863D000232068637103F0D1
:107470009BFFD4F8B802BDE8104000F0F3BCD0F890
:10748000B40203F07FF9012805D00022D4F8B40239
:10749000114603F01FF9A36A0133A36210BDFFF781
:1074A000B3FEE369636110BDFFF7AEFE0120A16981
:1074B0004FF47A624FF47A53207321616261A360C2
:1074C00010BDD0F86C12D0F8B40200F089FF06F0BD
:1074D000C9FE4FF47A73A061A36010BD83690622D0
:1074E000D0F880022361431C227316D0FFF7D8F82E
:1074F0004FF47A7303FB00F0A06010BDFFF784FE29
:107500000723D4F884022373FFF7CAF84FF47A7381
:107510004EF6602203FB00F06261A06010BDFFF731
:1075200073FE0123D4F88802EDE7FFF76DFE95E7BF
:107530000022D4F8B402114603F0CCF894E700BF5F
:1075400010B50446D0F87022D0F86C12D0F8B4020E
:1075500003F0C0F8D4F87412D4F8B40203F0CAF8F7
:10756000D4F87C12D4F8B40203F0D0F8D4F8B40202
:10757000022103F013F920460521FFF751FFD4F84B
:10758000BC323BB1D4F8C8222046D4F8B412BDE8CE
:107590001040184710BD00BF10B5044600F07CFC39
:1075A00000212046FFF73CFFBDE8104000F07ABC08
:1075B0000279531EF0B504468DB0082B3ED8DFE8A3
:1075C00003F04E56056F8805053F0500063A012A6F
:1075D00040F2B28006F046FE2369A268C01A9042CB
:1075E00080F09E80204603A9FFF79AFD421C00F020
:1075F000AA80002822DD9DF82C30052B40F09580D4
:10760000039BDBB1069BCBB10A9DBDB1A36923618E
:107610006B1C40F09C800895099503AD04F51B7622
:1076200094F868720FCD0FC60FCD2D680FC6356068
:10763000002F5AD020460421FFF7F2FE0DB0F0BD16
:107640000921FFF7EDFED4F8C032002BF6D0D4F8B4
:10765000C4222046D4F8B41298470DB0F0BD0221E0
:10766000FFF7DEFED4F8C032002BF0D1E6E703A925
:10767000FFF756FD411C5AD00028DFDD9DF82C3065
:10768000022BDBD103AD04F524760FCD0FC60FCD51
:107690002D680FC6204635600321FFF7C1FECDE7F8
:1076A00006F0E0FDA369A268C01A90421DD2002234
:1076B000D4F86C12D4F8B40200F02CFD0128054671
:1076C000BCD12046FFF7A0FD29462046FFF7A8FEC3
:1076D000B4E7D0F8B40203F055F850B96379012B40
:1076E000ACD12046FFF758FFA8E72046FFF728FF58
:1076F000A4E70C230CAA20680DEB030142F8283DF7
:1077000000238DE806004FF40A7204F1340103F0FF
:10771000EBFE06F0A7FD2369A268C01A90428DD93E
:10772000217B2046FFF77CFE88E7062B86D120468A
:107730000121FFF775FE81E7D0F8B40203F022F8CB
:107740000028CBD046E72046FFF75EFD76E72846C7
:10775000FEF7A6FFB3281FD84FF034430A93089BC7
:10776000C3B1099B0A9813B185423FF456AFFEF7A7
:1077700097FF4008FEF794FF08900A98FEF790FFE5
:1077800005460A98FEF78CFFA5EBD000FEF788FFB0
:10779000099042E70A98EAE70A98FEF781FF034B4F
:1077A0009842DCD9024B0A93D9E700BF9BC4200062
:1077B0000020C49B2DE9F043054685B000F06CFB2A
:1077C000002D5AD02E68002E57D0304603F022F9F3
:1077D0008146002851D02C4C6779002F4DD10C21C7
:1077E0004FF0010801A804F0B3FB4FF488433A4678
:1077F000404602210397CDF80890ADF80480ADF81B
:10780000063004F079F82060002836D001A90C2257
:1078100004F0D6F870BB062204F12001304602F0D5
:10782000E3FF38BB2146194800F0FCFAC4F8B8025F
:1078300000B34FF47A63C4F8B462E3616B68C4F8D0
:107840006032A868FEF72CFFD4F860222B7B002A58
:10785000C4F86402204684F868320CBF0121082174
:10786000FFF7DEFD84F8058000F01CFB204605B024
:10787000BDE8F083206803F097FD00F013FB0020C3
:1078800005B0BDE8F08300BFC8EC0020A57D000076
:1078900010B14379012B00D07047FFF77DBE00BFC8
:1078A00000B14079704700BF38B590B1054600F08F
:1078B000F3FA094B5A79012A04D0002400F0F2FAB5
:1078C000204638BDD3F8B40285420CBF1C460024C4
:1078D000F4E70446F4E700BFC8EC002089B180B1AA
:1078E00038B505460C4600F0D7FA05F51B750FCDE7
:1078F0000FC495E80F0084E80F00BDE8384000F0A1
:10790000D1BA704718B119B94FF47A63C36170479F
:10791000C16170472DE9F843804608460D4604F0E2
:1079200039FB0646404604F035FB2EB1731C9842E5
:1079300005D00020BDE8F8830120BDE8F883013DB3
:10794000002715F8013F7C1C2E2B20460AD018F882
:10795000040004F04DFB8146287804F049FB814582
:10796000204608D1A6422746EBD8301AB0FA80F05C
:107970004009BDE8F8833846F7E700BF2DE9F04F2E
:107980004FF4007389B00446039300F085FACCB13C
:107990006369BBB14FF48071E06804F007FB013804
:1079A000FE280FD80C22214605A804F047FA05A8A6
:1079B00004F058F9012800F09F80DFF8A89199F8A9
:1079C00008302BB100F06EFA002009B0BDE8F08F4E
:1079D0004FF41C71484604F0BBFA6269A369C9F808
:1079E0000C20C9F81030228AE368A9F82C20C9F8C5
:1079F000183004F031FBA9F82800238A012B76D037
:107A0000022BDFD14FF4E053A9F82A3000220221E3
:107A1000BDF8140003F070FF524EC9F800000028B2
:107A2000D0D004250622504903AB009503F0D2FDC7
:107A3000306803AB009505224B4903F0CBFDBDF840
:107A400016301BB94FF45453ADF8163005A90C226B
:107A5000D9F8000003F0E8FB0130424E72D0358DBA
:107A600001224FF48073E1680DF12008002406F133
:107A70003B003286F58506F13A0B738648F8104DC7
:107A8000B6F82AA004F0A6FA4246384906F13B00AF
:107A900004F0B6FA06E000208CF83A300EF101044A
:107AA00004F0AEFA601C2F4D584405F13A0704F07B
:107AB00071FA06EB040C0346424604EB000E2B4918
:107AC0000028E8D12744012611342946A7F801A04F
:107AD000FB703E7126486C6200F0A4F9686088B3C0
:107AE0002E7200F0DFF9284609B0BDE8F08F4FF4A0
:107AF0008073A9F82A3089E7069802F095FF0546B9
:107B000028B3002603E002F011FD054620B3BDF8BE
:107B100014302846771C0BB1DB0703D502F028FE92
:107B20000790D8B9069B30463E46002BEBD005A8FF
:107B300004F098F800287FF445AF284602F06AFF69
:107B400006903AE7D9F8000003F02EFC3AE702F07D
:107B5000E9FD05460028D4D10025E8E70123ADF86A
:107B60001430E4E72CEA002017E5030078500020E9
:107B7000018400002DE9F04F4FF0000A83B0174652
:107B8000814688461646554601933C7804F0C0006D
:107B9000C0281ED0A8BBB9F1000F30D0B8F1000F3B
:107BA0002DD0A0452ED9621CC4EB080848463946A2
:107BB000934608F1FF3804F041F9D9445A46174476
:107BC000BE4238BF3E46002CDFD1304603B0BDE890
:107BD000F08F05B9023624027D780C9B04F47C54A6
:107BE00025449D420DD20AF1010A019BBAF1040F0E
:107BF00003EB0507C9D95C5D04F0C000CAE7621C4D
:107C0000DDE7002003B0BDE8F08F00BF037A022B50
:107C10002DE9F0430446ADF5037D30D0032B16D09B
:107C2000012B03D00DF5037DBDE8F0830023426AEC
:107C300000F12E01006803F04DFC636A984200F0E9
:107C4000A480032323720DF5037DBDE8F08300F0CB
:107C500023F9206803F0A8FB606800F003F9002313
:107C6000237200F01FF9216A00297AD10846E568DD
:107C70002369A269A8470DF5037DBDE8F08300F1F3
:107C80002E0600234FF400720068314603F098FC82
:107C90000C28054668D9E28D238D9A42C2D1B4F9E9
:107CA0003030002BBEDA608EFEF7F6FC0128B9D129
:107CB0000095334604F13A0202A8FF21FFF75AFF6C
:107CC00007460028AED0A16902A8FFF723FE0128CD
:107CD000A8D104374FF0000806EB050909E0B3F519
:107CE000A06F58D0388908F10108FEF7D5FC0A309A
:107CF0000744A08EFEF7D0FC80455CD24F455AD297
:107D00003A4600953346FF2102A8FFF733FF0746A6
:107D1000002850D0A16902A8FFF7FCFD0128E1D19D
:107D20003B88628D9A42DAD17B88B3F5807FD9D1C6
:107D3000B2F5807F236A43D103F12302D7F80A10FA
:107D40001201A0522244916004EB031201337968BE
:107D5000032BC2F83C122362C4D9002B7FF471AF0D
:107D600060E704F50C7082E706F07CFA6369C01ADC
:107D7000B0F57A7F7FF656AFE3690133052BE361F7
:107D80003FF65FAF012323724CE706F06BFA022344
:107D90006061237246E77B88B3F5807FA2D13346CA
:107DA000009507F10A02FF2142A8FFF7E3FE0DF25A
:107DB0000913A36196E7236A002B7FF442AF31E7F2
:107DC00023330220102207F10A011B01E052E018C0
:107DD000083004F033F8236AB6E700BFF8B50F4C5B
:107DE00001270F4804F1900603F0F4FF02E00C3481
:107DF000B4420ED02368002BF9D02579002DF6D19E
:107E000027710C3454F8040C984704F8085CB44209
:107E1000F0D10348BDE8F84003F0E8BFC0EF002010
:107E200054F00020F8B5C8B106460F4603F0EAFF4B
:107E300000220B4D1346AC580C3209493CB10133BA
:107E40000C2BF8D1002403F0EBFF2046F8BD03EB28
:107E500043039B00CC18CE50A760F4E70446F4E738
:107E6000C0EF002048B110B5044603F0CBFF00235B
:107E70002360BDE8104003F0D3BF704708B5044845
:107E8000902104F065F80348BDE8084003F094BF72
:107E9000C0EF002054F00020014803F09BBF00BF5A
:107EA00054F00020014803F0A1BF00BF54F00020AF
:107EB00010B50446006802F073FD237B834207D0AF
:107EC00020730146236962692068BDE810401847A5
:107ED00010BD00BFF8B50546FFF7DEFF35B12B68D2
:107EE00023B16B6813B10E4C26790EB10020F8BD9A
:107EF0001821204604F02CF82F686A682146AB68E8
:107F00000848276022616361FFF78CFFA0600028AA
:107F1000ECD0012326732371FFF7C4FF2046F8BD80
:107F20009CEF0020A586000068B110B50446FFF75D
:107F3000B3FF204612F0CEFC204612F0D3FCBDE881
:107F40001040FFF7AFBF704702F05CBD70B50F4E39
:107F500000F1F005044602E01834AC4214D0A368E6
:107F6000002BF9D006F07EF9E368C01AB042F3D9CD
:107F7000236918460BB102F0FDF820461834182189
:107F800003F0E6FFAC42EAD170BD00BF804F1200A3
:107F90002DE9F0470023164604460F468046024668
:107FA00091681832B9424AD001330A2BF8D12346DE
:107FB00000259A68183312B301350A2DF9D100252E
:107FC000A946AA4606E00AF1010A08F11808BAF122
:107FD0000A0F14D006F046F9D8F80C30C01A4845FC
:107FE000F1D955460AF1010A06F03CF9D8F80C30EF
:107FF000BAF10A0F08F11808C3EB0009EAD14FEAF9
:10800000450909EB050804EBC808D8F8100030B1A1
:1080100002F0B0F80023C8F81030C8F814304D440E
:108020003146062204EBC5052846AF6003F006FF83
:1080300006F018F92B46E8601846BDE8F08703EB18
:1080400043033146062204EBC304204603F0F6FE48
:1080500006F008F92346E0601846BDE8F08700BF47
:1080600008B301B3F8B507460E4601F1F0050C461A
:10807000B96520461834182103F06AFFAC42F8D1E4
:1080800032460C490C4806F025F9C6F8F00068B1F4
:1080900039460A4801F040FDB0FA80F3C6F8F40012
:1080A0005B095842F8BD4FF0FF3070474FF0FF308A
:1080B000F8BD00BF41870000E09304003D87000049
:1080C00010B5846D34B1D4F8F00006F023F9002324
:1080D000C4F8F03010BD00BF806D0023024610B51B
:1080E000946818328C4205D001330A2BF8D1002451
:1080F000204610BD03EB43030622054900EBC304F1
:10810000204603F02DFF0028F1D0204610BD00BF0F
:10811000D40D002070B5D0B1846D94B104460E46E4
:10812000154601F045FD31462046FFF7D5FF60B109
:108130004DB1014606222846012403F07FFE01F0DE
:108140003FFD204670BD0124F9E70446F7E70446E9
:10815000204670BD2DE9F04385B00B460191496979
:108160001B2904D9DC682288B2F5807F05D0184627
:1081700002F000F805B0BDE8F0832279062AF6D1B6
:108180006288082AF3D16279042AF0D11C290546B5
:10819000D0F8589008D10622284602A902F00CFB1C
:1081A000064638B1019BE2E7C1F11C0101A802F0CB
:1081B00075F8F0E704F10807062202A9384603F033
:1081C000CFFE0028EED006223449384603F0C8FE20
:1081D0000028E7D0D4F80E10EB6AD4F81880994242
:1081E0004DD0984515D03346AA6D4FF0180E01E0DA
:1081F0000A2BD7D00EFB03260133B0688142F7D19A
:1082000006223946304603F019FE06F02BF8F060DE
:1082100005E03A46A86DFFF7BBFE064650B133694C
:1082200043B132464FF40061284600F033FA002390
:1082300033617361E388B3F5807FB3D1EB6A98450E
:10824000B0D1022304F1120600210622E371304668
:10825000A171394603F0F2FD02A93846062203F067
:10826000EDFDD4F80E10EB6A3246A1612846C4F841
:108270000E3040F60601019B00F00CFA7AE721B9B6
:10828000AB6DD3F8F8309845D4D10123D9F8F40078
:1082900085F8543001F0BEFCCCE700BFCC0D0020C7
:1082A000002849D02DE9F043D0F8588083B0B8F1C8
:1082B000000F22D00546894601F07AFC01211C20DE
:1082C00001F0A8FD0646B0B1C468002308210422CD
:1082D0004FF0010E0627A1702846627169463A46A2
:1082E0002370E370A37184F801E084F807E027713C
:1082F00002F062FA20B101F063FC03B0BDE8F08344
:108300003A460E4904F1120003F098FD3A466946D8
:1083100004F1080003F092FDEB6AC4F81890C4F869
:108320000E300BB9C8F8F89033462846044A40F698
:10833000060100F0AFF9DEE7704700BFD40D002062
:10834000CC0D00202DE9F047D0F8588007460D46A7
:108350009146002401F02CFC43469A681833AA4247
:1083600019D001340A2CF8D11C4A2946B86DFFF700
:108370000FFE0646006908B101F0FCFEC6F8109039
:1083800005F070FF294670613846FFF789FFBDE8A8
:10839000F04701F015BC04EB440608EBC606336950
:1083A00006F1100A9BB105F05DFF7369C01AB0F5C4
:1083B0007A7FDAF8000008D848B101F0DBFEC6F891
:1083C0001090BDE8F04701F0FBBB0028D4D1182382
:1083D00003FB0484C4F81090D2E700BFD40D002042
:1083E00038B504460D4603F00DFD29462046FFF73B
:1083F00057FFBDE8384003F013BD00BF70B5846D72
:10840000002501F0D5FB04F1F006236918461BB1E5
:1084100001F0B0FE256165611834B442F5D1BDE8C4
:10842000704001F0CDBB00BFB1F1200C2DE9F04F41
:108430003ED402F12003E64633F8204CBEF1200E74
:1084400033F81E1C03F1200333F83C5C214433F85D
:108450003A4C33F8387C294433F8366C33F8345CC2
:10846000214433F8324C33F830BC394433F82EAC65
:1084700033F82C9C314433F82A8C33F8287C294477
:1084800033F8266C33F8245C214433F8224C5944E9
:108490005144494441443944314429442144084425
:1084A000CAD54FEA5C114B1CACEB411102EB4312F5
:1084B000B1F1080718D402F108033E4633F8084C1E
:1084C000083E33F8061C03F1080333F80C5C214422
:1084D00033F80A4C294421440844EFD5F9084B1CD1
:1084E000A7EBC10102EBC3028D1E0CD42B46114633
:1084F00031F8024B023B2044FAD569084B1CA5EB2E
:10850000410102EB430209B113781844BDE8F08F32
:10851000F0B5056983B007460C468D424FF0000662
:10852000C26828BF0D462946304624B1641BFFF7B8
:108530007BFF064614B9304603B0F0BD3F6815F026
:108540000105FA682B4605D139692546A14298BF35
:10855000CD18E8E712F8010B013C00920192FEF7FA
:108560009BF84FF0FF330644009AEDE708B5FFF79C
:10857000CFFF4FF6FF7303441A0C03D012FA83F3B4
:108580001A0CFBD1D84380B208BD00BF70B51546A8
:108590000E461146FFF7BCFF04462846FEF77CF85E
:1085A0004FF6FF7333441C442044030C03D013FAEA
:1085B00080F0030CFBD180B270BD00BF38B51C4603
:1085C00015460A461946FFF72FFF2A462146FFF7B0
:1085D0002BFF4FF6FF7303441A0C03D012FA83F3F8
:1085E0001A0CFBD1D84380B238BD00BF014B93F9C0
:1085F0000000704761F50020014B1870704700BF04
:1086000061F50020002818BF0E2A0CD959B170B5A9
:1086100082B00D46144606226946064602F0CCF8A2
:1086200010B102B070BD704706226946A81803F069
:1086300097FC0028F5D0A4F10E01012205F10E00EF
:1086400001F034FC0028ECD02B78FF2B0ED0012B4E
:1086500003D1836943F004038361AB89B3F5C16F30
:108660000DD0082B10D001F085FDDAE76B78FF2BD9
:10867000F3D1836943F0020383612B78E7E7034B6F
:10868000014630469847CCE7014BF9E7498900009D
:10869000559800002DE9F04705460F4690461C46C8
:1086A00043B15A6983689A4204D92046BDE8F0472D
:1086B00001F060BD01210E20D5F80CA001F0AAFB4D
:1086C00006460028F1D0D0F80C900622284609EB87
:1086D000020102F071F80028E7D14146062248461F
:1086E00003F0ACFB3846FDF7D7FFA9F80C0024B126
:1086F0003046214601F086FE0646DAF80C30314657
:108700002846BDE8F0471847C16851B1203108B587
:10871000FFF7A6FC20B9044A13680133136008BDB3
:1087200008BD4FF0FF30704794EF002008B5FFF709
:10873000C7FC024A1368013B136008BD94EF002098
:10874000FFF75CBEC16A10B582B039B9062269462E
:10875000044602F031F828B102B010BDFFF7A0FDC9
:1087600002B010BD03466A4620464FF6FF71FFF780
:1087700091FF02B010BD00BFF0B50C4683B00546B6
:1087800001462046174600F0EBFC98B904F0F002D1
:10879000E02A1DD0214628466A466E46FFF7BAFCFD
:1087A00078B13B46324628464FF40061FFF772FF2E
:1087B00003B0F0BD0622154968466E4603F03EFB45
:1087C000EFE73A4621462846FFF7BCFD03B0F0BD6F
:1087D000034601215E2220468DF800106E468DF87A
:1087E00002208DF80130FDF75BFFC0F30643204601
:1087F0008DF80330FDF754FF030A20468DF804304E
:10880000FDF74EFF8DF80500CBE700BFCC0D002033
:10881000C368F0B55A6985B00191CAB19DF80530B9
:108820004FF0010E00275E2603F07F039DF80650EF
:108830009DF8074002A98DF80B308DF808E08DF8FF
:1088400009708DF80A608DF80C508DF80D40904736
:1088500005B0F0BDC368F0B51A6985B00191CAB121
:108860009DF805304FF0010E00275E2603F07F03D0
:108870009DF806509DF8074002A98DF80B308DF841
:1088800008E08DF809708DF80A608DF80C508DF8AD
:108890000D40904705B0F0BD80B1036910B41C785D
:1088A000012C06D15B6B23B11B6813B15DF8044B3F
:1088B00018474FF0FF305DF8044B70474FF0FF3022
:1088C000704700BF80B1036910B41C78012C06D139
:1088D0005B6B23B15B6813B15DF8044B18474FF035
:1088E000FF305DF8044B70474FF0FF30704700BF1A
:1088F00010B5044682B018B103691978012903D074
:1089000094F8240002B010BD5B6B002BF8D01B68FC
:10891000002BF5D00DF1060298470028F0D1BDF8E4
:108920000600C0F3800002B010BD00BFF0B583B0F8
:1089300000234FF40042054602AE194642F210747D
:10894000C76826F8023DFFF7BDFF01E0013C40D0BB
:10895000324600212846FFF79FFFBDF90630002B65
:10896000F4DBFB6923B12846984708B103B0F0BD9A
:10897000324600212846FFF78FFFBDF80620002170
:10898000284622F4B0521204120C42F49052FFF71F
:1089900099FF05F067FC04462B691978012902D07C
:1089A000002003B0F0BD5B6B32462846002BF7D0A9
:1089B0001B68002BF4D098470130F1D0BDF8063089
:1089C0009B06EDD405F04EFC001BB0F5FA6FE3D327
:1089D000E6E7FB69ABB1284698470028C6D1324686
:1089E00021462846FFF758FFBDF8062021462846B5
:1089F00022F4B0521204120C42F49052FFF762FFBC
:108A0000CEE7324621462846FFF746FFBDF806204E
:108A10002846214622F4B0521204120C42F490521D
:108A2000FFF750FF2046A1E72DE9F0431C46002345
:108A300087B08846E56891460646AB70EB7010B18A
:108A4000036A9B0715D461692046FFF78FFD688094
:108A5000002540274A4641460123029430460595A9
:108A6000049503958DE8A00000F02AFE07B0BDE84C
:108A7000F083616900F0CEFA0028E4D1A36943F0E5
:108A80002003A361E4E700BF2DE9F0410E465169E0
:108A900088B013462329019227D92429074601AC1F
:108AA00029D1204601F088FB0130019B1DD0D3F86D
:108AB0000C800021012098F8112002F02DF80546C5
:108AC00090B1836983B105AB02AA08F10801384669
:108AD00000F0A8FA20461C2101F0E0FB05AA02A93B
:108AE000AC693046019BA047019B184601F042FB50
:108AF00008B0BDE8F081C1F12401204601F0CEFBB1
:108B0000019B2046596901F057FB0130019BCED1F2
:108B1000EBE700BFF0B583B004460E461546089853
:108B2000019301F027FB01989CB190B104210DEB5A
:108B3000010001F041FB013001980AD08369AF6860
:108B40009B06B668C56808D44169FFF70FFD20B1E0
:108B5000019801F00FFB03B0F0BD2146304600F054
:108B6000FFFA0028F4D106F0F003E02BF0D02B78C8
:108B7000033B092BECD801A252F823F0F593000037
:108B8000ED930000459300004593000045930000DD
:108B9000C19300004593000045930000AB93000093
:108BA000999300006B78012BD2D82046019A0921B5
:108BB000FFF76AFFCFE76B78002B39D0012BC7D1C5
:108BC00008212046019AFFF75FFFC4E70198436937
:108BD000072BBED92146384600F0C2FA0028B7D18B
:108BE00007F0F003E02BB3D0287032463946204618
:108BF000019BFFF719FFAEE769780029A8D1E0E7EC
:108C00006B780C2BA4D8DFE803F00907110F0D0BCC
:108C100009070709070907000221D2E70621D0E763
:108C20000521CEE70121CCE70421CAE70321C8E7EB
:108C30000721C6E72DE9F04F83B00193BBB1DC6893
:108C40001746E28822F0E00272B9627A05460E46C3
:108C5000012A63D0D4F80C802946D4F810904046FD
:108C600000F07EFA30B1019B184601F083FA03B0A0
:108C7000BDE8F08F08F0E003E02BF4D02946484629
:108C800000F06EFA0028EED109F0F003E02BEAD0F4
:108C9000019B9A6912F0060AE6D15146082001F0BC
:108CA000B9F802460028DED0D0F80CB00C2E8BF8B4
:108CB00004A08BF805A08BF806A08BF807A039D18B
:108CC000042F37D1002D37D000902889FDF7E4FC20
:108CD000ABF80400009A8BF800608BF801702378E1
:108CE00001999B00486903F03C0303F108048442A6
:108CF00008D2C0F1080101A80092194401F0CEFA8F
:108D00000199009A104601F07DFB04460346424655
:108D1000494628460194FFF787FEA8E7227892008B
:108D200002F03C02A15C12299ED8084ACA40D20730
:108D30009AD58FE70C2ECED138460092FDF7ACFCC9
:108D4000ABF804000027009AC5E700BF01E7070061
:108D50002DE9F04182B000238C460A270DF1080E60
:108D60001E461A4698460EF8043D714610F8014B0F
:108D7000ACB1A4F13003DDB2092D1BD80C7817FB80
:108D8000043304B93ABBFF2B25D80B7012B9013656
:108D9000042E20D810F8014B0122002CE9D1032E1B
:108DA00019D960467146042203F048F8204602B003
:108DB000BDE8F081A6F104032E2C14BF002402F0BC
:108DC0000104B3FA83F35B09A34204D281F8018062
:108DD00000220131CAE74FF0FF3002B0BDE8F08158
:108DE000FFF7B6BFF8B5044615460E4600F0E0FEA4
:108DF0006A6963681344B3F5804F14D800210420D6
:108E000001F008F878B1676829466B69C6603B4491
:108E1000636001F0F7FA0146204601F00FFB00F015
:108E2000CFFE0020F8BD00F0CBFE4FF0FF30F8BDC4
:108E300070B50568A5B1EB6804462E680B6000F0BC
:108E4000B7FE1EB1636872699B1A636000232046F7
:108E500029462B6001F0FEFA00F0B2FE304670BDEC
:108E60002E46FBE770B5049C16461A460546231CA1
:108E700018BF0123002918BF002353B14AB1436929
:108E80009B88DB0705D52346314600F091FD10B9DC
:108E900070BD6FF0050085F88400FFF7ADFB4FF063
:108EA000FF3070BD70B5049C05467BB174B11646A9
:108EB0001A46236853B149B943699B88DB0705D536
:108EC0002346314600F040FD10B970BD6FF005003B
:108ED00085F88400FFF790FB4FF0FF3070BD00BFB6
:108EE00038B543690446BBB100250BE0D968D160B1
:108EF000D9680A6162699A4208BF616101F03AF972
:108F000063694BB11A6998689A42EFD1656101F0C3
:108F100031F96369002BF5D163685BB122681A608F
:108F2000226802B15360204601F0BEFABDE8384025
:108F300000F046BE226801490A60F2E7D0F0002046
:108F400038B500F035FE0B4B1C686CB1237A013B41
:108F5000DBB2237263B9256800F02AFE20462C4656
:108F6000FFF7BEFF002CF1D1BDE8384000F028BE6D
:108F70002468EAE7D0F0002010B500240E4B0F491A
:108F80004FF4FA7022461C6005F0A4F90C4B1860EF
:108F900070B178210B4802F0DBFF21460A4800F04F
:108FA000BBFDB0FA80F3094A5B091060584210BD5E
:108FB0004FF0FF3010BD00BFD0F00020359700000B
:108FC000DCF00020E0F50020BD990000CCF000208E
:108FD00038B5044601F0B2FB0D4B1D6865B12B4658
:108FE000DA6B1AB1D96A6140114206D05B69002B75
:108FF000F6D138B1836C2BB10346184638BD6D6984
:10900000002DF9D0AB6C002BF9D02B46F5E700BF53
:1090100058F6002080681431814294BF002001205E
:10902000704700BF2DE9F04180460E4610460C21E6
:109030001C461546012702F08BFFD8F81C3020464D
:109040002F800C216B60F368AB6002F081FFD8F8D1
:109050001C30278063603369A360BDE8F08100BFE6
:1090600070B169B110B50C46014608482246FFF7B9
:10907000B9FE30B9064BBDE81040186800F0CABD13
:1090800070472046BDE8104001F074B8D4F00020CD
:10909000CCF0002038B50E4D00F08AFD2C683CB1B4
:1090A00000F086FD2046FFF71BFF2C68002CF7D14F
:1090B000084C216829B1074801F0CCF92168002942
:1090C000F9D100236360BDE8384000F079BD00BFEE
:1090D000D0F00020D4F0002010B5044CFFF7DAFFE8
:1090E000206805F017F90023236010BDDCF0002094
:1090F00070B5154E002533462A4606E01C688442AA
:1091000013D001320C330A2A07D09C68002CF5D109
:1091100001321D460C330A2AF7D125B1AB68013361
:10912000012BAB6009D0284670BD5C688C42E8D149
:1091300002EB420206EB8205F0E785E8030001F04E
:10914000F9FB284670BD00BFE0F5002018B1836828
:10915000013B836003B1704703C801F0F1BB00BF5E
:10916000431E033310D86FF4AB7398420CD069B12F
:109170000B6C984208D04B6C984205D08B6B181A38
:10918000B0FA80F0400970470120704710B582B0F6
:10919000044602F037FE0B4B186840B90BE0436CF5
:1091A0009C4207D0836B9C4204D0406918B1036C89
:1091B0009C42F4D10120019002F032FE019802B0ED
:1091C00010BD00BF58F600202DE9F0470026AE4F35
:1091D0008CB000F0EDFC03A9AC48FFF729FE049029
:1091E00008B34660142104A800F0E6FF013016D051
:1091F000049BDC686088D4F81090FDF74DFA0546B2
:1092000004984369132B07D99D4205D894F8008030
:109210004FEA1812042A0BD000F0ACFFDBE70498E9
:1092200000F0A8FFD7E700F0CBFC0CB0BDE8F0875A
:109230004FEA880808F03C08B8F1130FECD945450F
:10924000EAD30399CA6A914507D04846FFF788FFD9
:10925000002800F0BB80049843699D42C0F0AF80B5
:10926000E28822F04002002A3BD1039A126A1107D9
:1092700006D5627A02F0EF0101292DD0062A2BD003
:10928000B3F5004FC8D8002308F10802194600F0D2
:10929000C7FE4146054604A801F000F809AB06AA3E
:1092A00021460398FFF7BEFE039809AA06A9049B6E
:1092B000009501F077FD627A0021012001F02CFC7D
:1092C000002800F09881039C09AA009506A9456929
:1092D0002046049BA8477EE7826942F02002826113
:1092E000CEE70DF13009194649F81C0D484600F04B
:1092F00063FF013000F07C81059B3C68D3F80C8053
:10930000002C75D0B8F8042002E02468002C6FD03F
:1093100063899342F9D1617A98F809309942F4D17E
:10932000E168D8F80C309942EFD12169D8F81030B3
:109330009942EAD198F800504846AD0005F03C0546
:10934000294600F0ABFFB8F80200FDF7A5F9B8F820
:109350000630401B9A06A8F8020005D598F80120AF
:1093600042F0010288F801201846FDF795F9DDF872
:1093700014E0C000C8F808E082B2A8F806206369CB
:109380001D4603E0ED68AB4200F01A81E988914286
:10939000F8D9AB4200F014812869B0F806C04188C2
:1093A0006144B1EB020A00F0E280B8F802309A455D
:1093B000C0F03481704600F0DDFE04960BE7E91A38
:1093C00004A800F06BFF0498436949E7039B0498E5
:1093D000DA6A002A00F0BD8009F0F009B9F1E00F67
:1093E00004D01B691B78032B7FF416AF436934E765
:1093F00098F800404846A40004F03C04214600F0E0
:109400004DFFB8F80200FDF747F9041B1820A8F833
:10941000024001F059F80446002800F0E9803B685A
:10942000236003B15C60142326716671A671E67136
:1094300023723C60B8F80430638198F80930637295
:10944000D8F80C30E360D8F810302361B8F8060083
:10945000850605D598F8013043F0010388F80130FE
:10946000FDF71AF9059BC1004046C8F80C8089B287
:10947000C8F81080C8F80830A8F80610C4F814809E
:109480000346002205E000BFD0F00020D4F0002009
:10949000D9888A4291D15988DB680A44834292B2C2
:1094A000F6D11A695278D00787D49A680592D3F812
:1094B0000C80984500F0C7801046D8F8081000F0DE
:1094C000A1FF0590D8F80C8002466569A845F3D144
:1094D00095F800E050694FEA8E0E1369D1680EF0DE
:1094E0003C0E7044506180B295F800E04FEA8E0E59
:1094F0000EF03C0E734413612B789B0003F03C0389
:10950000CB1AD360FDF7C8F86880E2686B78EA6030
:10951000226923F001032A61627A6B706A726268C1
:109520002368002A00F08D801360236803B15A601D
:10953000204600F0B9FF0598049000283FF44BAE98
:10954000C468436994F800804FEA880808F03C0832
:1095500096E6826992073FF549AF3DE7D168D96049
:10956000D1680B6163699A421BD0B8F806209D420E
:1095700026D0B8F80230B5F806E013447345CEEBB8
:1095800003011DDD6B8899420ED3ED682B69986845
:1095900000F0F0FD2A6913699A42DFD16661002369
:1095A000E3E70B466161E0E78AB205F108009B1A28
:1095B00096446B80A5F806E000F070FEB8F806202F
:1095C0002B6913B3616901B3D968C8F81030C8F8C2
:1095D0000C10D968C1F81080C3F80C806069C1888C
:1095E00091427FF64DAFC4F814801146404647E7DC
:1095F000DDF814E0DEE6049800F0BCFD2B46022204
:1096000003210398FFF716FBE5E5C8F80C80114627
:10961000C8F810804046C4F8148031E751464846E7
:1096200000F03CFEB8F806201FFA8AF1B8F80230C4
:109630000A44591A92B2A8F80210A8F806206369E1
:1096400095E73B6072E71D4642E700BF2DE9F04118
:1096500015469846036A0022EF680446DB070E466B
:10966000BA72FA7223D5AB6943F01003AB6121469D
:109670003046FFF775FD90B906F0F003E02B0ED0F1
:10968000B8F1000F0BD1E36AE26B7340134206D0CE
:109690004FF6A9631A463340934200D0A66C236963
:1096A0002A46314620461B69BDE8F0411847397803
:1096B0002846890001F03C01FEF758FF7881D6E783
:1096C0002DE9F04F87B01F46059104929DF8405058
:1096D0009DF844809DF84C609DF85090002800F063
:1096E000DE800446059B73B1129A53691433B3F5B7
:1096F000004F0BD96FF00704104600F03BFD2046E9
:1097000007B0BDE8F08FE36A0593EDE7012114206F
:1097100000F080FB8246002800F0BD80159B43B11D
:109720001598042304AA05A90088FEF747FF159B96
:109730001880DAF80CB0814A9BF80030108803F0EA
:109740000F03411C43F0400311808BF80030FCF7FD
:10975000A3FF8BF801509BF80030129A23F00F03FF
:10976000ABF80400556943F0050314358BF800305D
:10977000ADB2002E40F088808BF806608BF8076051
:10978000059A2846049BCBF80C20CBF810308BF8B8
:1097900008808BF80970FCF77FFF1299ABF8020084
:1097A000504600F02FFEA66802461290B54240F2E5
:1097B00081809BF80070BBF80630BF005B0607F0A5
:1097C0003C07A6EB070626F0070693D4072E91D98F
:1097D0000090394612A800F0EFFC0130009A5AD0F0
:1097E000BB19DDF848A09D42DAF80C1001930091F6
:1097F0006AD9131DCDF80C90DDF80480DDF800B0B7
:10980000994602941EE0C8EB0506E080414600231D
:1098100032465046B04400F003FC002800F0868039
:109820000146129800F0EEFD0346808A1293FCF781
:1098300033FF129B45456080C9F80030129B03F14D
:1098400004093ED90021384600F0E4FA3A46594668
:109850001290002865D0C06802F0F0FA129BC7EBA6
:109860000800DC68C0F3CF00237823F00F0343F037
:1098700005032370FCF710FF08EB060340F02002FD
:109880009D42C0D9E280C1E7002240238BF8072027
:109890008BF8063074E7129A6FF002042CE710463A
:1098A000FFF796FB044600287FF41CAF129A6FF076
:1098B0000F0421E74B4620460499FFF7C7FE00201E
:1098C0001EE7029CDDF80C90009D0027CDF848A013
:1098D0006888FCF7E1FE019B191A12A800F0DEFC73
:1098E000129B988AFCF7D8FEEB88688043F020032F
:1098F000EB800026CDF848A006E00499FFF7A6FE0D
:109900001295AA46002DDAD0DAF804504B4652469A
:109910002046CAF80460002FEFD0504600F02AFC21
:10992000EEE7029C0127DDF80C90E2E71298012790
:10993000029CDDF80C9000F01DFCDAE750F50020E9
:1099400047F6C470704700BF172910B420D01829FB
:1099500012D0162904D06FF008005DF8044B704750
:109960001968032920D990F86D4004210020146063
:1099700019605DF8044B70471968032914D990F8F1
:109980006E4004210020146019605DF8044B70479C
:109990001968032908D990F86C400421002014604C
:1099A00019605DF8044B70476FF00500D5E700BF04
:1099B000F8B5A1F11604042C62D8DFE804F03A32BD
:1099C00025030300054650681F4614460E4600282E
:1099D0003AD001F043F8082F32D188B3216801F062
:1099E000F003E02B2CD16B6953B39B79022B27D169
:1099F000D5F890405CB32368984231D0192E1FD11E
:109A00006FF00D042046F8BD032B19D94369BBB193
:109A10009B79022B14D11368002480F86E30204605
:109A2000F8BD032B0CD91368002480F86C30204655
:109A3000F8BD032B04D91368002480F86D3001E0D1
:109A40006FF005042046F8BD00F078FEC3E7192E3C
:109A5000F6D1FFF74DFBC5F890000028F2D1CFE713
:109A600063689942CAD1192ECAD0A368013BA3608A
:109A70001BB10024C5F89040E4E700F061FFF8E76F
:109A80006FF00804DEE700BF104B10B51C684CB146
:109A90006368984203D106E06368834203D0246878
:109AA000002CF9D110BDA3680BB160699847084B31
:109AB0001B683BB9E2682374002AF3D06069BDE8F3
:109AC000104010470123237410BD00BF98EF002001
:109AD000B4EF00202DE9F04705461820894690464E
:109AE0009A46089F00F0F0FC80B10A4E044645609B
:109AF000514633682846C4F80890C4F80C80676162
:109B000023603460BDE8F047FCF794BE4FF0FF30AF
:109B1000BDE8F08798EF00200C4B70B51C68064636
:109B200018200D46621C1A6000F0CEFC50B1084BA4
:109B3000002244601968C660456101601860826057
:109B4000204670BD0446204670BD00BF88630020DB
:109B500098EF002010B4154C216851B14B68984221
:109B600020D00B4602E05A68824205D01B68002BC9
:109B7000F9D15DF8044B7047994204D112E0546862
:109B8000A04208D011460A68002AF8D118465DF8AC
:109B9000044B00F089BC126818465DF8044B0A605B
:109BA00000F082BC0A680B462260EFE798EF0020C5
:109BB000024A136801331360704700BFB4EF0020FE
:109BC0002DE9F041114E3368012B04D03368013B7D
:109BD0003360BDE8F081DFF838800027D8F8004016
:109BE000002CF3D0002201E0246864B1257C012D13
:109BF000FAD1E3682774002BF6D06069984724688F
:109C00002A46002CF2D1002AE8D1DFE7B4EF002089
:109C100098EF002038B5124D124A2B6814680133B2
:109C20002B6014B90DE024685CB163689842FAD1E6
:109C3000A3680BB1606998472B68012B05D00123FD
:109C40002374BDE83840FFF7BBBF0022E3682274ED
:109C5000002BF6D060699847BDE83840FFF7B0BFE9
:109C6000B4EF002098EF002000230249024A0B6065
:109C700013607047B4EF002098EF0020072A98BFC8
:109C80000822A8B102F10B038B4212D2014430B476
:109C9000C51C544225F00305EB1D6A602846134499
:109CA0002340C91A5B60B1FBF2F21A602B6030BC32
:109CB00070470020704700BF00230360704700BF5B
:109CC00039B370B505460C46FFF772FF68682B681C
:109CD000211A5A688B4207D2914209D3934207D284
:109CE00013468B425A68F7D39342F9D39142F7D285
:109CF0000C6804FB0016964216D04A601C6804FBF0
:109D00000030814206D059602B60BDE87040FFF7FB
:109D100057BF70470A6814441C604A685A602B6039
:109D2000BDE87040FFF74CBF166834440C605268C1
:109D30004A605A689342E1D10B46E0E72DE9F041D1
:109D400080460D46FFF734FF0024D8F80400D8F809
:109D50000060411E7368B64629443546B1FBF0F1F8
:109D6000013100E05B681A68914205D814B1276898
:109D7000BA4201D2AE461C46B3421D46F2D17CB176
:109D8000DEF8043062689A42236811D099420CD000
:109D90005B1A236003FB004421600444C8F800E020
:109DA000FFF70EFF2046BDE8F081CEF80420F4E76F
:109DB0009942EDD10024F3E738B50546FFF7F8FEE8
:109DC0002968F9B10C680B46013C06E0994207D0BE
:109DD0001A68944238BF02F1FF345B68002BF5D15A
:109DE0004B68994205D0FFF7EBFE686800FB04F072
:109DF00038BD002CF7D0013CFFF7E2FE686800FB9D
:109E000004F038BD0C46FFF7DBFE686800FB04F089
:109E100038BD00BF2DE9F0470E46DFF88C800746BD
:109E20001C210036D8F8000018BF0126FFF786FF76
:109E3000044600B9DEB964B307F10409D8F800009C
:109E4000DFF864A04946FFF779FF054600B9BEB9BF
:109E500015B3002301212A1D204623606360296079
:109E6000A361A560E26027616761BDE8F08700F04B
:109E700075FE1C21D8F80000FFF760FF0446DAE702
:109E800000F06CFE4946DAF80000FFF757FF054680
:109E9000DEE72046BDE8F087D8F800002146FFF74E
:109EA0000FFF2846BDE8F087B8EF002070B50D46DB
:109EB000064611462846FFF7ADFF044620B12A4664
:109EC0003146C06801F0BAFF204670BD82B3F8B5D4
:109ED000054616461F4602460020136912681844BC
:109EE000002AFAD1731C24D07318984217D38842E1
:109EF00015D32B69994213D21C4601E000212C692D
:109F0000641AEB683846B442194428BF3446361BFD
:109F1000224601F093FF27442D68002EEED1F8BDB4
:109F20002D682C6923449942FAD22144C91AE7E7E3
:109F30007047461ADDE700BFA0B181680B68012BAE
:109F400070B5044609D0013B074E0B6025682146D9
:109F50003068FFF7B5FE284670BD034E3068FFF746
:109F6000AFFEF3E7704700BFB8EF00202DE9F047E0
:109F700004687CB381EAE17AD4F81490AAEBE17A20
:109F8000D14527D300290E468046256924DDA769DF
:109F9000204674B1B5420CD82368C8F80030FFF7EA
:109FA000CBFF04460028F3D0036920461D44002C53
:109FB000F0D1E4B12369AA1BA7611E44E3682261C2
:109FC000751B1D44E560CAEB09036361C8F80040D6
:109FD000BDE8F087BDE8F08709EB0102274601E004
:109FE0003B691D44954204DA3F68002FF8D10024F4
:109FF000ECE73B6938684B441E44751B3D6128B152
:10A00000FFF79AFF38600028FAD13D69002DDAD1B8
:10A010003846FFF791FF04460028D4D1E7E700BF98
:10A020002DE9F84F04460D469146014600200A6985
:10A03000096810440029FAD1B9F1FF3F00F08D8082
:10A0400009EB050282427DD885427BD8484E13F148
:10A0500000084FF01C01306818BF4FF00108FFF7EF
:10A060006DFE074610B9B8F1000F6ED1002F69D010
:10A0700022690021A3699542C7F814907960BB61F9
:10A0800038D2A368E1681A682944BB600132F960DC
:10A090001A602369C3EB090BAB44BBF1000F5FDD12
:10A0A0005B1BDFF8CCA03D464FF000093B611C2153
:10A0B0003068FFF743FE0246286010B9B8F1000F80
:10A0C00026D1002A2FD024681546C2F80490A36830
:10A0D000A1691868936001309161E1681860236993
:10A0E000D160C3EB0B0100290BDB8B461361DED182
:10A0F00009E01A462468236913449D42F9D2AD1A37
:10A10000BFE7C2F810B0002338461360BDE8F88FEF
:10A1100000F024FD1C21DAF80000FFF70FFE0246D4
:10A120002860002ACFD13846FFF706FF2B6801468A
:10A13000984207D030680C68FFF7C2FD2B682146B3
:10A14000A342F7D10020BDE8F88F00F007FD1C21E5
:10A150003068FFF7F3FD074688E7C5EB000975E7B0
:10A160003A460023C7F8109038461360BDE8F88FD0
:10A17000B8EF0020E0B170B504460E4E06E00B606B
:10A18000214630682C46FFF79BFD85B1A168256804
:10A190000B68012B03F1FF33F1D13068FFF790FD1D
:10A1A000214630682C46FFF78BFD002DEED170BDA7
:10A1B000704700BFB8EF00202DE9F047076882B074
:10A1C000002F58D0B1FA81F35B09002B53D13A69C3
:10A1D000914250D97C69A1424DD83E4601E026B15A
:10A1E0003269134436689942F9D82B4C8846814627
:10A1F00004312068FFF7A2FD8246002849D00346BB
:10A200000122F96843F8042B18463A69019301F0DA
:10A2100015FEB9683D690A68019B012A34D0013AEC
:10A220000A603C68C7F808A0FB600AE02269E168A0
:10A2300001F004FE236920461D44FFF77DFEFB6804
:10A240000446A64203EB0500F0D1C5EB0806E16821
:10A25000324601F0F3FD23699B1B23617BB1E36868
:10A260001E44E66000203C60C7F81080C9F800700A
:10A2700002B0BDE8F087002002B0BDE8F0872046BC
:10A28000FFF75AFE0446EDE72068FFF719FD019B32
:10A29000C7E74FF0FF30EFE7B8EF002009B1FFF755
:10A2A00065BE7047002A00F086802DE9F043D0F8A3
:10A2B000009083B0CDF80490B9F1000F1AD0D9F80E
:10A2C00014E053189E4515D317460D468046A9B194
:10A2D000D9F810404E464846002204E019690C4463
:10A2E000A54228BF1846A54212D3336801221E4654
:10A2F000002BF3D1002003B0BDE8F08301A8114684
:10A30000FFF734FE0198C8F8000003B0BDE8F08301
:10A31000002A74D13369E21A95423DD0621B9742FC
:10A3200028D2B168C7EB0E00C9F8140009680129EA
:10A3300043D0C7EB020900214846FFF76BFD0646F4
:10A34000002856D001994A46C0680B69C9682B4459
:10A350001F443F1B394401F071FD019A13691168D4
:10A360001D4431602C1B16601461D8F8000003B046
:10A37000BDE8F08335D02C1B326823443919336192
:10A38000C2F814E027D14846D9F81430DF1BC9F8C9
:10A39000147003B0BDE8F0833946C6F814E0FFF747
:10A3A000E5FDD9F81430D8F80000DF1BC9F81470A7
:10A3B00003B0BDE8F083002070472B44F168D21B46
:10A3C000181B3B180844194401F038FD019A136921
:10A3D000DB1B1361C9E73046FFF7C8FDD8F8000062
:10A3E000D2E7DB1BC7EB0E0748463361C9F8147090
:10A3F00081E7D8F8002053693B4453617BE701961D
:10A4000088E700BFF0B498B1B1B1024600E01A4647
:10A410001368002BFBD18C6905464B698769466937
:10A420003C4311603344846143612846F0BC70476B
:10A430000D462846F0BC70470546F6E702680AB9A3
:10A4400005E01A465368002BFBD15160704701604C
:10A45000704700BF90B170B504684CB18C4205469E
:10A4600008460CD06368984203D01C46002BF9D1F3
:10A4700070BD4568FFF77EFE656070BD7047666819
:10A480002046FFF777FE2E6070BD00BF08B508229A
:10A49000FFF7F4FBB0FA80F3024A5B091060584200
:10A4A00008BD00BFB8EF0020024B01461868FFF757
:10A4B00007BC00BFB8EF0020024B01461868FFF749
:10A4C0003DBC00BFB8EF002038B5064B014604463E
:10A4D0001868FFF733FC054610B1214601F038FD3E
:10A4E000284638BDB8EF0020014B1868FFF764BC60
:10A4F000B8EF0020FFF7F8BF014B1868FFF7DCBB8F
:10A50000B8EF002010B5FFF753FB074B1C683CB1B8
:10A51000236920469B6903B198476469002CF7D1F1
:10A52000BDE81040FFF74CBB58F6002038B5054693
:10A5300001F068FC054B1C6824B11DB16469013D44
:10A54000002CFAD101F06CFC204638BD58F60020F2
:10A5500090B10388012B0ED1084B8268186858B15E
:10A56000C36A9A4203D108E0C36A9A4204D04069A0
:10A570000028F9D1704700207047704758F6002036
:10A58000F0B138B5104D2B6813B914E05B699BB17D
:10A590009842FBD103690446DB680BB1204698471B
:10A5A000A36962696BB15A61626902B19361074B39
:10A5B0001A68944201D038BD38BD2A681A6038BD87
:10A5C00070472A60F1E700BF58F600205CF60020D3
:10A5D00010B5044601F016FC084B1B6813B908E0DF
:10A5E0005B6933B19C42FBD1012401F019FC204688
:10A5F00010BD1C4601F014FC204610BD58F600208A
:10A60000002837D070B504460D461646FFF7D0FA3D
:10A610000023E56284F8503084F85430BDB1B6B9F7
:10A620002B0628D505F0C003802B32D005F0E003BF
:10A63000C02B3CD0636BE26BD943D0432B402A4004
:10A64000294328432363A2632164606406E005EA8A
:10A65000060265EA0603E663A2636364284601F026
:10A660000DFD23695B690BB120469847BDE870403A
:10A67000FFF7A6BA7047E26B2AB1D043FF236FF011
:10A68000FF016363DAE7FF236FF0FF001A46E3631D
:10A69000F4E7E26B2AB1D0434FF6FF730C496363D2
:10A6A000CCE74FF6FF730A481A46E363F4E7E26B20
:10A6B0003AB1D0436FF07F464FF07F413346666337
:10A6C000BCE76FF07F434FF07F401A46E363F1E74A
:10A6D0000000FFFF70B504460D46164601F092FBE0
:10A6E000294620463246FFF78BFFBDE8704001F057
:10A6F00097BB00BF48B138B504460D4601F082FB58
:10A70000A564BDE8384001F08BBB704748B138B54F
:10A7100004460D4601F076FBE564BDE8384001F0E3
:10A720007FBB704710B501F06DFB034B1C6801F057
:10A7300077FB204610BD00BF5CF60020014B186877
:10A74000704700BF5CF6002010B5044620B101F050
:10A7500059FBE46A01F064FB204610BD10B50446C5
:10A7600020B101F04FFBE46B01F05AFB204610BD15
:10A7700010B5044620B101F045FBE46C01F050FB3C
:10A78000204610BD10B5044628B101F03BFB94F8FB
:10A79000504001F045FB204610BD00BF50B138B518
:10A7A00004460D4601F02EFB84F85050BDE83840B9
:10A7B00001F036BB704700BF002918BF002A10D037
:10A7C00078B103696BB110B45C68A24204D3DB6951
:10A7D00013B15DF8044B18474FF0FF305DF8044BA0
:10A7E00070474FF0FF30704770B504460D4616466F
:10A7F00001F008FB294620463246FFF7DDFF0446FC
:10A8000001F00EFB204670BD032A70B5154682B0DC
:10A8100004460DD8DCB1D1B12369C3B15A68954261
:10A8200015D11B6A9BB1204602B0BDE870401847A5
:10A830004A780B781204CE78887842EA0363019153
:10A84000334343EA002001F019FC0199E2E74FF09D
:10A85000FF3002B070BD00BF2DE9F04158B103696F
:10A860004BB1DFF8AC80D8F8003013B908E05B6971
:10A8700033B19842FBD14FF0FF342046BDE8F08160
:10A88000054617460E46FFF793F9D8F800306B617E
:10A8900003B19D6100230124C8F80050AB612B4631
:10A8A000D869A04217D05B69002BF9D12869EC6107
:10A8B00084682B628CB12846A047044678B906B15B
:10A8C000AFB92B691B78013B012B19D90F4B1A68C3
:10A8D00042B91D6006E00134E1E74FF0FF3428463D
:10A8E000FFF74EFEFFF76CF92046BDE8F0813A46CF
:10A8F00031462846FFF788FF0028E2D00446EEE7FD
:10A900002846FDF701FF0028E0D0F7E75CF60020BD
:10A9100058F6002070B504460D46164601F072FA4E
:10A92000294620463246FFF797FF044601F078FAA1
:10A93000204670BD18B10369DB6A03B11847704740
:10A9400018B103691B6B03B118477047F8B518B30A
:10A9500003695B6A03B3044603F084FC0646A36AFA
:10A96000C31AC82B03D894F824502846F8BD23698D
:10A97000204694F824705B6A984787420546A66291
:10A9800084F82400F1D0002FEFD123695B69002BFC
:10A99000EBD020469847E8E701252846F8BD00BFE0
:10A9A00010B5044601F02EFA2046FFF7CFFF04460B
:10A9B00001F036FA204610BD10B5044601F022FA27
:10A9C000FFF7F6F8034B1C60FFF7FAF8BDE81040FC
:10A9D00001F026BABCEF002038B5084D0020FFF783
:10A9E000EBFF2C682CB12046FFF7CAFD6469002CF0
:10A9F000F9D10023024A2B60136038BD58F60020BD
:10AA00005CF60020024B1B6803B11847704700BF7B
:10AA1000BCEF002010B5044620B101F0F3F9E46961
:10AA200001F0FEF9204610BD38B5054601F0EAF9FF
:10AA300065B1094B1C6814B904E0646914B1E36999
:10AA40009D42FAD101F0ECF9204638BD2C4601F0C8
:10AA5000E7F9204638BD00BF58F6002050B1074B3B
:10AA60001B6813B904E05B6913B1DA699042FAD14B
:10AA70001846704703461846704700BF58F6002036
:10AA800070B5FFF795F8134B134C0025DA6804F105
:10AA90000C061D6012B19047431C0AD0B4420DD081
:10AAA00054F8043FDA681D60002AF7D09047431C31
:10AAB000F4D10446FFF784F8204670BDFEF75CFA37
:10AAC00001304FF0FF3418BF0024FFF779F820461B
:10AAD00070BD00BFC06300201C0E002038B5FFF71A
:10AAE00067F80B4B0B4C1B6904F10C0503B198473D
:10AAF000AC4206D054F8043F1B69002BF7D1AC429E
:10AB0000F8D1FEF7E9FABDE83840FFF759B800BFC1
:10AB1000C06300201C0E002070B40E4C0E4B04F1DC
:10AB20000C069D88284206D09D798D4208D011B927
:10AB30009D68954209D0B44209D054F8043FF0E72B
:10AB40001AB19D680DB1AA42F1D1184600E000206B
:10AB500070BC70471C0E0020C063002038B50B4B42
:10AB60000B4CDB6904F10C0503B19847AC4206D0ED
:10AB700054F8043FDB69002BF7D1AC42F8D1FEF763
:10AB800089FABDE83840FFF7BDBC00BFC0630020B4
:10AB90001C0E002003464FF40062402100209A64FE
:10ABA00083F86C1083F86D009A63704738B50C46D3
:10ABB0000546FEF7FDFFE20708D4A30702D50123EF
:10ABC00085F85030FEF7FCFF002038BD012305F169
:10ABD000340085F8403000F063FEEEE72DE9F047E1
:10ABE000044686B015461E4688460E9FFEF7E0FFD7
:10ABF000A36CAB4267D3002F60D0404600222946A9
:10AC0000FFF754F98046002860D016F0040611D1F1
:10AC10007868D4F81090FFF721FF3B88012B49D0CA
:10AC200094F98530002B4CD1FEF7CAFF284606B0B8
:10AC3000BDE8F087012394F88C90786884F88C3014
:10AC4000D4F810A0FFF70AFF3B88012B0FD000209B
:10AC500084F88C900028E3D00146204600F0AAF941
:10AC6000FEF7AEFF4FF0FF3006B0BDE8F0875FFAA9
:10AC70008AF3BA68A16E02F0F00794F86DC0E02F75
:10AC80004FF000070CBF94F86EA094F86CA0CDF8BC
:10AC9000088094F88CE0CDF804A0CDF800C00597AA
:10ACA0000397CDF810E0FEF70BFD002ED0D1002861
:10ACB000B6D0D1E75FFA89F3B146DAE704F1540779
:10ACC0009BE70020C8E76FF00700C5E76FF00200C0
:10ACD000C2E700BF2DE9F0411C4686B005460F468D
:10ACE00084F00204904603A80C21C4F340040C9E97
:10ACF00001F02EF903AB4246394605F134000094C9
:10AD000000F05AFF431C13D095F985304BB9044627
:10AD100026B103A8314600F0B7FF204606B0BDE8D3
:10AD2000F0810021284600F045F94FF0FF30F5E7AB
:10AD30006FF00701F6E700BF38B504460D46FEF791
:10AD400037FF0C22294604F1540001F077F8002562
:10AD5000032304F13400A4F862502373A4F856507E
:10AD600000F09EFDFEF72CFF284638BD10B50446C6
:10AD7000FEF71EFF0348214600F0A6FDFEF720FF68
:10AD8000002010BD0065002010B5054C216829B1D8
:10AD9000034800F099FD21680029F9D110BD00BFDA
:10ADA000006500202DE9F84F0A9C002B18BF002CED
:10ADB00043D0002841D05D69002D3ED00D88012D83
:10ADC00000F0AD8000278A4681460146104698462D
:10ADD000164600F03DFF002878D0534B1C68002C2D
:10ADE00000F0A0804FF0000B01E02468FCB1256961
:10ADF000BD42FAD1304600F01BFF00284CD033880A
:10AE0000012BF2D1D4F890100029EED04A68B36833
:10AE10009A42EAD10B689945E7D1BBF1000F02D005
:10AE20009BF8403013B3A3462468002CDFD1BBF15C
:10AE3000000F02D09BF840300BB1BDE8F88F2346DD
:10AE4000214640464FF0FF32FFF7EAF8044600285B
:10AE5000F3D052460BF13400214600F059FE013088
:10AE6000EBD12046BDE8F84FFFF784B919464FF003
:10AE7000FF324046FFF7D4F805460028D3D00BF147
:10AE800034005246294600F043FE0130CBD128461B
:10AE9000A346FFF76FF9A8E704F16005284600F024
:10AEA000E1FE28B92846314600F0E8FE00289CD093
:10AEB00004F15405284600F0D5FE0028ADD12846FF
:10AEC000514600F0DBFE00288FD0A6E7304600F0A8
:10AED000AFFE002881D114483B46314652460068F7
:10AEE00000F0DAF804460028A7D090F84030002B94
:10AEF000A3D1404619464FF0FF32FFF791F80546BF
:10AF000000289AD0524604F13400294600F000FE91
:10AF1000013092D12846BDE8F84FFFF72BB9E4681D
:10AF2000677A50E7BDE8F88F0065002038B50D4C12
:10AF3000FEF73EFE0023224652F8041B39B10133CE
:10AF40000C2BF9D10025FEF73BFE284638BD4FF00B
:10AF5000FF3204EB830544F82320FEF731FE284638
:10AF600038BD00BF58F0002002880B88934201D002
:10AF70000020704713F0010306D083688868181A10
:10AF8000B0FA80F0400970471846704703880A46B7
:10AF9000DB0700D47047014610460C2200F04EBF7C
:10AFA00008B53021024800F0D3FF002008BD00BFE3
:10AFB00058F0002090F985301BB11946002380F825
:10AFC000853080F884100846FDF716BB38B5054675
:10AFD0000C46FEF7EDFD2B68236003B15C60002397
:10AFE00063602C60BDE83840FEF7EABD38B50C461A
:10AFF0000546FEF7DDFD63684BB122681A602368E1
:10B000000BB162685A60BDE83840FEF7D9BD2368CD
:10B010002B60F4E72DE9F0410446002839D00E46B4
:10B02000174698464D8802E02468002C31D0B4F8C9
:10B030006230AB42F8D13388DB070FD5B3686BB110
:10B04000314604F16000FFF78FFF0028ECD07FB994
:10B05000B8F1000F0CD00120BDE8F081B8F1000F6D
:10B06000F5D1314604F16000FFF77EFF0028DBD008
:10B0700004F15400002FD7D03946FFF775FF0028A0
:10B08000D2D0B4F856207B889A42E4D02468002CB1
:10B09000CDD12046BDE8F0812DE9F04704460028D7
:10B0A00074D00E4690461D464FF0030A4FF000093B
:10B0B00002E02468002C47D02169A942F9D1B4F8F4
:10B0C000621073889942F4D1636E13B1726893422F
:10B0D000EFD1B4F86030DF074AD5A36E002B47D01C
:10B0E0003388D8074ED5B368002B47D0314604F1DA
:10B0F0006000FFF739FF0028DBD004F1540000277F
:10B10000B4F85430D90722D5E36D03B3B8F1000F7A
:10B1100028D0B8F80030DA0724D5D8F808300BB3B7
:10B120004146FFF721FF0028C3D0B4F85620B8F8F5
:10B1300002309A42BDD1BA4501D9A14627B124684F
:10B140004FF0010A002CB7D14846BDE8F087B8F1AE
:10B15000000FF0D0B8F80030DB07ECD5D8F8083095
:10B16000002BE8D00137BA45A3D9BA46A146A0E7DB
:10B17000378817F0010706D0B76827B104F15400EB
:10B180000127BDE7012704F15400B9E78146DBE759
:10B19000F0B585B0144F05460C2201A843F6FE76A3
:10B1A0003C8800F04BFEFEF703FD44F20103621CF5
:10B1B000234494B29BB2B34288BF4FF4404420462C
:10B1C000FBF76AFA0123ADF80600002201A9284620
:10B1D000FFF720FF0028E8D13C80FEF7F1FCBDF826
:10B1E000060005B0F0BD00BF1266002038B5054668
:10B1F0009420FFF761F90446A0B12946942200F09B
:10B200001DFE002323606360A3602373A361236397
:10B21000E36163626363E3636364E36484F88430DB
:10B2200084F88530204638BDF0B587B004460E4618
:10B23000154600F0E7FD5B4B1B78002B00F0988073
:10B24000002C00F095802468002C00F09180237B76
:10B25000042B00F0998067693A6A12782AB1032BAF
:10B2600000F09D80022B00F08C802DB126B1338838
:10B27000D90778D50B2D14D86FF0050594F9850002
:10B28000F0B1002384F8853084F88400FDF7B4F928
:10B290002846FDF7B1F900F0C3FD4FF0FF3007B0CD
:10B2A000F0BD96E807008DE80700BDF800306D4658
:10B2B000DB0707D494F985006FF006050028E0D17C
:10B2C0002846E1E7029B002BF4D0BDF8023013B909
:10B2D000BB79032B52D10C2204F160060DEB020066
:10B2E000314600F0ABFDBDF80C20BDF80030134036
:10B2F000DA07ADF80C3027D40198FFF7AFFBBDF8A3
:10B300000C30012B2FD1002841D0C36A0593BDF822
:10B310000E3003B3606901232A4603A90068FFF7D2
:10B3200079FE40BB03A930460C2200F087FD63691B
:10B330001B6ADB68D3B1204629469847044600F0D3
:10B340006FFD204607B0F0BD059B002BD4D0BDF8A3
:10B350000E30002BDED1636903A91868FFF718FFD0
:10B36000ADF80E00D6E76FF00B0587E71C46E6E761
:10B370006FF01B058CE76FF00D057FE76FF00E0592
:10B380007CE76FF0150579E76FF00A0576E702981C
:10B39000FDF71EFE0028B8D16FF00F056EE76FF0C5
:10B3A00012056BE768F5002038B5054600F02AFD68
:10B3B000134B1B78D3B1CDB12C68BCB1D4F890003D
:10B3C00008B1FDF7C3FE63691B6A9B683BB1204669
:10B3D0009847044618B100F023FD204638BD0020F0
:10B3E0000446286000F01CFD204638BD6FF01B00AD
:10B3F000FDF702F900F014FD4FF0FF3038BD00BF3B
:10B4000068F500202DE9F04182B00D46064617464A
:10B410009846089C00F0F6FC2D490978002951D087
:10B42000002E4FD0306800284CD054B1099B43B156
:10B430002388DB0727D5099B0B2B1ED86FF005034C
:10B4400023E0B0F85430DA072ED5C36D63B300247F
:10B45000002DF3D090F8503073BB43691B6A9E698E
:10B460006EB3009443463A462946B047044600F07E
:10B47000D7FC204602B0BDE8F081A368002BE7D1DD
:10B480006FF0060301E06FF00B0390F9852072B9AD
:10B4900080F884301846FDF7AFF800F0C1FC4FF09B
:10B4A000FF3002B0BDE8F0816FF01303EDE7134603
:10B4B000002280F88520EBE76FF01403E5E76FF0DA
:10B4C0000A03E2E76FF01B00FDF796F8E5E700BF1F
:10B4D00068F5002010B5002482B001940094FFF7B5
:10B4E00091FF02B010BD00BF2DE9F04383B00E46BE
:10B4F0009946074690460A9C0B9D00F083FC2F4B13
:10B500001978002954D0002F52D0386800284FD025
:10B5100066B3B0F862301BB943699B79032B3ED107
:10B52000002C18BF002D14BF0122002216D190F864
:10B530004030002B36D143691B6A5D69ADB3002AE8
:10B540004B464246314608BF00240094A8470446B3
:10B5500000F066FC204603B0BDE8F0832B682BB1F9
:10B56000B0F86010C90712D50B2BE0D86FF00503B7
:10B5700090F9852072B980F884301846FDF73CF8C0
:10B5800000F04EFC4FF0FF3003B0BDE8F0836FF0E9
:10B590000B03EDE71346002280F88520EBE76FF000
:10B5A0000403E5E76FF01403E2E76FF00A03DFE757
:10B5B0006FF01B00FDF720F8E2E700BF68F5002000
:10B5C00010B5002482B001940094FFF78DFF02B003
:10B5D00010BD00BF2DE9F04182B01C4607460E4663
:10B5E0009046089D00F00EFC3C4B1B78002B6FD062
:10B5F000002F6DD0386800286AD0002C50D0002D64
:10B600004ED0374B9E4212D04369002B48D01B6A64
:10B610001F6A002F44D02346009542463146B84762
:10B62000044600F0FDFB204602B0BDE8F08108F1C1
:10B63000FF33052B49D8DFE803F0291F0E48030329
:10B64000032D2DD92368B8F1050F4FF000040CBF6E
:10B6500083648363E5E7032D22D961884FF47A720E
:10B660002378002402FB01F21B1BC0F8882018BFBE
:10B67000012380F88E30D4E7032D11D923680024EC
:10B680001B1B18BF012380F88C30CAE7032D07D994
:10B69000236800241B1B18BF012380F88D30C0E7EE
:10B6A0006FF0050390F985201AB11346002280F847
:10B6B000852080F884301846FCF79EFF00F0B0FB30
:10B6C0004FF0FF3002B0BDE8F0816FF00803E9E70A
:10B6D0006FF01B00FCF790FFF0E700BF68F500205B
:10B6E00017E503002DE9F04182B01E4607460C46DF
:10B6F0009046089D00F086FB664B1B78002B00F0FF
:10B70000C480002F00F0C1803868002800F0BD80A0
:10B710000EB305B3604B9C4210D04369DBB11B6A8A
:10B720005F6AC7B12146009533464246B847044692
:10B7300000F076FB204602B0BDE8F081B8F10D0FB5
:10B7400000F2A080DFE808F01B28323C9E4D4D5BE4
:10B7500064717C7C8A946FF0050390F985204AB966
:10B7600080F884301846FCF747FF00F059FB4FF093
:10B77000FF30E0E71346002280F88520F0E72B68D1
:10B78000032BE8D9037B042200249B1A2A60B3FA16
:10B7900083F35B093360CBE72B68032BDBD990F88D
:10B7A0008D30042200242A603360C1E72B68032B0C
:10B7B000D1D990F88C30042200242A603360B7E796
:10B7C0002B68032BC7D9042390F88E10334A00242A
:10B7D0002B60D0F888303170A2FB03239B09738063
:10B7E000A6E72B68032BB6D90423B8F1050F4FF059
:10B7F00000042B600CBF836C836B336098E72B686D
:10B80000002BA8D0037B012200242A6033708FE72D
:10B810002B68002B9FD090F98420002301211C4627
:10B820002960327080F8843082E72B68002B92D038
:10B83000436901222A6003B19B793370002477E7C2
:10B840002B68032B87D90423B8F10A0F4FF00004AB
:10B850002B600CBF436B436C336069E72B68032B91
:10B860007FF679AF042300242B60C36A33605FE75F
:10B870002B68032B7FF66FAF042300242B60836AB1
:10B88000336055E76FF0080367E76FF01B00FCF7C4
:10B89000B3FE6AE768F5002017E50300D34D621098
:10B8A00038B50546FEF784F94DB1A86838B144684B
:10B8B000FEF760FC2046002CF9D1AC602C60BDE89E
:10B8C0003840FEF77DB900BF38B50C460546FEF797
:10B8D0006FF921462846FFF789FB04F13400FFF792
:10B8E000DFFF04F14400FFF7DBFF2046FEF7DCFD3D
:10B8F000BDE83840FEF764B92DE9F04107460C4633
:10B90000904600F07FFA2D4B1B78002B3AD0FFF7C2
:10B910000DFB054600283ED0214642463846FFF73B
:10B92000FBF80646002839D09420FEF7CDFD0446EA
:10B93000002838D00023286085604661A0F8607038
:10B94000C0F810800373B8F1000F18D0A4F8547039
:10B95000FEF72EF93368236003B15C600023636057
:10B960003460FEF72DF9336A5B681BB120469847B7
:10B9700001301BD000F054FA2846BDE8F081B368CE
:10B980000361E3E76FF01800FCF736FE00F048FAB9
:10B990000020BDE8F0816FF00100F5E76FF00900CD
:10B9A00000232B60F0E76FF00200F9E721466069A1
:10B9B000FFF78AFFFCF71AFEF2E700BF68F50020E8
:10B9C00070B504460D46164600F01CFA404B1B7835
:10B9D000002B77D0002C75D02468002C72D046B391
:10B9E0003DB32A88D1074AD50B2E22D9B4F862304C
:10B9F000FBB9B4F8603013F0010001D0A16EC1B9F9
:10BA0000A96801F0F006E02E2DD16E88934239D05E
:10BA10006B686366DEB1A4F8626004F13400FFF77E
:10BA20003FFF04F14400FFF73BFF00F0F9F900206D
:10BA300070BD6FF0050094F9853043BB84F8840035
:10BA4000FCF7DAFD00F0ECF94FF0FF3070BD6369F0
:10BA50009A79032ADFD0186804F16001FFF798FB98
:10BA6000A4F86200D9E721B1B0B92846FEF770FD0D
:10BA700028B36E88BEB9B4F860302A88C6E76FF084
:10BA80000B00D8E7DB07C3D5AB68A366C0E7184651
:10BA9000002384F88530D1E70021A06EFDF760FB1C
:10BAA0000028E6D1E1E762690023294610681A46BA
:10BAB000FFF7B0FA0028DED06FF00D00BBE76FF0A3
:10BAC0000E00B8E76FF01B00FCF796FDBAE700BF69
:10BAD00068F5002038B504460D46FEF769F8696937
:10BAE000236862680B4493420CD82946A068FEF78D
:10BAF00089FC6B692268A06013442360FEF760F83C
:10BB0000002038BDFEF75CF84FF0FF3038BD00BFB5
:10BB1000F8B504460D461746FEF74AF869692368EA
:10BB200062680B4493421CD800210C20FEF772F986
:10BB30000646B0B139460C22C068274600F07EF9AF
:10BB400022686B6929463046134447F8083BFEF7E4
:10BB500059FC01463846FEF771FCFEF731F800202B
:10BB6000F8BDFEF72DF84FF0FF30F8BDF8B5856849
:10BB7000F5B16C691E4607460B46944228464FF0C5
:10BB8000000128BF14462246FEF7A0F9012E01D07D
:10BB90002046F8BDFEF70CF807F108002146FEF735
:10BBA0007DFB3B681B1B3B60FEF70AF82046F8BD97
:10BBB0002C462046F8BD00BF2DE9F84385689DF866
:10BBC00020908DB32F68984606460B4657B37C6984
:10BBD00000213846944228BF14462246FEF776F9E3
:10BBE00040460C22E96800F029F96B690C3B9C4245
:10BBF00038BF4FF0FF34B9F1000F02D12046BDE845
:10BC0000F883FDF7D5FF1FB17A6933689B1A33605B
:10BC100006F108002946FEF71DFCFDF7D1FF20467E
:10BC2000BDE8F8833C46DBE72C462046BDE8F883B8
:10BC300068B1038813F0010308D0806800F0F000B9
:10BC4000A0F1E000B0FA80F0400970471846704754
:10BC500010B10388DB0701D4002070478068FDF72E
:10BC60007FBA00BF38B10388DB0704D58068B0FA1B
:10BC700080F0400970470120704700BF10B109B142
:10BC8000FFF772B90020704710B109B1FFF77EB914
:10BC9000704700BF48B10388012B07D110B5044697
:10BCA0004068FEF7DBFE18B110BD704700207047FA
:10BCB000A068BDE81040FDF78BB900BFF8B50028BB
:10BCC00030D0416800292DD083680446304D314A78
:10BCD000C0682B601060002B4AD01B6813B32E4E37
:10BCE00030469847F0B92B68CBB19A682B4F8AB190
:10BCF000316879B1304690473B78BBB14FF0FF34A3
:10BD00002B682BB1DB681BB12348026802B198474E
:10BD10002046F8BD3A784AB14FF0FF34F2E71F4FA2
:10BD20003B781BB14FF0FF342046F8BD61682068B6
:10BD3000FEF7ACFB04460028E2D1FCF79FF804466E
:10BD40000028DDD1FDF790FF154A164B0A2014603C
:10BD50001C6002F06BFA01300FD0FEF791FE01304B
:10BD60000BD0FFF71DF9013007D001233B70C7E767
:10BD70000A4F3B78002BD5D1D9E7FEF72DFE4FF0C7
:10BD8000FF34FEF7ABFE02F05FFAFEF7B5FBB7E754
:10BD90009CE80020A4E8002088F0002068F500203E
:10BDA00058F600205CF6002008B502F089FABDE8DC
:10BDB0000840FCF713B800BF054B1B681BB11B689C
:10BDC0001BB110B11847184670474FF0FF3070474D
:10BDD0009CE80020044B1B682BB19B681BB110B181
:10BDE000026802B1184770479CE80020044B1B68AA
:10BDF0002BB1DB681BB110B1026802B11847704764
:10BE00009CE80020044B1B682BB19B681BB10348C6
:10BE1000026802B1184770479CE8002088F00020B3
:10BE2000044B1B682BB1DB681BB10348026802B1ED
:10BE3000184770479CE8002088F00020032AF0B4DF
:10BE400070D9CE070B4606D50B780131013A013087
:10BE500000F8013C0B469D0705D50B88023A0231DC
:10BE6000023020F8023C97094DD000F1400401F166
:10BE700040033D4653F8406C013D03F1400304F19B
:10BE8000400444F8806C53F87C6C44F87C6C53F8A4
:10BE9000786C44F8786C53F8746C44F8746C53F80C
:10BEA000706C44F8706C53F86C6C44F86C6C53F81C
:10BEB000686C44F8686C53F8646C44F8646C53F82C
:10BEC000606C44F8606C53F85C6C44F85C6C53F83C
:10BED000586C44F8586C53F8546C44F8546C53F84C
:10BEE000506C44F8506C53F84C6C44F84C6C53F85C
:10BEF000486C44F8486C53F8446C44F8446CB9D12D
:10BF0000BF0138443944C2F383075FB1051F3B4684
:10BF10000C4654F8046B013B45F8046FF9D1BF009F
:10BF200038443944940704D50B880230023120F894
:10BF3000023CD30701D50B780370F0BC704700BFFB
:10BF400022B1024400F8011B8242FBD1704700BFBE
:10BF500029B10144002300F8013B8142FBD1704725
:10BF6000AAB130B4044603780878181A0AD12244DA
:10BF7000013405E014F8013B11F8015F5B1B03D1AC
:10BF80009442F7D130BC7047184630BC7047104619
:10BF9000704700BF014640B100784B1C28B1581AC9
:10BFA00013F8012B002AFAD17047704770B102785C
:10BFB000431C6AB1B1FA81F0400910B108E0814236
:10BFC00005D013F8012B0130002AF8D170477047D3
:10BFD0000020FBE750B149B10B782BB100F8013BD1
:10BFE00011F8013F002BF9D100230370704700BF07
:10BFF000A0F14103192B01D82030C0B2704700BF17
:10C00000F0B408B307460C4617F8015B01E09D4207
:10C0100014D014F8013B002BF9D1CDB13D460C46AC
:10C0200015F8016B00E05BB114F8013B9E42FAD1B8
:10C0300046B100233B701560F0BC70473846E1E71D
:10C040002F46EBE73546F6E710680028DAD1F3E72C
:10C0500028461560F0BC704710B5074C44F2A71194
:10C060006FF0004200232068A0FB010107F0B4FC40
:10C070002260104610BD00BF50F00020024A136835
:10C0800018441060704700BF50F00020F8B5154606
:10C09000876900220E462A70BB8BA3B1144643F079
:10C0A0000170FAF7FDFA30512C780D480434E4B2EF
:10C0B0002C70BB7F1B021843FAF7F2FA30512B7831
:10C0C00003332B70F8BDC06DFCF782FF28B1836885
:10C0D000283B9BB2BB832C78E1E72C78BB8BDEE757
:10C0E0000000030338B58469054688212046FFF720
:10C0F0002FFFA96B1A4A4FF406702B6F9142A0874D
:10C10000A38323D89BB2A160994200D2A183A37FCD
:10C110004FF4405000FA03F28A4206D20133DBB2F8
:10C1200000FA03F28A42F9D3A377696B4FF0FF3329
:10C130000C220B482367E3666366E3676367A366C5
:10C14000A367A264E264A06319B938BDA260114676
:10C15000DDE705F13400BDE83840FFF7A1BB00BFC3
:10C160000000FF0F88B138B50546006828B1446863
:10C17000FEF700F82046002CF9D1002328466B601A
:10C180002B60BDE83840FEF78FB9704706292DE9CE
:10C19000F041069D04D00695BDE8F041FCF782BE53
:10C1A000A2F10E041F46072C28D8DFE804F0202750
:10C1B0001C13270F0B04C36F3B60042300202B606C
:10C1C000BDE8F081836F5B083B60F6E7436F5B0877
:10C1D0003B60F2E78369D3F8843013F0080307D09B
:10C1E00001233B60E9E790F880303B60E5E7036FAF
:10C1F0003B60042300202B60BDE8F0816FF0080154
:10C20000FEF7D8FE4FF0FF30BDE8F08138B5456A43
:10C21000A5B10446FDF7CCFC656A00E025462C6814
:10C22000002CFBD12B6B29469A6A03F12400013ABA
:10C230009A62FEF7DBFE2C63FDF7C2FC284638BD90
:10C24000F8B504468820FEF73FF9F8B1024600230E
:10C2500001214FF4615E96270826A26140254FF424
:10C2600000421846236784F88C3084F88E3084F8B6
:10C270006D3084F8801084F88D10C4F874E0A767DE
:10C28000E66784F86C50A264A263F8BD20466FF0A4
:10C290000201FEF78FFE4FF0FF30F8BDF8B50646FD
:10C2A0000D46FDF785FC344B1C68002C56D000274A
:10C2B00001E02468A4B1B4F862206B889A42F8D1F6
:10C2C000237B042B33D1002FF3D104F160073846D0
:10C2D000FFF7C8FC002846D027462468002CEAD186
:10C2E000002F3BD0FC696CB1314604F15400FFF7DC
:10C2F000C5FC20B1B4F8562073889A4213D0246844
:10C30000002CF1D17C6A6CB1314604F15400FFF786
:10C31000B5FC20B1B4F8562073889A4203D0246843
:10C32000002CF1D13C46FDF74BFC2046F8BD2946D8
:10C3300004F16000FFF7A2FC0028BAD0237B002B99
:10C34000B7D0314604F15400FFF798FC0028B0D074
:10C35000B4F8562073889A42ABD1E4E70024FDF785
:10C360002FFC2046F8BD38462946FFF787FC0028F9
:10C370000CBF002727469CE72465002091F88030F9
:10C38000042B17D015D3062B1AD8052B1CD0CB6E37
:10C390000A22013B81F88020033312D84FF0FF328C
:10C3A00001238A660370D1F8843043F00803C1F892
:10C3B000843070470722012381F880200370F2E760
:10C3C00070473023CB66E9E70B6A9342DFD008233E
:10C3D00081F88030E7E700BF002944D0CA682DE922
:10C3E000F84F177B8B46824614244FF00C083F0908
:10C3F000BD00AC4229D2A35CA11833B3012B26D0D7
:10C4000004F10109A94520D24878661E0644B542C8
:10C410001BD9022B1DD0032B11D18B780C2B98BF6D
:10C420008AF83E30DAF8843088BF8AF83E8043F0DC
:10C430002003DBF80C20CAF88430177B3F0912F880
:10C440000930BD001C44AC42D5D3BDE8F88F01349F
:10C45000CEE74888FAF720F9DBF80C20AAF83C0070
:10C46000177B3F09EBE7704770B5056B0446E5B1F4
:10C47000037B022B0CD0AB6A8069013BAB62FFF7F8
:10C4800071FE214605F12400BDE87040FFF71CBA9B
:10C490002B6A8069013B2B62FFF764FE214605F1A0
:10C4A0001C00BDE87040FFF70FBA8669D6F88430EB
:10C4B000DB0716D4306828B14568FDF75BFE2846D7
:10C4C000002DF9D1002504F1440075603560FFF7B7
:10C4D000E7F9257304F154000C21BDE87040FFF723
:10C4E00037BD3046FFF73EFE21460248BDE87040AA
:10C4F000FFF7EAB92465002006292DE9F041069EE0
:10C5000014D1152A054614461F4606D80123934028
:10C5100013F4651F01D0042E3CD10E3C072C2CD8FF
:10C52000DFE804F0092B0F2B2B171E250696BDE81C
:10C53000F041FCF797BC3B6863B32B670020BDE874
:10C54000F081386810B30123002085F88030BDE801
:10C55000F0813B68F3B15B0000206B67BDE8F081C0
:10C560003B68BBB15B000020AB67BDE8F0813B6876
:10C5700083B1EB670020BDE8F0816FF00801284629
:10C58000FEF718FD4FF0FF30BDE8F08185F8800020
:10C59000BDE8F0816FF00501F1E700BF002A18BF88
:10C5A000002B2FD0F8B5E1B1DB68054610469F7827
:10C5B00093F803E01E785B7847EA0E2746EA0323E8
:10C5C00057804B80FFF76AFE58B1092D09D8DFE884
:10C5D00005F015110D05050D0D080809027B042A4B
:10C5E00011D1F8BDF72280F88520F8BDE82280F847
:10C5F0008520F8BDF82280F88520F8BD83699A8FE0
:10C600001A63F8BD7047EE22BDE8F84080F8852037
:10C61000FFF72ABF38B5144D00221449C82001F095
:10C6200059FE2860A8B1002211494FF4FA7001F0B8
:10C6300051FE104B0446186070B1FFF70DFD0E4A15
:10C640000021136803F57A4353FA80F0106008461E
:10C6500038BD4FF0FF31FAE7286801F05BFE2C602F
:10C660004FF0FF31F3E700BF8CF00020BDD3000096
:10C6700075E9000090F00020A0E800202DE9F047C7
:10C68000044688B04069FEF7E9F900210746142006
:10C69000FDF7C0FB00286ED005461421C068FFF7E7
:10C6A00057FCE66A26B194F83080B8F1000F6BD1E0
:10C6B000EB6850221A73EE68E388E0693380638A7E
:10C6C0007380F9F7EDFFD5F80C807060206AF9F7F8
:10C6D000E7FFEB68C8F8080094F824205A73EE6866
:10C6E000E08CF9F7D9FF616BF0812846FDF78AFEEF
:10C6F0000546208DEE68F9F7CFFFEB6800227082C7
:10C700001A8203F11006238A012B0FD0AA8A4FF454
:10C71000C0612846FBF73AFFEB6830801033228A6D
:10C72000012A0CD0002008B0BDE8F087002F6CD0A3
:10C730003B6A9B0759D4EB6803F11006E6E72068D3
:10C74000E168A26900285CD0447890F800E090F895
:10C750002000002605930623049002953846CDF864
:10C7600004E000940396FCF7ABFF08B0BDE8F08747
:10C770002846FDF7FFFC606B08B1FDF7FBFC6FF08E
:10C78000020008B0BDE8F087002128200795C146C7
:10C79000FDF740FB82460028EAD02821C068FFF759
:10C7A000D7FB51460798FDF72DFE0023721E066841
:10C7B000079012F8010FF168C85401339845F8D179
:10C7C00018F0030F05D028F0030808F104085FFAF9
:10C7D00088F9A9F1280107A8FDF760FD3369079AD8
:10C7E0001433D2689B00137365E769693846FCF718
:10C7F00011FC00289FD1AA69034642F02002AA61D9
:10C800008DE704464FF0400EA3E7A069FCF7E0FB7C
:10C81000074600288CD18EE72DE9F04784698EB059
:10C82000426C0546266AE368C06DF31AC3EB020842
:10C830008845474628BF0F46FDF782F807F11403E5
:10C84000984238BFA0F11407C7EB0803B3FA83F38B
:10C850005B09002F61D0002B5FD04FF0180995F8CD
:10C8600050200AB1002B69D1A9696B6B8A68D31A71
:10C8700062D48869984204D2B1F81CE0191A714553
:10C8800053D3A361002F46D0696C00233A46E86C6D
:10C89000C8EB0101FDF7C4FB804600285ED005F11E
:10C8A0006C030DF1380A05F160010C2201A84AF869
:10C8B000383DFFF7C3FA05F154010C2204A8FFF735
:10C8C000BDFA226A636A4FF0FF318DF8249000258B
:10C8D00008935046A3690792A27FA167D340CDF881
:10C8E0003480ADF82850ADF826300B958DF83050D7
:10C8F000FFF7C4FE2369B91925645A1C03F10053DC
:10C9000021629A420CD9914201D2994200D8216108
:10C910000EB0BDE8F087B846C1E74FF010099EE7BA
:10C920009142F2D20EB0BDE8F087B1EB520FA8D21F
:10C93000002818BF0346A4E70023A2E794F880303C
:10C9400049F001090136042B0DD0072B0FD0D4F884
:10C95000843043F00403C4F8843085E7B9196FF0DC
:10C9600002002162D4E7052384F88030EFE7092331
:10C9700084F88030EBE700BF2DE9F0410C680546F4
:10C980008EB01E46607B00F01000002837D100F00A
:10C99000FF030F46904607936068F9F781FE3B68F6
:10C9A000D8F800104FF0140E5A7B1B7B02F00107E1
:10C9B000C2F340041B098DF824E07A182244A2EB4C
:10C9C0008302104408900EAC314601A80C2244F8B2
:10C9D000385DFFF733FA0C22149904A8FFF72EFAFA
:10C9E00000232046ADF82630ADF828300B938DF8A3
:10C9F00030300D93FFF742FE0EB0BDE8F081A06825
:10CA0000F9F74EFE00220423079008928DF8243097
:10CA1000D9E700BF2DE9F04F846991B099460646E9
:10CA200001920F46426BA368256A9A1A74D4A169D1
:10CA3000914204D2501AB4F81CE0704562D3B90791
:10CA4000A26157D4A37FDA401FFA82F8FB070CD506
:10CA500094F880200135042A69D0072A6BD0D4F8D5
:10CA6000842042F00402C4F8842007F0100202F08F
:10CA7000FF0B0AB1D4F824B00C2206F16C030DF1BF
:10CA8000400A06F160010DEB02004AF8383DFFF75D
:10CA9000D5F906F154010C2206A80026FFF7CEF9BD
:10CAA0004FF0FF31226A5046019BA16709920D9316
:10CAB000CDF828B08DF82C70ADF82E808DF8389018
:10CAC000ADF830600F96FFF7D9FD236926645A1C34
:10CAD00003F1005325629A4206D8954201D39D4244
:10CAE00004D911B0BDE8F08F9542F8D3256111B09B
:10CAF000BDE8F08FB2F5405F05F10105A4D94FF410
:10CB00004058A3E7B0EB530F99D2002918BF0A464B
:10CB1000B907A26196D5EDE7002301F00201A361F8
:10CB200001F0FF0200298DD0013598468EE70522DD
:10CB300084F8802093E7092284F880208FE700BFE3
:10CB400030B5846985B0054694F88030052B21D036
:10CB5000092B1FD0022B09D0002310211A46FFF702
:10CB600059FF4FF0FF33A36705B030BD236A0DF1C5
:10CB7000070202A9013B2362FFF788FA9DF80730FC
:10CB800002AA28461221FFF745FF4FF0FF33A367A3
:10CB900005B030BD226A002328461121551E1A46D1
:10CBA0002562FFF737FF4FF0FF33A36705B030BDB5
:10CBB000027B32B18269936F591C02D0013B9367AB
:10CBC00003B17047FFF7BCBF38B5FCF7F1FF0A4B64
:10CBD0001D686DB12846FFF7EBFF6C6A2CB120464B
:10CBE000FFF7E6FF2468002CF9D12D68002DF1D164
:10CBF000BDE83840FCF7E4BF246500202DE9F84388
:10CC000005461446894603F002078669DDF8208050
:10CC1000FCF7CEFF2846B7FA87F3494650F8342F81
:10CC20005B09A24228BF2246FEF7A0FF044607BBCD
:10CC3000336CB28B0344B3EB420F336422D32B7BB0
:10CC4000032B13D054B3B8F1000F0AD040460C2286
:10CC500005F15401FFF7F2F81CB9D6F884301B0730
:10CC600028D4FCF7ADFF2046BDE8F8832846FFF73F
:10CC700067FF002CE7D12B7B032B0FD1B8F1000FFE
:10CC8000EBD0E3E7B268B3EB520FD8D2B269002A17
:10CC9000EFD1002BD3D1002CEDD0D4E76FF01304EB
:10CCA000FCF78EFF28462146FEF784F94FF0FF304F
:10CCB000BDE8F8836FF01904F2E700BF2DE9F843EF
:10CCC000856907468946EC682A6AD5F88400AB6A0C
:10CCD000C4EB020820F04001B3EB0804C5F884104F
:10CCE00068D42B6BA98FC8EB03037A6CB3FBF1F309
:10CCF000C8EB020803FB01F34445A8BF44469C422D
:10CD0000A8BF1C46002C49DD0026A1423ADDEB6A93
:10CD1000B4EB530F2EDCD5F88430DA062AD4E96858
:10CD20002A6A914202D097F8802072B1A2199045E8
:10CD300063D0696FAA6C481C01D0914201D92A6561
:10CD40006A6743F04003C5F8843086B395F86030D5
:10CD5000002B37D12B6A002101226B61E96785F82E
:10CD600060204FF0FF322B6F93426A6740D0012062
:10CD7000BDE8F883264438462146FFF74DFD002ED6
:10CD8000E4D114E03846FFF747FDA98F641A0E443A
:10CD9000002CDADDB9F1000FB7D0D6E797F85030A4
:10CDA0002BB1B8F1000F02D110F0040318D000200D
:10CDB000BDE8F88322449846022300242A6285F8BD
:10CDC00060308EE7022BCCD16A692B6A511C02F1CC
:10CDD0000052914217D99942BDD99A42C1D3BAE7BC
:10CDE0001A4638461121FFF715FE2B6F0133BED1CD
:10CDF000AB6C01202B67BDE8F88321463846FFF76E
:10CE00000BFD4646A1E79942E7D9AAE738B5037B6F
:10CE1000032B25D10D460446FCF7CAFEAA0702D50E
:10CE200094F8503043B1EB0702D594F8403063B129
:10CE3000FCF7C6FE002038BD0121204684F85010C2
:10CE4000FFF73CFFEB07F3D5EFE704F13400FEF703
:10CE500027FD012384F84030FCF7B2FE002038BDE6
:10CE60006FF01301FEF7A6F84FF0FF3038BD00BF9A
:10CE7000CB682DE9F04F0546846985B09868174660
:10CE80008846F9F70DFC95F88D20D8F80C308146CE
:10CE9000012A93F80DA00CBF6A6F4FF0FF32A26613
:10CEA0003A68500701D50122A267E1684FF0FF32CE
:10CEB0008945626600F0DE800023C1EB09016E6CDB
:10CEC00063648E42236BA84A28BF0E46934215D84E
:10CED000A26B934200F2EB8099198A4280F0E181C3
:10CEE000616B2263194413468A1A324462639A4280
:10CEF00004D3A18FD21A0B4462632363314605F138
:10CF00004C00FDF7CBF9236A696C5A1C03F10053FE
:10CF1000891B9A426964C4F80C9045D9914501D2A5
:10CF2000994501D8C4F82090636913F1005259D291
:10CF3000994506D3914504D894F86030012B00F050
:10CF40009981D8F80C30D8F8142003F10C00D4F8EB
:10CF50008410090749D503784FF001091B09B2EB8A
:10CF6000830F3B6802D943F002033B601B0702D4E6
:10CF70001AF0080F02D02846FFF7E2FDD4F884101B
:10CF80002846C1F3C011FFF799FE3B6810B143F08A
:10CF900001033B60A26A52B96A6C42B1626F01320E
:10CFA00000F09580226D08E09145B9D2BCE7D4F835
:10CFB0008420560602D44FF0FF326267226AE1688D
:10CFC00091420CBF4FF0FF32A26C13F0090F2267A1
:10CFD00004D1980702D52846FFF7B2FD484605B0B0
:10CFE000BDE8F08F9945A5D3A6E7CDF80880017874
:10CFF00093F80D8009094FEA810991455BD0AE692C
:10D000005868F9F74DFB736A9842706862D0029BCA
:10D01000B1685A6902448A427FD83A68316842F05E
:10D0200002023A60002900F06A814FF00009039182
:10D03000DB685868F9F734FB029B00F10108DB68F4
:10D040005868F9F72DFB039B00F1005BDB6858681B
:10D05000F9F726FBD8456CD8804501D883456AD2BC
:10D06000DDF80C90D9F80430002B00F0FF8003931A
:10D07000029BDDE7266AB14524D06A6C12B3197BA6
:10D0800003F10C00D8F814200909B2EB810F7FF4EA
:10D090005EAF1AF0030F7FF45AAF616C01F1010E1D
:10D0A000BEF1030F00F04381C4F844E04FE7626B28
:10D0B000324462631BE718F0210FA0D13B684FF0A8
:10D0C000010953E703F10C00D8F814203FE7A26CE4
:10D0D000226572E700289AD118F0010F40F0148100
:10D0E000494602A8FDF7DAF8029B002B00F00981FF
:10D0F000726A19465B694FF00009E86B134473626A
:10D10000FDF780F9029B6A6B59693B680A44E86342
:10D1100043F004036A633B6028E7DB685868F9F76B
:10D12000BFFA736A9842029B3FF477AF4FF0010950
:10D1300010E0804592D8B9F1000F00F09480029B76
:10D14000C9F80430039A5A6071684FF000095A69AF
:10D150000A447260DB685868F9F7A2FAD6F824B07E
:10D1600058453ED03B6801E7FFFFFE0F834565D879
:10D170004868F9F795FA32680190D2685068F9F773
:10D180008FFA32687168D2F814E0D368CEEB010CE4
:10D19000516893F80C8003924FEA181886E8021041
:10D1A0000021AEEB880851608044597BC9077CD4CC
:10D1B000D268042303A8117B090913FB01B1019B69
:10D1C000C91AFDF76BF8039A42B16B6B11465269AD
:10D1D000E86B13446B63FDF715F9E863C346C6F8C3
:10D1E00024803268002ABDD0D2685068F9F758FA16
:10D1F00032688046D2685068F9F752FA00F1005060
:10D2000080452DD8D845ADD85845ABD332680BF101
:10D210000058D2685068F9F743FAD6F800E0C345E1
:10D22000DEF80C10DEF8142091F80CC04FEA1C1C3C
:10D23000A2EB8C02104499D8834501D8804597D23F
:10D24000DEF80430704672685969CDF80CE0521A65
:10D2500033607260FCF78EFF3268002AC4D181E728
:10D26000D845D1D8D2E7029B33606BE7029BC9F85F
:10D27000043069E7A26D4AB3E06FA0EBD20002442C
:10D28000002A39DDD108A26580EAE072E36DA2EBE5
:10D29000E072A2EB93021A44002A1DDC0122E2652F
:10D2A0001BE00B46626B216321E6986808F10108D8
:10D2B000F9F7F6F9A969024605F10C00FFF75EF8E7
:10D2C0003968039A41F00801396071E7E26F013271
:10D2D000D3005200D908A365E265D8F80C300A449F
:10D2E00000264FF0FF31A26403F10C00D8F814209F
:10D2F00084F86060E1672AE60021A365C4E7336033
:10D3000022E799463B6831E6029BDB689868F9F7AB
:10D31000C7F9A969024605F10C00FFF72FF8726AF8
:10D320003B68013243F0080372623B60D8E6236B2E
:10D330000231A26A61649342A18F8CBF53085B08DB
:10D340004A00A3639A4201D91346A2632363284685
:10D35000C4F82090FFF760FA3B684FF0FF3E0221CF
:10D3600043F00102D8F80C30266203F10C003A6059
:10D37000C4F87CE084F86010D8F81420E7E500BF1A
:10D380002DE9F0471446564A0646944200F2998029
:10D39000027B032A62D114B92046BDE8F087994682
:10D3A00088468769FCF704FCB56CD6F844A0FDF705
:10D3B000A1F840F6C90398425FD9CAEB0502824240
:10D3C00056D8944233D819F0040F35D096F88C30E3
:10D3D00093BB012386F88C30D7F8843094424046C2
:10D3E00028BF144643F0800301222146C7F8843049
:10D3F000FCF75CFD0546002866D04FF0010806F1F9
:10D40000440929464846FEF765FB002852D1BB6A0D
:10D41000E3BB7B6F013349D0B8F1000F02D000238A
:10D4200086F88C30FCF7CCFB2046BDE8F08722B3B1
:10D4300019F0040F4AD11446D7F88430944240467C
:10D4400028BF144643F0800301222146C7F88430E8
:10D45000FCF72CFD054630BB0446E3E76FF01301F3
:10D460004FF0FF343046FDF7A5FD2046BDE8F087BC
:10D470008442024628BF0446A5E7FCF7A1FB00242E
:10D480008AE701213046FFF719FC28B1337B032BD3
:10D49000F7D04846FEF704FAD7F8843023F080032B
:10D4A000C7F88430B8E74FF00008A8E7BB6C3B65CD
:10D4B0007B67B1E728460024FCF73EFDFCF780FBC4
:10D4C0006AE76FF00501CBE70446A8E796F88C30D1
:10D4D000002BB0D10123144686F88C307CE700BFC6
:10D4E0000000FF0FF0B5054685B008460C46FEF774
:10D4F000D1FB00284DD001462046FEF7A9FB0028AD
:10D500003AD12046FEF794FB002835D12846224F19
:10D51000AE69FEF7E7FD02A90DF107022846FEF706
:10D52000B5FD3A6805F15403511C3262316194E84B
:10D53000070083E80700FCF73BFB02AA9DF80730D1
:10D5400002212846FFF766FA0446F8B901220223B1
:10D5500086F880202B73FEF77FFD3B68B16C1E229E
:10D5600003F57A43316753FA80F0F2663860FCF7CE
:10D5700027FB204605B0F0BD6FF00E04284621467B
:10D58000FDF718FD4FF0FF3005B0F0BDFCF718FBBC
:10D59000F4E76FF00F04F1E7A0E800202DE9F04F69
:10D5A0008BB0DC6807460E460AAD1498904645F8E5
:10D5B0001C3D247BFCF7DEFD28462409A4002146FF
:10D5C000FCF7FAFD013008D0039883699B060BD560
:10D5D00039463046FEF73CFBD0B103990846FCF7CC
:10D5E000C9FD0BB0BDE8F08F828A4FF4C061FAF735
:10D5F000CDFFB8F8003008F1080206F10801012B50
:10D6000014BF10230423FAF7D9FF0028E5D1DFE780
:10D610003046FEF70DFB03990028DFD14B699C4291
:10D62000DCD8CB68404639461A8872805B88A8F8F7
:10D630000230FEF70DFB18B94046FEF7F9FA50B17B
:10D64000039943460096002001F114020C31FFF7C4
:10D6500093F90399C2E741463046FEF71FFE05469F
:10D66000002800F00181037B042B00F0F380039B72
:10D670000022AC69D9685A60486807920693F9F7A6
:10D680000FF8069B0746DB68986893F80CB0F9F72B
:10D6900007F88146069894F88020C368012A5B7BCE
:10D6A00003F03F0A62D0032A60D0022A72D0616A76
:10D6B00007F1010E07F100524FEA1B1B96454FEA96
:10D6C0008B0B00F2B9808E4528D88A4226D3426956
:10D6D00001F1005E481CCBEB020270453A4400F2B7
:10D6E000BF80904227D8964525D3CF1B06A8594620
:10D6F00002933A46FCF7D6FD029B9A0600F1C280DF
:10D70000069B676ADA6838460292F8F7C9FF079BFA
:10D71000029A43F002035060616A0793A3691944B7
:10D72000481C01F10052904209D8B84200F28880AA
:10D73000BA42C0F085802846FFF702FA4DE7B842AA
:10D74000F9D9BA42F7D2069B5B69CBEB03033B44A2
:10D75000984201D99A427AD3C91A06A8FCF79EFDCD
:10D76000079B94F8802043F0020307930AF0140308
:10D77000142B36D01AF0040F1AD0012A3FF42DAF23
:10D78000032A3FF42AAFEE23284685F88530FEF7BA
:10D790006BFE22E794F88110012988D113F0020F63
:10D7A000616A85D001F1FF3E774581D15B07EAD4FC
:10D7B0000AF0020303F0FF0BABB3022A72D0032A74
:10D7C00016D0012A14D0069905F16C004346009644
:10D7D00001F114020C31FFF7CFF82846FEF744FEA2
:10D7E000FBE6012AC6D1236A99457FF4F6AECAE763
:10D7F0000AF0100303F0FF0A002B00F08280002AD9
:10D8000000F0A580022A40F29180032A40F09F8018
:10D8100006994346009605F16C0001F114020C31A3
:10D82000FFF7AAF8D9E6012A01D0032AE0D11AF0BD
:10D83000100F3FF4D2AEEBE78E453FF646AF46E71A
:10D84000069B5B69CBEB03033B44984282D994F877
:10D8500080208BE70C2231465430FEF7EFFA06E7C2
:10D8600090423FF640AF40E70399CB685B7B5C0793
:10D870003FF5B4AE01F11402009643460C31FFF7B8
:10D880007BF8AAE6069A0293D268508AF8F704FF5A
:10D890008742029B4ED9069A03F01F0AD36883F889
:10D8A0000DA02DE794F88130012B8CD1636A013BE8
:10D8B0009F4288D10AF0100303F0FF0A002B3FF4C7
:10D8C0003AAF236A9945A3D1069BDB68D889F8F75C
:10D8D000E3FEA062A36AE26A9A4238BFE36294F868
:10D8E0008030013B092B00F2C181DFE813F06A01AF
:10D8F000BC00AD009E007B009E009E006E00660096
:10D900004700022A3FF417AF032A02D0012A7FF40E
:10D9100064AEBBF1000FD7D1069BDB68D889F8F75E
:10D92000BBFE94F83E309840A062D3E7236A994545
:10D93000EFD06DE7069BDB68588A0293F8F7ACFEE0
:10D94000C01B80B2F8F7A8FE029B5882D8E6E268B6
:10D9500023699A420FD8914501D39945D9D95A1CC8
:10D9600003F100539A4225D89145FFF436AE99450C
:10D970003FF633AEDFE69145EFD3CAE7069943465B
:10D98000009605F16C0001F114020C31FEF7F4FF72
:10D9900095F84030002B3FF420AE6B6B002B3FF42A
:10D9A0001CAE012605F13400FDF77AFF012E7FF44D
:10D9B00018AE12E69145DAD3BDE6236A99457FF4A5
:10D9C0000CAE2846FEF750FD07E6236A9945DFD1E5
:10D9D0004FF0FF330A21302284F88010E26623677B
:10D9E000A366D5E707AA06992846FFF741FA226AF7
:10D9F000E36806469A421FD095F84030002BD5D0F8
:10DA00006B6B002BD2D0CDE72C6B2946226A04F138
:10DA10001C00A36A013A01332262A362FDF7E6FA11
:10DA2000294604F12400FDF7D1FA07AA06992846F1
:10DA3000FFF71EFA0646DFE794F88030052BDBD1AE
:10DA4000062384F88030D7E7296AAB6AEA6A0B4478
:10DA5000934222D30C2105F15400FEF779FA0023FA
:10DA6000A362E36294E7032194F881204FF0FF332F
:10DA700004208A4284F880002973C4F80C90E3667D
:10DA80002367C1D0BBF1000FCFD095F88D30012BAB
:10DA90007FF47EAF6B6FA3667AE72846FDF7A6FB9F
:10DAA00082460C2105F15400FEF752FABAF1000F3C
:10DAB00000F082800C2241460AF16000FEF7BEF9B8
:10DAC0008820FCF701FD8146002850D0CAF81800D4
:10DAD0005046FEF707FB2B6AA26A0020E16A013379
:10DAE000C9F828200137C9F82C105146A062E0621D
:10DAF00005F11C00614C2B62CAF83050FDF766FA44
:10DB000022680223C9F82470511CC9F8202003227E
:10DB1000DAF81800C9F810108AF80C30069989F85C
:10DB2000803089F88120FEF757FCDAF81830D3F8F6
:10DB3000842012F0200207D199689A77B1F5405FEE
:10DB400002D94FF440529A60998FB9F83C2019637A
:10DB5000AAB9069905F16C004346009601F114023A
:10DB60000C31FEF709FF5046FEF77EFC10E75046E9
:10DB7000FCF79AFCC4F82890C4F82C9008E70DF143
:10DB80001702504608A9FEF781FA08AA9DF8173037
:10DB900012215046FEF73EFFFEF75EFA23681E2173
:10DBA000D9F8482003F57A43C9F86C1053FA80F08D
:10DBB000C9F870202060EBE6C4F828A0C4F82CA0B7
:10DBC000E6E601376762BAF1000F2BD0C4F80C907B
:10DBD0000699A869FEF700FCAB69D3F8842012F01F
:10DBE000200207D199689A77B1F5405F02D94FF4C6
:10DBF00040529A60998FA28F1963002A3FF4E3ADD7
:10DC00004FF0FF3328462367E366FEF799FF95F848
:10DC10008D3004210322012B84F880102A737FF4B5
:10DC2000B7AE37E7A36C06992367A869FEF7D4FB64
:10DC3000AB69D3F88420970608D49A6883F81EA0AD
:10DC4000B2F5405F02D94FF440529A60998FA28F8B
:10DC50001963002A3FF4B7AD02220123284684F855
:10DC6000802084F88130FEF76BFF91E695F8403014
:10DC70000126002B7FF4C4AEAFE400BFA0E8002073
:10DC8000037B8BB3826992F880300A2B2CD0012B56
:10DC90002AD0022B30B58FB027D0D16804230022C0
:10DCA000079108928DF8243000F16C0304460EAD04
:10DCB00000F160010C2201A845F8383DFEF7BEF8DE
:10DCC00004F154010C2204A8FEF7B8F800232846FA
:10DCD000ADF82630ADF828300B938DF830300D9329
:10DCE000FEF7CCFC0FB030BD7047516A1423002200
:10DCF000089107928DF82430D6E700BF037B042BF0
:10DD000010B504460BD0FFF7BBFF2046BDE810401E
:10DD1000FEF7AABBFFF7B4FFE069FEF7A5FBE069D9
:10DD20000028F7D1606A0028EFD0FFF7A9FF606AEA
:10DD3000FEF79AFB606A0028F7D12046BDE8104044
:10DD4000FEF792BB037B042B70B504460D460ED044
:10DD50008669FEF7C7F9002303210422E562E36523
:10DD60000020A4F8563086F88010227370BDFBF7AF
:10DD70001FFF03E03BB1E069FFF7C0FF236AA26A1F
:10DD800099188D42F6D3954205D2606AFFF7B6FF27
:10DD9000A36A9D42F9D3E562FBF712FF002070BD34
:10DDA000F8B5FBF705FF154B1C68B4B10027A56952
:10DDB0002668D5F88430DB0713D4237B042B14D0DA
:10DDC000286828B14468FCF7D5F92046002CF9D121
:10DDD0006F602F603446002EE9D1BDE8F840FBF7B4
:10DDE000EFBE2046FEF740FBF4E7E0690028F1D0E3
:10DDF000FFF784FFE0690028FAD1EBE724650020F3
:10DE000038B5037B8569002B40D090F88E300446EE
:10DE1000012B28D0FBF7CCFE237B032B29D194F8D0
:10DE20005030002B4AD0FBF7CBFEFBF7C1FED5F8F4
:10DE30008430227B43F00103C5F88430002A39D0B6
:10DE400095F880300A2B08D094F88E30012B27D01B
:10DE50003023EB66012384F84030636BABBBFBF7E8
:10DE6000AFFE002038BDD0F88830002BD2D1FBF7B0
:10DE70009FFED5F88430204643F00103C5F8843076
:10DE8000FFF73CFFFBF79CFE002038BDD5F884303F
:10DE900043F00103C5F88430FEF7E6FA002038BDF0
:10DEA000D4F88830002BD3D00A4AA2FB03235B09A5
:10DEB000EB66CFE72046FEF7D7FAD0E701212046F0
:10DEC00084F85010FEF7FAFEADE704F13400FDF7D8
:10DED000E7FCC4E7D34D6210037BF3B12DE9F043B7
:10DEE000856991B004466B6E5E1C02D0013B30D058
:10DEF0006B66EB6E581C12D0013B0FD1D5F8843005
:10DF00004FF0FF32D907EA6633D595F880300A2BF7
:10DF100029D02046FFF7F2FE18E07047EB662B6F22
:10DF20005A1C02D0013B2FD02B67A96E4F1C02D088
:10DF30004E1E72D0AE66696F481C02D001394FD0B8
:10DF40006967EB6F5A1C01D00133EB6711B0BDE874
:10DF5000F08390F985304FF0FF3218336A6602D0B3
:10DF6000EF2380F885302046FEF77EFA11B0BDE839
:10DF7000F08394F9853013F1180FF4D00933F2D0FF
:10DF8000E92384F88530EEE795F880304FF0FF32D2
:10DF9000012B2A6700F0A880022B40F0B6802B6A84
:10DFA0000DF10702204602A9013B2B62FEF76EF835
:10DFB00002AA9DF8073012212046FEF72BFDEA68E1
:10DFC000696DAB6C9142E86C00F0CE80EB646A65E1
:10DFD000782BA9D05B00782B88BF7823EB64A3E76C
:10DFE000A6694FF0FF32B36A6A67002B6CD12046F6
:10DFF0000121FEF711FC326A336D013A782B32624F
:10E0000004D05B00782B88BF78233365726E73670A
:10E01000013296D13023736693E74FF0FF33A7693F
:10E0200031460120AB66FBF7F5FE8046002882D022
:10E03000A169636B8A68D31A00F19C808869984251
:10E0400009D28E8B191AB14205D2B1EB520F02D20E
:10E05000002818BF0346B97F0C2204F16C060DF1AD
:10E060004009CB400DEB020004F1600149F8386D26
:10E070009EB2FDF7E3FE0C2204F1540106A8FDF761
:10E08000DDFEFB687A6A4FF0100E591E00234846E9
:10E09000ADF82E600A92ADF830300D938DF838301F
:10E0A0000991CDF83C808DF82CE0FEF7E7FA7A6E06
:10E0B000A36F561CBB6659D0E16F01FB03F39A4274
:10E0C0007FF639AF7B6636E7D6F88430204643F0DA
:10E0D0001003C6F88430FEF7F1FDD6F8843023F043
:10E0E0001003C6F884302CE72B6A0DF10702204696
:10E0F00002A9013B2B62FDF7C9FF02AA9DF8073078
:10E1000002212046FEF786FC59E7D5F884306A6E76
:10E1100023F004030132C5F884302DD02A6B43F07C
:10E120001003A96AE8688A42C5F88430286288BF6B
:10E130004A08A98F98BF520848002963AA630021A2
:10E1400090424FF0020288BFA8634FF0FF3085F87D
:10E150006020E8672046FEF7B1FDD5F8843023F053
:10E160001003C5F884302AE7034631E7E26F02FB6B
:10E1700003F3A7E733466EE730226A66CEE700BFB7
:10E1800038B5FBF715FD134B1D68B5B1E86928B12B
:10E190000468FFF7A1FE2046002CF9D1686A28B177
:10E1A0000468FFF799FE2046002CF9D12C68284618
:10E1B000FFF792FE0CB12546E8E7FDF74DFF064A52
:10E1C000136803F57A4353FA80F0BDE838401060D5
:10E1D000FBF7F6BC24650020A0E8002038B5104C01
:10E1E000FBF7E6FC206858B18269D2F8843043F02E
:10E1F0000103C2F88430FFF781FD20680028F3D1C5
:10E20000084D094C286800F085F8206800F082F875
:10E2100000232B602360BDE83840FBF7D1BC00BF72
:10E22000246500208CF0002090F00020054B1B6836
:10E230002BB11868B0FA80F04009404270474FF0A7
:10E24000FF307047A4E8002038B5054D286830B18C
:10E250000468FCF729F92C602046002CF8D138BD61
:10E26000A8E80020014B1B681B681847A4E80020A1
:10E2700070B5FBF79DFC104B1C68C4B10F4D2E46CA
:10E2800001E024689CB12B681B6898476368A2680A
:10E29000C01A9042F5D333681B689847E368606002
:10E2A000002BEED0206998472468002CEBD1BDE804
:10E2B0007040FBF785BC00BFA8E80020A4E8002060
:10E2C00008B5FDF79FFDFFF7D3FFBDE80840FDF758
:10E2D000A7BD00BFF8B5B0B1A9B1054614201746D7
:10E2E0000E46FCF7F1F8044658B1084B084A196885
:10E2F00012680160126818609047A5606060E6606F
:10E3000027612046F8BD00242046F8BDA8E800207B
:10E31000A4E8002080B1094B1A68904201D107E0BF
:10E320001A4613689842FBD103681360FCF7BCB827
:10E3300002681A60FCF7B8B8704700BFA8E8002070
:10E3400010B403464024012000214FF4006283F8FA
:10E350006C4083F86E00084683F86D109A649A63E7
:10E360005DF8044B704700BF38B50C460546FBF717
:10E370001FFCE20708D4A30702D5012385F850301B
:10E38000FBF71EFC002038BD012305F1340085F8A1
:10E390004030FDF785FAEEE72DE9F04F044687B0EF
:10E3A000174698460D46109EFBF702FCA36CBB4235
:10E3B000C0F0AE80002E00F08E8028460022394644
:10E3C000FBF774FD8146002800F0A580B4F86230A8
:10E3D000002B77D018F0040841D1C346706800B90B
:10E3E000606EFCF73BFB012182460820FBF712FD23
:10E3F000002800F09380C5684946B4F8622073880D
:10E400002A806B80FBF7FEFF8146808AF8F744F98B
:10E4100032880023A880012AAB71EB7106D1BAF1D2
:10E42000000F6ED0DAF820309B0757D4B9F81420CB
:10E430004FF488514846FAF7A9F825F8060F3388B3
:10E44000012B12D0B8F1000F57D194F98530002B71
:10E4500055D1FBF7B5FB384607B0BDE8F08F012377
:10E4600094F88CB084F88C30B8E7B268002694F841
:10E470006D3002F0F00094F88CE0A16EE0280CBF43
:10E4800094F86E0094F86C000093112301905046AC
:10E490000595CDF80890CDF810E00396FBF710F93C
:10E4A000B8F1000F01D084F88CB00028CDD001461F
:10E4B0002046FCF77FFDFBF783FB4FF0FF3007B0F2
:10E4C000BDE8F08F636904F160011868FCF760FE35
:10E4D000A4F862007EE704F154066EE7D9F8141040
:10E4E0005046FAF797FD0028A0D1D9F81830054614
:10E4F00043F02003C9F81830A1E70020D3E700203B
:10E50000D5E7B068FAF764FD824600288AD18DE726
:10E510006FF00700CBE76FF00200C8E74846FBF753
:10E5200029FEB8F1000FF6D06FF00200BBE700BF84
:10E530002DE9F0410F4686B00C21054690461C4659
:10E540000DEB01000C9EFDF703FD95F98510C9B98F
:10E5500084F002044246394603ABC4F3400405F19B
:10E5600034000094FDF728FB04461EB1314603A891
:10E57000FDF78AFB631C03D0204606B0BDE8F0819E
:10E580006FF007012846FCF715FD4FF0FF30F4E768
:10E5900038B504460D46FBF70BFB0C22294604F167
:10E5A0005400FDF74BFC032304F134002373FDF703
:10E5B00077F9FBF705FB002038BD00BF10B5044616
:10E5C000FBF7F6FA03482146FDF77EF9FBF7F8FA68
:10E5D000002010BD4865002010B5054C216829B108
:10E5E0000348FDF771F921680029F9D110BD00BF7A
:10E5F000486500202DE9F04383B00193002B60D0E3
:10E60000064600285DD00F4601A808211546FBF7F5
:10E61000D3FD013055D0019BDC68A088F8F73CF8A9
:10E62000019B8046596988424BD8C0F09480E388AA
:10E6300023B1019883699B0640F1AC80A27801A8C0
:10E6400094F803E008212378647842EA0E2243EA32
:10E6500004236A807B80FBF721FE31462846FDF7C4
:10E66000F7FA00287CD05B4B1C6854B34FF00008CD
:10E6700001E02468FCB1B4F862206B889A42F8D1BA
:10E680002846FDF7D5FA002846D02B88012BF0D17B
:10E69000D4F890100029ECD04A68AB689A42E8D1CF
:10E6A0000B689E42E5D1B8F1000F02D098F84030D7
:10E6B000E3B1A046DDE7B8F1000F02D098F8403092
:10E6C00043B10A98FBF756FD0198FBF753FD03B0E1
:10E6D000BDE8F0833A4608F134000199FDF718FAD5
:10E6E0000130EED00A98FBF745FDF0E719464FF0F0
:10E6F000FF320198FBF794FC81460028D9D008F13D
:10E7000034003A464946FDF703FA0130D1D1484674
:10E71000A046FBF72FFDACE704F160094846FDF782
:10E72000A1FA28B948462946FDF7A8FA0028A0D042
:10E7300004F154094846FDF795FA0028B3D148463C
:10E740003946FDF79BFA002893D0B4F856207B8811
:10E750009A428ED1A7E7411A01A8FBF79FFD66E711
:10E760002846FDF765FA00287FF47DAF194811238C
:10E770003A4629460068FCF78FFCF0B190F840302B
:10E78000002B9ED13A4634300199FDF7C1F9013092
:10E7900097D0A7E742464FF48851F9F7F7FE2B8848
:10E7A00005F1080207F10801012B0CBF0423102317
:10E7B000F9F704FF002884D140E70198FBF7DAFC61
:10E7C0002B88012B83D1032230460A9B1146FAF78E
:10E7D00031FA7CE748650020002A18BF002B41D0A1
:10E7E00000293FD001382DE9F041082806D8DFE89C
:10E7F00000F007303333303005053600BDE8F081D6
:10E800006FF0070718480468002CF7D015468846B3
:10E81000DE6802E02468002CF0D0294604F15400A0
:10E82000FDF72CFA0028F5D0B4F8562073889A42E8
:10E83000F0D1B4F8622033889A42EBD1414604F11A
:10E840006000FDF71BFA0028E4D084F88570BDE86D
:10E85000F0816FF01707D5E76FF01107D2E76FF07F
:10E860000807CFE7704700BF4865002090F8A23046
:10E8700090F8A3209A4202D90344987E70474FF043
:10E88000FF307047704700BFB0F8303193B190F857
:10E890002F31882B0BD8C21810B45C1C012380F8D0
:10E8A0002F41184682F8A5105DF8044B70470122ED
:10E8B000002302711846704738B50546B0F830019C
:10E8C00090B195F82F311446C3F1890294420CD8C7
:10E8D00005F1A5002246184401F07CFD95F82F3182
:10E8E00020461C4485F82F4138BD144601222A7168
:10E8F000EEE700BF704700BF2DE9F04F8346404868
:10E9000083B01525DBF814A09BF818609BF819302C
:10E910000AEB06163B490AEB0313DFF8ECE0367A04
:10E920000C4693F828303601DFF8E0901B01871978
:10E9300050F8068000EB030CC658F8687B68DCF8DA
:10E940000C7000931D60C8F88400D8F80430DCF81F
:10E95000042003430192C8F804301560C6F884709F
:10E9600073683B4373600968DEF80030A9FB03322B
:10E97000920C02EB8202520023685B1A9A42FBD887
:10E98000204A0925DFF884C09146D8F8083018429B
:10E9900002D0B3681F4231D1C6F888701468DEF81F
:10E9A0000010ACFB0131890C01EB810113681B1BCA
:10E9B0009942FBD8C6F88470D9F80040DEF8001000
:10E9C000ACFB0131890C01EB810113681B1B9942DF
:10E9D000FBD8013DD9D128469BF81830009A0AEBA4
:10E9E0000313DB6813609BF81930019A0AEB031AD2
:10E9F000DAF82C30136003B0BDE8F08F0120EBE7AC
:10EA0000580A0020041000E0EC55002083DE1B4370
:10EA10000D49026910B50C6805E0DB0107D40B68ED
:10EA20001B1B102B08D8536913F0007FF5D14FF44E
:10EA3000FE430120536110BD0446FFF75DFF00282F
:10EA4000F9D02269F3E700BF2CF500202DE9F0474B
:10EA500090F82FA1BAF1000F02D10420BDE8F08791
:10EA600005460E46FFF7D4FF0028F6D02E4F0024AF
:10EA70004FF40079D7F80080544529691AD8CB6D36
:10EA800003F00703032B09D914E095F8A5200133FF
:10EA9000012442F48062042B0A660BD02A19002C50
:10EAA000F3D0A24527D9013392F8A5200134042BD5
:10EAB0000A66F3D14B69180522D45A0527D4980465
:10EAC00004D43A68C8EB0202322A09D90B694FF420
:10EAD0000072042043F440730B610A66BDE8F087BE
:10EAE000544505D9CA6D520702D19B0519D4C6B148
:10EAF00003F08CFBC0E70EB1C1F860900134D9E798
:10EB00000B69042043F440730B61BDE8F0870B6987
:10EB10004FF40072022043F440730B610A66BDE8B3
:10EB2000F0870020BDE8F0872CF500202DE9F84F94
:10EB30000C46154698468146FFF76AFF10B9042037
:10EB4000BDE8F88F00226300002D40F2014A144610
:10EB5000DBB23D4E08BF0125022C43EA0A0AD6F873
:10EB600000B089F8A22089F8A32048D9D9F810303C
:10EB700099F8A320872A12D8D96DC1F3024111B99F
:10EB80000DE0882A0BD002F1010E09EB02000139D9
:10EB90005FFA8EF289F8A3201F6F8776F1D15A6948
:10EBA00010054CD412F4105F04D13168CBEB010195
:10EBB000322912D91A694FF4007142F440721A6175
:10EBC0001966DA6D12F4E02F03D01A6942F400726C
:10EBD0001A6199F8A300BDE8F88F99F8A310A9422B
:10EBE00009D3022C07D9D96D490704D19205E8D47D
:10EBF000B8F1000FE5D003F009FB022CB6D8D9F824
:10EC00001020D36D03F00703032B0DD8691E4FF4BA
:10EC1000007041F480714CB9C2F860A0013B01342E
:10EC2000032B01D8022CF6D91346A1E7012C04D0FE
:10EC3000B8F1000FF2D01066F0E71166EEE71A693E
:10EC400042F440721A61BCE72CF50020036970B5EC
:10EC5000D3F81451044615F4706201D0C3F814219E
:10EC6000AE070BD5D3F87011080442D5002201205D
:10EC700084F8A220224484F8A3009176EA0710D5F4
:10EC800094F8306116B394F82E6194F82F21B242B3
:10EC90002BD9721C264484F82E2196F8A520C3F89F
:10ECA0006021AB0511D594F8A30018B1D4F83C311C
:10ECB00003B19847002384F8A23084F8A33084F885
:10ECC0002E3184F82F3184F8303170BDD4F83821DA
:10ECD0000AB1904723690122002184F8302194F879
:10ECE0002F2184F82E11B242D3D80022C3F860211C
:10ECF000D7E794F8A320872AC0D8501CC0B2B9E740
:10ED00000148FFF7A3BF00BFAC5700200148FFF741
:10ED10009DBF00BFEC5800200148FFF797BF00BF20
:10ED20002C5A0020036900221348814210B41A6152
:10ED300018D91248814212D9114C124812499C64C8
:10ED40005A629862D9629C6C00204FF00111012236
:10ED50001C6518625DF8044B99651A6170470B4C8D
:10ED60000B48EBE70B4C01200B494FF430329C640D
:10ED700058629962DA62E6E77F1A06003F420F00A6
:10ED80000A09070460090101007F05001C1A120C22
:10ED9000100E02023B372819B80B050570B5EFF3CA
:10EDA000108172B60C4C23688BB10C4E00255A6949
:10EDB00022607AB1956101B962B65D7718469B68A9
:10EDC0009847EFF3108172B62368002BEFD101B999
:10EDD00062B670BD3260EEE728E8002024E800202B
:10EDE000FFF7DCBF044A054B1168054A1960136838
:10EDF00001331360704700BF041000E028F50020C5
:10EE00002CF50020B0F84630B0F848209BB292B202
:10EE1000934202D2501EC01A7047406B0138104412
:10EE2000C01A704772B6B0F84A30B0F84C2099B2A8
:10EE300093B2994201D2826B11440269CB1AD06A13
:10EE4000C0F30260184462B6704700BFB0F84A20B1
:10EE5000B0F84C3092B29BB29A4270B428D00133D1
:10EE6000846BA34217D2016B9EB28B4218D2016A07
:10EE7000C95CC9B2856DA0F84C60B5B19A4238BF83
:10EE80001219D31AC26B93420FD8C36D0846C5F846
:10EE9000883070BC70470026016B33468B42E6D346
:10EEA000591A456A695CC9B2E4E7084670BC704704
:10EEB00072B6B0F84A1089B28A4202D062B60A46E7
:10EEC000CDE70369DA6A12F0E06F04D0D869C0F3C5
:10EED000090062B6DDE74FF0FF30FAE790F8443002
:10EEE00043B110B5044603F091F994F84430002B77
:10EEF000F9D110BD704700BFB0F84A20B0F84C30CF
:10EF000092B29BB29A4210D00133816B026B8B425A
:10EF100028BF0023934204D39B1A426AD05CC0B23C
:10EF20007047026AD05CC0B2704772B6B0F84A103F
:10EF300089B28A4201D062B6E6E70369DA6A12F062
:10EF4000E06F11D0DB690021026AC3F3090310B43A
:10EF50000124A0F84A40A0F84C10D9B2517062B612
:10EF600018465DF8044B70474FF0FF3362B6184601
:10EF7000704700BFEFF31380B8B9EFF310834BB9BC
:10EF8000EFF305823AB94FF48073EFF3118050B17B
:10EF9000984208D270470F2AF7D9054BD35CEFF39C
:10EFA00011800028F4D1184670474FF0FF30F1E788
:10EFB000F0E300E007EE901A9FEDA47A0421B6EE8C
:10EFC000005AF8EE677A9FEDA26A2DE9F043C7EE8A
:10EFD000275A0E46012541F6FF741DE0A342A8BF43
:10EFE000234607EE903AF8EEE76A76EEC76AC6EE79
:10EFF000877AF5EEC07AF1EE10FA48BFF1EE677A43
:10F00000F4EEC67AF1EE10FA03D8B0EE676A0E4657
:10F010001D460131212911D007EE901AF8EEE77A4A
:10F0200085EEA77A77EE057AFDEEE77A17EE903A4D
:10F03000002BD3DCF7EE006A0123D6E700214369F9
:10F0400002F40074D0F83890B3F85C70B3F85E80C6
:10F050008C42A0F84A10C7EB0907A0F84C1008BF73
:10F060008C46A0F8461018BF4FF0010CA0F84810CD
:10F0700080F84410D3F810E05969DEF80040C76307
:10F0800044EA0104C8EB09010164CEF8004080F8AD
:10F090001AC040F0CE80047E6E4903EB04146E4F1C
:10F0A000247E01EB0414A4682760047E03EB04149F
:10F0B000277ED4F81CE001EB07146468C4F800E074
:10F0C000047E03EB0414276A0FB1646A3C60447E3B
:10F0D000D92703EB041494F8384001EB0414A46816
:10F0E0002760447E03EB041494F83870E46B01EB62
:10F0F000071149680C60417E03EB01110C6C0CB1E7
:10F10000496C2160711E5C785F68082E4FEA0161CE
:10F110004FF00006D8BF4FF4003E04F1100401F098
:10F12000F853C8BFB64601691D434C4B4EEA05056E
:10F130000D61CE6043F824704369012448495D782D
:10F1400093F85A30474E6B54456901696B7803F068
:10F150001F075B11BC4046F823408B6A9B0803F0F5
:10F160001C030F2B60D85B1003F00303DCB28B6A27
:10F170009B0003F01C030F2B53D8DB0303F4403335
:10F18000234302F00304CB628B6A43F088038B6253
:10F1900053074BD444F4701302F00F04042C847E04
:10F1A00008BF43F08043970648BF43F080530CB13B
:10F1B00043F0A00316078B6103D50B6943F000539E
:10F1C0000B614B69D40623F0805348BF43F0805352
:10F1D0004B61D30503D50B6943F400530B61EB6816
:10F1E0001B78E3B9204E357865B3204C2368834201
:10F1F00026D0691E2346C9B204EB810103E053F80F
:10F20000042F90421AD08B42F9D16B1CDBB2184A02
:10F210003370137844F8250043F002031370BDE8FF
:10F22000F0834FF44033ABE70324A0E7114B2343B3
:10F23000B2E7447E4FF2D90706494AE7BDE8F083BA
:10F24000BDE8F0830123094CE1E700BF001BB74B89
:10F25000EC78AD60580A002038F00100006800200A
:10F2600000E400E000E100E066F5002030E8002066
:10F270001F66002010003C0010B4416299B1036B7E
:10F280001A44826344690021B4F85C30B4F85E40EB
:10F29000D31AA0F84A10121BA0F84C10C3630264E2
:10F2A0005DF8044B7047026B8263EBE78162C36ACF
:10F2B00039B11A4400234263A0F84630A0F8483020
:10F2C000704743630023A0F84630A0F848307047E9
:10F2D000F8B5036D04460E4613B1426DC3F88420A1
:10F2E000A37E33B172B62269936943F000539361F0
:10F2F00062B6B4F84650636BADB201359D4249D257
:10F30000AFB2B4F848309BB2AB4220D1FFF732FE27
:10F310006369B3F85A3098422DDC21694B691B02AE
:10F32000EFD5B4F84830626B9BB20133934227D2D9
:10F33000E26A98B2934228D2E269D35CDBB2CB6135
:10F34000A4F84800B4F848309BB2AB42DED0E36A80
:10F350009D4222D3ED1AF6B2A36A5E5572B6012021
:10F36000226984F84400A4F84670936943F40003CA
:10F37000936162B6F8BDFF28C3DD02F047FFC0E726
:10F380000020E26A03469342D6D39B1AA26AD35C5A
:10F39000DBB2D4E700273D46B3E7F6B2E3695E553A
:10F3A000DCE700BFFFF794BF0269536913F4401F05
:10F3B000F0B542D0D36AC3F30265002D3AD0B0F85D
:10F3C0004A70B0F84CE0BFB21FFA8EFE06E0026A47
:10F3D000D65402696B1E13F0FF051AD0D1697B1C4D
:10F3E000866BB0F84C40C1F30901B34228BF00233B
:10F3F000A4B2A342EED0026BCEB21F469342A3EB5F
:10F400000204E4D3436A1E556B1E026913F0FF0524
:10F41000E4D1BBB2816DA0F84A3059B1774573D2BF
:10F42000836BCEEB03031F44036C9F4202D3C36D77
:10F43000C1F884305369DC0255D4D2F818E01EF4C8
:10F44000000F02D0536919021CD41EF4800F48D05B
:10F4500053695B0246D50021036D80F8441013B157
:10F46000416DC3F88810837E3BB172B6026993691F
:10F4700023F00053936162B60269936923F4800319
:10F480009361F0BDB0F84650B0F84830ADB29BB2D1
:10F490009D422DD0466BC46A0AE0C169C95CC9B2FD
:10F4A000D161D16AC1F30221032912D8AB421FD026
:10F4B00001339E4298BF0023A342A3EB0401ECD387
:10F4C000876A795CC9B2D161D16AC1F3022103298B
:10F4D000ECD999B2AB42A0F848100CD01EF4800FC2
:10F4E000B6D1F0BDF0BD536943F480135361A4E776
:10F4F000ADB2A0F84850936923F400039361936977
:10F5000043F480039361A0E7CEEB07078CE700BFCD
:10F510000148FFF749BF00BF205600200148FFF710
:10F5200043BF00BF805600200148FFF73DBF00BF2A
:10F53000E05600200148FFF737BF00BF40570020CA
:10F5400070B504460D46C61D002308460A2214F86D
:10F55000041F00F001F92B682E2128461B689847EC
:10F5600014F8011F00230A22284600F0F5F8B442DF
:10F57000F1D1042070BD00BF10B5144C236813B145
:10F58000134AD168E9B9636813B1124AD168A1B9C5
:10F59000A36813B1104AD16859B9E3683BB10F4A67
:10F5A000D16829B10121BDE81040D160184710BDD4
:10F5B00010BD0121D1609847EFE70121D160984744
:10F5C000E6E70121D1609847DDE700BFE090002029
:10F5D00000410840104108402041084030410840A7
:10F5E0000368F0B55BB3002501249D60DC60214D0C
:10F5F00003241A601D449C601F4C03792D111F4F7A
:10F60000635523786078FF2BA278E47828BFFF2326
:10F610001B4E47F82510834228BF034619489342E2
:10F62000C0F8286228BF1346A34228BF2346164CC1
:10F630004FF08061154A012023701160F0BD144F16
:10F640004FF0010C134EFC6EDFF850E0334644F4EB
:10F650004054114DFC66CEF800C006609C68002C3A
:10F66000C5D01033AB420360F8D1002303601846C5
:10F67000F0BD00BF00BFF7BF0C5D0020E090002090
:10F680006DFD0000006800207AE400E00CE100E07D
:10F6900000C00F4000410840404108400040084081
:10F6A00002680AB3114B12491344F0B51B11FF2530
:10F6B0000024DFF844E0CD540E784D78FF2E94609E
:10F6C0004EF8234028BFFF268A78C978AE423346D9
:10F6D000084F28BF2B46934228BF13468B4228BFB2
:10F6E0000B463B700460F0BD704700BF00BFF7BF22
:10F6F0000C5D00207AE400E0E0900020F8B50E46B2
:10F7000071B17AB10746144600253B68384616F8B1
:10F71000011B1B689847013C0544F6D12846F8BDFB
:10F720000846F8BD1046F8BD10B5064C82B0036817
:10F730000222248801A95B68ADF80440984702B012
:10F7400010BD00BF98050020036810B514465B6823
:10F750009847204610BD00BFF0B506468BB0002A82
:10F7600033D0012A08BF0A2251B3212500E0FDB29F
:10F770006F1EB1FBF2F402FB1411C8B2092900F1AB
:10F78000370100F1300088BFC8B221460AAC98BFEB
:10F79000C0B22C4404F8240C0029E8D133B1013D57
:10F7A0000AAB2D22EDB22B4403F8242C336801A9B7
:10F7B000C5F12202304629445B6898470BB0F0BD82
:10F7C000302221258DF82520E8E70368C9B21B689F
:10F7D00098470BB0F0BD00BF002903DB00230A22CD
:10F7E000FFF7BABF49422D230A22FFF7B5BF00BF7A
:10F7F00038B5224C224A23685BB12249013B12688A
:10F800000968C2F88C105A1D08BF6FF0020323600C
:10F8100038BD1C4B1C4D196812682B68C2F8881043
:10F8200093B11A4AD2ED007AF5EEC07AF1EE10FAF1
:10F8300006D99FED177AF4EEC77AF1EE10FA0ADDD9
:10F84000002223602A6038BD1248FFF729FF124BBF
:10F85000FF221A7038BDF3EE086ABEEE007AA7EEFA
:10F86000A67AFCEEC77A17EE902A102AE8D90B493F
:10F870000848FFF7B5FE2B68E2E700BFE4E7002089
:10F88000F0E70020F4E70020E0E70020F8E70020A0
:10F89000ABAA2A4D6C5B002017660020E5FF000034
:10F8A000362853D8F8B5002A49D002FB01F23D4B67
:10F8B000A3FB02239B095B000133002943D007EE21
:10F8C000901ADFED396AF8EE677A86EEA77A374943
:10F8D00002018C18676872B6DFF8F0E09EF80050FD
:10F8E000854234D0362DDFF8E8C0314D04D82E687B
:10F8F000DCF80040C6F888408E18B5EEC07A8A5809
:10F9000005248EF80000F068F1EE10FA294EC2F8D6
:10F9100088005168CCF8000041EA000126482A60BE
:10F92000516033603C6080ED007A06D9DFED237AC8
:10F93000B4EEE77AF1EE10FA19DD62B6F8BD6FF0B9
:10F9400002030029BBD19FED187AC0E770471A4A1D
:10F95000D2ED007AF4EE477AF1EE10FA18D115499B
:10F960000A6802F00102013A13440B60E5E7F3EE86
:10F97000086AFEEE007AE7EE267AFCEEE77A17EEEA
:10F98000902A102AD9D90E490E48FFF729FED4E74C
:10F9900008480D4C016882ED007A01F001012360F6
:10F9A0000160CAE7D34D62100024F448580A0020D1
:10F9B000F0E70020E4E70020F8E70020ABAA2A4D9A
:10F9C000E5FF00006C5B0020E0E7002017660020E8
:10F9D000F4E70020362807D810B572B6094C237812
:10F9E000834202D062B610BD70470748FFF758FE49
:10F9F000064B074AFF211B6812682170C3F8882054
:10FA0000F0E700BF176600206C5B0020F0E70020E5
:10FA1000F4E70020024A0349034803F0D7BF00BFC0
:10FA2000B8550020016300006C5B0020F0B5194C54
:10FA300023680BB31849DD17DFF868E083FB016723
:10FA4000164E81FB0321DA191944C5EB2242C5EB9E
:10FA5000214144F2A7150EFB123206FB01F105FB12
:10FA60000213002B0FDA6FF000421A44B2FBF0F3DE
:10FA7000226000FB1320F0BD094AB2FBF0F32260C4
:10FA800000FB1320F0BD1A46B2FBF0F3226000FB2E
:10FA90001320F0BDE8E700205F0B4E83ECF4FFFF7E
:10FAA00042CE0C1F1DF30100884206DA10B5044651
:10FAB000081AFFF7BBFF204410BD70472A2817D84B
:10FAC000F8B51D4F05463B78A3B91C4B5B5DFF2B7A
:10FAD00021D01C0621D41A4C2360236AD80704D4F1
:10FAE00002F094FB236AD907FAD5154B586AF8BD82
:10FAF00000207047124C134E01E002F087FBA36C0C
:10FB00001B06FAD4B36C13F08003F6D13B700B4B99
:10FB10005B5DFF2BDDD10020F8BD03F07F03094CB6
:10FB20002360236ADA0704D402F070FB236ADB0740
:10FB3000FAD5044B586AF8BD6DF50020C40E0020BC
:10FB400000400C4000800C40964A974B90422DE9B3
:10FB5000F043964CD3F814E09969E6681CD9944BAD
:10FB6000984240F21581934B40F22765924F03442F
:10FB7000924C1A0AA7FB0232D30903EB830303EB6F
:10FB8000830202F2E243AB4228BF2B46A3F548733F
:10FB9000A4FB0335ED0804E0894DA84294BF062577
:10FBA0000E25814A06F01F07D2F88030AF4243F09D
:10FBB000C003C2F880300AD27C4B26F01F061A46DA
:10FBC0002E43DE601368002BFCDA06F01F071EF0E0
:10FBD000007331D17B4C7C4AD4F810C014460CEA37
:10FBE0000202A2420ABF4FF0C0534FF480520022DB
:10FBF0008EEA030414F0605F08D02EF0605E03F01C
:10FC00006053694C43EA0E0EC4F814E081EA020323
:10FC100013F4405F08D0644B21F4405111431A465D
:10FC20009961936C1C07FCD44EF0007E5E4AC2F8CA
:10FC300014E0936C9906FCD40121644C0A4601FB44
:10FC400002F300FB03F3A34209D8072A00F29580D0
:10FC5000013201FB02F300FB03F3A342F5D95C4838
:10FC60005C4C1844A4FB00031B0D6C2B00F28B8032
:10FC7000352B00F28F80DFF8888136235648DFF875
:10FC800044C1564CDCF80090B0FBF2F009EA0404E1
:10FC90004445B0FBF1F00BD043F400534FF48058CF
:10FCA0006446CCF80080CCF800302368002BFCDAE6
:10FCB000DFF8F4C0013ADCF8103003F00703934298
:10FCC00007D002F007026446CCF81020A36CDB03D7
:10FCD000FCD4013989028EEA010313F4E05F0CD0F1
:10FCE000314B2EF4E05E01F4E0511A4641EA0E0E6B
:10FCF000C3F814E0936C9907FCD4394B3949034499
:10FD0000DB09A1FB0331090B042928BF04214B1E89
:10FD10001B028EEA030212F4407F07D02EF4407ECD
:10FD200003F44073204A43EA0E0353611E4B5C699F
:10FD30001A4624F000745C61936C9B06FCD42A4B39
:10FD40004FF0FF32294CBD42A3FB00E320604FEA95
:10FD50009343274CB2FBF3F3B0FBF1F1254A21604A
:10FD6000136008D2114B26F01F061A462E43DE60A0
:10FD70001368002BFCDABDE8F08304293FF66FAF6F
:10FD8000013101225BE7DFF87C806C231A4876E7BB
:10FD9000122506E71948DFF8708000FB03F043EAFC
:10FDA00008086CE700A4781F00C00F40000008405E
:10FDB0000046C32300BA3CDC23B24C001F85EB5144
:10FDC00000366E0100800D4040300080FFB19F265C
:10FDD000808D5B00819F5E1600B29F267F30018080
:10FDE0007FD1F0089F10E50083DE1B43EC55002017
:10FDF000E85500206CF2002000643F4D001BB70066
:10FE0000362000806C20008000200080002857D021
:10FE100001222DE9F04F85B083462A4C2A4D2B4E06
:10FE2000DDE9028954E8003F2868336844E800218E
:10FE30000029F7D1264FCDE902893A68D31A254A1D
:10FE40004FF47A7E019712680127A3FB02234FF437
:10FE50007A72984600238B4208BF42452CBFC246A7
:10FE6000F2460EFB00AA54E8003F2A68316844E8D5
:10FE70000073002BF7D101980068411A15484FF420
:10FE80007A7E00680EFB02F2A1FB00014FF47A704B
:10FE9000CAEB020288460021994208BF40452CBFA8
:10FEA000434673461A44724507D3BBF1010B0AF56A
:10FEB0007A7AD8D105B0BDE8F08F02F0A7F9D2E781
:10FEC000704700BF0CF700202CF5002028F500201B
:10FED000041000E06CF2002000010F4B1A181B58B0
:10FEE00010B4D0685C68044205D059B1C3F88400EE
:10FEF0005DF8044B7047936849B9084A5DF8044BB4
:10FF00001A607047C3F888005DF8044B7047044AD4
:10FF10005DF8044B1A607047580A00203830010021
:10FF200038F001000001054B1A5819189268CB6887
:10FF30001A4214BF01200020704700BF580A002059
:10FF4000362801D8FFF7C8BF704700BF362801D850
:10FF5000FFF7E8BF0020704736281CD800011A4A76
:10FF6000012902EB0003105810B415D0042913D056
:10FF7000DC68426822EA040242609A68E9B1022918
:10FF80001ED003295B685DF8044B0CBF0F49104974
:10FF9000116015221A607047DA680129446842EA44
:10FFA000040242609A6808D040F6380111605B682C
:10FFB00015225DF8044B1A60704738211160F6E78E
:10FFC00004491160F3E700BF580A002038300100EF
:10FFD0003800010038F00100F0B4144B0021144C3B
:10FFE00001201A460F46C3F8F0421D46114E124C2E
:10FFF000C3F8F412C2F8B800C2F8A070C2F8A46046
:02000004600496
:10000000C2F8B00053690949DB07FBD56861237862
:10001000DB07EFD40B680A4643F001030B6013685B
:10002000DB07FCD462B6F0BC704700BF00802A40FA
:100030000504012401000F0000812A4070B40E4E17
:100040004FF6FF750D4CA4F58053002202E09C4250
:1000500082B204D933F8021B501CA942F7D104F52F
:10006000805426F8022FB4F1C14FECD1044B012289
:100070001A7070BC704700BF6EF2002000107C60E8
:1000800077F50020F8B541F2BB03984201D9FF2073
:10009000F8BD184B05461B7843B3AC081649174BFF
:1000A00005F00300A4FB0167154EA1FB0421E21B30
:1000B000651A07EB520201EB550552096D09C2EBB7
:1000C000821240EA8505A21A134436F812401B0337
:1000D00003EB4404A342DAD2FF2033F8022BD1B25F
:1000E0008D4208BF100A9C42F7D8F8BDFFF7A6FF63
:1000F000D3E700BF77F5002005411004C0070600D4
:1001000070F20020F8B50E46154672B6314A00244A
:10011000314F022340F206414FF4702E97610127C0
:10012000D36120F01F03C2F8A040C2F8F0124119B9
:10013000C2F8F442C2F8F842C2F8FC42C2F8A4E0A5
:10014000C2F8B070BFF34F8F244A13602033994236
:10015000FBD8BFF34F8FBFF36F8F1E494B691D4A0A
:10016000DC07FBD5ABB201211D4C20F07F4043F4EE
:10017000702342F201275161C2F8F0421446C2F8DE
:10018000F472C2F8BC10C2F8A000C2F8A430C2F8E1
:10019000B01001E05B060AD463690E4A13F0010156
:1001A000F8D041235361BDE8F840FFF715BF082D93
:1001B0004FF0080206D9083D31460A48164400F0BF
:1001C00009F900E015B940236361E5E72A460D46C9
:1001D000F2E700BF00802A40F05AF05A5CEF00E0DE
:1001E0003204180880812A40F0B472B6224A0024F2
:1001F000224D0221224B40F2064795614FF47026B2
:1002000003400125D161C2F8F07203F58051C2F8B4
:10021000F442C2F8F842C2F8FC42C2F8A040C2F868
:10022000A460C2F8B050BFF34F8F164A136020335A
:100230009942FBD8BFF34F8FBFF36F8F0E494B69C5
:100240000D4ADC07FBD5104B0124104E4FF47025EE
:10025000034011465461C2F8F062C2F8A030C2F8FF
:10026000A450C2F8B0404B69034ADB07FBD5012319
:10027000F0BC5361FFF7B0BE00802A40F05AF05A3C
:1002800000F0FFFF5CEF00E000F0FF002004180822
:1002900041F2BB03984268D83E4B2DE9F04F1B78E2
:1002A000C3B08A468146002B6ED04FEA99023A4B82
:1002B00009F00300394DA3FB0213DFF8E480D71ADD
:1002C00003EB57077F09C7EB8713B946D71A40EAF4
:1002D00089093D4438F817402D0305EB4400854259
:1002E00055D22B46FF2633F8022BD1B2894508BFE1
:1002F000160A9842F7D8B24534D0B4F5006F35D31A
:1003000002AE4FF48072FF21304604F03BF905F550
:1003100080502A4632F8023BD9B290424FEA13236A
:100320007354F7D80024284606F809A00DF1070BEE
:100330002646FFF759FF1BF8013F05EB4600022256
:100340000DF10601FF2B44EA032304F1010404D05C
:100350000136ADF80630FFF7D5FEB4F5807FEAD15F
:1003600028F8176043B0BDE8F08F704749EA0A29C2
:10037000022202A90134ADF80890FFF7C3FE28F865
:10038000174043B0BDE8F08FFFF758FE8DE7FF261A
:10039000B1E700BF77F5002005411004C007060053
:1003A00070F2002062B170B505461446084615F893
:1003B000011B461CFFF76CFF013C3046F7D170BDB6
:1003C000704700BF08B5F1F72BFBF1F7ABFD01F06B
:1003D0001DFFFAE7844641EA000313F003036DD1E1
:1003E000403A41D351F8043B40F8043B51F8043BF8
:1003F00040F8043B51F8043B40F8043B51F8043BFF
:1004000040F8043B51F8043B40F8043B51F8043BEE
:1004100040F8043B51F8043B40F8043B51F8043BDE
:1004200040F8043B51F8043B40F8043B51F8043BCE
:1004300040F8043B51F8043B40F8043B51F8043BBE
:1004400040F8043B51F8043B40F8043B51F8043BAE
:1004500040F8043B51F8043B40F8043B51F8043B9E
:1004600040F8043B403ABDD2303211D351F8043B3E
:1004700040F8043B51F8043B40F8043B51F8043B7E
:1004800040F8043B51F8043B40F8043B103AEDD2ED
:100490000C3205D351F8043B40F8043B043AF9D23E
:1004A000043208D0D2071CBF11F8013B00F8013B11
:1004B00001D30B8803806046704700BF082A13D31E
:1004C0008B078DD010F003038AD0C3F10403D21A36
:1004D000DB071CBF11F8013B00F8013B80D331F86A
:1004E000023B20F8023B7BE7043AD9D3013A11F8EA
:1004F000013B00F8013BF9D20B7803704B78437055
:100500008B7883706046704703F0C8BCF0B44E1E11
:100510000025374600E00135B0FBF2F302FB130083
:1005200000F13704092800F13000E4B298BFC4B2EA
:10053000184607F8014F002BEDD14A1953704DB101
:10054000013316F8014F1778E81A3770834202F822
:100550000149F5DB0846F0BC704700BFB4EE400A25
:1005600080EAE0732DE9F047F1EE10FA05461446F3
:10057000A3EBE0732DED028BB0EE408A84B080F1E6
:100580002381F0EEC07A9FEDC67AF4EE477AF1EE61
:1005900010FA42DDB5EEC00AF1EE10FA4CBF0422AB
:1005A00003229A4221DB0028C0F270810022B5EEBE
:1005B000C08AF1EE10FA00F14A8149254E20462109
:1005C000E31C25706070A170002A00F067811A4456
:1005D000202103F8011B9A42FBD10023104613701F
:1005E00004B0BDEC028BBDE8F0870028A3EB02024B
:1005F000DDDA002A00F04A81A318202204F8012B3A
:100600009C42FBD1B5EEC08AF1EE10FA40F11781A1
:1006100000222D215C1C1970CFE70F4602AA01A908
:100620003846BA4603F0A2FBDDF804908046002F5E
:1006300000F08780C9F10003BB4200F3BC80404654
:1006400004F024FD0646B145B8BF0136B9F1000FEC
:1006500000F0AF80B9F1000F22DA0FB309EB070306
:10066000BE1C83421CD2002F06DDF2EE047ABAF1E2
:10067000010A28EE278AFAD102AA5046B0EE480AAB
:1006800003A903F073FBDDF80490039A7B1C8046FA
:10069000C9EB02029A4203D109F10109CDF8049095
:1006A000DDF808E0BEF1000F5ED00136A81BA119ED
:1006B00000285EDC22462D20531C1070B9F1000F7B
:1006C0006DD087B1B9F1000F0DDA1A4630202E2710
:1006D00002F8020B5F70C9EB020302F8010B9A42A9
:1006E000FBD1002201928B4220D25F1C98F800209F
:1006F00008F101088F421A7019D0019A4FF02E0E9E
:100700000BE083F801E002338B4203F101070DD2C5
:1007100018F8010B8F42187009D0013A0192002A93
:10072000EFD03B468B4203F10107F1D31946002D70
:1007300071DB002320460B7004B0BDEC028BBDE8DA
:10074000F087B9F1000F7FF475AF012390F80080B6
:100750005449554A994601934FF0FF33B8F1340F8D
:100760008CBF8846904667E7A81BA119002840F374
:1007700093800144224601384FF0200C02F801CB4F
:10078000C2F1010303442344002BF7DC20EAE073A9
:1007900001332344BEF1000F90D01A468BE7002F9F
:1007A000A1D01A4630272E2002F8027B587013463B
:1007B00099E7013674E70126C7F10009DFF8E88000
:1007C0003046CDF804903EE7B5EEC00AF1EE10FADF
:1007D0004CBF042203229A423BDA0028A3EB020317
:1007E00040DB18EE102A002A37DB4E214120E21CA4
:1007F0002170A1706070002B4CD01344202102F8AE
:10080000011B9A42FBD1002218461A7004B0BDECBD
:10081000028BBDE8F087A8194342C043002B88DD56
:100820000A46202502F8015BC2F1010303440B4490
:10083000002BF7DC20EAE0730133194479E74924FF
:100840004E204621DA1C1C7058709970C5E623466C
:10085000DFE6002818DB0023C3E722462D21541CC5
:100860001170C2E783B1E218202304F8013B9442DF
:10087000FBD118EE103A002B0ADB4E214120D31C8D
:10088000117091705070BEE72246F2E72346B9E638
:100890000023E3E71346B6E723460FE71A469CE634
:1008A000FFFF7F7F382500205C150020F0B501EBAD
:1008B0004106294C012500EB461694F800C005FAC4
:1008C00001F1F4891FFA81FEB0F88851A4B24FEA11
:1008D0000E1704FB0333ADB207F0F00723FA0CF355
:1008E0003D43A342A0F8885128BF2346012A22D0C5
:1008F00015D3022A08D001F00F01B0F888319BB25D
:100900001943A0F88811F0BD9BB201F00F01F383E9
:10091000B0F880319BB21F43A0F88071EDE7E31A75
:1009200001F00F019BB27381B0F880319BB20B4391
:10093000A0F88031E1E79BB201F00F014FEA0E2EE3
:10094000F382B0F880310EF4706E9BB24EEA030E63
:10095000A0F880E1D1E700BF1A6600202DE9F04140
:100960004FEA410E384AB6EE007A4FF0010C0EEB1A
:1009700001030CFA01F700EB4313BEB2DB89D2EDA1
:10098000007A9DB2F8EE677A87EE800A30EE070AA9
:10099000FCEEC07A17EE903AB3F5803F4ED30022BA
:1009A0004FF6FF7401E0062A03D85B080132A34228
:1009B000F9D8B3F5803F4FEA021237D242F4806291
:1009C00092B203F1FF3C1FFA8CFCB0F8888136012B
:1009D00007F00F047144F6B21FFA88F700EB4111DB
:1009E0003E43A0F88861CA80A1F80EC04A8992B23D
:1009F00003FB02F2B2FBF5F292B24A81CA8A92B2CA
:100A000003FB02F2B2FBF5F292B2CA82CA8B92B237
:100A100003FB02F3B3FBF5F39BB2CB83B0F8883151
:100A20009BB21C43A0F88841BDE8F08142F480628B
:100A30004FF6FE7C4FF6FF7392B2C6E7012B4FF4E0
:100A40008062BED80223C0E7E8550020224BB6EEF4
:100A5000007AD3ED007AF8EE677A30B487EE800A38
:100A60004FF6FE7430EE070AFCEEC07A17EE903AAD
:100A7000A3422AD9002201E0062A03D85B080132EA
:100A8000A342F9D808324FF6FE7542F2260452020C
:100A9000AB4202F4F05288BF2B46144300EB4111E5
:100AA0000D8ACA88ADB292B205FB03F0C2F1011201
:100AB0002A44B0FBF2F29B1A92B2C3F101039BB23B
:100AC000CB800A828C8130BC7047012B43F2260414
:100AD00098BF0223E2E700BFE855002036280CD873
:100AE000294AF8B5044600B212F8206002EB8005EE
:100AF000012E03D0022E16D0F8BD70476A78C2F3DB
:100B00000113032B3AD0214850F823008BB202F096
:100B10000301AA78FFF7CAFE1D48EA7800EB04102B
:100B200043681A60F8BD6E78C6F30113032B27D013
:100B3000184A52F823E006F00306174B89B20EEB71
:100B4000461793F800C07601FA880EEB0603764448
:100B500092B2188AC2F1011212FA80F2501E00FB02
:100B600001F323FA0CF3984298BF931ED21A9BB25A
:100B7000C2F1010292B2FA803382CDE70748C5E79D
:100B8000DFF81CE0D7E700BFF00E00209C05002036
:100B9000580A0020A80500201A66002000803E4068
:100BA00000801E40362809D800B2134B13F82020CD
:100BB00003EB8003012A02D0022A0DD07047597836
:100BC000C1F30112032A13D00C4850F822009A787E
:100BD00001F00301FFF7C2BE5978C1F30113032BE3
:100BE00008D0074A52F8230001F00301FFF72EBF97
:100BF0000448ECE70448F7E7F00E00209C050020CD
:100C0000A805002000803E4000801E40A4484FF010
:100C10000F0CA44B826F42F47F02F0B5826700256F
:100C2000D0F880204FF470469F4C4FF4604E294618
:100C30004FF4806714432A46C0F88040A3F88C61C3
:100C400048F2B826A3F88EC1A3F89051B3F88801F2
:100C500080B240F0F000A3F8880101EB4100914B15
:100C60000131002540011C4604290344A3F804E097
:100C7000DF805A841A865A805A81DE815A82DA824B
:100C80005A83DA83E9D1B4F888014FF00F0C874B0F
:100C90004FF4704680B229464FF460472A4640EA36
:100CA0000C004FF4806EA4F88801B4F8880180B27B
:100CB00040F47060A4F88801A3F88C6148F2B8266B
:100CC000A3F88EC1A3F89051B3F8880180B240F028
:100CD000F000A3F8880101EB4100744B01310025BD
:100CE00040011C46042903449F80A3F806E05A846F
:100CF0001A865A805A81DE815A82DA825A83DA83CE
:100D0000E9D1B4F888014FF00F0C694B4FF47046ED
:100D100080B229464FF460472A4640EA0C004FF45F
:100D2000806EA4F88801B4F8880180B240F4706045
:100D3000A4F88801A3F88C6148F2B826A3F88EC104
:100D4000A3F89051B3F8880180B240F0F000A3F806
:100D5000880101EB4100564B0131002540011C4642
:100D6000042903449F80A3F806E05A841A865A8017
:100D70005A81DE815A82DA825A83DA83E9D1B4F861
:100D800088014FF00F0C4B4B4FF4704780B229464F
:100D90004FF460462A4640EA0C004FF4806EA4F8F7
:100DA0008801B4F8880180B240F47060A4F888012A
:100DB000A3F88C7148F2B827A3F88EC1A3F890511C
:100DC000B3F8880180B240F0F000A3F8880101EB8D
:100DD0004100384B013140011C46042903449E80E8
:100DE000A3F806E05A841A865A805A81DF815A8213
:100DF000DA825A83DA83EAD1B4F888310F270022E5
:100E000041F201069BB245F6C05E114643F226054B
:100E10003B43A4F88831B4F888319BB243F4706343
:100E2000A4F888315001244B01320344042A9981EB
:100E30005981DF819E82A3F806E0198019829D8185
:100E4000F0D100220F2741F2010645F6C0551146A8
:100E500043F226045001194B01320344042A9981BC
:100E60005981DF819E82DD80198019829C81F1D1B8
:100E700000220F2741F2010645F6C055114643F204
:100E8000260450010E4B01320344042A99815981F2
:100E9000DF819E82DD80198019829C81F1D1F0BDB5
:100EA00000C00F4000C03D40000003FC00003E4079
:100EB00000403E4000803E4000C01D4000001E40FB
:100EC00000401E40704700BF704700BF704700BF22
:100ED000704700BF72B6EFF30583494D6B60EFF3C7
:100EE0000883484C2E4648484849494A24680068C7
:100EF000096812682961AC60E8606A619A69454CCA
:100F0000AA61DB69444FEB6100F0D8F885ED080A6F
:100F100001F0F4F90B234FF0FF32686219462B60A1
:100F20004A40202102F00103013904FB03F383EA64
:100F30005202F7D1BE4202D056F8041FF0E7304902
:100F40008A62BFF34F8F354B354A19601A60BFF381
:100F50004F8FBFF36F8F334A0225334CD36E334923
:100F600043F440533248D3662560D36923F07F03AE
:100F700043F04003D3610B6883423ED82A4A0021E4
:100F800001202C4E11604FF0FF33C2F808110C46BF
:100F9000C2F800611546C2F808010746DFF8C0E054
:100FA000254E26482649274ACEF800303360036094
:100FB0000B60136001E000F065F9D5F80C211A4BC5
:100FC000002AF8D00134C5F80C714F2CF3D91E4A11
:100FD00002241E484FF00041C0F840415163D3F84D
:100FE0000C2132B91A491B4A0A63D3F80C010028B4
:100FF000FAD0194B194A1A60FEE7FEF7A5FDBDE7C6
:1010000080FF272028ED00E02CED00E034ED00E02B
:1010100038ED00E02083B8EDA4FF272070EF00E05A
:10102000A0FF272000C00F4000400840EC550020E2
:10103000803DCD0B009F240084E100E088E100E0CA
:101040008CE100E090E100E000900D4000002E40B7
:1010500000800F40F100AD0B0CED00E00400FA053C
:1010600080E100E0094A08B5136820B11844084936
:10107000884202D81060184608BD02F07DFE0C229E
:101080004FF0FF330260184608BD00BF105D00201E
:1010900000002820002070474FF0FF30704700BF4D
:1010A0004FF4005300204B60704700BF0120704791
:1010B0004FF0FF30704700BFFFF70CBF12490B68BD
:1010C000114A5B07FBD513681049C3F30B23104A81
:1010D00007EE903A0B6892ED006AB8EEE77A07EEF9
:1010E000903A0C4AF8EE677A0B4BD2ED006A77EE35
:1010F000677A93ED007AB8EE477A67EE867A87EEE4
:10110000A60A37EE400A704780810D405CF200204D
:1011100064F2002068F2002060F20020836BF0B4DB
:101120001BB1536843F40043536072B6446B5CB325
:101130001C4B2260D3F8B0410C4215D11A4E3768CF
:1011400004E03468E41BB4F5166F0BD2D3F84041C9
:1011500044F48044C3F84041D3F8B851D3F8404137
:101160006404EED50D4003D0426362B6F0BC704714
:101170000C4C8260C560D4F8B0311943C4F8B0118A
:10118000426362B6F0BC7047064D8260C460D5F819
:10119000B0311943C5F8B0110263426362B6F0BCC6
:1011A000704700BF00002E40041000E070B50646F6
:1011B000006B90B10246002403E012680134012A5A
:1011C0000CD0536813F08003F7D032632CB1B36BAB
:1011D00005689847013C2846F9D170BD33637363B5
:1011E000F4E700BFF0B5E1B9214C22490020224BC1
:1011F00001224FF0011580260A601A46A1604E6058
:10120000E060C3F8BC51D3F8B0411C4D44F0010478
:101210008860C3F8B0412860D2F8B031002BFBD110
:10122000F0BD0904164B144D0126114C41F080010C
:1012300000221E60596000F5805CE26400F5005EEB
:10124000A36400F54057D5F8B01100F580462A4652
:10125000986041F48031C3F80CC0C3F810E05F61BE
:101260009E61C5F8B011D2F8B031002BFBD1BCE7BC
:1012700000000020C0F5002000002E40ACEC002053
:10128000A0F500202DE9F04FB94C83B0D4F844818B
:1012900018F0010FC4F844815ED0D4F8AC31002BB3
:1012A00055D04FF0011BDFF8EC92B24E2546DA46DE
:1012B000C4F8AC31B06AF26AD4F8403143F4005358
:1012C000C4F84031D4F840319F04F5D5D5F8403109
:1012D00023F40053C5F84031C5F8B4A1D4F8B431B3
:1012E00013F00113FAD181B240F28167C9F80030DE
:1012F000B94200F2AD80B1F5D06F80F0DE81B1F57A
:10130000817F00F0608100F2E880802900F04E814A
:10131000822940F0DA8092B202F07F01072900F2C0
:10132000D48089009448954F0844016810063B70AA
:101330007B7040F10182CA0301D501233B70022179
:101340008E48FFF74FFFD4F8AC31002BB0D1884A5C
:10135000D2F8BC31002B49D118F0400F18D0844B83
:10136000D3F8AC111A46C3F8AC11D3F8BC11C3F8CA
:10137000BC11D2F8B0417E4B002CFAD14FF0FF32B5
:10138000C3F8B421D3F8843100F032FD7C4B1C60EB
:1013900018F0807F03D07B4B1B6803B1984718F08F
:1013A000007F03D0784B1B6803B1984718F0040FF7
:1013B00008D06F4BD3F8843113F4007345D0734BCE
:1013C00001221A706A4BD3F8482112060BD518F087
:1013D000800F08D06E490A782AB1013AD2B20A7059
:1013E000002A00F0428203B0BDE8F08F6949C2F8DC
:1013F000BC310868034240F0E281614A15681D4033
:10140000AAD02F0C0FD05B4E4FF0010997FAA7F42A
:10141000B4FA84F406EBC41009FA04F44030FFF780
:10142000C5FEA743F2D1ADB2002D95D0514E012794
:1014300095FAA5F4B4FA84F406EBC41007FA04F4A0
:10144000FFF7B4FEA543F3D186E7504A1370B9E71E
:1014500042F22107B94234D067D8B1F5086F00F0E5
:101460001E81B1F5106F30D1C0F307404A4A4B4995
:1014700010704B4F4B4A0193C5F8C871C5F8CC1199
:10148000C5F8D02100F0B6FC474A019B802101201D
:10149000B26451601060F364C5F8BCB1D5F8B01106
:1014A000936041F48032C5F8B0213A4A1360D4F811
:1014B000B031002BFBD1D4F8AC31002B7FF4F8AE67
:1014C00045E7110C072900F03B81C4F8C0B1D4F8FE
:1014D000AC31002B7FF4ECAE39E740F20237B94271
:1014E00000F0AD80B1F5A06FEFD12F4A8021012728
:1014F000F364B26417605160C5F8BCB1D5F8B0119F
:10150000936041F48033C5F8B031D4F8B031002B8A
:10151000FBD1030C5B0643F08073C5F85431D4F85B
:10152000AC31002B7FF4C4AE11E742F22123994283
:1015300079D042F221339942C7D11B4B802200213E
:101540000120B36418605A60F164C4F8BCB1D4F8E7
:10155000B021996042F48033C4F8B031D4F8B0318E
:10156000002BFBD1D4F8AC31002B7FF4A1AEEEE61A
:1015700000002E4000000020C0012E4020F200207C
:10158000B0EC002034F5002038F5002091F5002063
:1015900092F50020ACEC002090F50020C80002007D
:1015A0000200CC000200C800C0F50020B64A0221AB
:1015B000104613705370FFF715FED4F8AC31002BB2
:1015C0007FF476AEC3E692B202F07F03072B3FF6BC
:1015D0007CAF12F0800F4FEA8303AC4A4FF000015A
:1015E0004FF001001A44136814BF23F4803323F032
:1015F000010313608022A64BF164B36418605A6043
:10160000C4F8BCB1D4F8B021996042F48033C4F876
:10161000B031D4F8B031002BFBD1D4F8AC31002B71
:101620007FF446AE93E692B2002A86D1994BC0F37E
:101630000740994A1968994B116018707DE792B27A
:1016400002F07F03072B3FF640AF12F0800F4FEA06
:1016500083038E4A4FF000014FF001001A441368D3
:1016600014BF43F4803343F0010313608022884B9E
:10167000F164B36418605A60C4F8BCB1D4F8B02106
:10168000996042F48033C4F8B031D4F8B031002B03
:10169000FBD1D4F8AC31002B7FF40AAE57E6804A78
:1016A0000121794B127818461A70FFF79BFDD4F888
:1016B000AC31002B7FF4FCAD49E67A4B5968002928
:1016C0003FF403AF000C1FFA82FE04E00C335968AC
:1016D00000293FF4FAAE1F888742F7D15F8877452B
:1016E000F4D1070A032F00F0BA801B89120C934231
:1016F00028BF1346B0F5007F00F0A280B0F5E06F80
:1017000000F08B80684F1A4601933846FEF762FE60
:10171000019B27F01F021F44BFF34F8F63490A60EC
:1017200020329742FAD8BFF34F8FBFF36F8F5E48D6
:101730001946FFF757FD06E6CB077FF500AEFCE53F
:101740005B4F4FF0010EF3605A495B4B3860C3F8B2
:1017500000E05960B3605949D5F8B0017A6001F5ED
:10176000805740EA0E02996001F5005E01F5405095
:1017700001F58041C5F8B021DF60C3F810E0586181
:101780009961D4F8B031002BFBD1414A012048F2D5
:101790008001F36410604FF48030B2645160C5F88A
:1017A000BCB1D5F8B011936041EA0003C5F8B0317F
:1017B000C9F80000D4F8B031002BFBD1C3E53C4898
:1017C00042F22104002605880E60A54240687FF49D
:1017D00014AE81B200297FF410AE3849384C03C9E9
:1017E0000D0C86282060A180A5717FF406AE72B62C
:1017F0003448017841F004010170D2F8481108061C
:1018000006D441F080018020C2F84401C2F848119A
:1018100062B62D4A50211170EFE52C481A46224F2E
:1018200090F800E02A492B480193BEF1000F08BF51
:1018300001463846FEF7CEFD0722019B7A7068E725
:1018400022481A462349077821480193002F08BFF0
:1018500001461548FEF7BEFD134F019B59E7120CD8
:101860000B78934228BF134648E716490A7802F0DE
:10187000FB020A702AB9D3F8482122F08002C3F88B
:10188000482109F01FF800BF20F20020C0012E40BF
:10189000C0F500202CF5002028F700208FF500204F
:1018A00090F50020FC5000202000202070EF00E088
:1018B0009092002080000700A0F50020A4EC0020FA
:1018C00020F7002088F5002092F5002091F50020F7
:1018D00068F70260B4F70260002AA0F102022DE965
:1018E000F04714BF00274FF00057022A01D9BDE886
:1018F000F0874FEAC019DFF840A00D4604460AEB16
:101900000906002140229846304602F03BFE0120A5
:1019100047EA05414AF80910C6F83880B060B8F1C6
:10192000000FE4D0034BA0401C6820431860BDE8C2
:10193000F08700BFB0EC002000000020002AA0F1DA
:1019400002022DE9F04714BF00274FF00057022A8A
:1019500001D9BDE8F0874022C501DFF844908846F0
:101960001544002104461E4609EB050A504602F0C4
:1019700009FE012247EA084149F80510CAF8386013
:10198000CAF80820002EE4D004F11000034B824076
:10199000186802431A60BDE8F08700BFB0EC002071
:1019A0000000002012048160C36142F08002F0B4A4
:1019B0004260012701F5805601F5005501F54054BC
:1019C00001F580420760C660056144618261F0BC38
:1019D000704700BF831E022B00D97047064B0A4692
:1019E00030B400F11004012503EBC01005FA04F136
:1019F000403030BCFFF792BB00000020831E022B5A
:101A000000D9704710B4054B01240A4604FA00F1CE
:101A100003EBC0105DF8044BFFF780BB0000002013
:101A200040687047124A134BD2F8200220F07F40E2
:101A3000984210B584B002D800EB800040000E4CF4
:101A400001A90A22FEF762FD01A90023204611F830
:101A5000012B01333AB10A2B20F8022FF7D11623BC
:101A6000237004B010BD5B00DBB2237004B010BD66
:101A700000441F407F969800FC65002000F0E0BA0B
:101A800000F0B2BA00F016BB00F0D0BA00F06CBBA8
:101A900000F042BB0846114600F032BB084600F099
:101AA00019BB00BFF8B514494FF40037134D034676
:101AB00001EB4024124E134A05EB401521461760F6
:101AC00028463288FFF76EFF318824F01F03214437
:101AD000BFF34F8F0C4A136020339942FBD8BFF3FA
:101AE0004F8FBFF36F8F03202946FFF787FF074B08
:101AF0004FF400321A60F8BD8000202000910020D1
:101B000056F500208CE100E05CEF00E00CE100E025
:101B1000244A43682DE9F041C3F30E431488C56994
:101B2000E41A002C38DD2049204A0B781278DBB209
:101B30001F48204E934207D010F8038036F81870E3
:101B4000C7F50072944212D9013300221A4F082BB4
:101B500026F8154027F81520184E94BFDAB2134620
:101B60000A703268C55414443460BDE8F081144BE7
:101B700007EB48202246274403EB45211844FEF793
:101B800029FC0E4A284626F8187013681C44146075
:101B9000BDE8F041FFF786BF2846BDE8F041FFF7FA
:101BA00081BF00BF56F5002086F5002087F5002094
:101BB00050F2002030F2002040F200202CF20020F1
:101BC000800020201E4B1A785AB902F0FF031D4AEC
:101BD000127832B12DE9F0411B4D2A8812B9BDE8C7
:101BE000F0817047194EC2F50068194F31784246AE
:101BF000184C07EB411704EBC12438462146FFF788
:101C0000D1FE08EB040224F01F01BFF34F8F124BEB
:101C1000196020318A42FBD8BFF34F8FBFF36F8F1B
:101C200004203946FFF7D6FE3378084A0133DBB289
:101C3000032B88BF0023137000232B80BDE8F081A5
:101C40008EF5002090F500205AF500208DF500203B
:101C5000009200208010202070EF00E02DE9F04F6E
:101C600085B002900091002900F0AB800023564D12
:101C7000DFF87481DFF860A1544FDFF870B1019391
:101C80000122534B2A701C78524AB8F8003002EBFC
:101C9000441923BB1E461C464846FFF7C1FE10F000
:101CA00080007ED0BFF34F8F00229AF800304A495F
:101CB0002A7004B93E68002B5AD13B689B1B782BD5
:101CC00079D89BF80030002B52D000F09FFA012405
:101CD000B8F800302C70002BDED03D4A14781A463C
:101CE000C3F50060E402009E3C492044964208444B
:101CF00042D30C440299FEF76DFB002321464FF4BA
:101D000000624846FFF74EFE24F01F0304F500640E
:101D1000BFF34F8F324A136020339C42FAD8BFF38F
:101D20004F8FBFF36F8F04204946FFF753FE284BB8
:101D3000274A1B78009801332A49DBB2032B88BF5E
:101D4000002313700022B8F80030A8F80020C01A51
:101D50000090019818440190029818440290C1F82C
:101D60008420BFF34F8F00232B70009B002B87D163
:101D7000019805B0BDE8F08F009C0393019B2246BB
:101D8000029923440193FEF725FB039B4FF040414A
:101D9000144A00201B1B0090A8F80030C2F88410E1
:101DA000DFE74FF400630A4A8AF8000014781A4605
:101DB000A8F8003096E7012301980B7005B0BDE844
:101DC000F08F0098D5E700BF8EF500202CF500209D
:101DD0008DF50020009200208CF50020801020203E
:101DE00070EF00E000002E405AF5002090F5002032
:101DF000704700BF314B2DE9F0411B78304F002B6D
:101E000054D04FF40073DFF8EC803B80A8F800302A
:101E1000002180222B480D462B4E02F0B3FB2B4CA9
:101E20002B4B29464FF480722A4825702C461D8082
:101E300002F0A8FB35602B4675602A46B560F56058
:101E40002549264E2648DFF8B0E00D7010210570B8
:101E5000022035607560B560F560CEF80050FFF780
:101E60006DFDB8F800102A461E4B0320FFF734FD25
:101E70002B46398801220420FFF760FD20460134FB
:101E8000FFF710FE082CF9D1174B4A221748002102
:101E9000174C0460C3F88410C3F88020D3F848219D
:101EA00042F08072C3F84821BDE8F0814023DFF89A
:101EB00044803B80A8F80030AAE700BF91F50020DD
:101EC0005CF500200092002030F200208DF500200B
:101ED0005AF500200091002086F5002040F20020F5
:101EE00087F500200523010000002E4034F5002076
:101EF000B923010056F500202CF20020314B4FF49D
:101F000000322DE9F04F1A6083B02F4B89461C78C0
:101F1000002953D02D4BE4B21B789C4250D082460E
:101F20000027DFF8C0B00134294BC7EB0908504641
:101F3000092C0193274B28BF00241D5D244B33F847
:101F400015E0254B0EEB452133F81560234BCEEB06
:101F500006061944B0453246374419D20EEB4521E6
:101F600042461944FEF736FA019BDBF8001048465A
:101F700033F81520C8EB01019044CBF8001023F88A
:101F80001580174B4FF400321A6003B0BDE8F08F94
:101F9000FEF720FADBF80020E3B22846921BB24499
:101FA000CBF80020084A1370FFF77CFDB94503D930
:101FB000064B1B789C42B6D13846E2E70846E0E77C
:101FC0000020DEE78CE100E087F5002086F50020A8
:101FD00040F2002050F2002030F20020800020204B
:101FE0000CE100E02CF200200B4B0C4A1B7812781D
:101FF000DBB293420DD0013309480A4A092B0A4942
:1020000028BF0023C35C31F8131002EB4323585C54
:1020100070474FF0FF30704787F5002086F50020AD
:1020200050F200208000202040F20020034B10B529
:102030001C680CB900F0EAF8204610BD2CF2002014
:102040002DE9F84F154E164D34782B78E4B29C42AA
:1020500021D0DFF85490DFF854B0DFF85480114FEE
:102060000134082C5FFA84FA01D90024A24619F839
:102070000410DBF8002038F81130084637F811104A
:102080005B1AD31ACBF80030FFF70CFD86F800A0DE
:102090002B789C42E4D1BDE8F88F00BF87F5002083
:1020A00086F5002040F2002050F200202CF20020A3
:1020B00030F2002000B583B001210DF10700FFF7D9
:1020C0001DFF20B19DF8070003B05DF804FB4FF041
:1020D000FF30F9E7094B00B583B01B788DF8070096
:1020E00023B903F0FF0003B05DF804FB01210DF1FB
:1020F0000700FFF7B3FD03B05DF804FB90F5002087
:10210000044B1B7803F0FF020BB1FFF7A7BD10468D
:10211000704700BF90F500202DE9F0410024DFF862
:10212000448001230D4D27460D4E88F8003033784A
:1021300028462035A34204F1010405D0FFF770FCC6
:10214000030658BF07F50067042CF0D1BFF34F8F8B
:102150000023384688F80030BDE8F0810092002066
:102160008DF500208EF500202DE9F843204B1B78DB
:1021700013B1204D2A880AB9BDE8F883DFF88880BA
:10218000C2F500691C4E4FF0010E98F800104A4647
:102190001A4C002306EB4116194F04EBC1243046BC
:1021A00087F800E02146FFF7FDFB09EB040224F06D
:1021B0001F01BFF34F8F134B196020318A42FBD8A8
:1021C000BFF34F8FBFF36F8F04203146FFF702FC40
:1021D00098F800300C4A0133DBB2032B88BF002390
:1021E000137000232B80BFF34F8F3B70BDE8F88343
:1021F00090F500205AF50020009200208010202049
:102200008EF5002070EF00E08DF500202DE9F843F9
:10221000324E337893B1324F3A787AB90122D907E6
:102220003A7037D49A0719D400225B073A7005D563
:102230002C4B1A6812B1EFF305820AB1BDE8F8839E
:10224000EFF3108072B61A681AB1274C2178002972
:102250002FD00028F2D162B6BDE8F883DFF8948071
:1022600098F80020002ADFD00024DFF88C9005E0E9
:10227000013498F80030E4B2A34213D959F824503D
:102280002B6828461B6998470028F1D06B699B682A
:102290009847EDE7FFF7CAFED0B9144B1B781BB97E
:1022A0003378BFE73378BFE7337803F0FE0333704A
:1022B000B8E70126556926701D6065B1A96100B9AE
:1022C00062B6002593681046557798472570B5E7A4
:1022D00000F02CF8E1E7064B1D60F0E71F660020D8
:1022E00067F5002020E8002065F500200AF802606C
:1022F0002CE8002066F5002030E800200A4B30B4BE
:10230000586A1C46996A626AA36A994208BF904259
:10231000104619460CBF01250025002DF3D0D90B1E
:1023200030BC41EA4240704700400D40704700BF5A
:1023300008B503684268BBB17AB1104BA3FB021326
:10234000DB0803EB4303B2EB830303D0D21A4260F2
:10235000F02A02D90123184608BD01F00DFD1C2208
:1023600000230260184608BD044BA3FB0213DB08E0
:1023700003EB4303B2EB8303E8D1E9E7ABAAAAAAD4
:1023800070B5044600283AD019B1B2FA82F56D0949
:10239000FDB1206808B1626832B901F0EDFC162386
:1023A00000220360104670BD1849A1FB0231C90824
:1023B00001EB4101B2EB8101EFD1A3680BB102F057
:1023C000E1F800230122236010466360A360E3600C
:1023D00070BD1E46049B80E80600C360FFF7A8FF9F
:1023E00002460028DED016B90122104670BD94E8DE
:1023F0000500A660294602F0C5F80122D2E701F0E7
:10240000BBFC162322460360CCE700BFABAAAAAAF6
:1024100010B52DED048BB0EE408B254C8AB000F04A
:10242000E5F994F90030B0EE409B01332ED0B4EEC4
:10243000488BF1EE10FA29D6B0EE480B01F080F986
:10244000B7EE007BB4EEC70BF1EE10FA1EDD0123F0
:10245000184A009318480192002308938DED048BCD
:102460008DED028B01F07EF994F90030022B8DED99
:10247000060B11D0684601F073F968B1089B93B957
:102480009DED060B0AB0BDEC048B10BDB0EE490B00
:102490000AB0BDEC048B10BD01F06EFC212303607B
:1024A000089B002BECD001F067FC089B0360E7E77A
:1024B000196600207C5000209C23002000F0CABA3E
:1024C00000000000F0B52DED088BB0EE40ABB0EE93
:1024D000419B964C8BB000F0ADFB94F90030B0EE10
:1024E000408B5A1C34D0B4EE499BF1EE10FA2FD633
:1024F000B4EE4AABF1EE10FA76D69FED8ABBB4EE9D
:102500004BABF1EE10FA29D1B4EE4B9BF1EE10FA81
:1025100013D101228649009200228DED02AB8DED90
:10252000049B8DED06BB01910892002B4BD0B7EEBA
:10253000000B0BB0BDEC088BF0BDB0EE490B01F009
:1025400007F928B1B5EEC09BF1EE10FA00F1A080BA
:10255000B0EE480B0BB0BDEC088BF0BD01F0F8F805
:102560000546002857D0B5EE408BF1EE10FA4FF03B
:1025700000064FF00007EBD1B0EE4A0B01F0E8F88F
:102580000028E5D0B0EE490B01F0E2F80028DFD0DA
:10259000674A01928DED02AB8DED049BCDE9066794
:1025A0000421002294F9003000910892022B03D0FC
:1025B000684601F0D5F858B901F0DEFB222303602C
:1025C00006E08DED06BB684601F0CAF8002873D01E
:1025D000089B1BB101F0D0FB089B03609DED060B2F
:1025E0000BB0BDEC088BF0BDB5EE409BF1EE10FAE0
:1025F000AED1B7EE000B01224D490092022B4FF0F5
:1026000000028DED02AB8DED049B019108928DEDE2
:10261000060BD8D19EE7B0EE4A0B01F099F80028DE
:10262000A1D0B0EE490B01F093F800289BD0B4EE96
:10263000488BF1EE10FA94F900303D4A08955ED6C9
:1026400003218DED02AB8DED049B8DE80600002B80
:1026500037D1B5EEC0AB374B4FF06042F1EE10FA18
:10266000CDE90623A4D5B6EE007B29EE079BB0EE9C
:10267000490B01F07FF8B4EE409BF1EE10FA3BD02D
:102680002D4994F900304FF06040CDE906018DE707
:10269000274A94F900300192012100228DED02AB0E
:1026A0008DED049B00910892002B8AD023490020D5
:1026B000022BCDE9060186D101F05EFB21230360E8
:1026C00086E71F49B5EEC0AB0020F1EE10FACDE968
:1026D00006017FF56BAFB6EE007B29EE079BB0EEEF
:1026E000490B01F047F8B4EE409BF1EE10FA03D02D
:1026F000124B0022CDE9062394F9003056E7012160
:102700008DED02AB8DED049B8DE80600002B3FF4B0
:1027100058AF8BEE0B7B022B8DED067BCCD052E7B6
:10272000AFF30080000000000000000019660020E8
:1027300084500020FFFFEF47FFFFEFC70000F0FFCE
:102740000000F07F00B52DED028BB0EE408B8BB01A
:1027500000F032FE234B93F900305A1C0BD0B4EE3C
:10276000488BF1EE10FA06D69FED1C7BB4EEC78BBA
:10277000F1EE10FA04D40BB0BDEC028B5DF804FB53
:1027800001221949009200228DED048B8DED028B00
:102790000191089293B187EE076B022B8DED066BCA
:1027A0000ED101F0E9FA21230360089B73B99DED76
:1027B000060B0BB0BDEC028B5DF804FB8DED067BC8
:1027C000684600F0CDFF0028EFD1EAE701F0D4FA27
:1027D000089B0360EBE700BFAFF300800000000040
:1027E00000000000196600208850002030B510EE6F
:1027F000905A2DED068B934B25F000449C4283B0FC
:1028000010DD04F1404410EE103A04F58014234327
:1028100000F0888030EE407B87EE070B03B0BDEC04
:10282000068B30BD884B9C420EDCB4F1795F80F2A0
:102830009880B7EE006B9FED657B30EE077BB4EEC2
:10284000C67BF1EE10FAE9DC00F07AFFB7EE007B10
:10285000B6EE006B37EE400B9FED5E5B20EE068B15
:10286000B0EE480B9FED5D6B9FED5E4BA8EE056BE8
:102870009FED5E9BA8EE064B9FED5E5B9FED5F6B51
:10288000A8EE045B9FED5F3BA8EE056BA8EE069BF0
:102890009FED5E4B29EE089B9FED5E5BA8EE034B20
:1028A0009FED5E6BA8EE045BA8EE056BA8EE067BC1
:1028B000B0EE47AB00F080FD644B9C428DED000B09
:1028C0003EDCB0EE005B89EE0A4BDDE900239DEDB6
:1028D000006B9FED547B36EE062B9DED001B002216
:1028E0009FED520B43EC162BB1EE463BA3EE068B4D
:1028F00031EE066BB0EE471BA3EE051BB0EE413B7D
:1029000088EE061BA1EE450B94EE020B30EE430B56
:1029100037EE400B002DD8BFB1EE400B03B0BDEC3D
:10292000068B30BD9FED436B9FED407B20EE077B18
:10293000A0EE067BB0EE470B03B0BDEC068B30BDBE
:102940009DED005B89EE0A7BB0EE006BA5EE075BA8
:102950009FED3A0B9FED377BA5EE060B37EE400B54
:10296000D8E79FED1C4B20EE007BB7EE002B9FEDD0
:102970001B5B9FED1C6BA7EE045B9FED1E4BA7EE50
:10298000056B9FED1E5BA7EE064B9FED186BA7EE48
:10299000045B9FED1C1BA7EE056B26EE076B9FEDFE
:1029A0001B3B9FED1C4BA7EE013B9FED1C5BA7EE75
:1029B000034BA7EE045BA7EE052B86EE025BA0EEB1
:1029C000050B03B0BDEC068B30BD00BF9C750088C5
:1029D0003CE4377E09F7FD0DE13D023F88B2017509
:1029E000E0EF493F3B8F68B52882A4BF5555555548
:1029F0005555C53F5544880E55C1C93F7D6FEB0302
:102A000012D6D4BF82922EB1C5B8B33F59018D1BE7
:102A10006C06E6BFC88A599CE52A00404B2D8A1CEB
:102A2000273A03C0182D4454FB21E93F075C1433B7
:102A300026A6913C182D4454FB21F93F075C143322
:102A400026A691BCFFFFEF3FFFFFDF3F3233EF3F92
:102A500000000000F0B585B08DED021B029A0398CE
:102A6000724953428DED000B134320F0004545EAB7
:102A7000D3738B429DE8900042D86342234327F0F2
:102A8000004E4EEAD3738B423AD800F1404303F52F
:102A90008013134353D0861706F0020654EA0E0340
:102AA00046EAD77634D052EA05033ED08D4252D062
:102AB0008E453AD0C5EB0E052D153C2D44DC002883
:102AC0006BDBDDE900239DED020B43EC172B87EE5A
:102AD000000B00F035FE00F031FD53EC102B012E01
:102AE00056D0022E49D0002E44D09FED3A7B9FED68
:102AF0003B6B43EC152B35EE477B37EE460B05E081
:102B00009DED027B9DED006B37EE060B05B0F0BD31
:102B1000022E1DD09FED330B9DED007B032E08BFD1
:102B2000B0EE407BB0EE470BF0E79FED307B9FEDC2
:102B3000310B002FA8BFB0EE470B05B0F0BD05B0BC
:102B4000BDE8F04000F0FABC28A3D3E90023C6E7B3
:102B50009FED220BDAE7AE4524D0022EF8D0032EEB
:102B60002DD09FED267B9FED270B012E08BFB0EEE9
:102B7000470BCBE743EC102BC8E79FED167B9FED8F
:102B8000176B43EC152B35EE477B36EE470BBDE755
:102B900003F1004343EC102BB8E73C3591DA0022F7
:102BA00000239CE7022E10D0032E0BD09FED177B45
:102BB0009FED180B012E08BFB0EE470BA6E79FED67
:102BC000090BA3E79FED150BA0E79FED160B9DE703
:102BD000AFF30080075C143326A6A13C182D4454A3
:102BE000FB210940182D4454FB2109C0182D4454E1
:102BF000FB21F93F182D4454FB21F9BF00000000D0
:102C0000000000800000000000000000182D445467
:102C1000FB21E9BF182D4454FB21E93FD221337F2A
:102C20007CD902C0D221337F7CD902400000F07FE2
:102C3000000000002DE9F04F51EC110B2DED088B39
:102C400021F0004555EA000487B03AD053EC102B30
:102C50006A4F23F00044BC4210EE10AA994629DCCA
:102C6000884611EE106A24D0BD4223DC634FBD427A
:102C70007AD0B9F1000F7ADB4FF0000BA6BB5F4EA4
:102C8000B54200F090805E4EB54266D0B8F1804FFC
:102C900000F057825B4EB04526D1B9F1000F23DB1F
:102CA00043EC102B07B0BDEC088BBDE8F04F00F0F3
:102CB00083BB6AB104F1404404F5801454EA0A036A
:102CC00008D1B7EE000B07B0BDEC088BBDE8F08F64
:102CD000A542CBDD4C4807B0BDEC088BBDE8F04FFA
:102CE00000F040BD4FF0000B16461F4647EC106B3E
:102CF000CDE9020100F024FD8DED000BBAF1000FCB
:102D00001AD04FEAD97909F1FF395BEA09035ED09D
:102D10003E4B9D4240F3808003F104739D4240F39B
:102D20009A823B4B9C4259DDB8F1000F59DD9FED73
:102D30002F0B20EE000BC6E724B1314B29F04042A7
:102D40009A42DED1B8F1000FC0F27C82B9F1000FD7
:102D5000C0F2E6819DED000BB5E7B8F1000FC0F2BF
:102D6000BC8243EC102BAEE7002E82D0A2E7294FA5
:102D7000BD4229DCA7F15477BD427FF77DAF2F1507
:102D8000A7F2FF37142F40F3B682C7F1340726FAB3
:102D900007FE0EFA07F7BE427FF46EAF0EF0010E8B
:102DA000CEF1020B6AE704F1404303F5801353EAC6
:102DB0000A0386D0164B9C4240F33B82B8F1000FC9
:102DC0000FDB41EC100B7EE74FF0020B56E747ECB0
:102DD000176B37EE477B87EE070B74E7B8F1000FF0
:102DE000A5DB9FED040B6EE7AFF300809C750088B8
:102DF0003CE4377E00000000000000000000F07F8F
:102E00000000F03F0000E03F9C2300200000E04174
:102E1000FFFFEF3FFFFF3F43B4F5801F80F25B826F
:102E20009DED006B9FEDC97B26EE077B8DED007B52
:102E3000019C6FF03406ED4A2315C4F31304A3F28A
:102E4000FF3344F07F5194421E4441F4401140F35B
:102E50003A82E74B9C4240F36C82B7EE007B9FEDD9
:102E6000BD3B0136A1F580110025B0EE430BDDE935
:102E70000023B7EE004B0B4643EC112B4C1031EE08
:102E8000076B31EE472B84EE065B22EE056B8DED72
:102E9000006BDDE9002344F0005404F50024002217
:102EA0000020611943EC142B41EC160BB1EE44AB3E
:102EB00036EE477BAAEE062B31EE477BB0EE426B37
:102EC000AAEE076B9DED007B26EE052B9DED006BBA
:102ED00037EE047B26EE06BB9FEDA09B27EE026B30
:102EE0009FEDA08B9FEDA11BABEE098B9FEDA17B0E
:102EF000ABEE081B2BEE0B8B9FEDA05BABEE017BCB
:102F0000ABEE075B9FED9F7BABEE057BB0EE085B06
:102F1000A8EE076BB0EE457BA4EE047B37EE067B94
:102F20008DED047B04929DED049B39EE455BAAEE8A
:102F3000045B36EE455B9DED006B25EE066BA2EE65
:102F4000096BB0EE465BA4EE095B8DED005B009271
:102F50009DED004B9FED8D2BB0EE445BAAEE095B1F
:102F60009FED8C7B36EE456B9FED8C8B26EE077BC1
:102F700001EE906AA4EE087BB8EEE11B37EE007B11
:102F8000B0EE476BA4EE026B36EE036B36EE016BD0
:102F90008DED006B00929DED005B35EE416B36EEE2
:102FA000436BA4EE426B37EE466BDDE90234BFEEB5
:102FB000000B2146002044EC173B41EC140B26EE9D
:102FC000076B37EE447BA5EE076B25EE045B36EE10
:102FD000057B8DED007BB7EE007B864B019A0BF1F4
:102FE000FF3B5BEA090414BFB0EE478BB0EE408BA9
:102FF0009A42009C40F3028102F13F4303F5E00353
:10300000234340F0718136EE054B34EE454B9FED86
:10301000657B36EE077BB4EEC47BF1EE10FA00F36D
:10302000638113461B154FF48011A3F2FE3341FA5E
:1030300003F39918C1F30A506F4EA0F2FF30064116
:1030400021EA06050024C1F3130345EC174BC0F138
:10305000140043F4801343FA00F0002A35EE475B76
:1030600036EE057B8DED007BB8BF40420105DDE902
:103070000023B0EE002BB7EE007B9FED4C1B9FEDC5
:103080004D0B00229FED4D4B43EC132B9FED4D9BC1
:1030900023EE044B33EE455B36EE455BB0EE446BFE
:1030A000A5EE006B9FED495BB0EE464BA3EE014BE6
:1030B000B0EE440BA3EE410B36EE406B9FED450B9B
:1030C00024EE043BA3EE095B9FED441BA3EE050B2E
:1030D000A4EE066B9FED435BA3EE001BA3EE015B2A
:1030E000B0EE441BA3EE451B24EE013B31EE422B18
:1030F00083EE025B35EE466B36EE446B37EE467B75
:103100008DED007B019B1944B1F5801FC0F21A813F
:10311000DDE900230B4643EC102B20EE080BD2E533
:1031200004F1404404F5801454EA0B0300F0FA80E3
:10313000BBF1010F7FF40EAE9DED007BB1EE470BAE
:10314000C1E543EC172B27EE070BBCE500000000A0
:10315000000040430000000000000000EF4E454A20
:10316000287ECA3F65DBC9934A86CD3F01411DA930
:103170006074D13F4D268F515555D53FFFAB6FDB66
:10318000B66DDB3F033333333333E33F000000E0FE
:1031900009C7EE3FFD033ADC09C7EE3FF5015B14BA
:1031A000E02F3EBEFE822B654715973C00000000D5
:1031B000432EE63FEF39FAFE422EE63F396CA80C6B
:1031C000615C20BED0A4BE726937663EF16BD2C589
:1031D00041BDBBBE2CDE25AF6A56113F93BDBE1666
:1031E0006CC166BF3E5555555555C53F8E98030079
:1031F00079B60B00FFFF8F40FFFF0F00694D22F0F3
:103200000043AB4240F3848067491144214309D114
:1032100036EE057B37EE457BB4EEC76BF1EE10FA68
:103220003FF600AF9FED4D0B28EE007B27EE000B25
:1032300049E5B8F1000FBFF6D4AD41EC170BB1EE84
:10324000470B40E59DED005BB7EE007B87EE056B1D
:103250008DED006B7AE5554B9C427FF7BFAD544B2B
:103260009C423FF761ADB7EE007BB5EE008B9DED64
:10327000005B9FED3C2B35EE477BB6EE005B9FED90
:103280003B3BB1EE474B27EE070B9FED3A6BA4EEAD
:10329000083BA4EE035B9FED391B25EE005B26EE99
:1032A000456BA7EE016BB0EE465BA7EE025B53ECFD
:1032B000152B002243EC152BB0EE457BA4EE027BD0
:1032C00036EE476B71E69FED2F3BB7EE007BB0EE1D
:1032D000430B0025CBE50026ADE543EC162BB7EEFE
:1032E000007B87EE060BEEE49FED280B28EE007BBB
:1032F00027EE000BE7E4002E7FF4F4ACC7F11407CF
:1033000045FA07FE0EFA07F7BD4220D0B346BAE4ED
:10331000284CA3423FF786AE36EE057B01468DED85
:10332000007BA4E69DED007B37EE477B87EE070B25
:10333000C9E49FED183BB7EE087B9FED180B4FF4E7
:10334000802594E5B0EE470B00F0A4FAE5E60EF018
:10335000010ECEF1020B96E4AFF3008059F3F8C2F0
:103360001F6EA501000000604715F73F55555555E4
:103370005555D53FFE822B654715F73F44DF5DF875
:103380000BAE543E00000000000000009C75008859
:103390003CE4377E0000004003B8E23F06D0CF4354
:1033A000EBFD4C3EFFCB904000346F3FFEFFEF3F04
:1033B0000000F03F0000E03F2DE9F04182B08DEDCC
:1033C000000B5D49019B00980C461940A14200F09A
:1033D0009880002B024677DD1F1500F08280A7F24F
:1033E000FF37C3F31303F90743F4801367D403EBE8
:1033F000D27100260B447F105200B64616204FF4BF
:1034000000110EEB01049C424FEAD2754FEA4202D2
:1034100003DC1B1B04EB010E0E44013805EB4303D8
:103420004FEA5101EDD1844620244FF0004109E0DC
:1034300020D003EBD275013C4FEA51012B444FEAF7
:10344000420220D09E4501EB0C05F1DA002D05EB80
:10345000010C09DBF0469542CEEB030300D9013B9A
:10346000521B0844C646E4E7BCF1000FF2DB0EF144
:103470000108F0E795421AD8002D05EB010C48DB56
:1034800098460023ECE7134313D140087110F3076B
:1034900001F17F5101F5001148BF40F0004001EB00
:1034A0000753024643EC102B02B0BDE8F08173468F
:1034B000BFE7421C31D000F001031844E5E75B0090
:1034C00003EBD273520092E723F0004101431DD079
:1034D0005BBB1F46D30A153F5205002BFAD0DD0215
:1034E0001ED4002100E001465B00DC0201F1010076
:1034F000F9D5C0F1200422FA04F423437F1A824054
:103500006DE7A0EE000B02B0BDE8F0819DED000B71
:10351000CAE7BCF1000FAADAB2E701362046B5E7E8
:1035200020244FF0FF310020E5E79DED007B37EED2
:10353000477B87EE070BB7E70000F07F38B5B0EEAA
:10354000407B17EE905A774B25F000449C420EDDED
:10355000754B9C4210EE102A5CDC59D09FED557BD8
:103560009FED560B002DC8BFB0EE470B38BD6F4B1B
:103570009C4260DCA3F1DE739C424EDD4FF0FF33D2
:103580009FED502B27EE074B24EE046B9FED4F3B36
:103590009FED505BA6EE023B9FED502BA6EE035B2A
:1035A0009FED503BA6EE052B9FED505BA6EE023B38
:1035B0009FED501BA6EE035B25EE045B9FED4F2BAA
:1035C0009FED504B9FED513BA6EE014BA6EE042B19
:1035D0009FED504BA6EE023B5A1CA6EE034B24EE89
:1035E000066B40D035EE065B514A5249DB001A4467
:1035F0000B4492ED006B93ED000B97EE056B36EEEE
:10360000477B002D30EE477B2ADBB0EE470B38BD01
:10361000002AA3D037EE070B38BD9FED406BB7EE05
:10362000005B30EE066BB4EEC56BF1EE10FAA5DD73
:10363000B0EE470B38BD00F083F83F4B9C4219DCDD
:10364000A3F550239C422ADCB0EE007BBFEE006B5A
:1036500030EE075BA0EE076B002386EE057B8FE75D
:10366000B1EE470B38BD35EE066BA7EE467BB0EEEC
:10367000470B38BD314B9C420BDCB7EE087BB7EEF5
:10368000006B30EE475BA0EE076B022385EE067BF6
:1036900076E7BFEE006B032386EE007B70E7B7EEA4
:1036A000007B012330EE476B30EE070B86EE007B8C
:1036B00066E700BF182D4454FB21F93F182D4454F0
:1036C000FB21F9BF11DA22E33AAD903FEB0D7624EE
:1036D0004B7BA93F513DD0A0660DB13F6E204CC53C
:1036E000CD45B73FFF8300922449C23F0D55555544
:1036F0005555D53F2F6C6A2C44B4A2BF6D9A74AF58
:10370000F2B0B3BF9AFDDE522DDEADBF711623FEBF
:10371000C671BCBFC4EB98999999C9BF9C750088C4
:103720003CE4377EFFFF0F440000F07FFFFFDB3FEC
:10373000A003002080030020FFFFF23FFF7F034033
:1037400053EC102B23F0004343EC102B704700BFC9
:1037500010EE903A43F0004000F58010C00F704723
:10376000002070479FED010B704700BF0000000074
:103770000000F87FF0B453EC102BC3F30A55A5F208
:10378000FF30132884B019464FEAD37710EE104A61
:103790002CDC002847DB3C4D054103EA05061643B7
:1037A00029D06D082B401C430CD04FF480231328E4
:1037B00021EA050543FA00F141EA05010CBF4FF08B
:1037C00000440024314800EBC70797ED000B0B467F
:1037D000224643EC172B37EE007B8DED027B9DEDEF
:1037E000027B37EE400B04B0F0BC7047332807DD96
:1037F000B0F5806F44D043EC102B04B0F0BC7047A0
:10380000A5F213454FF0FF30E8400242F3D04008E4
:103810000242D7D04FF0804324EA000043FA05F576
:1038200045EA0004CEE723F00040104310EE106A92
:10383000E1D0C3F313000643704206431348590C0A
:10384000360B490406F4002600EBC70046EA0103E4
:1038500090ED006B43EC172B37EE067B8DED027B72
:103860009DED027B37EE467B8DED007B0199DDE916
:10387000002321F0004141EAC77343EC102BBCE761
:1038800030EE000BB9E700BFFFFF0F008002002001
:103890000000000010B52DED028B82B08DED000B05
:1038A000019B0099C3F30A522ABB23F000430B4348
:1038B0002DD09FED367B3D4A20EE077B90428DED6B
:1038C000007B019B29DBC3F30A52363A841840F28D
:1038D000FE72944230DC002C27DD23F0FF41DDE94D
:1038E000002321F4E00141EA045343EC102B02B021
:1038F000BDEC028B10BD40F2FF718A42E6D19DED16
:10390000007B37EE070B02B0BDEC028B10BD9DEDC6
:10391000000B02B0BDEC028B10BD9FED1E0B27EE1D
:10392000000B02B0BDEC028B10BD14F1350F11DAA3
:103930004CF2503398421DDD9FED188B9DED001B1E
:10394000B0EE480B00F034F820EE080B02B0BDECEE
:10395000028B10BD23F0FF41DDE9002321F4E001DB
:10396000363441EA04539FED0F0B43EC172B27EE3F
:10397000000BBCE79FED078B9DED001BB0EE480BE5
:1039800000F016F820EE080BB1E700BF00000000C1
:103990000000504359F3F8C21F6EA5019C750088C2
:1039A0003CE4377E000000000000903CB03CFFFF8C
:1039B00053EC102B11EE900A23F0004100F0004070
:1039C00041EA000343EC102B704700BF0B46014651
:1039D000184600F0C5B900BF53B94AB9002908BF5D
:1039E00000281CBF4FF0FF314FF0FF3000F07EB9D0
:1039F000ADF1080C6DE904CE00F006F8DDF804E046
:103A0000DDE9022304B070472DE9F0478C460E46ED
:103A10000446089D002B50D18A4217466CD9B2FA51
:103A200082FEBEF1000F0BD0CEF1200420FA04F488
:103A300001FA0EF644EA060C02FA0EF700FA0EF44A
:103A40004FEA1749220CBCFBF9F01FFA87F809FB73
:103A500010C642EA064600FB08F3B34209D9F6193C
:103A600000F1FF3280F02281B34240F21F81023820
:103A70003E44F61AA2B2B6FBF9F309FB136642EA1A
:103A8000064403FB08F8A04509D9E41903F1FF3205
:103A900080F00A81A04540F20781023B3C44C8EB1C
:103AA000040443EA00400021002D62D024FA0EF401
:103AB00000232C606B60BDE8F0878B4207D9002D96
:103AC00055D0002185E841000846BDE8F087B3FAEB
:103AD00083F1002940F09080B34202D3824200F289
:103AE000F880841A66EB03060120B446002D40D00E
:103AF00085E81010BDE8F08712B90127B7FBF2F78F
:103B0000B7FA87FEBEF1000F35D1F31B4FEA174815
:103B10001FFA87FC0121B3FBF8F0220C08FB1036DA
:103B200042EA06460CFB00F3B34207D9F61900F14E
:103B3000FF3202D2B34200F2CE801046F61AA2B291
:103B4000B6FBF8F308FB136642EA06440CFB03FCE1
:103B5000A44507D9E41903F1FF3202D2A44500F2CB
:103B6000B5801346CCEB040443EA00409CE72946A9
:103B70002846BDE8F087CEF1200106FA0EF307FAD9
:103B80000EF720FA01F94FEA1748CE4049EA030937
:103B9000B6FBF8FA4FEA194408FB1A661FFA87FCCD
:103BA00044EA06430AFB0CF29A4200FA0EF40AD9E0
:103BB000DB190AF1FF3180F087809A4240F284805D
:103BC000AAF1020A3B449B1A1FFA89F9B3FBF8F1E8
:103BD00008FB113349EA034301FB0CF69E4207D967
:103BE000DB1901F1FF326BD29E4269D902393B44A5
:103BF0009B1B41EA0A418EE7C1F1200E22FA0EF426
:103C00008B40234320FA0EF706FA01F44FEA134CD7
:103C100026FA0EF63C43B6FBFCF9270C0CFB1966A2
:103C20001FFA83F847EA064609FB08F7B74202FA8B
:103C300001F200FA01FA08D9F61809F1FF3041D271
:103C4000B7423FD9A9F102091E44F61BA0B2B6FB48
:103C5000FCF40CFB146640EA064704FB08F8B84580
:103C600007D9FF1804F1FF3028D2B84526D9023C05
:103C70001F4444EA0940C8EB0707A0FB02894F45EF
:103C800044464E4614D329D065B3BAEB040367EB20
:103C9000060707FA0EFECB40CF404EEA030385E845
:103CA00088000021BDE8F0871346F8E61046E0E6FC
:103CB000B8EB020469EB03060138E5E70446D8E7F0
:103CC000114695E78146C0E78A467CE7023B3C44C3
:103CD00048E708460AE702383E442FE7C245E7D3E3
:103CE0003E46D1E72946BDE8F08700BF704700BFD8
:103CF000024B0A460146186800F002B890620020A4
:103D000010B502FB01F100F0D9F80446D8B150F823
:103D1000042C22F00302043A242A18D8132A14D9B6
:103D200000231B2A0360436016D9242A8360C360E2
:103D300011BF00F110020361436100F1180200237A
:103D4000136053609360204610BD0246F7E70021E0
:103D500000F018FC204610BD00F10802EFE700BF9C
:103D600013460A460146022004F05EBB0023B7EE6C
:103D7000C00A05F081BA00BF014B1868704700BF48
:103D80009062002070B50F4E0F4D761BB61018BF15
:103D9000002405D0013455F8043B9847A642F9D1D8
:103DA0000A4E0B4D761B06F099FDB61018BF002485
:103DB00006D0013455F8043B9847A642F9D170BDAE
:103DC00070BD00BFD82C0260D82C0260EC2C0260C1
:103DD000D82C026010B5044600F056F82044407814
:103DE00000F0070010BD00BF10B5044600F04CF80D
:103DF0002044407800F00300A0F10200B0FA80F007
:103E0000400910BD10B5044600F03EF8204440784B
:103E100000F00300A0F10100B0FA80F0400910BDED
:103E2000931E222B10D80A2A10B506D000230C4668
:103E3000194402F0BFFE204610BD0028F6DA2D23FB
:103E40000B7040420123F2E700200870704700BF6A
:103E5000FFF7E6BF034A044B1268506B002808BF07
:103E60001846704790620020145D0020044B054AFC
:103E70001B685B6B002B08BF134693F82801704743
:103E800090620020145D002008B5034B1868FFF70E
:103E9000E1FFD0F8EC0008BD90620020024B014623
:103EA000186800F00BB800BF90620020024B01467A
:103EB000186805F0D9BB00BF906200202DE9F04FD3
:103EC00001F10B05162D83B0064640F29F8035F0B8
:103ED000070500F1BF80A94200F2BC8000F0A0FB02
:103EE000B5F5FC7FC0F09C826B0A00F0BA80042B11
:103EF00000F28381A80900F1390E4FEA4E033830F1
:103F0000C44F07EB8303A3F108015C68A14207D10A
:103F1000ACE0002A80F2AC80E468A14200F0A68008
:103F2000636823F003035A1B0F2AF2DDB9493C6989
:103F300001F1080E744500F0B381636823F00303B8
:103F40005A1B0F2A00F39981002AC1F814E0C1F826
:103F500010E080F29E80B3F5007F80F06781DB087F
:103F600003F1010C01229B1002FA03F34A6851F895
:103F70003C80C4F8088001EBCC091A43A9F108037E
:103F8000E3604A6041F83C40C8F80C4083100124CB
:103F90009C40944200F28A80144206D120F0030033
:103FA0006400144200F10400FAD007EBC009CC46CB
:103FB0008046DCF80C108C4507D173E1002A80F2B2
:103FC0008181C9688C4500F06D814B6823F0030343
:103FD0005A1B0F2AF2DD0C46D1F80CC054F8088F9A
:103FE0004B1945F001054D6042F00101C8F80CC0C5
:103FF0003046CCF808807B613B61C3F80CE0C3F825
:1040000008E059609A5000F00DFB1FE0102921D8FC
:1040100000F006FB1025062302207E4F07EB8303EA
:10402000A3F108025C68944200F045816368E1688E
:10403000A56823F00303234430465A68E96042F040
:1040400001028D605A6000F0EDFA0834204603B09A
:10405000BDE8F08F00240C232046336003B0BDE898
:10406000F08F80234FF0400E3F2049E770465DE718
:104070002344E1685A68A56842F00102E9603046CD
:104080008D605A6000F0CEFA0834204603B0BDE8D7
:10409000F08F234430465A6842F001025A6000F023
:1040A000C1FA0834204603B0BDE8F08FBC686368ED
:1040B00023F00308A84504D3C5EB08030F2B00F336
:1040C0008C80554BDFF860911A68D9F800300133C5
:1040D0002A4404EB080A00F0608102F580520F3296
:1040E00022F47F6222F00F0211463046019200F066
:1040F00005FDB0F1FF3F8346019A00F058818245EB
:1041000000F2FC80454B1968DA451144196000F053
:104110005381D9F80000DFF810E101301BBFCAEB72
:104120000B0A5144CEF800B019601BF0070100F0F3
:104130001781C1F10800C1F58051834408315A4408
:10414000C2F30B02C2EB010949463046019300F06D
:10415000D5FC431C019B00F03F81CBEB00024A449D
:1041600042F001021968C7F808B04944BC42CBF8D4
:1041700004201960DFF8A49016D0B8F10F0F40F2B8
:10418000FD806268A8F10C0323F00703E01802F039
:1041900001024FF0050E1A430F2B6260C0F804E0D5
:1041A000C0F808E000F21C811D4BBC681A689142FF
:1041B00088BF19601B4B1A689142626888BF1960FA
:1041C00022F003029542A2EB050301D80F2B04DC79
:1041D000304600F027FA002438E7621943F0010363
:1041E00045F0010565603046BA60536000F01AFA88
:1041F0000834204603B0BDE8F08F142B71D9542B3E
:1042000000F2A480280B00F16F0E4FEA4E036E30CF
:1042100076E600BF805E002098E8002068E8002075
:1042200090E8002094E80020886200205A0A042ABE
:104230005ED9142A00F2B38002F15C0149005B32BE
:1042400007EB810C57F82110DFF8DC81ACF1080C8A
:104250008C4500F088804A6822F00302934202D223
:1042600089688C45F7D1D1F80CC07A68C4F80CC0C5
:10427000A160CCF80840CC6088E6631942F00107E1
:1042800045F00105656030464B610B61C3F80CE0F9
:10429000C3F808E05F609A50083400F0C3F9D5E62F
:1042A0004A6873E608F1010818F0030F0CF1080CD6
:1042B0007FF47FAE30E0DC68A34208BF02303FF4F9
:1042C00035AEB3E60B440C465A68C96854F8085F2B
:1042D00042F001025A603046E9608D6000F0A2F9B8
:1042E000B4E603F15C0E03F15B004FEA4E0307E610
:1042F0009A0902F1390149003832A1E7BC424A4B20
:104300003FF400AF9C68626822F003025AE759F854
:104310000839994540F0828010F0030F00F1FF301A
:10432000F5D17B6823EA04037B6064009C423FF67E
:10433000BDAE002C3FF4BAAE1C4240467FF435AE11
:1043400064001C4200F10400FAD02EE6B3F5AA7F07
:1043500018D8E80B00F1780E4FEA4E037730CFE51E
:104360004FF48051EBE60121D8F80430921001FAA5
:1043700002F21A43C8F80420614677E70123CBF81C
:10438000043025E740F25452934220D8A80C00F1A3
:104390007D0E4FEA4E037C30B2E51032A4E6542A7B
:1043A00026D81A0B02F16F0149006E3248E7BC684B
:1043B000626822F0030205E7CAF30B0000287FF4CD
:1043C000A8AE4244BB6842F001025A60ECE6FE230C
:1043D0004FF07F0E7E2093E501224FF00009C1E6E9
:1043E00004F10801304605F03FF9D9F80010DBE68A
:1043F000B2F5AA7F05D8DA0B02F1780149007732CD
:104400001EE740F254518A4205D89A0C02F17D0110
:1044100049007C3214E7FE217E2211E77B6884E7A5
:10442000E808431C5B00F8E5805E002082B049B1DB
:104430005AB16BB113780B601278101C18BF0120B1
:1044400002B0704701A9002AF3D1104602B07047AC
:104450006FF00100F4E700BF032A70B426D940EAE8
:1044600001039B0711D004780D78AC4222D102449D
:10447000431C05E013F8014B11F8015FAC4219D160
:104480009342F7D1002070BC70470C4603461E686B
:104490002568AE421846214603F1040304F10404E2
:1044A000E1D1043A032A18462146F0D8002ADAD18D
:1044B0001046E8E7601B70BC704700BF8842F0B54B
:1044C0000DD98B1898420AD28118002A51D09A1A15
:1044D00013F8014D01F8014D9342F9D1F0BD0F2AB7
:1044E00048D941EA00039B0746D100F1100401F1CD
:1044F0001003154653F8106C44F8106C53F80C6C0C
:1045000044F80C6C53F8086C44F8086C103D53F8F0
:10451000046C44F8046C0F2D03F1100304F1100433
:10452000E8D8A2F1100323F00F0302F00F0E1033AE
:10453000BEF1030F1944034421D91E1F0D467446D2
:10454000043C55F8047B46F8047F032CF8D8AEF100
:10455000040424F0030404342344214402F003023D
:1045600062B1013B0A4411F8014B03F8014F8A4242
:10457000F9D1F0BD0346F3E70346F2E7F0BD72461A
:10458000EEE700BF70B4840746D0541E002A41D025
:10459000CDB2034602E0621EE4B3144603F8015BA9
:1045A0009A07F8D1032C2ED9CDB245EA05250F2C58
:1045B00045EA054519D903F110022646103E0F2E93
:1045C00042F8105C42F80C5C42F8085C42F8045C6B
:1045D00002F11002F2D8A4F1100222F00F0204F04E
:1045E0000F041032032C13440DD91E462246043A00
:1045F000032A46F8045BFAD8221F22F00302043291
:10460000134404F003042CB1C9B21C4403F8011B89
:10461000A342FBD170BC704714460346C2E700BFFB
:10462000704700BF704700BF0FB400B5074983B0A3
:1046300004AB086853F8042B8168019302F0FAFA7E
:1046400003B05DF804EB04B0704700BF9062002037
:10465000034B1B6801469A68184605F081BE00BFEF
:1046600090620020F0B5054689B008460C4600F07F
:104670000DFDAB6B144F04940126441C04A90222C7
:1046800003940590AC680697079601910292B3B126
:10469000B4F90C309A0406D4626E43F4005322F449
:1046A0000052A38162662146284601AA05F0C4F89B
:1046B000002814BF4FF0FF300A2009B0F0BD284693
:1046C00004F07AFFE4E700BF84280020024B014693
:1046D0001868FFF7C7BF00BF9062002010B40C4BF2
:1046E0000C4C19680C4AD1F8A830D1F8AC0004FB86
:1046F00003F402FB0040A3FB02230344013243F115
:104700000003C1E92A2323F000405DF8044B704701
:10471000906200202DF451582D7F954C2DE9F04FDB
:10472000174683B0002900F0C1800E46814607F18C
:104730000B05FFF775FF56F804EC162D2EF0030459
:10474000A6F1080840D810221546AF4241D894423D
:1047500075DAC94B996808EB04008842416800F09B
:10476000D98021F0010303445B68DB077DD51EF08F
:10477000010F35D039464846FFF7A0FB0746E0B1A8
:1047800056F8043C23F001034344A0F108029A4286
:1047900000F04481221F242A00F23181132A00F202
:1047A0000481034632461168196051685960926865
:1047B0009A603146484604F057FF4846FFF732FFFB
:1047C000384603B0BDE8F08F25F00705002D2A46D6
:1047D000BBDA0C230020C9F8003003B0BDE8F08F2D
:1047E00056F8083CC3EB080ADAF8043023F0030C4F
:1047F00004EB0C039342BDDB5746DAF80C1057F874
:10480000080F221F242AC160886000F21781132A32
:1048100040F212813168CAF808107168CAF80C10A9
:104820001B2A00F22B8108360AF110023168116050
:1048300071685160B16891603E461C46D046631B6A
:104840000F2B1DD8D8F8043003F001032343444450
:10485000C8F80430636843F0010363604846FFF71B
:10486000E1FE304603B0BDE8F08F21F003012144A2
:10487000914221DBC36882680C46D3609A60DEE710
:10488000D8F8042008EB050102F00102154343F0BB
:1048900001020B44C8F804504A605A6842F0010211
:1048A00008315A60484604F0DFFED7E7114603B0EE
:1048B000BDE8F04FFFF702BB1EF0010F7FF45AAFC7
:1048C00056F8083CC3EB080ADAF8043023F0030C6E
:1048D00001EB0C0E96458BDBC36882685746D360AC
:1048E0009A6057F8081FDAF80C30CB60221F242A90
:1048F000996000F29980132A62D93368CAF80830A7
:104900007368CAF80C301B2A00F2A08008360AF13E
:10491000100356E021F0030BA34405F1100083457A
:1049200059DA1EF0010F7FF425AF56F8081CC1EBD1
:10493000080ADAF8041021F0030CE34458453FF765
:1049400057AF5746DAF80C1057F8080F221F242AE1
:10495000C160886000F2B480132A40F2A5803168FB
:10496000CAF808107168CAF80C101B2A00F2AF8050
:1049700008360AF110023168116071685160B1683F
:1049800091600AEB0501C5EB0B0242F00102996050
:104990004A60DAF8043003F001031D434846CAF8C0
:1049A0000450FFF73FFE38465CE7336803607368E6
:1049B00043601B2A27D800F1080306F10802F2E63B
:1049C0003B4632681A6072685A60B2689A603E4626
:1049D0007446D04633E708EB0501C5EB0B0B4BF0F3
:1049E000010299604A6056F8043C03F001031D433C
:1049F000484646F8045CFFF715FE304632E731467C
:104A0000FFF75CFDD5E6B3688360F368C360242AD2
:104A100028D000F1100306F11002C4E650F8043C5F
:104A200023F003031C440AE7314638467446D04657
:104A3000FFF744FD3E4602E73A46F7E63146384680
:104A40001C46D046FFF73AFD3E46F8E6B368CAF882
:104A50001030F368CAF81430242A1BD010360AF13B
:104A60001803AEE7336903617369436106F1180205
:104A700000F1180397E600BF805E0020B168CAF815
:104A80001010F168CAF81410242A0FD010360AF159
:104A90001802CBE63369CAF818307369CAF81C30BB
:104AA00018360AF120038CE73A4664E73269CAF8FF
:104AB00018207269CAF81C2018360AF12002B5E6DF
:104AC000314638460193FFF7F9FC019B59E7B1687D
:104AD000CAF81010F168CAF81410242A03D010364E
:104AE0000AF1180247E73269CAF818207269CAF851
:104AF0001C2018360AF120023DE700BF38B5074CEC
:104B00000023054608462360FCF7ACFA431C00D09E
:104B100038BD2368002BFBD02B6038BD2CF700205C
:104B20000CB4F0B5244B00299DB01D683EDB4FF45A
:104B300002730C4602900690ADF8143023AE17D0E5
:104B40004C1E229A049433464FF6FF7702A928465A
:104B500007940196ADF8167000F074FD421C1BDB43
:104B6000029B00221A701DB0BDE8F04002B07047F1
:104B700033464FF6FF77229A049402A928460794F9
:104B80000196ADF8167000F05DFD431C07DB1DB00B
:104B9000BDE8F04002B070478B232B60E0E78B2329
:104BA0002B601DB0BDE8F04002B070478B232B6036
:104BB0004FF0FF30EBE700BF9062002041EA0003B6
:104BC0009B0710B414D10B68A3F1013222EA03024F
:104BD00012F0803F0CD10C1D40F8043B214654F8E4
:104BE000043BA3F1013222EA030212F0803FF3D02A
:104BF000034611F8012B184603F8012B002AF8D1BF
:104C00005DF8044B704700BF70B411F0FF0434D05E
:104C100085070FD00378002B5AD09C422BD0431C21
:104C200005E013F8012B002A4FD0944223D09A07B5
:104C30001846F6D10E0206F47F462643036846EA7C
:104C4000064601E050F8043F86EA0305A5F101326B
:104C5000A3F1013122EA050221EA0303134313F011
:104C6000803FEFD0037823B932E010F8013F002BEA
:104C70002ED09C42F9D170BC704784070BD00378CA
:104C8000002BF8D0431C03E002780133002AF2D055
:104C900099071846F8D10268A2F1013323EA02030A
:104CA00013F0803F08D150F8042FA2F1013323EA1A
:104CB000020313F0803FF6D00378002BDBD010F80E
:104CC000013F002BFBD170BC7047104670BC704791
:104CD000184670BC704700BF0000000000000000D4
:104CE000000000000000000000000000A2EB030034
:104CF000704700BF02780B78012A28BF9A42F5D18D
:104D00006DE9044540EA0104CDE902676FF0000C4B
:104D10004FEA447212B380EA010414F0070F6AD11B
:104D200000F0070420F0070004F0030521F007015C
:104D30004FEAC505F0E8042314F0040FF1E8046716
:104D40000CFA05F462EA040266EA04060AD063EA91
:104D50000403624667EA0407664603E0F0E80423BA
:104D6000F1E8046782FA4CF582EA0604A4FA8CF4AE
:104D70006CBB83FA4CF583EA0705A5FA8CF595B967
:104D800050E9022351E9026782FA4CF582EA0604EF
:104D9000A4FA8CF483FA4CF583EA0705A5FA8CF59E
:104DA0002543DBD09CB92DBAB5FA85F424F007046D
:104DB00027FA04F1DDE9026723FA04F303F0FF00A8
:104DC00001F0FF01FDE80445A0EB0100704724BAA3
:104DD000B4FA84F424F0070426FA04F1DDE902674A
:104DE00022FA04F202F0FF0001F0FF01FDE80445A1
:104DF000A0EB0100704714F0030F3CD110F0030446
:104E000028D150F8082B51F8083B82FA4CF582EA79
:104E10000305A5FA8CF55DB950F8042C51F8043C53
:104E200082FA4CF582EA0305A5FA8CF5002DE8D04C
:104E30002DBAB5FA85F424F0070423FA04F122FA16
:104E400004F202F0FF0001F0FF01FDE80445A0EBD1
:104E5000010070474FEAC40420F0030050F8082B0B
:104E600021F0030151F8083B0CFA04F462EA040251
:104E700063EA0403C9E710F003041AD0A1EB0401AC
:104E800020F00300E40750F8042B06D00FD28B78F3
:104E90005FFAA2F4E41A06D12BB1CB785FFAB2F430
:104EA000E41A00D11BB920465DF8104B704701F1A0
:104EB000040150F8042BCC0721F0030151F8043B06
:104EC00048D824D222F07F4482FA4CF594EA132584
:104ED000A5FA8CF50AD165B951F8043B84EA0204BD
:104EE000B4EB036F0ED150F8042BEBE74FEA13231A
:104EF00055E035F07F454DD10878FDE80445C0F117
:104F0000000070474FEA126203F0FF0347E002EA35
:104F10001C4482FA4CF594EA1345A5FA8CF50AD1A3
:104F200065B951F8043B84EA0204B4EB034F0CD199
:104F300050F8042BEBE74FEA134330E015EA1C4529
:104F400028D10B884FEA124229E04FEA124203EAC5
:104F50001C4324E002F0FF0482FA4CF594EA136546
:104F6000A5FA8CF50AD165B951F8043B84EA02042C
:104F7000B4EB032F09D150F8042BEBE74FEA13638E
:104F80000DE015F0FF0F05D10B684FEA122223F058
:104F90007F4304E04FF00000FDE80445704712BA7B
:104FA0001BBA82FA4CF482EA0304A4FA8CF5B5FA2F
:104FB00085F402FA04F203FA04F34FEA1260FDE802
:104FC0000445A0EB1360704780EA0102844612F0AA
:104FD000030F4FD111F0030F32D14DF8044D11F0F2
:104FE000040F51F8043B0BD0A3F101329A4312F0A5
:104FF000803F04BF4CF8043B51F8043B16D100BF7E
:1050000051F8044BA3F101329A4312F0803FA4F10E
:1050100001320BD14CF8043BA24312F0803F04BF95
:1050200051F8043B4CF8044BEAD023460CF8013B02
:1050300013F0FF0F4FEA3323F8D15DF8044B7047AC
:1050400011F0010F06D011F8012B0CF8012B002AEA
:1050500008BF704711F0020FBFD031F8022B12F0D9
:10506000FF0F16BF2CF8022B8CF8002012F47F4F94
:10507000B3D1704711F8012B0CF8012B002AF9D19C
:10508000704700BF000000000000000090F800F032
:105090006DE9024520F007016FF0000C10F00704E5
:1050A00091F820F040F049804FF000046FF00700C5
:1050B000D1E9002391F840F000F1080082FA4CF2A7
:1050C000A4FA8CF283FA4CF3A2FA8CF34BBBD1E92D
:1050D000022382FA4CF200F10800A4FA8CF283FA5F
:1050E0004CF3A2FA8CF3E3B9D1E9042382FA4CF22F
:1050F00000F10800A4FA8CF283FA4CF3A2FA8CF3C4
:105100007BB9D1E9062301F1200182FA4CF200F1CA
:105110000800A4FA8CF283FA4CF3A2FA8CF3002B69
:10512000C6D0002A04BF04301A4612BAB2FA82F27C
:10513000FDE8024500EBD2007047D1E9002304F0FE
:105140000305C4F100004FEAC50514F0040F91F8FF
:1051500040F00CFA05F562EA05021CBF63EA05039C
:1051600062464FF00004A9E72DE9F0414FF0010E2F
:10517000744600254FF0FF362B198B4200EB0607D3
:105180000DD23F5D10F803C0BC452DD21D46012451
:10519000C6EB030E2B198B4200EB0607F1D34FF041
:1051A0000108C2F800E0444600254FF0FF372B19F4
:1051B000994200EB070E0ED91EF804E010F803C068
:1051C000F44518D91D460124C7EB03082B19994251
:1051D00000EB070EF0D80137701C874224BFC2F8DD
:1051E00000803846BDE8F0810CD04FF0010E2E460D
:1051F00074467544C0E70CD04FF001082F46444672
:105200004544D4E7744509BFA64601341D46012430
:10521000B2E7444509BFA04601341D460124C6E754
:105220002DE9F04FADF2144D164605468B4610465B
:10523000194603AA1C46FFF797FF03AB81460DF200
:105240000C4243F8044F9342FBD14CB1631E3246EB
:1052500004A812F8011B40F8213013F1FF33F8D2F3
:1052600003994A4631443046FFF7F6F8002871D1D9
:1052700009F1FF330093F3188246019323468046D9
:10528000544658469A4608EB0A073A1A0021284421
:1052900004F004FD002858D1002F56D0EB1904AAC1
:1052A00013F8013C52F823304BB124B1039A9342D6
:1052B00001D2C2EB0A03984400243846E3E74C4588
:1052C00023460AF1FF3E38BF4B46734513D208EB25
:1052D000030216F803C0A85C84452A4406EB0301C8
:1052E00006D02EE011F801CF12F8010F844528D125
:1052F00001337345F6D34C45009980F08B80009BB9
:10530000019808EB03020378A85C83422A4440F02A
:105310008180019B06EB040B06E013F801ED12F807
:10532000010D864504D161469B4501F1FF3CF4D156
:1053300001348C4270D8039C3846A044C4EB0A0464
:10534000A1E7C9F101029044B5E700200DF2144D28
:10535000BDE8F08FC9EB04034B4538BF4B46013322
:1053600009F1FF38039306EB080358464FF0000A93
:10537000CB4699460AEB04073A1A0021284404F068
:105380008DFC0028E1D1002FDFD0EB1904AA13F81F
:10539000013C52F82330A3BB611E8B4515D20AEBAA
:1053A0000B0216F80B3015F802E09E452A4406EB76
:1053B0000B005B4606D027E010F801CF12F801EF92
:1053C000F44521D101338B42F6D3B8F1FF3F11D020
:1053D0000AEB080299F80010AB5C99422A440FD1FD
:1053E0004B4605E013F8010D12F8011D884207D164
:1053F000B342F7D105EB0A000DF2144DBDE8F08F72
:10540000039B9A443846B5E7CBF1010292449A4493
:105410003846AFE749468BE705EB080096E700BF43
:105420000378002B00F004812DE9F04F91F8008003
:1054300085B04446B8F1000F16D0864601F1010C44
:10544000012703E012F8014B6CB194469C4214BF53
:10545000002707F001071EF8013F6246002BF1D13B
:105460009CF800300BBB17B105B0BDE8F08F0E46BD
:10547000054641460130C6EB0C04FFF7C5FB074665
:1054800098B1012CF0D02819874294BFC7EB000BCC
:105490004FF0010B1F2C0CD9234632465946384693
:1054A000FFF7BEFE05B0BDE8F08F002005B0BDE8F7
:1054B000F08F03AA21463046FFF756FE0399804637
:1054C000024631443046FEF7C7FF002858D108F1A4
:1054D000FF330193F3188146054600935846B246C0
:1054E0006619321A0021384404F0D8FB0028DCD1B8
:1054F000002EDAD0C845434638BF4B469C4212D9ED
:105500005A191AF80310B85C88423A440AEB030EA1
:1055100006D02DE01EF8010F12F8011F884227D196
:1055200001339C42F6D8019BC845194640F283805E
:10553000EA1800980378B85C83423A447BD1009B18
:105540000AEB090B06E013F801CD12F801EDF44562
:1055500004D101465B4501F1FF30F4D109F10109A5
:10556000894557D8039B30461D44C3EB0409B7E770
:10557000C8F1010215441D444FF000093046AFE761
:10558000C8EB0403434538BF4346013308F1FF39F4
:10559000039306EB090358460025BB469A46671954
:1055A0003A1A0021584404F079FB00287FF47DAFBB
:1055B000002F3FF47AAF444515D908EB050216F8E1
:1055C00008301BF8020098425A4406EB0801434693
:1055D00006D023E011F801EF12F8010F86451DD126
:1055E00001339C42F6D8B9F1FF3F12D005EB090216
:1055F0009AF800101BF8023099425A4414D15346CD
:1056000005E013F8010D12F8011D88420CD1B342D8
:10561000F7D15F46781905B0BDE8F08FC8F10102F7
:1056200015441D443846BAE7039B38461D44B6E787
:105630000B7813B97047414690E70020704700BFD0
:10564000000000002DE9F04F2DED068BB9B00C469F
:10565000039192460993059004F09AFA0368109317
:105660001846FFF713FDA3890F90190603D5236988
:10567000002B01F07D8000239FEDA48B9FEDA59B67
:105680000D931D931C931193069328AB1B9399467E
:105690009AF800305446EBB1252B02D11AE0252BA5
:1056A00003D014F8013F002BF9D1CAEB04058DB1EA
:1056B0001C9B1D9AC9F800A001332A44072BC9F886
:1056C00004501D921C9300F3A38009F10809069B66
:1056D0002B4406932378002B00F0A38000231A4666
:1056E0008DF84F30194607939B464FF0FF3863788B
:1056F00004F1010A45460AF1010AA3F120005828E5
:1057000000F2F883DFE810F06303F603F6036B039F
:10571000F603F603F603F603F603F60370037E03BF
:10572000F6035D00DF00F603FB000C010C010C0129
:105730000C010C010C010C010C010C01F603F60329
:10574000F603F603F603F603F603F603F603F60391
:105750001C015E01F6035E01F603F603F603F60391
:10576000A102F603F603A602F603F603F603F60318
:10577000F603D802F603F6030503F603F603F60371
:10578000F603F603F603F603F603F603F603430304
:1057900056035E015E015E015E035603F603F603E7
:1057A000A403F603B103A2006200C303F603C80317
:1057B000F6038303F603F6038B030798099340422D
:1057C00007904BF0040B9AF8003094E7A84609982C
:1057D00000213023782288458DF8503004688DF8F8
:1057E000512000F104074FF000058DF84F104BF0E9
:1057F0000203C0F29C832BF0800343F0020B54EAB7
:105800000503099700F069830F460C924348AEE206
:105810001BAA0399059804F009FE48B90DF1A009E7
:1058200055E71D9B23B1059803991BAA04F0FEFDC3
:10583000039B9B8913F0400F069B18BF4FF0FF336B
:10584000184639B0BDEC068BBDE8F08F0C93A84626
:10585000002A41F09A811BF0200300F00682099F84
:10586000073727F00703002703F10802B84509921C
:10587000D3E900458DF84F70C0F25E8654EA050307
:105880002BF0800B00F04B8328AEE20842EA457211
:10589000E90804F007030D461446303354EA0502C4
:1058A00006F8013DF1D11BF0010F00F02782302BEB
:1058B00000F024823022731E06F8012C28AAD21A86
:1058C00008921E461DE29AF800302A2B0AF10104C4
:1058D00001F02F81A3F13000092898BF002501F2C3
:1058E000D58014F8013B05EB850500EB4505A3F1D8
:1058F00030000928F5D945EAE575A246FDE64BF0EA
:10590000800B9AF80030F6E6AFF30080000000004C
:1059100000000000FFFFFFFFFFFFEF7FA850002007
:10592000A3F1300000231C461AF8013B04EB840469
:1059300000EB4404A3F130000928F5D90794DCE614
:105940000C93A846002A41F02C814BF0100B1BF061
:10595000200F00F00385099F073727F00707D7E9D5
:10596000002307F10801099114461D46002A73F12E
:105970000003C0F23785B8F1000F9DF84F70C0F2F8
:10598000B58154EA05032BF0800B00F0F683002D5F
:1059900008BF0A2CC0F0AE8128AE204629460A2254
:1059A0000023FEF719F8303206F8012D204629466B
:1059B00000230A22FEF710F804460D4654EA0503B8
:1059C000EBD19BE10C93A846002A41F0E680099FA9
:1059D0001BF0080F07F1070700F0408627F00703C8
:1059E00093ED008B03F108020992B0EEC87BB4EE90
:1059F000497BF1EE10FA40F3BC85B5EEC08BF1EEB9
:105A000010FA00F1CA879DF84F70A74EA74B0C996A
:105A100003224FF0000804922BF0800B4729D8BFD7
:105A20001E460892CDF8388017B1049B01330493C9
:105A30001BF002030A9302D0049B023304931BF071
:105A400084030B9340F08082079B049A9C1A002CDD
:105A500040F37A82102C1D991C9A954F23DD4846FD
:105A60001025C146B046059E04E0103C102C00F104
:105A7000080015DD01321031072A1D911C920760C4
:105A80004560F2DD1BAA0399304604F0CFFC0028E4
:105A90007FF4CEAE103C102C1D991C9A28A8E9DC8E
:105AA0004646C846814601326318072A1D931C9258
:105AB000C9F80070C9F8044000F3E2839DF84F7004
:105AC00009F1080977B11C9A013201330DF14F0039
:105AD0000121072A1D931C9289E8030000F35F83CC
:105AE00009F108090A9A6AB11C9A0132023314A812
:105AF0000221072A1D931C9289E8030000F35B83AF
:105B000009F108090B9A802A00F07E82089AC2EBFC
:105B10000804002C34DD102C1C9A664F23DD494606
:105B20004FF01008B146059D039E04E0103C102C78
:105B300001F1080115DD01321033072A1D931C9273
:105B400081E88001F2DD1BAA3146284604F06EFC94
:105B500000287FF46DAE103C102C1D9B1C9A28A9C8
:105B6000E9DC4E46894601322344072A1D931C92E4
:105B7000C9F80070C9F8044000F3058309F1080969
:105B80001BF4807F40F0E2811C9A0898C9F80060FD
:105B900001320344072A1D93C9F804001C9200F344
:105BA000C28209F108091BF0040F3ED0079A04993C
:105BB000541A002C39DD102C1C9A3D4F22DD102583
:105BC000059EDDF80C8004E0103C102C09F108095A
:105BD00018DD01321033072A1D931C92C9F800709A
:105BE000C9F80450F0DD1BAA4146304604F01EFC03
:105BF00000287FF41DAE103C102C1D9B1C9A0DF14B
:105C0000A009E6DC01322344072A1D931C92C9F83F
:105C10000070C9F8044008DD1BAA0399059804F038
:105C200005FC00287FF404AE1D9B069A0799049892
:105C30008142ACBF521812180692002B40F07F82AE
:105C400000231C930DF1A00922E54BF0080B9AF8F4
:105C5000003050E50C93A846002A40F09A874BF09C
:105C6000100B1BF020037FF4FAAD1BF0100240F084
:105C700091831BF0400300F08D8309998DF84F202C
:105C80000B46B8F1000F03F104030C884FF0000538
:105C9000C0F2AB8554EA05012BF0800B099300F0AC
:105CA0003E811746F0E500BF9C5000209850002030
:105CB000380A0020685100200C93A846002A40F0C2
:105CC00059874BF0100B1BF0200300F0E782099F6F
:105CD000073727F00703002703F10802B8450992A8
:105CE000D3E900458DF84F70BFF64BAE54EA05037B
:105CF0007FF44DAE38AE303406F8414D28AB9B1BD7
:105D00000893089B4345B8BF4346049300230E9372
:105D10008AE60C93A846002A40F028871BF0200F43
:105D2000C24800F08680099F073727F00703D3E9B0
:105D3000004503F1080209921BF0010700F04782B9
:105D400054EA050300F0A384002730239DF8302097
:105D50008DF85030B8458DF851208DF84F704BF0CC
:105D60000203C0F217862BF0800343F0020B28AE2B
:105D7000230904F00F0143EA05732A091C4615465E
:105D8000435C06F8013D54EA0503F1D1B6E70999F1
:105D90000C930A688DF8782000230A461F468DF878
:105DA0004F30043201230493B8460E9709920893AA
:105DB0001EAE3DE60C93A846002A3FF4C8AD8DF810
:105DC0004F10C4E54BF0400B9AF8003093E49AF87A
:105DD000003000297FF48FAC012220218BE44BF0AE
:105DE000010B9AF8003086E4099C23680793184653
:105DF0000028234603F10403FFF6DFAC09939AF869
:105E0000003078E49AF8003001222B2173E40C93DF
:105E1000A846002A3FF457AF8DF84F1053E70C9374
:105E2000A846002A40F0AA861BF0200F80487FF485
:105E30007AAF099A1BF0100F134640F0C1821BF095
:105E4000400F00F0BD82043314880993002573E7E6
:105E50009AF800306C2B03BF9AF801304BF0200BFE
:105E60000AF1010A4BF0100B45E4002A40F06F865E
:105E70001BF0200F00F06683099A06991368CD176E
:105E80000846043229460992C3E9000100E44BF0B8
:105E9000200B9AF800302EE4099A0C93166800241F
:105EA0008DF84F40171D002E00F06585002DC0F2C3
:105EB000A2842A462146304603F0F0FE002800F076
:105EC000CC85831B0893A04623EAE37309970493C8
:105ED000CDF838809DF84F70A6E555480C92B8F182
:105EE000000F40F0848147464FF00008CDF8208035
:105EF00028AE06E70C93002A40F02D860C9A002A63
:105F00003FF48FAC002301211F4604918DF87820C7
:105F10008DF84F3098460E9308911EAE88E5B8F183
:105F2000000F00F08B85002700240025ACE44048DA
:105F30000C929B4654EA050309974FF000077FF443
:105F400016AF0024002512E71D9BBBE50C9A652ABD
:105F500040F3A180B5EE408BF1EE10FA40F049819C
:105F60001C9A3449C9F80010013201330121072A73
:105F70001D931C92C9F8041000F3928309F10809DB
:105F8000159A0D998A4203DB1BF0010F3FF40BAE0B
:105F90001C9A0F981099C9F8001001320344072A7F
:105FA0001D93C9F804001C9200F3D68309F1080977
:105FB0000D9A541E002C7FF7F6AD102C1C9A1E4F24
:105FC00040F3DC811025059EDDF80C8005E009F129
:105FD0000809103C102C40F3D18101321033072AFC
:105FE0001D931C92C9F80070C9F80450EFDD1BAA7C
:105FF0004146304604F01AFA00287FF419AC1D9B84
:106000001C9A0DF1A009E4E7079A0499541A002C90
:106010007FF77CAD102C1C9A074F2EDD49461025CA
:10602000C1461846B046059E0DE000BF4015002051
:10603000A85000205C15002068510020103C102C56
:1060400001F1080115DD01321030072A1D901C9264
:106050000F604D60F2DD1BAA0399304604F0E6F9AB
:1060600000287FF4E5AB103C102C1D981C9A28A941
:10607000E9DC46460346C846894601322344072ADE
:106080001D931C92C9F80070C9F8044000F34682C1
:1060900009F108093AE50D9AC9F80060012A1C9A2D
:1060A00003F1010302F101024FF001011D931C9263
:1060B000C9F8041040F31082072A00F3158209F191
:1060C00008090F981099C9F8001001320344072AF3
:1060D0001D931C92C9F8040000F3138209F108090A
:1060E000B5EE408BF1EE10FA0D9900F0F580013914
:1060F000013201360B44072AC9F800601C921D9337
:10610000C9F8041000F31D8109F108091198C9F8B4
:1061100004000132034417A9072A1D931C92C9F8F1
:1061200000107FF73EAD1BAA0399059804F07EF995
:1061300000287FF47DAB1D9B0DF1A00933E51BAA60
:106140000399059804F072F900283FF479ADFFF740
:106150006FBB0999B8F1000F0C688DF84F3001F151
:1061600004074FF00005C0F2718354EA0502099755
:106170002BF0800B1F467FF40AACB8F1000F3FF400
:10618000B3AE0024B6E51BAA0399059804F04EF9B6
:1061900000287FF44DAB1D9B0DF1A009F0E41BAA74
:1061A0000399059804F042F900287FF441AB1D9B48
:1061B0000DF1A00996E41BAA0399059804F036F99D
:1061C00000287FF435AB1D9B0DF1A0099AE4B8F1CE
:1061D000000F8DF84F70C0F26F8254EA05032BF068
:1061E000800B7FF4C4ADB8F1000F3FF47CAE002704
:1061F000A7E6159C002C40F361820E9A0D998A4205
:10620000A8BF0A46002A14460DDD1C9AC9F8006092
:1062100001322344072A1D93C9F804401C9200F35D
:10622000728309F108090E9A002CA8BF121B002ADC
:10623000144640F3F180102C1C9AC14F40F3198290
:1062400049461025B146DDF81480039E04E008316C
:10625000103C102C40F30B8201321033072A1D939F
:106260001C920F604D60F2DD1BAA3146404604F0DF
:10627000DDF800287FF4DCAA1D9B1C9A28A9E7E71B
:106280001BAA0399059804F0D1F800287FF4D0AA3E
:106290009DF84F701D9B0DF1A00913E41BF0100237
:1062A0007FF457AF1BF040033FF453AF09998DF8CB
:1062B0004F200B46B8F1000F03F104030C884FF098
:1062C0000005C0F2948254EA05012BF0800B09937B
:1062D00017467FF45CAB50E74C1E002C7FF716AFDF
:1062E000102C974F22DD1025059EDDF80C8004E070
:1062F000103C102C09F1080918DD01321033072A6F
:106300001D931C92C9F80070C9F80450F0DD1BAA57
:106310004146304604F08AF800287FF489AA103CF0
:10632000102C1D9B1C9A0DF1A009E6DC01322344C0
:10633000072A1D931C92C9F80070C9F804407FF722
:10634000E3AE1BAA0399059804F070F800287FF4C7
:106350006FAA1D9B1C9A0DF1A009D7E61BF0100F28
:1063600033D11BF0400F30D00999B1F9004004310E
:10637000E51722462B460991FFF7F8BA013223446C
:10638000072A1D931C92C9F80070C9F804407FF7D2
:1063900008ACC8E60999B8F1000F0C688DF84F30C9
:1063A00001F104074FF00005C0F2C58054EA050270
:1063B0002BF0800B09973FF4B2AD1F46FFF764BA8C
:1063C0001C68043309930025B6E4099A146813463F
:1063D0000433E51722460993002A2B4673F1000384
:1063E000BFF6C9AA64424FF02D0765EB4505B8F129
:1063F000000F8DF84F70FFF6CAAA2BF0800BFFF745
:10640000C6BA1BAA0399059804F010F800287FF477
:106410000FAA1D9B0DF1A0090E99159A31440D4646
:106420000D998A4247DB1BF0010F44D10D980644B9
:10643000741B821A9442A8BF1446002C26460DDD18
:106440001C99C9F800500131234407291D93C9F84C
:1064500004401C9100F3808209F10809002EACBFB2
:10646000941B1446002C7FF79EAB102C1C9A344FC3
:1064700084DD1025059EDDF80C8005E009F1080992
:10648000103C102C7FF77AAF01321033072A1D938E
:106490001C92C9F80070C9F80450EFDD1BAA4146F0
:1064A000304603F0C3FF00287FF4C2A91D9B1C9A4D
:1064B0000DF1A009E4E71C990F9C1098C9F80000A1
:1064C0000131234407291D93C9F804401C9100F3AE
:1064D000268209F10809A9E71BF0010F7FF4ECAD52
:1064E000072A7FF711AE2CE71BAA0399059803F042
:1064F0009DFF00287FF49CA91D9B1C9A0DF1A0090B
:10650000DFE51BAA0399059803F090FF00287FF4AC
:106510008FA91D9B1C9A0DF1A009E1E51BAA039907
:10652000059803F083FF00287FF482A91D9B0DF1DD
:10653000A009FFF7EBBA09970027FFF7A5B900BF3D
:10654000685100201BF0100F0BD11BF0400F08D03A
:10655000099A136804320992BDF818201A80FFF7CF
:1065600097B8099A136804320992069A1A60FFF7DD
:106570008FB8B4EE488BF1EE10FA80F19E820C9B3E
:10658000B8F1FF3F23F0200500F02582472D00F0F1
:1065900026814BF480730A9318EE903A002BC0F2D8
:1065A0001D82B0EE48AB00270C9B662B00F00282E8
:1065B000462B00F0EC80B0EE4A0B452D0CBF08F1E5
:1065C0000104444619AA16AB01920093224615AB6A
:1065D0000221059802F00EF80C9B672B064640F04E
:1065E0000E821BF0010F00F066823119B5EE40AB50
:1065F000F1EE10FA00F08581199B994206D93020FE
:106600005A1C19921870199B9942F9D89B1B472D57
:106610000D9300F01F810C9B652B40F3FF810C9BB9
:10662000662B159B00F0FC810E930E9A0D998A4201
:10663000C0F2D8811BF0010F40F0348222EAE273ED
:10664000089267220C92002F40F0F680B84604931F
:10665000DDF828B09DF84F70FFF7E6B927F007077F
:1066600007F1080397ED008B0993FFF7BEB94E467B
:10667000894601322344072A1D931C92C9F80070F1
:10668000C9F804403FF7BDAE09F10809C4E6002788
:10669000B8458DF84F70FFF654AC2BF0800B1EE41C
:1066A0001BAA0399059803F0C1FE00287FF4C0A837
:1066B0001D9B0DF1A00963E4099F3BE41C9AB949B5
:1066C000C9F80010013201330121072A1D931C92E1
:1066D000C9F8041076DC09F108092CB90D9A1AB929
:1066E0001BF0010F3FF45FAA1C9A0F981099C9F88C
:1066F000001001320344072A1D93C9F804001C92BC
:1067000000F3B68109F108096442002C40F3878048
:10671000102CA54F40F3128149461025B146DDF8F3
:106720001480039E04E00831103C102C40F30481D7
:1067300001321033072A1D931C920F604D60F2DD69
:106740001BAA3146404603F071FE00287FF470A872
:106750001D9B1C9A28A9E7E71BAA0399059803F03B
:1067600065FE00287FF464A81D9B0DF1A0091FE4BD
:1067700040210598FDF7A2FB039A106010610028E4
:1067800000F0ED81039A40235361FEF774BF19AA0C
:1067900016AB01920093424615AB0321B0EE4A0BB3
:1067A000059801F027FF444606460C9B462B06EB56
:1067B00004017FF41BAF3378302B00F08D81159CE2
:1067C000214413E71BAA0399059803F02FFE002824
:1067D0007FF42EA8159C1D9B0DF1A0097DE7B8F153
:1067E000000F08BF4FF00108D3E60993A4E6099310
:1067F0001746FFF77BBA3046FEF748FCA046034633
:106800000890FFF761BB1BAA0399059803F00EFEE1
:1068100000287FF40DA81D9B1C9A0DF1A0090D986E
:10682000C9F8006001320344072A1D931C92C9F87D
:1068300004007FF7B6A976E42D270493DDF828B08D
:106840008DF84F704FF00008FFF7EFB809971F461B
:10685000FFF74CBA159BDA1C02DB9845BFF6E4AE95
:106860000C9A023A0C92013B002B9DF830201593B4
:10687000B8BF5B428DF85C20B4BF2D222B22092BC0
:106880008DF85D2040F306810DF16B000446474A08
:1068900082FB0321DA17C2EBA10202EB8201A3EB18
:1068A000410303F13001092A134604F8011DEEDC0F
:1068B00021463033DAB201F8012D884240F262817C
:1068C0000DF15E01234601E013F8012B01F8012BC5
:1068D0009842F9D1431C1B1B0DF15E02134417AA09
:1068E0009B1A0D9A1193012A1344089340F3FF80D9
:1068F000089B0F9A1344002208930E9223EAE37335
:10690000A1E60B4682E61BAA0399059803F08EFDCB
:1069100000287EF48DAF1D9B0DF1A00983E41BAA16
:106920000399059803F082FD00287EF481AF159A43
:106930001D9B0DF1A00979E54E468946013223449D
:10694000072A1D931C92C9F80070C9F804403FF74C
:106950005AAF09F1080962E71BAA0399059803F0E9
:1069600065FD00287EF464AF159A0D991D9B8A1A67
:106970000DF1A00972E5062D2B4628BF06230893CA
:1069800023EAE373B04609970E9637460493084E00
:10699000FFF74AB89B46FFF7EAB92D278DF84F70ED
:1069A000FFF733B85C150020685100206766666603
:1069B000BC50002019AA16AB01920093032115AB1D
:1069C0004246B0EE4A0B059801F014FE44460646D6
:1069D00000EB0801EFE64FF00608DAE5B1EE48AB50
:1069E0002D27E1E50F9A0D9B13440E9A0893002A78
:1069F00040F38680672223EAE3730C9223E60C9B24
:106A0000472B7FF4F2AD1BF0010F7FF4CEAE199B44
:106A1000472DA3EB06030D933FF41CAF159B22E714
:106A2000002B1A460E9373DDB8F1000F4BD11BF00B
:106A3000010F48D123EAE373089204E61BF0010F2B
:106A4000474605D038AE302306F8413DFFF756B92A
:106A5000CDF8208028AEFFF754B925EAE5730997F1
:106A60000493089580460E909DF84F70FEF7DCBFAA
:106A70001BAA0399059803F0D9FC00287EF4D8AE30
:106A8000159C1D9B1C9A0DF1A0093DE6A246002510
:106A9000FEF733BE303330228DF85F308DF85E2044
:106AA00018AB1CE70F9A0E9B1344672208930C92B5
:106AB00023EAE373C7E5199BA8E53C4E3C4B9DF8E0
:106AC0004F70FEF7A4BF0E9B0F9A9D1805EB0803AD
:106AD000089323EAE373B6E5B5EE40ABF1EE10FAA6
:106AE0003FF46DAEC4F10104159421447EE51BF022
:106AF00001037FF4FDAE0E93089B23EAE373A2E546
:106B00000E9B089AC3F101031A441346089271E7D9
:106B1000B8F1000F02D11BF0010F07D00F9B5D1CD5
:106B200005EB0803089323EAE3738CE5012308933C
:106B300089E509989AF8013005680430002D09901C
:106B4000A246BEF6D8AD4FF0FF35FEF7D4BD8DF8A6
:106B50004F10FFF78DB98DF84F10FFF7CFB9059A99
:106B60000C2313604FF0FF30FEF76BBE8DF84F1013
:106B7000FFF7D4B88DF84F10FFF7A3B88DF84F107A
:106B8000FFF752B90DF15E03A9E68DF84F10FEF73D
:106B900062BE8DF84F10FFF762B88DF84F10FEF708
:106BA00016BF8DF84F10FEF7D0BE00BFA4500020D6
:106BB000A0500020F0B5DFF878E0164604460F46F6
:106BC000BEE80F008BB06D460FC5BEE80F000FC5C5
:106BD0009EE80300B31E45F8040B222B297022D82F
:106BE0007D1E2846002200E01A46B4FBF6F10AABEF
:106BF00006FB114423440C4613F8283C00F8013FDF
:106C0000531C0029F0D1F954BB184AB1197815F872
:106C1000010F29700134111B8C4203F80109F5DBC7
:106C200038460BB0F0BD002038700BB0F0BD00BF8F
:106C3000C45000202DE9F04F2DED068BB9B01C4655
:106C40008A4616460546059002F0A2FF0368109397
:106C50001846FEF71BFA09940F901DB1AB6B002B81
:106C600000F02781BAF90C2093B29F040AD4DAF815
:106C7000641042F4005321F40051AAF80C30CAF811
:106C800064109BB21D0740F1DB80DAF81020002A67
:106C900000F0D68003F01A030A2B00F0DF800023F7
:106CA0009FEDA68B9FEDA79B0D931D931C931193B6
:106CB000069328AB1B939946B3469BF800305C467D
:106CC000EBB1252B02D11AE0252B03D014F8013F9C
:106CD000002BF9D1CBEB04058DB11C9B1D9AC9F893
:106CE00000B001332A44072BC9F804501D921C93AD
:106CF00000F3C48009F10809069B2B44069323780E
:106D0000002B00F0C48000231A468DF84F3019463E
:106D1000079303934FF0FF38637804F1010B454666
:106D20000BF1010BA3F12000582800F23A84DFE8B0
:106D300010F0F00338043804F90338043804380438
:106D40003804380438045C032A0438045D000F0159
:106D500038042B016A036A036A036A036A036A033D
:106D60006A036A036A0338043804380438043804B0
:106D7000380438043804380438047A039703380494
:106D800097033804380438043804CC033804380432
:106D90003201380438043804380438045B013804FC
:106DA0003804AE023804380438043804380438048F
:106DB0003804380438043804EF02020397039703B9
:106DC00097033903020338043804400338044A03A4
:106DD000C40064000104380409043804D3033804EF
:106DE0003804DB030798099340420790039B43F064
:106DF000040303939BF8003092E70998A84600210A
:106E000004688DF84F10071D0398302378228845B9
:106E10008DF850304FF000058DF8512040F00203FE
:106E2000C0F2DC8320F0800343F00203039354EAB2
:106E30000503099700F0AD830F460C92434857E2D3
:106E40005146059801F08CFA002840F0EB87BAF81B
:106E50000C3003F01A030A2B7FF421AFBAF90E307D
:106E6000002BFFF61CAF234632465146059801F031
:106E70001DFA39B0BDEC068BBDE8F08F1BAA514658
:106E8000059803F08FFB48B90DF1A00934E71D9B6D
:106E900023B105981BAA514603F084FBBAF80C30C5
:106EA000590600F1BF87069839B0BDEC068BBDE8E6
:106EB000F08F059802F080FBD4E60C93A846002AD8
:106EC00041F0CC81039A12F0200371D0099F07375B
:106ED00027F00703002703F10801B8450991D3E91A
:106EE00000458DF84F70C0F2168722F0800303939F
:106EF00054EA050300F06A8328AEE20842EA4572CC
:106F0000E90804F007030D461446303354EA05023D
:106F100006F8013DF1D1039AD40740F1A380302B4C
:106F200000F0A0803022731E06F8012C28AAD21A85
:106F300008921E4699E000BFAFF3008000000000F9
:106F400000000000FFFFFFFFFFFFEF7FA8500020C1
:106F50009BF800302A2B0BF1010401F05881A3F1BA
:106F60003000092898BF002501F2FB8014F8013B8E
:106F700005EB850500EB4505A3F130000928F5D99F
:106F800045EAE575A346CDE6039B43F080030393F2
:106F90009BF80030C4E60C93A846002A41F07581A6
:106FA000039B43F010030393039A12F020038DD147
:106FB000039911F0100200F0838609988DF84F3084
:106FC000B8F1000F046800F104074FF00005C0F2AB
:106FD000A1860A4622F08002039254EA050209972C
:106FE00000F0F4821F4687E70C93A846002A41F080
:106FF0004481039B43F010030393039A12F0200390
:1070000000F0B584099F073727F00703002703F135
:107010000801B8450991D3E900458DF84F70C0F2D9
:10702000DF8422F08003039354EA050300F0A98172
:10703000002D08BF0A2CC0F0D78428AE2046294670
:107040000A220023FCF7C8FC303206F8012D204646
:10705000294600230A22FCF7BFFC04460D4654EAE9
:107060000503EBD128AB9B1B0893089B4345B8BF96
:107070004346049300230E9317B1049B01330493FA
:10708000039B13F002030A9302D0049B0233049380
:10709000039B13F084030B9340F0AD82079B049A8B
:1070A0009C1A002C40F3A782102C1D991C9ABA4FF1
:1070B00021DD4B461025B146059E04E0103C102C06
:1070C00003F1080315DD01321031072A1D911C92CE
:1070D0001F605D60F2DD1BAA5146304603F062FA84
:1070E00000287FF4DBAE103C102C1D991C9A28ABB5
:1070F000E9DC4E46994601326318072A1D931C921B
:10710000C9F80070C9F8044000F3F2839DF84F708D
:1071100009F1080977B11C9A013201330DF14F00D2
:107120000121072A1D931C9289E8030000F36D8357
:1071300009F108090A9A6AB11C9A0132023314A8AB
:107140000221072A1D931C9289E8030000F369833A
:1071500009F108090B9A802A00F0AB82089AC2EB69
:107160000804002C30DD102C1C9A8C4F1FDD4FF0D2
:107170001008059D04E0103C102C09F1080916DDEB
:1071800001321033072A1D931C9289E88001F2DD39
:107190001BAA5146284603F005FA00287FF47EAE6C
:1071A000103C102C1D9B1C9A0DF1A009E8DC01324B
:1071B0002344072A1D931C92C9F80070C9F80440A3
:1071C00000F3178309F10809039AD00500F115822D
:1071D0001C9A0898C9F8006001320344072A1D93DD
:1071E000C9F804001C9200F3EE8209F10809039A21
:1071F00050073CD5079A0499541A002C37DD102CFF
:107200001C9A654F20DD1025059E04E0103C102CD3
:1072100009F1080918DD01321033072A1D931C9269
:10722000C9F80070C9F80450F0DD1BAA5146304679
:1072300003F0B8F900287FF431AE103C102C1D9BF0
:107240001C9A0DF1A009E6DC01322344072A1D93A4
:107250001C92C9F80070C9F8044008DD1BAA514609
:10726000059803F09FF900287FF418AE1D9B069A3D
:10727000079904988142ACBF521812180692002B4D
:1072800040F0AD8200231C930DF1A00915E50C938D
:10729000A846002A40F0ED87039B41489E0640F136
:1072A0002D81099F073727F00703D3E9004503F134
:1072B00008020992039A12F0010700F0BE8254EA14
:1072C000050300F046859DF830208DF851200027F9
:1072D000039A8DF84F703023B8458DF8503042F046
:1072E0000203C0F2EC8622F0800343F00203039312
:1072F00028AE230904F00F0143EA05732A091C464E
:107300001546435C06F8013D54EA0503F1D1A9E6B0
:1073100009990C930A688DF8782000230A461F46C5
:107320008DF84F30043201230493B8460E9709922A
:1073300008931EAEA4E60C93A846002A40F0A1874D
:10734000039B9C067BD5099F073727F00707D7E9E2
:10735000002307F10801099114461D46002A73F124
:107360000003C0F20284B8F1000F9DF84F70C0F224
:107370003783039B23F08003039354EA05037FF4D0
:1073800057AEB8F1000F40F0D5834FF00008CDF8AC
:10739000208028AE69E600BF480A0020785100200E
:1073A00040150020039B43F0400303939BF80030FB
:1073B000B6E49BF800306C2B00F08485039840F015
:1073C00010000390ACE4002A40F04087039B9A062B
:1073D00040F15D84099A06991368CD170846043276
:1073E00029460992C3E9000167E4099C23680793D1
:1073F00018460028234603F10403FFF6F3AC099373
:107400009BF800308CE4A3F1300000231C461BF8ED
:10741000013B04EB840400EB4404A3F13000092891
:10742000F5D907947EE40C93A846002A40F01D8706
:10743000039B43F010030393039B9C0683D4039B9D
:10744000D80600F16382039B590640F15F820999D7
:10745000B1F900400431E51722462B4609917DE73A
:107460000C93A846002A40F01887039B099F1A072F
:1074700007F1070740F1028427F0070393ED008B23
:1074800003F108020992B0EEC87BB4EE497BF1EE3D
:1074900010FA40F37D83B5EEC08BF1EE10FA00F1E7
:1074A00011869DF84F70A04EA04B039921F08001EA
:1074B00003910C9903224FF0000804924729D8BF8A
:1074C0001E460892CDF83880D6E5039B43F00803AA
:1074D00003939BF8003023E40C93A846002A3FF462
:1074E0008CAD8DF84F1088E50C93A846002A40F02B
:1074F000D086039B8E489E063FF5D3AE039BDD06E8
:1075000040F10C84099A134604331468099300254A
:10751000D0E69BF8003000297FF402AC0122202144
:10752000FFF7FEBB039B43F0010303939BF800307E
:10753000FFF7F6BB039B43F0200303939BF8003057
:10754000FFF7EEBB099A0C93166800248DF84F40A4
:10755000171D002E00F07885002DC0F2CA842A463F
:107560002146304602F09AFB002800F0CF85831BAD
:107570000893A04623EAE37309970493CDF8388073
:107580009DF84F7078E59BF8003001222B21FFF722
:10759000C7BB67480C92B8F1000F40F05F814746C7
:1075A000F3E60C93002A40F055860C9A002A3FF42B
:1075B0006EAC002301211F4604918DF878208DF8D0
:1075C0004F3098460E9308911EAE59E5B8F1000F62
:1075D00000F0A7850027002400258DE4544803937C
:1075E0000C9254EA050309974FF000077FF480AE30
:1075F000002400257CE61D9B8CE50C9A652A40F34F
:107600009D80B5EE408BF1EE10FA40F029811C9A76
:107610004849C9F80010013201330121072A1D939E
:107620001C92C9F8041000F39F8309F10809159A08
:107630000D998A4203DB039AD1077FF5D8AD1C9AD6
:107640000F981099C9F8001001320344072A1D93BE
:10765000C9F804001C9200F33F8409F108090D9A4F
:10766000541E002C7FF7C3AD102C1C9A324F40F3F0
:1076700098811025059E05E009F10809103C102CA1
:1076800040F38F8101321033072A1D931C92C9F8F1
:107690000070C9F80450EFDD1BAA5146304602F0D5
:1076A00081FF00287FF4FAAB1D9B1C9A0DF1A00905
:1076B000E4E7079A0499541A002C7FF74FAD102C79
:1076C0001C9A1D4F21DD49461025B146059E04E058
:1076D000103C102C01F1080115DD01321033072A8E
:1076E0001D931C920F604D60F2DD1BAA514630467F
:1076F00002F058FF00287FF4D1AB103C102C1D9BEA
:107700001C9A28A9E9DC4E46894601322344072AFF
:107710001D931C92C9F80070C9F8044000F3188248
:1077200009F108091AE500BF9C500020985000207C
:10773000A85000205C150020785100200D9A012AE5
:1077400040F3C0811C9AC9F8006001320133012165
:10775000072A1D931C92C9F8041000F3D18109F186
:1077600008090F981099C9F8001001320344072A3C
:107770001D931C92C9F8040000F3CF8109F1080998
:10778000B5EE408BF1EE10FA0D9900F0C88001398A
:10779000013201360B44072A1C921D93C9F8006080
:1077A000C9F8041000F39F8109F108091198C9F87C
:1077B00004000132034417A9072A1D931C92C9F83B
:1077C00000107FF712AD1BAA5146059802F0EAFEA1
:1077D00000287FF463AB1D9B0DF1A00907E51BAAF0
:1077E0005146059802F0DEFE00283FF44BADFFF74E
:1077F00055BB1BAA5146059802F0D4FE00287FF421
:107800004DAB1D9B0DF1A009DEE41BAA5146059866
:1078100002F0C8FE00287FF441AB1D9B0DF1A009CA
:1078200088E41BAA5146059802F0BCFE00287FF4AC
:1078300035AB1D9B0DF1A0098CE4B8F1000F8DF85C
:107840004F70C0F2EC8222F08003039354EA0503E8
:107850007FF44EADB8F1000F3FF4A1AE0027C7E6AC
:10786000159C002C40F38C820E9A0D998A42A8BF79
:107870000A46002A14460DDD1C9AC9F80060013240
:107880002344072A1D93C9F804401C9200F3658322
:1078900009F108090E9A002CA8BF121B002A1446F1
:1078A00040F3B380102C1C9AB84F40F3448210254B
:1078B000DDF8148005E009F10809103C102C40F3B4
:1078C0003A8201321033072A1D931C92C9F80070C6
:1078D000C9F80450EFDD1BAA5146404602F062FE93
:1078E00000287FF4DBAA1D9B1C9A0DF1A009E4E798
:1078F0001BAA5146059802F055FE00287FF4CEAA37
:107900009DF84F701D9B0DF1A00903E4099A1468BE
:1079100013460433E517099322462B461EE54C1EF9
:10792000002C7FF743AF102C984F40F305811025B2
:10793000059E05E009F10809103C102C40F3FC807D
:1079400001321033072A1D931C92C9F80070C9F840
:107950000450EFDD1BAA5146304602F023FE0028FA
:107960007FF49CAA1D9B1C9A0DF1A009E4E70399E2
:1079700011F0100221D009988DF84F30B8F1000FA6
:10798000046800F104074FF0000527DB0A4622F0E7
:107990008002039254EA050209971F467FF448AB20
:1079A000EFE401322344072A1D931C92C9F80070AA
:1079B000C9F804407FF719AC05E7039911F04003BB
:1079C00040F03A8209998DF84F30B8F1000F0C68F9
:1079D00001F104074FF0000580F2708109971F46FE
:1079E00054EA05037FF424AB38AE303406F8414D39
:1079F000FFF738BB1BAA5146059802F0D3FD0028BB
:107A00007FF44CAA1D9B0DF1A0090E99159A3144E3
:107A10000D460D998A4244DB0399CF0741D40D9856
:107A20000644741B821A9442A8BF1446002C2646B2
:107A30000DDD1C99C9F800500131234407291D931D
:107A4000C9F804401C9100F3178309F10809002EBE
:107A5000ACBF941B1446002C7FF7C9AB102C1C9AAA
:107A60004A4F9EDD1025059E04E009F10809103CEF
:107A7000102C96DD01321033072A1D931C92C9F891
:107A80000070C9F80450F0DD1BAA5146304602F0E0
:107A900089FD00287FF402AA1D9B1C9A0DF1A00904
:107AA000E5E71C990F9C1098C9F8000001312344A8
:107AB00007291D93C9F804401C9100F3678209F15E
:107AC0000809ACE7039AD4073FF53CAE1C9AC9F805
:107AD0000060013201330121072A1D931C92C9F86D
:107AE00004107FF761AE1BAA5146059802F05AFDBB
:107AF00000287FF4D3A91D9B1C9A0DF1A00955E61F
:107B00001BAA5146059802F04DFD00287FF4C6A936
:107B10001D9B1C9A0DF1A00923E61BAA514605984E
:107B200002F040FD00287FF4B9A91D9B1C9A0DF1BD
:107B3000A00925E6002457E701322344072A1D93B4
:107B40001C92C9F80070C9F804407FF72DAECAE74F
:107B50001BAA5146059802F025FD00287FF49EA936
:107B60001D9B0DF1A009FFF7F9BA64424FF02D07F4
:107B700065EB4505B8F1000F8DF84F70FFF658AA78
:107B8000039B23F080030393FFF752BA7851002040
:107B9000B4EE488BF1EE10FA80F116830C9BB8F12D
:107BA000FF3F23F0200500F08782472D00F08481FD
:107BB000039B43F480730A9318EE903A002BC0F2B3
:107BC0008682B0EE48AB00270C9B662B00F06382E8
:107BD000462B00F05681B0EE4A0B452D0CBF08F144
:107BE0000104444619AA16AB01920093224615AB34
:107BF0000221059800F0FEFC0C9B672B064640F026
:107C00009F82039BDA0740F1D4823119B5EE40AB75
:107C1000F1EE10FA00F09F81199B994206D93020AD
:107C20005A1C19921870199B9942F9D89B1B472D21
:107C30000D9300F089810C9B652B40F390820C9B87
:107C4000662B159B0E9300F053820E9A0D998A4273
:107C5000C0F24182039BD90700F1978222EAE273C6
:107C6000089267220C92002F40F0648104930A9BD3
:107C70000393B8469DF84F70FFF7FEB927F007074A
:107C800007F1080397ED008B0993FFF7FCBB039BFB
:107C9000DB060BD4039B5F0608D5099A13680432F0
:107CA0000992BDF818201A80FFF707B8099A1368DF
:107CB00004320992069A1A60FEF7FFBF039A66E63D
:107CC000039911F0400317D009988DF84F2003460F
:107CD000B8F1000F03F1040304884FF00005C0F26F
:107CE000528221F08001039154EA050109933FF487
:107CF0006DAC1746FFF700B909998DF84F30B8F110
:107D0000000F0C6801F104074FF0000502DB039A35
:107D1000FFF760B909970027FFF7EEB8039B099AB0
:107D200013F0400F134600F0818004331488099348
:107D30000025FFF7BFBA01322344072A1D931C9286
:107D4000C9F80070C9F804403FF754AE09F10809BA
:107D50005BE60027B8458DF84F70FFF649AC039BF2
:107D600023F08003039316E41BAA5146059802F002
:107D700019FC00287FF492A81D9B0DF1A00956E480
:107D80001C9AB949C9F80010013201330121072AB0
:107D90001D931C92C9F8041066DC09F108092CB97E
:107DA0000D9A1AB9039AD2077FF521AA1C9A0F9847
:107DB0001099C9F8001001320344072A1D93C9F82D
:107DC00004001C9200F3D18109F108096442002CDF
:107DD00040F3A380102CA54F40F3CB801025DDF895
:107DE000148005E009F10809103C102C40F3C18013
:107DF00001321033072A1D931C92C9F80070C9F88C
:107E00000450EFDD1BAA5146404602F0CBFB002890
:107E10007FF444A81D9B1C9A0DF1A009E4E7099F7B
:107E2000FFF7DFBB4FF0FF30FFF73EB804331468B5
:107E300009930025FFF73EBA09988DF84F200346B5
:107E4000B8F1000F03F1040304884FF00005C0F2FD
:107E5000A58121F08001039154EA05010993174699
:107E60007FF4E6A8FFF78DBA1BAA5146059802F0E9
:107E700099FB00287FF412A8159C1D9B0DF1A00909
:107E80008DE719AA16AB01920093424615AB032168
:107E9000B0EE4A0B059800F0ADFB444606460C9B3D
:107EA000462B06EB04017FF4B1AE3378302B00F0A3
:107EB0009181159C2144A9E6B8F1000F08BF4FF04D
:107EC000010875E6039B43F0200303930BF1010BBC
:107ED0009BF80030FEF724BF1BAA5146059802F01C
:107EE00061FB00287EF4DAAF1D9B0DF1A009FFF7BE
:107EF000B6BB3046FDF7CAF8A04603460890FFF728
:107F000039BB1BAA5146059802F04CFB00287EF4B1
:107F1000C5AF1D9B1C9A0DF1A0090D98C9F8006012
:107F200001320344072A1D931C92C9F804007FF70D
:107F30005CA948E42D2704930A9B03938DF84F70A6
:107F40004FF00008FFF799B8159BDD1C2BDB984517
:107F500029DB0E9379E60B4668E61BAA5146059885
:107F600002F020FB00287EF499AF1D9B0DF1A009C3
:107F700090E401322344072A1D931C92C9F8007033
:107F8000C9F80440BDDC09F10809C6E71BAA51463F
:107F9000059802F007FB00287EF480AF159A1D9B20
:107FA0000DF1A0093BE50C9A023A0C92013B002B23
:107FB0009DF830201593B8BF5B428DF85C20B4BFAC
:107FC0002D222B22092B8DF85D2040F3EA800DF144
:107FD0006B000446264A82FB0321DA17C2EBA1029A
:107FE00002EB8201A3EB410303F13001092A13469E
:107FF00004F8011DEEDC21463033DAB201F8012D20
:10800000884240F22F810DF15E01234601E013F812
:10801000012B01F8012B9842F9D1431C1B1B0DF1D8
:108020005E02134417AA9B1A0D9A1193012A134456
:10803000089340F3DA80089B0F9A134400220893B8
:108040000E9223EAE3730EE6062D2B4628BF062385
:10805000089323EAE373B04609970E9637460493D4
:10806000044EFFF709B800BF5C15002078510020CE
:1080700067666666BC5000201BAA5146059802F050
:1080800091FA00287EF40AAF159A0D991D9B8A1A61
:108090000DF1A009DBE419AA16AB019200930321AC
:1080A00015AB4246B0EE4A0B059800F0A3FA4446E1
:1080B000064600EB0801F8E64FF0060878E5039362
:1080C000FFF716B92D278DF84F70FFF7ECB9B1EE19
:1080D00048AB2D2778E50F9A0D9B13440E9A089311
:1080E000002A40F38C80672223EAE3730C92BAE5FE
:1080F000002B40F39A80B8F1000F5CD1039AD407AB
:1081000059D41A46089223EAE373ACE525EAE573ED
:1081100009970493089580460E909DF84F70FEF7DE
:10812000ABBF039BDB07474605D538AE302306F8C7
:10813000413DFEF797BFCDF8208028AEFEF795BFF2
:108140000C9B472B7FF461AD039BDB073FF5A7AE8C
:10815000199B472DA3EB06030D933FF4F5AE159B3A
:1081600024E7A3460025FEF7DDBD1BAA514605986E
:1081700002F018FA00287EF491AE159C1D9B1C9A03
:108180000DF1A00922E60993C5E50F9A0E9B134451
:10819000672208930C9223EAE37364E50993174678
:1081A0001EE4303330228DF85F308DF85E2018AB3E
:1081B00038E7199B3AE50E9B0F9A9D1805EB0803CB
:1081C000089323EAE3734EE5364E374B9DF84F7024
:1081D000FFF76BB9B5EE40ABF1EE10FA3FF469AEC4
:1081E000C4F101041594214410E5039B13F001032D
:1081F0007FF421AF0E93089B23EAE37333E50E9BD4
:10820000089AC3F101031A44134608926BE70998D0
:108210009BF8013005680430002D0990A346BEF696
:108220007FAD4FF0FF35FEF77BBDB8F1000F02D1F7
:10823000039BD80707D50F9B5D1C05EB080308932C
:1082400023EAE3730FE5012308930CE58DF84F1043
:10825000FFF7BCB88DF84F10FFF7A7B98DF84F1096
:10826000FEF730BE0DF15E03DCE68DF84F10FFF730
:10827000DFB88DF84F10FFF70FB88DF84F10FEF7ED
:10828000B8BE8DF84F10FFF75BB88DF84F10FEF7B2
:1082900087BE8DF84F10FFF72CB98DF84F10FFF700
:1082A000E4B800BFA4500020A0500020F0B50C4658
:1082B000ADF26C4D8989666EE589199621F002014F
:1082C000666AADF80E500025E769ADF80C10099606
:1082D00006951AAE4FF4806569460096049602959D
:1082E000059507970646FEF7A5FC051E07DB3046F9
:1082F000694601F0CDF8002818BF4FF0FF35BDF8F2
:108300000C305B0603D5A38943F04003A3812846C4
:108310000DF26C4DF0BD00BF21B1FF2A04D80A70E8
:1083200001207047084670478A2303604FF0FF30F2
:10833000704700BF70B50D46084C114606461A46F8
:10834000284600232360F7F7FFF9431C00D070BDD7
:108350002368002BFBD0336070BD00BF2CF70020DA
:1083600038B5304B1B6805460C4613B19A6B002A92
:1083700038D0B4F90C2093B218070CD52069A8B1F5
:1083800013F001021ED0636900225B42A361A26068
:10839000F0B1002038BDD9063CD5580726D4206955
:1083A00042F00803A3819BB20028E9D103F42072B4
:1083B000B2F5007FE4D02846214601F027FCA389CE
:1083C0002069DDE7990758BF6269A2600028E0D103
:1083D000B4F90C301A06DDD543F04003A3814FF009
:1083E000FF3038BD184601F0E7F8C2E7216B51B104
:1083F00004F14003994204D0284601F035F9B4F95C
:108400000C200023236300232069636022F02402F0
:108410002060C5E742F0400209232B604FF0FF3097
:10842000A28138BD906200202DE9F047254C2568D7
:10843000D5F848410646884692469946C4B36068D6
:108440001F2817DC431C76B104EB80050122C5F818
:1084500088A0D4F8881182401143022EC4F88811F4
:10846000C5F808911ED00230636044F820800020D7
:10847000BDE8F087144B03B34FF4C870FBF70EFD53
:108480000446D0B1D5F84831002780E88800C5F807
:10849000484138460123C4F88871C4F88C71002E15
:1084A000E1D0D1E7D4F88C110A43C4F88C21DAE783
:1084B00005F5A674C5F84841C1E74FF0FF30BDE8A7
:1084C000F08700BF340A00209146010002690B6961
:1084D000934200F38D802DE9F04F03F1FF3801F155
:1084E000140700F1140B57F828205BF828304FEAE6
:1084F000880483B00132B3FBF2F90BEB0403009460
:1085000007EB040A0193B9F1000F39D00025BC46EE
:10851000DE462B465CF8046BDEF80020B4B209FBA3
:108520000455360C2C0C09FB0644ADB25B1BA6B2FD
:1085300013FA82F3C6EB124606EB23469BB243EADC
:108540000643E2454EF8043B4FEA14454FEA264302
:10855000E0D2009B5BF8033093B9019C231F9B453D
:108560000CD254F8043C4BB9A4F1080302E01A6899
:10857000043B1AB99B4508F1FF38F8D3C0F81080C6
:10858000044601F0E3FD00282EDB09F101095D46F8
:10859000002357F8041B28688AB29A1A090C12FAA9
:1085A00080F2C1EB104303EB224391B241EA034155
:1085B000BA4545F8041B4FEA2343EAD25BF828206A
:1085C0000BEB880382B91A1F93450BD253F8042C86
:1085D00042B9083B02E01A68043B1AB99B4508F10E
:1085E000FF38F8D3C4F81080484603B0BDE8F08FD8
:1085F000002070472DE9F04F57EC106B93B0056CDD
:10860000019104469046049310EE10AABB464DB16A
:10861000426C6A6001239340AB60294601F0B4FBD1
:1086200000232364BBF1000F5E4634DB1C9A002359
:108630001360C44B1A463340934215D04BEC17AB32
:10864000B5EE407BF1EE10FACDE902AB2AD1049AE7
:10865000012313601D9B002B00F0B780BA481860FF
:10866000013813B0BDE8F08F049A42F20F73136023
:10867000BAF1000F00F09280B4481D9B002BF0D09F
:10868000C378002B00F0A38000F108031D9A13604B
:1086900013B0BDE8F08F1C9A01232BF00046136045
:1086A000B346C6E711A910AA9DED020B204601F0C2
:1086B000F9FD310D07907AD110981199014401F21A
:1086C0003243202B40F34182C3F1400301F21242B6
:1086D0009E402AFA02F3334307EE903AB8EE677BE6
:1086E000012553EC172B0139A3F1F8730A9543ECDC
:1086F000172BB7EE086B9FED8D4B37EE466B9FED5A
:108700008D7B9FED8E5BA6EE047B06EE901AB8EE95
:10871000E66BA6EE057BFDEEC76BB5EEC07BF1EE1A
:1087200010FACDED026A00F11C81029D162D00F2B7
:108730001581874B03EBC50393ED007B4BEC16AB28
:10874000B4EEC67BF1EE10FA40F306826B1E029384
:1087500000230C93411AB1F1010900F117810023A4
:108760000693029B002BC0F2088199440B930023CF
:108770000593019B092B2CD8052B40F35F85043B07
:10878000019300230E93019B023B032B00F25F85B4
:10879000DFE813F0A902E501B502C8036B4B6D4A8F
:1087A000C6F31300002814BF1846104665E7DDE93C
:1087B0000223C3F3130040F07F530025A1F2FF31E1
:1087C00043F4401310980A9591E7634849E7C31CA6
:1087D0005CE70021616420468846019101F0AEFA11
:1087E0004FF0FF370123089020640D970993119BE8
:1087F000002B7ADB029A0E2A77DC554BB8F1000F7A
:1088000003EBC20393ED004BC0F28482B1EE442B24
:108810004BEC17AB87EE046BBDEEC66B089A16EEF9
:10882000103A012F03F13003B8EEC65B02F1010BE1
:108830001370A2EE057B22D0B2EE043B27EE037B41
:10884000B5EE407BF1EE10FA3AD0089A06E027EE3A
:10885000037BB5EE407BF1EE10FA31D087EE046B6E
:10886000BDEEC66B16EE103A30330BF8013BC2EB8F
:108870000B03BB42B8EEC65BA2EE057BE7D137EE39
:10888000077BB4EEC74BF1EE10FA08D4B4EE474BB9
:10889000F1EE10FA14D116EE103ADB0710D51BF8E2
:1088A000010C089A0BF1FF3304E09A4200F0E583D3
:1088B00013F8010D392803F1010BF6D001301870BF
:1088C0000799204601F060FA0022029B8BF80020F5
:1088D000049A013313601D9B002B00F066830898F7
:1088E000C3F800B013B0BDE8F08F099A002A53D046
:1088F000019A012A40F32E8205997A1E9142C0F214
:1089000057838B1A0E93002F069BC0F224840A9380
:108910003B46069A01211A4420460692994401F0EA
:10892000CBFA06463DE000BFAFF3008061436F63C2
:10893000A787D23FB3C8608B288AC63FFB799F5078
:108940001344D33F0000F07F5D150020F850002055
:10895000B8020020EC5000205C15002001230C938D
:10896000F8E6B8EEE66BB4EE467BF1EE10FA3FF4B3
:10897000DCAE029B013B0293D7E6069A029BD21A19
:108980005B420593002306920B93F2E6C9F10003C4
:1089900006934FF00009E4E6059B0E93099E069BA3
:1089A0000A930A990B4661B1B9F1000F09DD4945F7
:1089B000069AA8BF4B46D21A0692CA1A0A92C3EB6D
:1089C0000909059B002B40F38082099A002A00F0D8
:1089D0009A810E9A002A00F096813146204601F0D5
:1089E0000DFB079A01460646204601F06FFA0799EB
:1089F0000546204601F0C8F9059B0E9A9B1A05937F
:108A000040F080810121204601F056FA0B9B059031
:108A1000002B00F0AC8101461A46204601F0EEFA28
:108A2000019B0590012B40F3808200230793059A58
:108A3000136902EB8303186901F0F0F9C0F120001B
:108A4000484410F01F0000F09081C0F12003042B77
:108A500040F3F883C0F11C00069B034406930A9B75
:108A600003440A938144069B002B05DD29461A46E0
:108A7000204601F013FB0546B9F1000F05DD4A461B
:108A80000599204601F00AFB05900C9B002B40F055
:108A90000182002F40F32082099B002B40F07B8154
:108AA000DDF820B0DDF814A0D84602E001F076F938
:108AB000054651462846FFF709FD00F1300908F840
:108AC000019BCBEB0803BB424FF00A024FF00003BF
:108AD00029462046EADB089B012FACBFDB19013396
:108AE0009B464FF0000A29460122204601F0D6FAA3
:108AF0000599079001F02AFB002840F38C821BF8AF
:108B0000012C08990BF1FF3304E08B4200F0038243
:108B100013F8012D392A03F1010BF6D001321A7036
:108B20000599204601F030F9002E3FF4C9AEBAF1A4
:108B3000000F05D0B24503D05146204601F024F97C
:108B40003146204601F020F9BAE6C3F120030AFAC3
:108B500003F307EE903AC1E500230C93FAE50023F6
:108B60000993029B43445F1C002F0D9340F32D8219
:108B70003E463D460021172E61640AD90122042396
:108B80005B0003F11400B042114602F10102F7D973
:108B90006164204601F0D2F80E2D089020643FF663
:108BA00026AE0E9B002B3FF422AE02990029CDE9A0
:108BB0000EAB40F34182C64B01F00F0203EBC20241
:108BC0000B11DE0692ED006B40F1FB81C14A92ED84
:108BD000087B4BEC14AB03F00F03032184EE075B1F
:108BE0005BB1BC4ADD0704D592ED007B013126EE76
:108BF000076B5B1002F10802F4D185EE064B0C9B6B
:108C00003BB1B7EE007BB4EEC74BF1EE10FA00F1CA
:108C1000B78207EE901AB8EEE76BB1EE0C7BA6EECA
:108C2000047B53EC172BA3F15073002F00F0A681A7
:108C3000029E39460998002800F04D82B6EE003BAE
:108C4000A348089D00EBC10010ED026BBDEEC47B94
:108C500083EE065B17EE100A43EC162B3030C0B2E1
:108C600035EE465BB8EEC77B34EE477BB4EEC75BB0
:108C7000F1EE10FA287005F1010B32DCB7EE003B83
:108C800033EE476BB4EEC65BF1EE10FA00F3AE8242
:108C9000012940F3CD81B2EE044B089B19440AE050
:108CA00033EE476BB4EEC56BF1EE10FA00F19E8225
:108CB0008B4500F0BD8127EE047B25EE045BBDEE05
:108CC000C76B16EE103A03F13000C0B2B8EEC66BB7
:108CD00037EE467BB4EEC57BF1EE10FA0BF8010BD4
:108CE000DED50296ECE500230993B8F1000F40F3BE
:108CF000708146464546CDF8348047463AE7012321
:108D00000993F2E70795059A0799204601F076F94D
:108D1000054677E6002F3FF779AD40F04281B1EE8E
:108D2000047B24EE074B4BEC17ABB4EEC74BF1EED4
:108D300010FA3E460597C0F2E5806FEA0803DDF8B9
:108D400020B002930599204601F01EF8002E3FF452
:108D5000B7ADF5E60A9A002A00F00282059A0E9253
:108D6000069A0A9203F23343D3E51C2074E6019B72
:108D7000012B40F340820B9B0793012060E63146B4
:108D800000230A22204601F009F80D9B002B06461D
:108D900040F34D821F460A9B002B05DD31461A46E3
:108DA000204601F07BF90646079B002B40F06E81C0
:108DB000B046089B013FDA1909920AF001020A92B3
:108DC0001F46DDF814B028465946FFF77FFB3146B1
:108DD0008246284601F0BAF9424659468146204665
:108DE00001F0D6F9C36883460AF13002002B49D15D
:108DF00001462846079201F0A9F9594606902046F7
:108E000000F0C2FF069B079A2BB9019919B90A997C
:108E1000002900F0F581B9F1000FC0F2DF8005D123
:108E2000019919B90A99002900F0D880002B00F3A4
:108E30004181099B3A7007F101099F42CB4600F03E
:108E40004681294600230A22204600F0A7FF464516
:108E5000054631464FF000034FF00A0220460BD082
:108E600000F09CFF4146064600230A22204600F0FF
:108E700095FF4F468046A4E700F090FF4F46064618
:108E800080469EE701462046069200F07DFF0123C2
:108E9000069AC0E70599284601F058F90028BFF660
:108EA000F8AD2946029D0023013D0A222046029585
:108EB00000F074FF099B0546002B7FF460AF0D9B0B
:108EC000002B40F3AD811F46EAE5079D9AE500BF00
:108ED000B802002090020020019B022B7FF7DCAD3E
:108EE000002F40F069813B4605990522204600F09D
:108EF00055FF01460590284601F028F900280795FE
:108F00007FF71BAF029A08993123013202920B704E
:108F100001F1010B16E7029A01320292089A3123FD
:108F20001370FDE5012309931BE6BAF1000F7FF4EE
:108F30007CADCBF31303002B40F01B812BF00043DF
:108F40001B0D1B05002B00F05481069B013306937B
:108F5000012309F1010907930B9B0120002B3FF42A
:108F60006FAD64E507EE901AB8EEE76BB1EE0C7BDF
:108F7000A4EE067B53EC172BA3F1507343EC162B96
:108F8000B1EE047B34EE477BB4EEC67BF1EE10FA13
:108F900000F3DD80B1EE466BB4EEC67BF1EE10FA65
:108FA00046D5002305931E46C7E60898FFF759BB30
:108FB000059B0B990592D31A194400230B910E932C
:108FC000A1E49DED0E5B02210AE63D4600216164AD
:108FD000DFE501250D952F46A846F7E7002B9146C2
:108FE00011DD29460122204601F058F80599054671
:108FF00001F0ACF8002840F30C81B9F1390F00F012
:10900000DD800AF13109B24687F8009007F1010BC3
:109010004646079584E504D119F0010F01D06EE5AD
:1090200093461BF8013C302B0BF1FF32F8D077E56B
:10903000DDE90EABFFF7DBBB029B5B42002B00F0D0
:109040009B808B4A03F00F0102EBC10292ED007B83
:109050009DED0E6B1B1126EE074B00F0E680854A56
:109060000221D80704D592ED007B013124EE074B95
:109070005B1002F10802F4D1C1E5089930220A70B0
:10908000029A1BF8010C0132029217E47168204623
:1090900000F054FE33699A1C8046920006F10C01E0
:1090A0000C30F7F797F941460122204600F0F6FF11
:1090B00080467EE6392A00F0818002F10109B2463D
:1090C00087F8009007F1010B4646079528E5B24660
:1090D0009146464607E56648BDEEC46B4D1E00EB63
:1090E000C50043EC172B90ED003B16EE103A23EE33
:1090F000073B089830330129B8EEC66B037000F1C6
:10910000010B34EE467B14D0B2EE045B089B19448D
:109110005B4627EE057BBDEEC76B16EE102A30329C
:1091200003F8012B9942B8EEC66B37EE467BF0D1BF
:10913000AB44B6EE006B33EE065BB4EEC75BF1EE0C
:1091400010FA43D502961BF8010CFFF7AABB0023C7
:1091500005931E46D6E6DB1B0A930023FFF7D9BB17
:10916000059A109B0E92069A0A92C3F13603FFF7F6
:10917000D0BB00230793EFE69DED0E4B02213EE5A9
:10918000002F3FF4EFAE0D9800287FF751AFB2EEFD
:10919000045BB1EE0C7B013106EE901A24EE054B18
:1091A000029BB8EEE66B5E1EA4EE067B53EC172B1B
:1091B0000146A3F150733DE50795BEE53922B2465D
:1091C000079546463A7007F1010B9AE436EE436B79
:1091D000B4EEC76BF1EE10FA01DC29E793461BF8F9
:1091E000013C302B0BF1FF32F8D07AE50296FFF705
:1091F00058BB0793B0E6BAF1000F7FF4BCAD98E618
:10920000392ACB469146D9D0BBF1000F3FF7F9AED2
:10921000F9E67FF4F8AE19F0010F3FF4F4AEECE696
:10922000019B022B08DC0D9F3AE40221E7E4019B3D
:10923000022B01DC0D9FAEE50D9F51E601230E933D
:10924000FFF7A1BA3FF40FACC0F13C0004E40025E5
:1092500065642946204600F071FD4FF0FF37012379
:109260000890A84620640D970993FFF7C0BA00BF85
:10927000B8020020900200202DE9F043314D87B064
:109280002F6804460E4690461D46002B3BD0B7EE95
:10929000007BB4EEC70B05ABF1EE10FA0193CDF8ED
:1092A000008038463346224622D40321FFF7A2F934
:1092B000059B31689842C1F100012BD2491B2B4616
:1092C00010F8012B03F8012B059A824203EB0106EB
:1092D000F6D8B44221DDA21B1A44302103F8011B49
:1092E0009A42FBD100231370284607B0BDE8F083F3
:1092F000BFEE007BB4EEC70BF1EE10FAD5DD022114
:10930000FFF778F9D4E73A6D00F123039A4206DDBE
:109310007D6DBCE70E462B46DBE71A46E2E700F11F
:1093200024094A46796D38468DED020BFBF7F6F9B4
:1093300005460028D8D0C7F8509078659DED020BFF
:10934000A5E700BF90620020B1F90C309AB22DE978
:10935000F0410D46110780463CD46A6843F400632F
:10936000002AAB8173DDAC6A002C4BD09BB203F4B6
:109370008052002192B2D8F80060C8F80010002A8C
:1093800069D02A6D5F0705D569682B6B521A0BB13E
:10939000EB6BD21A0023E9694046A047441C3CD03D
:1093A000B5F90C302A692A6023F400630022AB81EE
:1093B000DB046A6049D4296BC8F8006011B305F179
:1093C0004003994202D0404600F04EF90020286345
:1093D000BDE8F0812E69AEB12C682E6090070CBFFD
:1093E0006B690023A41BAB600AE0234632466F6A18
:1093F000E9694046B8470028A4EB0004064404DDB0
:10940000002CF2DC0020BDE8F081AB8943F0400382
:10941000AB814FF0FF30BDE8F081D8F800201D2A65
:10942000F3D81A4BD34003F0010383F00104002B5F
:10943000EBD0B5F90C302969296023F40063D90415
:109440006C60AB81B7D5002AB5D12865B3E7EA6B6C
:10945000002A88DCD6E70123E9694046A047431C7F
:10946000024602D0AB89AC6A8CE7D8F80030002BFA
:10947000F8D01D2B01D0162B02D1C8F80060C1E72F
:10948000AB8943F04003AB81BDE8F081010040208F
:1094900010B5044682B008B1836B53B1B1F90C002A
:1094A00008B902B010BD204602B0BDE81040FFF779
:1094B0004BBF019100F080F80199EFE7014900F0FE
:1094C0003DBB00BF7DAE01002DE9F04F354B456837
:1094D000C3630024074600F53B7204230321C0F850
:1094E000E412C0F8E822C0F8E04283B02C606C605F
:1094F000AC606C66EC812C616C61AC61AB81214627
:1095000005F15C000822FBF73DF8BE68DFF898B073
:10951000DFF898A0DFF89890DFF89880C5F820B0C1
:1095200001230922C5F824A0C5F82890C5F82C808D
:10953000ED612146F381B28106F15C003460746014
:10954000B460746634617461B46108220193FBF7FE
:1095500019F8FD68F66112200222C6F820B0C6F89C
:1095600024A0C6F82890C6F82C802146A881EA815C
:109570002C606C60AC606C662C616C61AC6105F158
:109580005C000822FAF7FEFF019BED61C5F820B0F0
:10959000C5F824A0C5F82890C5F82C80BB6303B09B
:1095A000BDE8F08FB19C010099AB0100BDAB01009B
:1095B000F9AB010019AC0100836B03B17047FFF7F1
:1095C00083BF00BF704700BF704700BFF8B5234F8F
:1095D0000C460646FBF724F8BB685D6825F00305DA
:1095E000291B01F6EF7121F47F6121F00F01A1F534
:1095F0008054B4F5805F07DB00213046FBF77EFA2C
:10960000BB682B44984204D03046FBF70BF800208F
:10961000F8BD61423046FBF771FA01300DD0104BB6
:10962000BA6819682D1B45F001053046091B5560C5
:109630001960FAF7F7FF0120F8BD00213046FBF76B
:109640005DFABA68831A0F2BDEDD064C04492468E4
:1096500043F00103001B53600860D5E7805E0020E3
:1096600068E8002088620020002945D02DE9F041FB
:109670000D468046FAF7D4FF55F8047C6A4927F076
:109680000103A5F10804E2188E685068B24220F088
:10969000030062D0FE0750600BD455F8087CE41B31
:1096A00001F1080EA56875453B446FD0E768EF608F
:1096B000BD6015186D68ED0742D543F00102626088
:1096C000E350B3F5007F18D2DB085A1C4D6851F8FF
:1096D0003270A76001209B1000FA03F301EBC20077
:1096E0001D430838E0604D6041F83240FC60404660
:1096F000BDE8F041FAF796BF70475A0A042A53D8DA
:109700009A0902F139077F0002F1380501EB870061
:1097100051F827204449083890424DD0516821F033
:1097200003018B4202D292689042F7D1D068E06088
:10973000A2608460D4604046BDE8F041FAF772BF91
:1097400095683A4FBD4203443FD0D068E86043F08B
:10975000010285606260E350B3E7FF07034407D46A
:1097600055F8082CA41A1344A068E268C2609060FF
:109770002F4A126843F00100934260608C60B6D3B8
:109780002C4B40461968FFF721FFB0E711184968D4
:10979000C90744D49168D268CA60034443F0010009
:1097A00091606060E350A2E7142A17D802F15C07C9
:1097B0007F0002F15B05A9E7AA104B68012505FAB5
:1097C00002F213434B600246B1E743F001024C61E1
:1097D0000C61E560A5606260E35088E7542A06D812
:1097E0001A0B02F16F077F0002F16E058EE7B2F5EA
:1097F000AA7F06D8DA0B02F178077F0002F177051D
:1098000084E740F25450824206D89A0C02F17D0758
:109810007F0002F17C0579E7FE277E2576E743F09D
:1098200001026260E35062E7805E0020885E0020F3
:109830008C62002098E800209368002B76D02DE9F8
:10984000F04F8B8985B00C4619070190164629D533
:1098500022693AB303F002081FFA88F0356800283D
:109860002FD04FF00009B44FC846B246B845434622
:109870004A4628BF3B460198B8F1000F50D0E16935
:10988000666AB047002871DDDAF808301B1A814497
:10989000C0EB0808CAF80830002BE7D1002005B05B
:1098A000BDE8F08F21460198FEF75AFD002840F0F0
:1098B0003A81A389356803F002081FFA88F000286E
:1098C000CFD113F001095BD14F4602961FB39A0521
:1098D000D4F808802CD54745C246C0F0A48013F4C4
:1098E000906F40F0B180206852464946FAF7E6FD95
:1098F000A0682368C8EB00005344A060236038468A
:10990000029A93681B1A81443F1A9360002BC5D0BA
:10991000A389002FDBD1D5F800906F680835D5E713
:10992000D5F80090D5F8048008359FE700207047EF
:1099300020682369984203D861698F4280F0B7801C
:10994000B84528BFB84642464946FAF7B7FDA3686E
:109950002268C8EB03034244A3602260002B49D174
:1099600021460198FFF794FD002843D0B4F90C304C
:1099700043F040034FF0FF30A38105B0BDE8F08F06
:109980008046029082468146B9F1000F2AD0029BA0
:10999000002B4CD0206823696269C845C34628BFA4
:1099A000CB4698425F4604D9A36813449B4500F315
:1099B0009080934520DB1346676AE169019852461F
:1099C000B847071ED2DDB8EB070823D0B368DB1B0E
:1099D000BA44C7EB0909B360002B3FF45FAFB9F19C
:1099E000000FD4D10023D5F800A0D5F8049002933D
:1099F0000835C9E7404683E75A465146FAF75EFD07
:109A0000A2682368CBEB02025B44B8EB0708A260B4
:109A10002360DBD121460198FFF73AFD0028A5D14C
:109A2000CDF80880D2E72068B846BA465CE74A46D7
:109A30000A21504600F032F900286FD0013001238E
:109A4000CAEB00080293A5E762692068216902EB6E
:109A50004208C1EB000A08EBD8780AF101004FEA8E
:109A6000680838444045424684BF804642465B050C
:109A700042D511460198FAF721FA8346002855D0BD
:109A800052462169F6F7A6FCA38923F4906343F0BC
:109A90008003A381CAEB08030BEB0A00C4F814800F
:109AA000C4F810B02060A360B846BA461CE76FF057
:109AB0000043BB4228BF3B464A4693FBF1F3019863
:109AC000666A01FB03F3E169B04700283FF718AF6E
:109AD0004CE71A4651460393FAF7F0FC2268039BC1
:109AE00001981A4422602146FFF7D2FC039B00280C
:109AF0007FF43CAF1F4666E70198FAF70FFE8346F6
:109B00000028C7D1019D21692846FFF7ADFDB4F9B2
:109B10000C300C2223F080032A6029E7012309F18D
:109B20000108029336E74FF0FF30B8E6019A0C23A4
:109B30001360B4F90C301BE700FCFF7F2DE9F843FC
:109B400010F538771FD0884606464FF000097D682B
:109B5000BC68013D11D4A389012B05F1FF3508D95B
:109B6000B4F90E3001332146304602D0C04749EAED
:109B700000096B1C04F16804EDD13F68002FE6D1A9
:109B80004846BDE8F883B9464846BDE8F88300BFBB
:109B9000044A054B1268506B002808BF1846F03085
:109BA000704700BF90620020145D002070B50D4624
:109BB000B1F90E10002990B014461E4614DB01AA1C
:109BC00000F004FE00280FDB029A02F47042A2F5B6
:109BD0000052B2FA82F252094FF480634FF40060EF
:109BE0003260236010B070BDA88900F0800082B29E
:109BF000002030601AB14023236010B070BD4FF4D4
:109C000080631046236010B070BD00BF8A89920740
:109C10000B4606D501F1430201211A601A61596110
:109C20007047F0B583B001AB6A460C460546FFF7B6
:109C3000BDFF009906462846FAF740F9B4F90C3002
:109C4000D0B1019A124F0099EF6343F08003A381D2
:109C50002060206161611AB93343A38103B0F0BD74
:109C60002846B4F90E1000F0C5FDB4F90C300028F8
:109C7000F2D043F00103EFE79A05EFD404F1430279
:109C800043F002030121A381226022616161E5E7C3
:109C9000B19C0100000000000000000001F0FF0185
:109CA000102A2BDB10F0070F08D010F8013B013A07
:109CB0008B422DD010F0070F42B3F6D1F0B441EA39
:109CC000012141EA014122F007047FF0000700234F
:109CD000F0E80256083C85EA010586EA010685FAA5
:109CE00047F5A3FA87F586FA47F6A5FA87F68EB9FF
:109CF000EED1F0BC01F0FF0102F0070232B110F822
:109D0000013B013A83EA010313B1F8D10020704707
:109D100001387047002D06BF35460338073815F067
:109D2000010F07D1013015F4807F02BF013015F417
:109D3000C03F0130F0BC0138704700BFC36C70B544
:109D400005460C464BB153F8240080B1026843F835
:109D5000242000230361C36070BD21220421F9F790
:109D6000CFFFE86403460028EDD1002070BD01213B
:109D700001FA04F6721D28469200F9F7C1FF002887
:109D8000F3D044608660E4E731B1C36C4A6853F8AD
:109D90002200086043F82210704700BFF0B50C693C
:109DA00083B00D46064601F1140E0027DEF80000D0
:109DB00081B202FB01310B0C000C02FB003389B2B3
:109DC000013701EB0341BC424EF8041B4FEA134339
:109DD000ECDC3BB1AA68944207DA05EB840201345B
:109DE00053612C61284603B0F0BD696801930131CD
:109DF0003046FFF7A3FF2A69023205F10C0107463E
:109E000092000C30F6F7E6FAF26C6968019B52F8A2
:109E10002100286042F821503D46DEE7030C1B0478
:109E2000B3B90004102310F07F4F04BF00020833C1
:109E300010F0704F04BF0001043310F0404F04BF16
:109E400080000233002807DB420003D42020704743
:109E50000023E8E7581C704718467047036813F062
:109E6000070207D0D90720D49A0720D49B080360A3
:109E70000220704799B209B91B0C102213F0FF0F92
:109E800004BF1B0A0832190704BF1B0904329907D3
:109E900004BF9B080232D90704D45B0801D12020FB
:109EA00070470132036010467047002070475B081E
:109EB00003600120704700BF10B50C460121FFF779
:109EC0003DFF01224461026110BD00BF2DE9F04F4A
:109ED0000D691769BD4283B00C46164604DA2A465E
:109EE00034463D460E461746A368616805EB0708F1
:109EF0009845C8BF0131FFF721FF00F1140C0CEBAE
:109F00008809CC45009005D26346002143F8041B24
:109F10009945FBD806F1140202EB870A04F11403F9
:109F2000524503EB850E54D2CDF80490994652F871
:109F3000043B1FFA83FBBBF1000F20D000204F46EB
:109F40006646054600E01E4657F8044B3068A1B24D
:109F500083B20BFB0131240C000C4B190BFB0400EA
:109F600000EB134099B2334641EA0041BE454FEA47
:109F7000104543F8041BE6D8756052F8043C5FEACC
:109F8000134B20D0DCF80030674618464D460021C0
:109F900000E037462C88000C0BFB040001449CB207
:109FA0003E4644EA014346F8043B786855F8044BC2
:109FB00083B2240C0BFB043404EB1143AE454FEA8F
:109FC0001341E6D87B6092450CF1040CAFD8DDF864
:109FD0000490B8F1000F0BDD59F8043CA9F1040915
:109FE0001BB105E059F8043D13B9B8F10108F9D1E6
:109FF0000098C0F8108003B0BDE8F08F12F00303A2
:10A000002DE9F041144607462ED10E46A4101CD06F
:10A01000BD6C95B3E3074FF0000806D4641014D06C
:10A020002868A8B10546E307F8D52A4631463846E0
:10A03000FFF74CFFB6B17268FB6C641053F8221046
:10A04000316043F822600646EAD13046BDE8F0812F
:10A050002A4629463846FFF739FF2860C0F80080B5
:10A060000546E0E70646D9E75A1E0B4D002355F892
:10A070002220FFF793FE0646C8E701213846FFF786
:10A080005DFE40F27121012200234161026105461B
:10A09000B8640360BEE700BFB80E00202DE9F047AA
:10A0A00091460A698B684FEA691404EB020808F1CB
:10A0B00001059D420E468246496804DD5B009D42D3
:10A0C00001F10101FADC5046FFF738FE002C00F1E7
:10A0D000140238DD02EB8403002142F8041B934292
:10A0E000FBD1346906F1140119F01F0901EB840E4C
:10A0F00021D0C9F1200200240F6807FA09FC4CEABC
:10A1000004049C4643F8044B51F8044B8E4524FA52
:10A1100002F4F1D8CCF804400CB108F10205DAF8E9
:10A120004C307268013D53F822100561316043F8EC
:10A130002260BDE8F087043B51F8042B43F8042F5C
:10A140008E45F9D8EBE71346CBE700BF02690B69F0
:10A15000D21A13D19B0014301431194410B40344A3
:10A1600001E098420CD253F8044D51F8042D94426A
:10A17000F7D009D301205DF8044B704710467047B3
:10A1800000205DF8044B70474FF0FF30F3E700BF4D
:10A190002DE9F8430B690F4611695B1A002B9046B5
:10A1A00017D1890007F1140208F114055318294446
:10A1B00001E09A425ED253F8046D51F8044DA64274
:10A1C000F7D060D23B46144647464FF00109984607
:10A1D00006E05DDB07F1140502F114044FF00009FD
:10A1E0007968FFF7ABFDD8F810303E69C0F80C90E5
:10A1F00004EB830CA64605EB860700F1140400234C
:10A200005EF8041B55F8048B8AB213FA88F3090C24
:10A210009A1AC1EB184303EB224392B242EA03427B
:10A22000F44544F8042B4FEA2343E9D8AF4217D949
:10A23000A446294651F804EB13FA8EF2131403EBEB
:10A240001E4392B242EA03428F424CF8042B4FEA7B
:10A250002343EFD8ED433D4425F0030504352C445A
:10A26000043C22B954F8043D013E002BFAD00661AB
:10A27000BDE8F8830021FFF761FD012200230261A0
:10A280004361BDE8F8832C464FF000091546A7E767
:10A290003B4607F1140408F1140547464FF0010945
:10A2A00098469DE72DE9F04357EC106B83B0884644
:10A2B00001213C46C7F30A551746FFF73FFDC4F39B
:10A2C000130481460DB144F4801401941EB302A816
:10A2D00040F8086DFFF7C2FD002834D19DE80C005E
:10A2E000C9F81420002B0CBF01210221C9F8183035
:10A2F000C9F81010DDB909EB8103A0F23240C8F8AB
:10A3000000001869FFF78AFDC0EB4110386048462D
:10A3100003B0BDE8F08301A8FFF7A0FD019BC9F8D9
:10A32000143001212030C9F81010002DE3D0A5F21F
:10A3300033450544C0F13500C8F800503860484640
:10A3400003B0BDE8F0839DE80C00C0F1200103FAE2
:10A3500001F10A43C3400193C9F81420C2E700BFCA
:10A3600070B50D461446064618B1836B0BB9FFF75E
:10A3700023F9A368013B002BA36005DBE8B2236847
:10A380005A1C22601D7070BDA269934202DBE8B2C4
:10A390000A28F4D1224629463046BDE8704000F034
:10A3A0000BB900BF10B50C46B1F90E1000F04AFA17
:10A3B000002803DB236D0344236510BDA38923F428
:10A3C0008053A38110BD00BF2DE9F0411646B1F9BD
:10A3D0000C201F46D3050C46054607D50022022354
:10A3E000B1F90E1000F018FAB4F90C20B4F90E10FF
:10A3F00022F48052A2813B4632462846BDE8F04115
:10A40000FDF798BF10B50C46B1F90E1000F004FA34
:10A41000A389421C0EBF23F4805343F4805320656C
:10A42000A38110BDB1F90E1000F01CB92DE9F04F59
:10A43000936883B09046002B72D083464FF000099A
:10A44000166808688B680D464C46002C45D09C4227
:10A450001F469A4646D3AB8913F4906F2DD06F698F
:10A46000296907EB4707C1EB000A07EBD777601CA8
:10A470007F105044B8423A4684BF07463A465B05CF
:10A4800033D511465846F9F719FD002837D0524602
:10A4900029690190F5F79EFFAA89019B22F4906239
:10A4A00042F08002AA81CAEB070203EB0A006F6147
:10A4B0002B612860AA602746A24652464946F9F712
:10A4C000FDFFD8F80820AB682868DB1B5044141B3C
:10A4D000AB602860C8F8084014B3D6F800907468E0
:10A4E0000836B2E72746A246E7E75846FAF716F9D4
:10A4F00003460028D7D129695846FFF7B5F80C2341
:10A50000CBF80030AB89002243F040034FF0FF301E
:10A51000AB81C8F80820C8F8042003B0BDE8F08F6C
:10A520000020C8F8040003B0BDE8F08F4B6E2DE9A1
:10A53000F0479C0492462CD5936812683BB30F46B3
:10A54000804602F1080919E96000B60817D0043DF9
:10A55000002401E0A64210D03A4655F8041F4046B8
:10A5600000F020F9431C04F10104F3D10023CAF8E0
:10A570000830CAF80430BDE8F087DAF80830A3EBF9
:10A580008603CAF8083009F10809002BDBD1002046
:10A59000ECE7FFF751F90023CAF80830CAF8043095
:10A5A000BDE8F08793680BB1FFF7C0BF10B4184641
:10A5B00053605DF8044B7047F8B50D4614460646E7
:10A5C00010B1836B002B4AD0B4F90C20A369A360AF
:10A5D00091B2080738D52369002B35D08904EFB232
:10A5E00015D522686169D31A8B421CDA0133A16840
:10A5F000501C0139A1602060157062699A421AD01E
:10A60000A389DB0701D50A2F15D03846F8BD616E46
:10A6100042F4005221F40051A2812268616661690E
:10A62000D31A8B42E2DB21463046FEF731FF40B9B8
:10A6300022680123DBE721463046FEF729FF002888
:10A64000E3D04FF0FF37E0E721463046FDF788FEC4
:10A650000028F6D1B4F90C20236991B2BEE7FEF7C9
:10A66000ABFFB1E738B5074C002305460846236029
:10A67000F6F712FD431C00D038BD2368002BFBD039
:10A680002B6038BD2CF7002000293DD070B5054661
:10A690000C4608B1836B7BB3B4F90C300BB90020C6
:10A6A00070BD21462846FEF74FFEE36A064633B1E9
:10A6B000E169284698470028B8BF4FF0FF36A389C4
:10A6C0001B061CD4216B41B104F14003994202D016
:10A6D0002846FEF7C9FF00232363616C21B1284699
:10A6E000FEF7C2FF00236364FEF76CFF0023A38123
:10A6F000FEF76AFF304670BDFEF75EFFCCE72169CA
:10A700002846FEF7B1FFDDE7002070472DE9F0474E
:10A7100082B0804689461446F9F7A8FB012833D059
:10A7200004F15C034A4601A9404600F0A1F8B0F1EB
:10A73000FF3F824621D088B39DF80460002508E0E1
:10A7400023685A1C22601E700135554526D201AB84
:10A750005E5DA368013B002BA360F1DAA769BB42F1
:10A7600031462246404601DB0A2EE9D1FFF724FF9D
:10A77000431CE9D102B0BDE8F087A38943F0400350
:10A78000A38102B0BDE8F08709F1FF33FE2BC7D8E3
:10A790005FFA89F682468DF80460CFE7484602B03A
:10A7A000BDE8F087B2F90C3013F4005F0BD110B4A0
:10A7B000546E43F4005344F40054546693815DF89E
:10A7C000044BFFF7A3BFFFF7A1BF00BF38B50B468F
:10A7D000074C05461146184600232360F6F760FC37
:10A7E000431C00D038BD2368002BFBD02B6038BD44
:10A7F0002CF7002038B5074C002305460846236097
:10A80000F6F754FC431C00D038BD2368002BFBD066
:10A810002B6038BD2CF7002070B50D46084C114652
:10A8200006461A46284600232360F6F741FC431CDF
:10A8300000D070BD2368002BFBD0336070BD00BF1B
:10A840002CF7002070B50D46084C114606461A46F6
:10A85000284600232360F6F71DFC431C00D070BD82
:10A860002368002BFBD0336070BD00BF2CF70020A5
:10A87000F0B5064685B01F4689B1104C104D2468CE
:10A88000646B002C08BF2C46D4F8E040A047431C62
:10A8900003D100228A233A60336005B0F0BD0C4634
:10A8A0000649074A0968496B002908BF1146224634
:10A8B000D1F8E04001A9A047E9E700BF906200207D
:10A8C000145D00205FF800F0C52B02605FF800F017
:10A8D000212202605FF800F075DD01605FF800F092
:0CA8E000192C02605FF800F0A9CE0160A6
:04A8EC00F8B500BFFC
:08A8F000DC90FF7F0100000075
:10A8F8000000000000000000000000000000000050
:10A90800000000000000000000000000000000003F
:10A91800000000000000000000000000000000002F
:10A92800000000000000000000000000000000001F
:10A93800000000000000000000000000000000000F
:10A9480000000000000000000000000000000000FF
:10A9580000000000000000000000000000000000EF
:10A9680000000000000000000000000000000000DF
:10A9780000000000000000000000000000000000CF
:10A9880000000000000000000000000000000000BF
:10A9980000000000000000000000000000000000AF
:10A9A800000000000000000000000000000000009F
:10A9B800000000000000000000000000000000008F
:10A9C800000000000000000000000000000000007F
:10A9D800000000000000000000000000000000006F
:10A9E800000000000000000000000000000000005F
:10A9F800000000000000000000000000000000004F
:10AA0800000000000000000000000000000000003E
:10AA1800000000000000000000000000000000002E
:10AA2800000000000000000000000000000000001E
:10AA3800000000000000000000000000000000000E
:10AA480000000000000000000000000000000000FE
:10AA580000000000000000000000000000000000EE
:10AA680000000000000000000000000000000000DE
:10AA780000000000000000000000000000000000CE
:10AA880000000000000000000000000000000000BE
:10AA980000000000000000000000000000000000AE
:10AAA800000000000000000000000000000000009E
:10AAB800000000000000000000000000000000008E
:10AAC800000000000000000000000000000000007E
:10AAD800000000000000000000000000000000006E
:10AAE800000000000000000000000000000000005E
:10AAF800000000000000000000000000000000004E
:10AB0800000000000000000000000000000000003D
:10AB1800000000000000000000000000000000002D
:10AB2800000000000000000000000000000000001D
:10AB3800000000000000000000000000000000000D
:10AB480000000000000000000000000000000000FD
:10AB580000000000000000000000000000000000ED
:10AB680000000000000000000000000000000000DD
:10AB7800000000000000304300000000000030C367
:10AB88000080E03779C34143176E05B5B5B89346E1
:10AB9800F5F93FE9034F384D321D30F94877825AAD
:10ABA8003CBF737FDD4F1575000000000000F03FCB
:10ABB8000000000000002440000000000000594090
:10ABC8000000000000408F40000000000088C340E3
:10ABD80000000000006AF8400000000080842E4158
:10ABE80000000000D01263410000000084D79741A4
:10ABF8000000000065CDCD41000000205FA00242AA
:10AC0800000000E876483742000000A2941A6D421E
:10AC1800000040E59C30A2420000901EC4BCD64211
:10AC280000003426F56B0C430080E03779C34143BC
:10AC380000A0D8855734764300C84E676DC1AB4332
:10AC4800003D9160E458E143408CB5781DAF154450
:10AC580050EFE2D6E41A4B4492D54D06CFF080442B
:10AC6800F64AE1C7022DB544B49DD9794378EA4440
:10AC78004FBB610567ACDD3F182D4454FB21E93F0C
:10AC88009BF681D20B73EF3F182D4454FB21F93FFB
:10AC9800E2652F227F2B7A3C075C143326A6813C81
:10ACA800BDCBF07A8807703C075C143326A6913C2C
:10ACB800B5620000000000003C18500000000101CF
:10ACC8000001010101020101020201020301020364
:10ACD8000202040202050202050302060302070338
:10ACE800020704030704030705040705040706050C
:10ACF80007060607060607070707070001000400FE
:10AD080034210020AC210020E02100201422002062
:10AD1800482200207C2200202B8104002100000012
:10AD28002B81040022000000AABBCC03020100FF13
:10AD3800FFFFFFFF1122330A0B0CCCDDDDDDDDDD6B
:10AD480000000000020305070B0D1113171D1F2536
:10AD5800292B2F353B3D4347494F53596165676B55
:10AD68006D717F83898B95979DA3A7ADB3B5BFC13F
:10AD7800C5C7D3DFE3E5E9EFF1FB0000FFFFFFFF05
:10AD8800FFFFFFFFC90FDAA22168C234C4C6628B75
:10AD980080DC1CD129024E088A67CC74020BBEA63F
:10ADA8003B139B22514A08798E3404DDEF9519B381
:10ADB800CD3A431B302B0A6DF25F14374FE1356DE6
:10ADC8006D51C245E485B576625E7EC6F44C42E9B3
:10ADD800A637ED6B0BFF5CB6F406B7EDEE386BFBF0
:10ADE8005A899FA5AE9F24117C4B1FE649286651BE
:10ADF800ECE45B3DC2007CB8A163BF0598DA483635
:10AE08001C55D39A69163FA8FD24CF5F83655D233F
:10AE1800DCA3AD961C62F356208552BB9ED529074C
:10AE28007096966D670C354E4ABC9804F1746C08A0
:10AE3800CA18217C32905E462E36CE3BE39E772C94
:10AE4800180E86039B2783A2EC07A28FB5C55DF079
:10AE58006F4C52C9DE2BCBF6955817183995497C9B
:10AE6800EA956AE515D2261898FA051015728E5AD1
:10AE78008AACAA68FFFFFFFFFFFFFFFF000000008A
:10AE8800551D2500000000000D0A000000C03D40CF
:10AE980000003E4000403E4000C01D4000001E40F3
:10AEA80000401E4078480020804800208848002044
:10AEB8009048002048CF026018CF0260E8CE0260B8
:10AEC800B8CE026088CE026058CE02600304050640
:10AED800070800000102030405060000F8D5026017
:10AEE800C8D5026098D5026068D5026000020000EB
:10AEF8000004000000080000001000004A4B000099
:10AF08000000000000000000CD550000C540000012
:10AF1800ED5C00005D420000155F0000614200002A
:10AF28006542000000000000000000009D6600006F
:10AF3800AD6700007D000000B56600009566000062
:10AF4800C567000045680000D96600006968000010
:10AF5800B966000085670000256700009567000056
:10AF6800B9680000FD670000756600007D66000096
:10AF78008D660000A16700009166000000000000D7
:10AF88000000000099FB0000F1FE0000F9F5000048
:10AF9800D1F6000019F6000041F60000EDF60000B9
:10AFA8000000000000000000912201008922010039
:10AFB80085220100812201007D2201007922010001
:10AFC800752201007122010000000000000000004D
:10AFD8007DF00000ADF000007D00000079F0000079
:10AFE800FD2F00000930000061F0000000000000A3
:10AFF8000000000035FD00000000C1C081C1400113
:10B0080001C3C003800241C201C6C006800741C710
:10B018000005C1C581C4400401CCC00C800D41CDE0
:10B02800000FC1CF81CE400E000AC1CA81CB400BB0
:10B0380001C9C009800841C801D8C018801941D980
:10B04800001BC1DB81DA401A001EC1DE81DF401F10
:10B0580001DDC01D801C41DC0014C1D481D5401520
:10B0680001D7C017801641D601D2C012801341D330
:10B078000011C1D181D0401001F0C030803141F1C0
:10B088000033C1F381F240320036C1F681F7403710
:10B0980001F5C035803441F4003CC1FC81FD403DE0
:10B0A80001FFC03F803E41FE01FAC03A803B41FBB0
:10B0B8000039C1F981F840380028C1E881E9402900
:10B0C80001EBC02B802A41EA01EEC02E802F41EF10
:10B0D800002DC1ED81EC402C01E4C024802541E520
:10B0E8000027C1E781E640260022C1E281E3402330
:10B0F80001E1C021802041E001A0C060806141A140
:10B108000063C1A381A240620066C1A681A740670F
:10B1180001A5C065806441A4006CC1AC81AD406DDF
:10B1280001AFC06F806E41AE01AAC06A806B41ABAF
:10B138000069C1A981A840680078C1B881B940797F
:10B1480001BBC07B807A41BA01BEC07E807F41BF0F
:10B15800007DC1BD81BC407C01B4C074807541B51F
:10B168000077C1B781B640760072C1B281B340732F
:10B1780001B1C071807041B00050C19081914051BF
:10B188000193C053805241920196C056805741970F
:10B198000055C19581944054019CC05C805D419DDF
:10B1A800005FC19F819E405E005AC19A819B405BAF
:10B1B8000199C059805841980188C04880494189FF
:10B1C800004BC18B818A404A004EC18E818F404F0F
:10B1D800018DC04D804C418C0044C184818540451F
:10B1E8000187C047804641860182C042804341832F
:10B1F8000041C18181804040ED6200008163000010
:10B208007D630000F1620000F562000000000000AC
:10B21800D8399D270054EA2A00A4781F007B9A1782
:10B22800002020202020202020202828282828200E
:10B238002020202020202020202020202020202006
:10B24800208810101010101010101010101010106E
:10B25800100404040404040404040410101010105E
:10B268001010414141414141010101010101010128
:10B27800010101010101010101010101101010107A
:10B2880010104242424242420202020202020202FA
:10B29800020202020202020202020202101010104E
:10B2A8002000000000000000000000000000000076
:10B2B8000000000000000000000000000000000086
:10B2C8000000000000000000000000000000000076
:10B2D8000000000000000000000000000000000066
:10B2E8000000000000000000000000000000000056
:10B2F8000000000000000000000000000000000046
:10B308000000000000000000000000000000000035
:10B318000000000000000000000000000000000025
:10B328000000000090510020202020202020202014
:10B338002020202020202020202020202020202005
:10B34800202020202020202000000042C8801F400C
:10B35800B8821F400800000000000042C4801F405F
:10B36800B4821F400400000000C0004224801F4037
:10B3780014821F401000000000C0004228801F40B7
:10B3880018821F402000000000C000422C801F408F
:10B398001C821F404000000000C0004234801F4053
:10B3A80024821F40000100000040004264811F40C9
:10B3B80054831F40000400000040004280811F4069
:10B3C80070831F4000000200004000427C811F4043
:10B3D8006C831F40000001000040004268811F404C
:10B3E80058831F4000080000004000423C811F4075
:10B3F8002C831F40010000000040004244811F4090
:10B4080034831F40040000000040004240811F4078
:10B4180030831F40020000000040004248811F4066
:10B4280038831F40080000000000004204811F40CC
:10B43800F4821F40000004000000004208811F4001
:10B44800F8821F40000008000000004218811F40D9
:10B4580008831F40000080000000004214811F4044
:10B4680004831F40000040000000004200811F408C
:10B47800F0821F400000020000000042FC801F40D4
:10B48800EC821F40000001000000004224811F40A0
:10B4980014831F40000000040000004228811F4060
:10B4A80018831F4000000008000000421C811F4054
:10B4B8000C831F40000000010000004220811F4053
:10B4C80010831F400000000200000042EC801F4073
:10B4D800DC821F400010000000000042F0801F4086
:10B4E800E0821F40002000000000004234811F401D
:10B4F80024831F40000000400000004238811F40A4
:10B5080028831F40000000800080004294801F4074
:10B5180084821F400000040000C0004290801F4049
:10B5280080821F400000008000800042A8801F40E9
:10B5380098821F400000800000800042A4801F40C5
:10B5480094821F4000004000004000426C811F4070
:10B558005C831F400010000000C0004230801F4084
:10B5680020821F408000000000400042B0811F4040
:10B57800A0831F400000002000400042AC811F4013
:10B588009C831F40000000100040004284811F403F
:10B5980074831F40000004000040004288811F405F
:10B5A80078831F4000000800000000422C811F40E3
:10B5B8001C831F40000000100000004230811F4023
:10B5C80020831F4000000020000000420C811F4023
:10B5D800FC821F40000010000000004210811F4044
:10B5E80000831F400000200000800042C8811F40E7
:10B5F800B8831F400080000000800042C4811F40C3
:10B60800B4831F400040000000800042C0811F40FA
:10B61800B0831F400020000000800042BC811F4012
:10B62800AC831F400010000000800042D0811F4002
:10B63800C0831F400000020000800042CC811F40F0
:10B64800BC831F400000010000C0004274801F40FE
:10B6580064821F400000000100C0004280801F403B
:10B6680070821F400000000800C0004284801F4014
:10B6780074821F400000001000C000426C801F4010
:10B688005C821F400000400000C000427C801F40D8
:10B698006C821F400000000400C0004278801F40F8
:10B6A80068821F400000000200C0004288801F40DE
:10B6B80078821F400000002063825363FFFFFFFF72
:10B6C800FFFF000000000000000000000100000073
:10B6D80006000000A57200007D7200006D8F00005A
:10B6E800398F0000358F0000A9700000FD7100003F
:10B6F800E5900000ED700000499000000590000002
:10B70800140E00203571000099710000C0630020FC
:10B718002465002048650020006500200000000026
:10B7280089B3000061B500002DB5000000000000DD
:10B73800C9B40000D1B30000A1B3000059960000BD
:10B7480099960000000000000100000035CA0000C2
:10B75800F5E50000D9DC000001CA0000F1D30000C3
:10B7680075DB000001D60000EDCC000081C90000A7
:10B7780039E500000000000035EB0000B1ED0000E5
:10B7880085ED00000000000025ED00008DEB0000B5
:10B798005DEB00005996000099960000000000003B
:10B7A8001B05000017050000050000001900000037
:10B7B8007D00000007080C0B06050F000D0E0102A6
:10B7C800838407080C0B06050F000D0E0102838405
:10B7D800FFFFFFFFFFFFFFFFFFFF8182090A000055
:10B7E80001010004010000040132010101320201DB
:10B7F80001100101011101010112010201030206F8
:10B808000103010601120202020000010202000106
:10B8180002010001021000010222000102230001BE
:10B8280000000000000000000221000102200001C9
:10B838000000000000000000013001010131010199
:10B8480001020004010300040000000000000000E1
:10B858000121020101210101000000000000000097
:10B8680000000000011002010000000000000000BC
:10B878000113010601130206000000000000000089
:10B8880000000000000000000101020101010101A7
:10B89800010002010100010101020201010201018E
:10B8A8000000000000000000000000000123020169
:10B8B8000000000000000000012001014144432075
:10B8C800436F6E6E6563746F6E204F4B000000000F
:10B8D80041444320436F6E6E6563746F6E2046412A
:10B8E800494C4544210000004175746F73746565C7
:10B8F800722072756E6E696E672C20776169746943
:10B908006E6720666F722041674F70656E475053AF
:10B91800000000004175746F737465657220646976
:10B928007361626C65642C20475053206F6E6C798C
:10B93800206D6F6465000000556E6B6E6F776E202A
:10B94800516F5300546F6F2062696720646174619E
:10B958002066726F6D20544D313731212000000070
:10B96800496E697469616C697A696E672065746883
:10B9780065726E6574207769746820737461746980
:10B98800632049502061646472657373000000008D
:10B9980045746865726E657420736869656C6420A7
:10B9A800776173206E6F7420666F756E642E204702
:10B9B80050532076696120555342206F6E6C792E62
:10B9C8000000000045746865726E657420636162EA
:10B9D8006C65206973206E6F7420636F6E6E65638B
:10B9E800746564202D2057686F2063617265732029
:10B9F80077652077696C6C20737461727420657444
:10BA08006865726E657420616E797761792E0000C1
:10BA18000D0A45746865726E657420737461747577
:10BA280073204F4B00000000495020736574204D6F
:10BA3800616E75616C6C793A200000000D0A4574DE
:10BA48006865726E6574204950206F66206D6F645A
:10BA5800756C653A2000000045746865726E6574FF
:10BA68002073656E64696E6720746F2049503A20B0
:10BA780000000000416C6C20646174612073656E85
:10BA880064696E6720746F20706F72743A200000CA
:10BA980045746865726E657420475053205544504C
:10BAA8002073656E64696E672066726F6D20706FB3
:10BAB80072743A200000000045746865726E6574FF
:10BAC800204E5452495020554450206C6973746577
:10BAD8006E696E6720746F20706F72743A20000070
:10BAE80045746865726E6574204175746F5374652A
:10BAF800657220554450206C697374656E696E6771
:10BB080020746F20262073656E642066726F6D2026
:10BB1800706F72743A2000002450414F47492C003E
:10BB28002450414E44412C002A0000000D0A000018
:10BB3800472D565447000000472D47474100000055
:10BB480053746172742073657475700053657269FB
:10BB5800616C414F472C2053657269616C52544B9C
:10BB68002C2053657269616C47505320616E6420C4
:10BB780053657269616C4750533220696E69746904
:10BB8800616C697A656400000D0A537461727469A6
:10BB98006E67204175746F53746565722E2E2E0082
:10BBA8000D0A5374617274696E6720457468657212
:10BBB8006E65742E2E2E00000D0A5374617274691E
:10BBC8006E6720494D552E2E2E000000434D5053D0
:10BBD800313420414444524553733A2030780000B0
:10BBE800434D50533134204F6B2E0000434D50537A
:10BBF800206E6F7420436F6E6E6563746564206F8A
:10BC08007220466F756E640020424E4F30385820BF
:10BC18004F6B2E00424E4F303830206E6F742064C8
:10BC28006574656374656420617420676976656E00
:10BC38002049324320616464726573732E000000EA
:10BC480020424E4F303858206E6F7420436F6E6E0E
:10BC58006563746564206F7220466F756E640000BA
:10BC68000D0A757365434D5053203D2000000000B8
:10BC7800757365424E4F303878203D200000000033
:10BC880052656365697665642064617461206672D3
:10BC98006F6D20544D313731000000004E6F206623
:10BCA8007265736820646174612066726F6D2054D8
:10BCB8004D313731000000002A2A2A2A2A2A204E2C
:10BCC8006F20494D5520646574656374656421214E
:10BCD80021202A2A2A2A2A2A000000005269676895
:10BCE800742E2E2E2074696D6520666F7220736F16
:10BCF8006D652043414E4255532100000D0A456EA3
:10BD0800642073657475702C2077616974696E6737
:10BD180020666F72204750532E2E2E0D0A00000009
:10BD28005377617070696E672047505320706F7247
:10BD380074732E2E2E0D0A00436865636B696E6757
:10BD48002062617564726174653A2000752D626CB9
:10BD58006F7820474E5353206E6F74206465746566
:10BD6800637465642E20506C656173652063686533
:10BD7800636B20776972696E672E0000466F756E77
:10BD880064207265636965766572206174206261FA
:10BD98007564726174653A200000000021414F47C4
:10BDA8004F4B00005365727669636520756E617646
:10BDB80061696C61626C65202D20526573746172D3
:10BDC80074696E67000000005365727669636520C8
:10BDD800756E617661696C61626C65202D204661C3
:10BDE800756C7400506572666F726D616E63652064
:10BDF8006C696D697465640042617369632070657C
:10BE080072666F726D616E636500000046696E65EB
:10BE18002073657276696365000000005665727963
:10BE280020676F6F64207365727669636500000030
:10BE38003031323334353637383941424344454658
:10BE4800000000004865616465723A003000000037
:10BE580020426F64793A0000205B436F6E74696E0C
:10BE6800756564207061636B65745D200000000077
:10BE7800204C656E6774683A0000000020436861D2
:10BE88006E6E656C3A000000436F6D6D616E640004
:10BE980045786563757461626C650000436F6E7404
:10BEA800726F6C0053656E736F722D7265706F726E
:10BEB8007400000057616B652D7265706F727400B5
:10BEC8004779726F2D766563746F72004D45204314
:10BED800616C207265706F727420666F756E642174
:10BEE8000000000067657451756174493A207175E6
:10BEF80061743A2000000000207261775175617406
:10BF0800493A200020726F746174696F6E566563D8
:10BF1800746F725F51313A200000000067657451F8
:10BF28007561744A3A20717561743A200000000006
:10BF380020726177517561744A3A200067657451BF
:10BF48007561744B3A20717561743A2000000000E5
:10BF580020726177517561744B3A20004932432051
:10BF680074696D656F757400535049205761697421
:10BF78000000000053504920494E542074696D65F3
:10BF88006F75740073656E645061636B65742849DE
:10BF98003243293A20656E645472616E736D697319
:10BFA80073696F6E2072657475726E65643A2000ED
:10BFB80053572056657273696F6E204D616A6F72B0
:10BFC8003A203078000000002053572056657273DD
:10BFD800696F6E204D696E6F723A203078000000EC
:10BFE8002053572050617274204E756D6265723A05
:10BFF80020307800205357204275696C64204E75B4
:10C008006D6265723A203078000000002053572096
:10C0180056657273696F6E2050617463683A203098
:10C02800780000006D65746144617461206172720A
:10C038006179206F7665722072756E2E2052657454
:10C0480075726E696E672E0053657474696E672029
:10C05800657874656E6465642066696C74657220C1
:10C068003078000053657474696E67207374616E6C
:10C07800646172642066696C7465722030780000AF
:10C08800496E697469616C697365642043414E4205
:10C098005553000043414E4255532049443A20002D
:10C0A8002020000042797465206F6620696E7465EF
:10C0B80072657374206174206F66667365742000FE
:10C0C800202056616C75653A2000000043414E42BD
:10C0D8005553206269742073746174653A207472D0
:10C0E80075650000456E676167696E6720737465E2
:10C0F8006572696E67000000446973656E67616701
:10C10800696E67207374656572696E670000000068
:10C1180053746174654572723A200000436F6E6E05
:10C12800656374204572723A2000000053656E649E
:10C138004572723A200000002563000064656300C0
:10C14800656E630020204145532D4543422D25331C
:10C158006420282573293A2000000000736B697059
:10C168007065640070617373656400002020414548
:10C17800532D4342432D25336420282573293A2023
:10C188000000000020204145532D434642313238FB
:10C198002D25336420282573293A20002020414585
:10C1A800532D4354522D31323820282573293A20F3
:10C1B800000000006661696C65640000202042612F
:10C1C8007365363420656E636F64696E67207465C5
:10C1D80073743A20000000007061737365640A206C
:10C1E80020426173653634206465636F64696E67E5
:10C1F80020746573743A20007061737365640A0073
:10C20800454645303231433236343546443144436D
:10C21800353836453639313834414634413331457D
:10C228004435463533453933423546313233464154
:10C2380034313638303836374241313130313331A4
:10C248003934344645373935324532353137333369
:10C25800373738304342304442383045363141412F
:10C2680045374338444443364335433641414445D2
:10C27800423334454233384132463430443545360A
:10C2880000000000423245374546443337303735E1
:10C2980042394630334646393839433743353035E5
:10C2A800314332303334443241333233383130322F
:10C2B80035313132374537424638363235413446E2
:10C2C800343941354633453237463444413842449F
:10C2D8003539433437443644414142413443383197
:10C2E80032374244354235433235373633323232CB
:10C2F800464546434346433338423833323336366D
:10C308004332394500000000303036364131393883
:10C318003138364331384331304232463545443975
:10C32800423532323735324139383330423639398D
:10C338003136453533354338463034373531384171
:10C34800383839413433413539344236424544323C
:10C358003741313638443331443441353246383840
:10C368003932354141384635000000003630324117
:10C3780042374543413539374133443642353646ED
:10C3880046393832394135453842383539453835F6
:10C3980037454139354130333531324532424145EF
:10C3A8003733393136383844323634414135363608
:10C3B80033423033343144423943434644324334C0
:10C3C80043354634323146454338313438303031DC
:10C3D80042373245383438413338434145314336A2
:10C3E800354637384535364142444546453132446D
:10C3F8003343303339423841303244364245353997
:10C40800334630424242444135364631454346364A
:10C418003737313532454638303433373043314198
:10C42800333035434146334235424631333038376D
:10C43800394235364336314445353834413046354E
:10C4480033413234343741353145000020204D50D6
:10C4580049207465737420233120286D756C5F6DD5
:10C468007069293A200000003235363536373333C3
:10C478003630353945353243414532323932353433
:10C48800373437303546333941393400363631336D
:10C49800463236313632323233444634383845390A
:10C4A80043443438434331333243374130414339CD
:10C4B80033433730314230303142303932453445F8
:10C4C8003542394637334243443237423945453598
:10C4D80030443036353743373746333734453930CB
:10C4E80033434446413443363432000020204D5013
:10C4F80049207465737420233220286469765F6D3F
:10C508007069293A2000000020204D5049207465A8
:10C51800737420233320286578705F6D6F64293A1F
:10C528002000000020204D5049207465737420239A
:10C53800342028696E765F6D6F64293A2000000008
:10C548006661696C65642061742025640A000000D6
:10C55800556E6578706563746564206572726F7274
:10C568002C2072657475726E20636F6465203D209F
:10C57800253038580A0000003336453133394145F3
:10C58800413535323135363039443238313639393A
:10C5980038454430323042424244393643333738E2
:10C5A80039304636353137314439343845394243E4
:10C5B80037434241413444393332354432344436C6
:10C5C80041334331323731304631304130394641D9
:10C5D800303841423837000030303341304141452E
:10C5E800444437453738344643303744384639456C
:10C5F8004336453342464435433344424137363463
:10C6080035363336334131303836393632324541B2
:10C61800433244443834454343354238413734443F
:10C62800414334443039453033423545304245374B
:10C6380037394632444636310000000020204D503C
:10C64800492074657374202335202873696D706CD4
:10C658006520676364293A200000000020204341D8
:10C668004D454C4C49412D4543422D2533642028E6
:10C678002573293A20000000202043414D454C4CA9
:10C6880049412D4342432D25336420282573293AF7
:10C6980020000000202043414D454C4C49412D438A
:10C6A80054522D31323820282573293A20000000B1
:10C6B800202043434D3A2073657475702066616984
:10C6C8006C656400202043434D2D414553202325AC
:10C6D800753A20004445532D454445332D43424384
:10C6E800000000004445532D454445332D45434241
:10C6F800000000004445532D4544452D4342430066
:10C708004445532D4544452D454342004445532D4A
:10C718004543420043414D454C4C49412D32353645
:10C728002D43434D0000000043414D454C4C4941C9
:10C738002D3139322D43434D0000000043414D4512
:10C748004C4C49412D3132382D43434D00000000F7
:10C7580043414D454C4C49412D3235362D47434DCB
:10C768000000000043414D454C4C49412D313932C0
:10C778002D47434D0000000043414D454C4C494175
:10C788002D3132382D47434D0000000043414D45BF
:10C798004C4C49412D3235362D435452000000008F
:10C7A80043414D454C4C49412D3139322D4354526A
:10C7B8000000000043414D454C4C49412D31323871
:10C7C8002D4354520000000043414D454C4C494113
:10C7D8002D3235362D4346423132380043414D45DE
:10C7E8004C4C49412D3139322D43464231323800C3
:10C7F80043414D454C4C49412D3132382D43464239
:10C808003132380043414D454C4C49412D32353683
:10C818002D4342430000000043414D454C4C4941E3
:10C828002D3139322D4342430000000043414D452C
:10C838004C4C49412D3132382D4342430000000011
:10C8480043414D454C4C49412D3235362D454342E7
:10C858000000000043414D454C4C49412D313932CF
:10C868002D4543420000000043414D454C4C494191
:10C878002D3132382D454342000000004145532DEB
:10C888003235362D43434D004145532D3139322D34
:10C8980043434D004145532D3132382D43434D001C
:10C8A8004145532D3235362D47434D004145532DD3
:10C8B8003139322D47434D004145532D3132382D02
:10C8C80047434D004145532D3235362D43545200D0
:10C8D8004145532D3139322D435452004145532D92
:10C8E8003132382D435452004145532D3235362DBF
:10C8F80043464231323800004145532D3139322DFB
:10C9080043464231323800004145532D3132382DEB
:10C9180043464231323800004145532D3235362DD9
:10C92800434243004145532D3139322D43424300A0
:10C938004145532D3132382D434243004145532D53
:10C948003235362D454342004145532D3139322D7C
:10C95800454342004145532D3132382D454342006D
:10C96800202044455325632D4543422D253364201B
:10C97800282573293A200000202044455325632D9B
:10C988004342432D25336420282573293A2000008B
:10C998002D2D2D2D2D454E442044482050415241E7
:10C9A8004D45544552532D2D2D2D2D002D2D2D2D1A
:10C9B8002D424547494E20444820504152414D455B
:10C9C800544552532D2D2D2D2D0000002020444874
:10C9D8004D20706172616D65746572206C6F616461
:10C9E8003A200000736563703338347231000000F8
:10C9F8002020454350207465737420233120286318
:10CA08006F6E7374616E74206F705F636F756E7490
:10CA18002C206261736520706F696E742047293A13
:10CA2800200000003030303030303030303030309E
:10CA380030303030303030303030303030303030EE
:10CA480030303030303030303030303030303030DE
:10CA580030303031000000006661696C6564202860
:10CA68002575290A000000002020454350207465E0
:10CA780073742023322028636F6E7374616E742080
:10CA88006F705F636F756E742C206F7468657220A9
:10CA9800706F696E74293A200000000046464646C9
:10CAA800464646464646464646464646464646461E
:10CAB8004646464639394445463833363134364297
:10CAC80043394231423444323238333000000000B6
:10CAD8003545413646333839413338423842433890
:10CAE80031453736373735334231354141353536BB
:10CAF800394531373832453330414245374432358C
:10CB080000000000343030303030303030303030D9
:10CB1800303030303030303030303030303030300D
:10CB280030303030303030303030303030303030FD
:10CB3800303030300000000037464646464646460C
:10CB4800464646464646464646464646464646467D
:10CB5800464646464646464646464646464646466D
:10CB680046464646464646460000000035353535B9
:10CB7800353535353535353535353535353535355D
:10CB8800353535353535353535353535353535354D
:10CB98003535353535353535353535350000000011
:10CBA80073656370323536723100000073656370E7
:10CBB8003232347231000000736563703139327279
:10CBC8003100000020204145532D47434D2D25338A
:10CBD800642023256420282573293A2000000000BA
:10CBE80020204145532D47434D2D253364202325CF
:10CBF800642073706C697420282573293A2000001A
:10CC08002020484D41435F4452424720285052203B
:10CC18003D205472756529203A2000002020484D97
:10CC280041435F4452424720285052203D204661EC
:10CC38006C736529203A20004D44350020204D446E
:10CC4800352074657374202325643A2000000000A1
:10CC58002A864886F70D01010400000025642E2568
:10CC6800640000002E256400551D130055040300C0
:10CC78002A864886F70D0101010000002A8648CE61
:10CC88003D0201002A8648CE3D0301010000000054
:10CC98002A864886F70D0205000000002A86488685
:10CCA800F70D0207000000002B0601050507030128
:10CCB800000000002B0E03021A0000002B0E0302D6
:10CCC800070000002A864886F70D010C01030000C2
:10CCD80070626557697468534841416E64332D4BDF
:10CCE8006579547269706C654445532D434243001D
:10CCF8005042452077697468205348413120616E5D
:10CD08006420332D4B6579203344455300000000DF
:10CD18002A864886F70D010C0104000070626557E9
:10CD2800697468534841416E64322D4B6579547279
:10CD380069706C654445532D434243005042452079
:10CD480077697468205348413120616E6420322D20
:10CD58004B6579203344455300000000686D6163DA
:10CD68005348413100000000484D41432D5348418C
:10CD78002D3100002A864886F70D020800000000C1
:10CD8800686D61635348413232340000484D414375
:10CD98002D5348412D323234000000002A8648863F
:10CDA800F70D020900000000686D616353484132C5
:10CDB80035360000484D41432D5348412D32353614
:10CDC800000000002A864886F70D020A00000000CD
:10CDD800686D61635348413338340000484D41431E
:10CDE8002D5348412D333834000000002A864886E8
:10CDF800F70D020B00000000686D61635348413570
:10CE080031320000484D41432D5348412D353132D0
:10CE18000000000069642D6D6435000069642D739D
:10CE2800686131005348412D310000006086480197
:10CE3800650304020400000069642D7368613232DE
:10CE4800340000005348412D3232340060864801D6
:10CE5800650304020100000069642D7368613235BE
:10CE6800360000005348412D3235360060864801AF
:10CE7800650304020200000069642D736861333899
:10CE8800340000005348412D33383400608648018F
:10CE9800650304020300000069642D73686135317D
:10CEA800320000005348412D353132006465734328
:10CEB800424300002A864886F70D03070000000059
:10CEC8006465732D656465332D636263000000003B
:10CED8002A8648CE3D0301070000000072736145B1
:10CEE8006E6372797074696F6E000000525341006E
:10CEF80069642D65635075626C69634B65790000E0
:10CF080047656E65726963204543206B657900004B
:10CF18002B8104010C00000069642D6563444800FE
:10CF28004543206B657920666F722045434448006D
:10CF38006D643557697468525341456E63727970F0
:10CF480074696F6E0000000052534120776974685D
:10CF5800204D4435000000002A864886F70D01015F
:10CF6800050000007368612D315769746852534198
:10CF7800456E6372797074696F6E00005253412078
:10CF88007769746820534841310000002A86488632
:10CF9800F70D01010E0000007368613232345769E1
:10CFA8007468525341456E6372797074696F6E008C
:10CFB8005253412077697468205348412D323234E6
:10CFC800000000002A864886F70D01010B000000CA
:10CFD80073686132353657697468525341456E63D8
:10CFE80072797074696F6E00525341207769746862
:10CFF800205348412D323536000000002A864886E5
:10D00800F70D01010C00000073686133383457696B
:10D018007468525341456E6372797074696F6E001B
:10D028005253412077697468205348412D3338346E
:10D03800000000002A864886F70D01010D00000057
:10D0480073686135313257697468525341456E636C
:10D0580072797074696F6E005253412077697468F1
:10D06800205348412D353132000000002B0E0302B9
:10D078001D0000002A8648CE3D04010065636473E4
:10D08800612D776974682D534841310045434453F5
:10D098004120776974682053484131002A8648CE78
:10D0A8003D0403010000000065636473612D776926
:10D0B80074682D53484132323400000045434453CC
:10D0C80041207769746820534841323234000000A7
:10D0D8002A8648CE3D04030200000000656364739D
:10D0E800612D776974682D53484132353600000048
:10D0F8004543445341207769746820534841323589
:10D10800360000002A8648CE3D04030300000000D4
:10D1180065636473612D776974682D5348413338AA
:10D128003400000045434453412077697468205314
:10D1380048413338340000002A8648CE3D040304B1
:10D148000000000065636473612D776974682D536E
:10D158004841353132000000454344534120776946
:10D168007468205348413531320000002A864886C9
:10D17800F70D01010A0000005253415353412D504D
:10D188005353000069642D6B702D73657276657258
:10D198004175746800000000544C532057656220A4
:10D1A8005365727665722041757468656E7469633B
:10D1B8006174696F6E0000002B0601050507030204
:10D1C8000000000069642D6B702D636C69656E74D6
:10D1D8004175746800000000544C53205765622064
:10D1E800436C69656E742041757468656E74696313
:10D1F8006174696F6E0000002B06010505070303C3
:10D208000000000069642D6B702D636F64655369BD
:10D21800676E696E67000000436F64652053696735
:10D228006E696E67000000002B0601050507030400
:10D238000000000069642D6B702D656D61696C508C
:10D24800726F74656374696F6E000000452D6D61BF
:10D25800696C2050726F74656374696F6E000000AA
:10D268002B060105050703080000000069642D6B03
:10D27800702D74696D655374616D70696E67000017
:10D2880054696D65205374616D70696E67000000A4
:10D298002B060105050703090000000069642D6BD2
:10D2A800702D4F4353505369676E696E67000000D5
:10D2B8004F435350205369676E696E670000000042
:10D2C80069642D63652D6261736963436F6E73745E
:10D2D8007261696E74730000426173696320436F01
:10D2E8006E73747261696E7473000000551D0F00CF
:10D2F80069642D63652D6B657955736167650000F9
:10D308004B6579205573616765000000551D250040
:10D3180069642D63652D6578744B6579557361670C
:10D3280065000000457874656E646564204B657916
:10D338002055736167650000551D110069642D63F0
:10D34800652D7375626A656374416C744E616D65B1
:10D35800000000005375626A65637420416C742094
:10D368004E616D65000000006086480186F8420144
:10D378000100000069642D6E657473636170652D2A
:10D388006365727474797065000000004E6574738B
:10D398006361706520436572746966696361746569
:10D3A800205479706500000069642D61742D636FE5
:10D3B8006D6D6F6E4E616D6500000000436F6D6DA1
:10D3C8006F6E204E616D6500434E000055040600E7
:10D3D80069642D61742D636F756E7472794E616D19
:10D3E80065000000436F756E747279004300000099
:10D3F8005504070069642D61742D6C6F63616C6955
:10D40800747900004C6F63616C69747900000000E6
:10D418004C0000005504080069642D61742D737474
:10D428006174650053746174650000005354000012
:10D4380055040A0069642D61742D6F7267616E6905
:10D448007A6174696F6E4E616D6500004F72676135
:10D458006E697A6174696F6E000000004F00000009
:10D4680055040B0069642D61742D6F7267616E69D4
:10D478007A6174696F6E616C556E69744E616D6521
:10D48800000000004F726720556E697400000000AC
:10D498004F5500002A864886F70D01090100000053
:10D4A800656D61696C4164647265737300000000A6
:10D4B800452D6D61696C2061646472657373000049
:10D4C8005504050069642D61742D73657269616C7A
:10D4D8004E756D626572000053657269616C206EED
:10D4E800756D62657200000073657269616C4E75D6
:10D4F8006D626572000000005504100069642D61BA
:10D50800742D706F7374616C416464726573730019
:10D51800506F7374616C206164647265737300008A
:10D52800706F7374616C416464726573730000009A
:10D538005504110069642D61742D706F7374616CEA
:10D54800436F646500000000506F7374616C206362
:10D558006F646500706F7374616C436F646500007D
:10D568005504040069642D61742D7375724E616DE4
:10D57800650000005375726E616D6500534E0000C2
:10D5880055042A0069642D61742D676976656E4EAD
:10D59800616D6500476976656E206E616D65000096
:10D5A800474E000055042B0069642D61742D696E87
:10D5B800697469616C730000496E697469616C73A0
:10D5C80000000000696E697469616C7300000000F6
:10D5D80055042C0069642D61742D67656E65726150
:10D5E80074696F6E5175616C6966696572000000D7
:10D5F80047656E65726174696F6E207175616C69DB
:10D60800666965720000000067656E65726174691D
:10D618006F6E5175616C69666965720055040C001E
:10D6280069642D61742D7469746C65005469746C37
:10D63800650000007469746C6500000055042E00D4
:10D6480069642D61742D646E5175616C69666965D4
:10D658007200000044697374696E67756973686560
:10D6680064204E616D65207175616C6966696572CB
:10D6780000000000646E5175616C6966696572002E
:10D688005504410069642D61742D70736575646F6C
:10D698006E796D0050736575646F6E796D0000006A
:10D6A80070736575646F6E796D0000000992268944
:10D6B80093F22C640119000069642D646F6D61692F
:10D6C8006E436F6D706F6E656E740000446F6D61B0
:10D6D800696E20636F6D706F6E656E740000000078
:10D6E8004443000055042D0069642D61742D756E46
:10D6F800697175654964656E74696669657200006B
:10D70800556E69717565204964656E7469666965E9
:10D7180072000000756E697175654964656E74699B
:10D72800666965720000000050726F632D5479704D
:10D73800653A20342C454E43525950544544000014
:10D7480044454B2D496E666F3A204445532D454458
:10D7580045332D4342432C0044454B2D496E666F9B
:10D768003A204445532D4342432C000044454B2D59
:10D77800496E666F3A204145532D000044454B2DB4
:10D78800496E666F3A204145532D3132382D434258
:10D79800432C000044454B2D496E666F3A204145A5
:10D7A800532D3139322D4342432C000044454B2D33
:10D7B800496E666F3A204145532D3235362D434226
:10D7C800432C0000696E76616C696420504B000040
:10D7D8007273612E4E0000007273612E45000000C6
:10D7E80065636B65792E51005253412D616C74004D
:10D7F800454344534100000045435F44480000004E
:10D80800454300002A864886F70D01050C000000F4
:10D81800202050424B444632202853484131292089
:10D828002325643A200000002A8648CE3D010100E5
:10D838002A864886F70D010C010100002A864886D1
:10D84800F70D01050D0000002D2D2D2D2D454E4401
:10D85800205253412050524956415445204B455976
:10D868002D2D2D2D2D0000002D2D2D2D2D42454720
:10D87800494E205253412050524956415445204B5D
:10D8880045592D2D2D2D2D002D2D2D2D2D454E4459
:10D898002045432050524956415445204B45592D67
:10D8A8002D2D2D2D000000002D2D2D2D2D4245470D
:10D8B800494E2045432050524956415445204B4536
:10D8C800592D2D2D2D2D00002D2D2D2D2D454E445E
:10D8D8002050524956415445204B45592D2D2D2D48
:10D8E8002D0000002D2D2D2D2D424547494E20504D
:10D8F800524956415445204B45592D2D2D2D2D006B
:10D908002D2D2D2D2D454E4420454E435259505412
:10D9180045442050524956415445204B45592D2DD8
:10D928002D2D2D002D2D2D2D2D424547494E2045BD
:10D938004E4352595054454420505249564154453B
:10D94800204B45592D2D2D2D2D0000002D2D2D2D31
:10D958002D454E4420525341205055424C494320B6
:10D968004B45592D2D2D2D2D000000002D2D2D2D31
:10D978002D424547494E20525341205055424C496B
:10D9880043204B45592D2D2D2D2D00002D2D2D2DAE
:10D998002D454E44205055424C4943204B45592D66
:10D9A8002D2D2D2D000000002D2D2D2D2D4245470C
:10D9B800494E205055424C4943204B45592D2D2D59
:10D9C8002D2D000039323932373538343533303679
:10D9D80033443830334444363033443545373737A9
:10D9E800443738383845443144354246333537387A
:10D9F8003631393046413246323345424330383485
:10DA0800384145414444413932434136433344382F
:10DA1800304233324334443130394245304633366C
:10DA28004436414537313330423943454437414321
:10DA3800444635344346433735353541433134451B
:10DA48004542414239334138393831334642463309
:10DA5800433446383036364432443830304637431B
:10DA6800333841383141453331393432393137343B
:10DA780030334646343934364230413833443344FF
:10DA880033453035454535374336463546353630E6
:10DA980036464235443442433643443334454530B0
:10DAA80038303141354539344242373742303735DD
:10DAB80030373233334130424337424143384639B5
:10DAC800304637390000000043333644304542378A
:10DAD8004643443238353232334346423541414277
:10DAE8004135424441334438324330314341443173
:10DAF800394541343834413837454134333737367E
:10DB08003337453735353030464342323030354388
:10DB18003543374444364543344143303233434434
:10DB2800413238354437393643334439453735453A
:10DB38003145464334323438384242344631443130
:10DB48003341433330413537000000004330303033
:10DB580044463531413743373741453844374337F1
:10DB6800333730433146463535423639453231311F
:10DB780043324239453544423145443042463631D4
:10DB88004430443938393936323046343931304501
:10DB980034313638333837453343333041413145F2
:10DBA800303043333339413739353038383435320A
:10DBB8004444393641394135454135443944434176
:10DBC800363844413633363033324146000000009F
:10DBD80032344246363138353436383738364644AA
:10DBE8004433303330383344323545363445464390
:10DBF8003636434134373242433434443235333194
:10DC08003032463842344139443342464137353060
:10DC1800393133383643303037373933374645337F
:10DC28003346413332353244323838353538333774
:10DC38004145314234383441384139413435463729
:10DC480045453843304336333446393945384344FB
:10DC580044463739433543453037454537324337EE
:10DC68004631323331343231393831363432333463
:10DC780043414242373234434637384238313733EA
:10DC88004239463838304643383633323234303702
:10DC9800414631464544464444453242454236377A
:10DCA80034434131354633453831413135323145D8
:10DCB80030373135313341314538354235444641C5
:10DCC80030333146323145434145393141333444AB
:10DCD8000000000031303030310000002020525365
:10DCE80041206B65792076616C69646174696F6E37
:10DCF8003A2000007061737365640A2020504B431A
:10DD08005323312064656372797074696F6E203AA9
:10DD1800200000007061737365640A2020504B4333
:10DD280053233120656E6372797074696F6E203A7F
:10DD3800200000002020504B43532331206461749D
:10DD480061207369676E20203A2000007061737348
:10DD580065640A2020504B43532331207369672E92
:10DD6800207665726966793A2000000020205348C1
:10DD7800412D312074657374202325643A200000F6
:10DD880042756666657220616C6C6F636174696F59
:10DD98006E206661696C65640000000020205348AD
:10DDA800412D25642074657374202325643A20006E
:10DDB800544C532D45434448452D45434453412D28
:10DDC800574954482D4145532D3132382D4342434C
:10DDD8002D53484100000000756E6B6E6F776E0022
:10DDE800544C532D45434448452D45434453412DF8
:10DDF800574954482D4145532D3235362D4342431A
:10DE08002D53484100000000544C532D45434448CD
:10DE1800452D45434453412D574954482D414553B9
:10DE28002D3132382D4342432D5348413235360087
:10DE3800544C532D45434448452D45434453412DA7
:10DE4800574954482D4145532D3132382D47434DBC
:10DE58002D53484132353600544C532D45434448E0
:10DE6800452D45434453412D574954482D41455369
:10DE78002D3235362D4342432D5348413338340033
:10DE8800544C532D45434448452D45434453412D57
:10DE9800574954482D4145532D3235362D47434D6A
:10DEA8002D53484133383400544C532D454344488E
:10DEB800452D45434453412D574954482D41455319
:10DEC8002D3235362D43434D00000000544C532D60
:10DED80045434448452D45434453412D57495448EB
:10DEE8002D4145532D3235362D43434D2D380000F5
:10DEF800544C532D45434448452D45434453412DE7
:10DF0800574954482D4145532D3132382D43434DFF
:10DF180000000000544C532D45434448452D4543CB
:10DF28004453412D574954482D4145532D313238DA
:10DF38002D43434D2D380000544C532D4543444840
:10DF4800452D45434453412D574954482D43414D90
:10DF5800454C4C49412D3132382D4342432D5348CD
:10DF68004132353600000000544C532D4543444897
:10DF7800452D45434453412D574954482D43414D60
:10DF8800454C4C49412D3235362D4342432D53489B
:10DF98004133383400000000544C532D4543444865
:10DFA800452D45434453412D574954482D43414D30
:10DFB800454C4C49412D3132382D47434D2D53485E
:10DFC8004132353600000000544C532D4543444837
:10DFD800452D45434453412D574954482D43414D00
:10DFE800454C4C49412D3235362D47434D2D53482C
:10DFF8004133383400000000544C532D4543444805
:10E00800452D45434453412D574954482D334445E4
:10E01800532D4544452D4342432D534841000000AC
:10E02800544C532D45434448452D5253412D57498F
:10E0380054482D4145532D3132382D4342432D53F9
:10E0480048410000544C532D45434448452D5253F4
:10E05800412D574954482D4145532D3235362D43CE
:10E0680042432D5348410000544C532D45434448E6
:10E07800452D5253412D574954482D4145532D3173
:10E0880032382D4342432D53484132353600000083
:10E09800544C532D45434448452D5253412D57491F
:10E0A80054482D4145532D3132382D47434D2D537A
:10E0B8004841323536000000544C532D45434448FE
:10E0C800452D5253412D574954482D4145532D3222
:10E0D80035362D4342432D53484133383400000030
:10E0E800544C532D45434448452D5253412D5749CF
:10E0F80054482D4145532D3235362D47434D2D5328
:10E108004841333834000000544C532D45434448AB
:10E11800452D5253412D574954482D43414D454CA7
:10E128004C49412D3132382D4342432D5348413219
:10E1380035360000544C532D45434448452D525321
:10E14800412D574954482D43414D454C4C49412D8B
:10E158003235362D4342432D53484133383400007D
:10E16800544C532D45434448452D5253412D57494E
:10E1780054482D43414D454C4C49412D3132382DA1
:10E1880047434D2D5348413235360000544C532DEA
:10E1980045434448452D5253412D574954482D4332
:10E1A800414D454C4C49412D3235362D47434D2D77
:10E1B8005348413338340000544C532D45434448A8
:10E1C800452D5253412D574954482D334445532D1D
:10E1D8004544452D4342432D53484100544C532D4B
:10E1E8004448452D5253412D574954482D414553D4
:10E1F8002D3235362D47434D2D53484133383400A1
:10E20800544C532D4448452D5253412D5749544899
:10E218002D4145532D3132382D47434D2D5348411B
:10E2280032353600544C532D4448452D5253412D18
:10E23800574954482D4145532D3132382D434243D7
:10E248002D53484132353600544C532D4448452D02
:10E258005253412D574954482D4145532D32353697
:10E268002D4342432D53484132353600544C532DEB
:10E278004448452D5253412D574954482D41455343
:10E288002D3132382D4342432D53484100000000C0
:10E29800544C532D4448452D5253412D5749544809
:10E2A8002D4145532D3235362D4342432D53484198
:10E2B80000000000544C532D4448452D5253412D25
:10E2C800574954482D4145532D3235362D43434D3A
:10E2D80000000000544C532D4448452D5253412D05
:10E2E800574954482D4145532D3235362D43434D1A
:10E2F8002D380000544C532D4448452D5253412D80
:10E30800574954482D4145532D3132382D43434DFB
:10E3180000000000544C532D4448452D5253412DC4
:10E32800574954482D4145532D3132382D43434DDB
:10E338002D380000544C532D4448452D5253412D3F
:10E34800574954482D43414D454C4C49412D313294
:10E35800382D4342432D53484132353600000000E2
:10E36800544C532D4448452D5253412D5749544838
:10E378002D43414D454C4C49412D3235362D4342B4
:10E38800432D53484132353600000000544C532D7C
:10E398004448452D5253412D574954482D43414D2A
:10E3A800454C4C49412D3132382D4342432D534879
:10E3B80041000000544C532D4448452D5253412DE3
:10E3C800574954482D43414D454C4C49412D323510
:10E3D800362D4342432D534841000000544C532DE1
:10E3E8004448452D5253412D574954482D43414DDA
:10E3F800454C4C49412D3132382D47434D2D53481A
:10E408004132353600000000544C532D4448452D08
:10E418005253412D574954482D43414D454C4C4981
:10E42800412D3235362D47434D2D5348413338342D
:10E4380000000000544C532D4448452D5253412DA3
:10E44800574954482D334445532D4544452D43429F
:10E45800432D534841000000544C532D5253412D35
:10E46800574954482D4145532D3235362D47434D94
:10E478002D53484133383400544C532D5253412DB9
:10E48800574954482D4145532D3132382D47434D76
:10E498002D53484132353600544C532D5253412D9B
:10E4A800574954482D4145532D3132382D43424365
:10E4B8002D53484132353600544C532D5253412D7B
:10E4C800574954482D4145532D3235362D43424343
:10E4D8002D53484132353600544C532D5253412D5B
:10E4E800574954482D4145532D3132382D43424325
:10E4F8002D53484100000000544C532D5253412DD8
:10E50800574954482D4145532D3235362D43424302
:10E518002D53484100000000544C532D5253412DB7
:10E52800574954482D4145532D3235362D43434DD7
:10E5380000000000544C532D5253412D5749544864
:10E548002D4145532D3235362D43434D2D3800008E
:10E55800544C532D5253412D574954482D4145533E
:10E568002D3132382D43434D00000000544C532DBB
:10E578005253412D574954482D4145532D31323876
:10E588002D43434D2D380000544C532D5253412DEB
:10E59800574954482D43414D454C4C49412D313242
:10E5A800382D4342432D5348413235360000000090
:10E5B800544C532D5253412D574954482D43414DE6
:10E5C800454C4C49412D3235362D4342432D534855
:10E5D8004132353600000000544C532D5253412D22
:10E5E800574954482D43414D454C4C49412D3132F2
:10E5F800382D4342432D534841000000544C532DBD
:10E608005253412D574954482D43414D454C4C498F
:10E61800412D3235362D4342432D534841000000E9
:10E62800544C532D5253412D574954482D43414D75
:10E63800454C4C49412D3132382D47434D2D5348D7
:10E648004132353600000000544C532D5253412DB1
:10E65800574954482D43414D454C4C49412D32357D
:10E66800362D47434D2D53484133383400000000C0
:10E67800544C532D5253412D574954482D3344453A
:10E68800532D4544452D4342432D53484100000036
:10E69800544C532D454344482D5253412D5749540A
:10E6A800482D4145532D3132382D4342432D53488F
:10E6B80041000000544C532D454344482D525341CA
:10E6C8002D574954482D4145532D3235362D434257
:10E6D800432D534841000000544C532D45434448B2
:10E6E8002D5253412D574954482D4145532D313210
:10E6F800382D4342432D534841323536000000003F
:10E70800544C532D454344482D5253412D57495499
:10E71800482D4145532D3132382D47434D2D53480F
:10E728004132353600000000544C532D45434448CF
:10E738002D5253412D574954482D4145532D3235BB
:10E74800362D4342432D53484133383400000000EE
:10E75800544C532D454344482D5253412D57495449
:10E76800482D4145532D3235362D47434D2D5348BD
:10E778004133383400000000544C532D454344487D
:10E788002D5253412D574954482D43414D454C4C2A
:10E7980049412D3132382D4342432D5348413235BA
:10E7A80036000000544C532D454344482D525341E4
:10E7B8002D574954482D43414D454C4C49412D3224
:10E7C80035362D4342432D53484133383400000039
:10E7D800544C532D454344482D5253412D574954C9
:10E7E800482D43414D454C4C49412D3132382D4738
:10E7F800434D2D534841323536000000544C532DBB
:10E80800454344482D5253412D574954482D4341BF
:10E818004D454C4C49412D3235362D47434D2D53EE
:10E828004841333834000000544C532D4543444884
:10E838002D5253412D574954482D334445532D45A6
:10E8480044452D4342432D5348410000544C532D19
:10E85800454344482D45434453412D574954482D79
:10E868004145532D3132382D4342432D5348410001
:10E87800544C532D454344482D45434453412D574B
:10E888004954482D4145532D3235362D4342432DA9
:10E8980053484100544C532D454344482D45434467
:10E8A80053412D574954482D4145532D3132382D68
:10E8B8004342432D5348413235360000544C532DC2
:10E8C800454344482D45434453412D574954482D09
:10E8D8004145532D3132382D47434D2D5348413250
:10E8E80035360000544C532D454344482D45434488
:10E8F80053412D574954482D4145532D3235362D16
:10E908004342432D5348413338340000544C532D6F
:10E91800454344482D45434453412D574954482DB8
:10E928004145532D3235362D47434D2D53484133FC
:10E9380038340000544C532D454344482D45434436
:10E9480053412D574954482D43414D454C4C49415D
:10E958002D3132382D4342432D534841323536004C
:10E96800544C532D454344482D45434453412D575A
:10E978004954482D43414D454C4C49412D3235367B
:10E988002D4342432D53484133383400544C532DC2
:10E99800454344482D45434453412D574954482D38
:10E9A80043414D454C4C49412D3132382D47434D5B
:10E9B8002D53484132353600544C532D4543444875
:10E9C8002D45434453412D574954482D43414D4506
:10E9D8004C4C49412D3235362D47434D2D53484136
:10E9E80033383400544C532D454344482D45434453
:10E9F80053412D574954482D334445532D454445DB
:10EA08002D4342432D53484100000000544C532DE0
:10EA180050534B2D574954482D4145532D313238C9
:10EA28002D47434D2D53484132353600544C532D14
:10EA380050534B2D574954482D4145532D323536A7
:10EA48002D47434D2D53484133383400544C532DF2
:10EA580050534B2D574954482D4145532D31323889
:10EA68002D4342432D53484132353600544C532DE3
:10EA780050534B2D574954482D4145532D32353667
:10EA88002D4342432D53484133383400544C532DC1
:10EA980050534B2D574954482D4145532D31323849
:10EAA8002D4342432D53484100000000544C532D40
:10EAB80050534B2D574954482D4145532D32353627
:10EAC8002D4342432D53484100000000544C532D20
:10EAD80050534B2D574954482D4145532D32353607
:10EAE8002D43434D00000000544C532D50534B2DE3
:10EAF800574954482D4145532D3235362D43434D02
:10EB08002D380000544C532D50534B2D5749544821
:10EB18002D4145532D3132382D43434D000000001F
:10EB2800544C532D50534B2D574954482D41455360
:10EB38002D3132382D43434D2D380000544C532D80
:10EB480050534B2D574954482D43414D454C4C4942
:10EB5800412D3132382D4342432D53484132353609
:10EB680000000000544C532D50534B2D5749544826
:10EB78002D43414D454C4C49412D3235362D4342AC
:10EB8800432D53484133383400000000544C532D72
:10EB980050534B2D574954482D43414D454C4C49F2
:10EBA800412D3132382D47434D2D534841323536AA
:10EBB80000000000544C532D50534B2D57495448D6
:10EBC8002D43414D454C4C49412D3235362D474357
:10EBD8004D2D53484133383400000000544C532D18
:10EBE80050534B2D574954482D334445532D4544D4
:10EBF800452D4342432D534841000000544C532DAA
:10EC08004448452D50534B2D574954482D414553A1
:10EC18002D3132382D47434D2D534841323536007A
:10EC2800544C532D4448452D50534B2D5749544867
:10EC38002D4145532D3235362D47434D2D534841EF
:10EC480033383400544C532D4448452D50534B2DE4
:10EC5800574954482D4145532D3132382D434243AD
:10EC68002D53484132353600544C532D4448452DD8
:10EC780050534B2D574954482D4145532D32353665
:10EC88002D4342432D53484133383400544C532DBF
:10EC98004448452D50534B2D574954482D41455311
:10ECA8002D3132382D4342432D5348410000000096
:10ECB800544C532D4448452D50534B2D57495448D7
:10ECC8002D4145532D3235362D4342432D5348416E
:10ECD80000000000544C532D4448452D50534B2DF3
:10ECE800574954482D4145532D3235362D43434D10
:10ECF80000000000544C532D4448452D50534B2DD3
:10ED0800574954482D4145532D3235362D43434DEF
:10ED18002D380000544C532D4448452D50534B2D4D
:10ED2800574954482D4145532D3132382D43434DD1
:10ED380000000000544C532D4448452D50534B2D92
:10ED4800574954482D4145532D3132382D43434DB1
:10ED58002D380000544C532D4448452D50534B2D0D
:10ED6800574954482D43414D454C4C49412D31326A
:10ED7800382D4342432D53484132353600000000B8
:10ED8800544C532D4448452D50534B2D5749544806
:10ED98002D43414D454C4C49412D3235362D43428A
:10EDA800432D53484133383400000000544C532D50
:10EDB8004448452D50534B2D574954482D43414DF8
:10EDC800454C4C49412D3132382D47434D2D534840
:10EDD8004132353600000000544C532D4448452D2F
:10EDE80050534B2D574954482D43414D454C4C49A0
:10EDF800412D3235362D47434D2D53484133383454
:10EE080000000000544C532D4448452D50534B2DC1
:10EE1800574954482D334445532D4544452D4342C5
:10EE2800432D534841000000544C532D454344485A
:10EE3800452D50534B2D574954482D4145532D319D
:10EE480032382D4342432D534841323536000000B5
:10EE5800544C532D45434448452D50534B2D574949
:10EE680054482D4145532D3235362D4342432D53B9
:10EE78004841333834000000544C532D454344482E
:10EE8800452D50534B2D574954482D4145532D314D
:10EE980032382D4342432D5348410000544C532DE2
:10EEA80045434448452D50534B2D574954482D410F
:10EEB80045532D3235362D4342432D5348410000EA
:10EEC800544C532D45434448452D50534B2D5749D9
:10EED80054482D43414D454C4C49412D3132382D34
:10EEE8004342432D5348413235360000544C532D8C
:10EEF80045434448452D50534B2D574954482D43BD
:10EF0800414D454C4C49412D3235362D4342432D18
:10EF18005348413338340000544C532D454344483A
:10EF2800452D50534B2D574954482D334445532DA7
:10EF38004544452D4342432D53484100544C532DDD
:10EF48005253412D50534B2D574954482D41455349
:10EF58002D3132382D47434D2D5348413235360037
:10EF6800544C532D5253412D50534B2D574954480F
:10EF78002D4145532D3235362D47434D2D534841AC
:10EF880033383400544C532D5253412D50534B2D8C
:10EF9800574954482D4145532D3132382D4342436A
:10EFA8002D53484132353600544C532D5253412D80
:10EFB80050534B2D574954482D4145532D32353622
:10EFC8002D4342432D53484133383400544C532D7C
:10EFD8005253412D50534B2D574954482D414553B9
:10EFE8002D3132382D4342432D5348410000000053
:10EFF800544C532D5253412D50534B2D574954487F
:10F008002D4145532D3235362D4342432D5348412A
:10F0180000000000544C532D5253412D50534B2D9A
:10F02800574954482D43414D454C4C49412D3132A7
:10F03800382D4342432D53484132353600000000F5
:10F04800544C532D5253412D50534B2D574954482E
:10F058002D43414D454C4C49412D3235362D4342C7
:10F06800432D53484133383400000000544C532D8D
:10F078005253412D50534B2D574954482D43414D20
:10F08800454C4C49412D3132382D47434D2D53487D
:10F098004132353600000000544C532D5253412D57
:10F0A80050534B2D574954482D43414D454C4C49DD
:10F0B800412D3235362D47434D2D53484133383491
:10F0C80000000000544C532D5253412D50534B2DEA
:10F0D800574954482D334445532D4544452D434203
:10F0E800432D534841000000636C69656E742066C7
:10F0F800696E697368656400736572766572206607
:10F10800696E69736865640044544C5376312E30D7
:10F118000000000044544C5376312E3200000000A9
:10F12800756E6B6E6F776E202844544C532900001F
:10F13800657874656E646564206D617374657220AA
:10F1480073656372657400006D6173746572207312
:10F1580065637265740000006B657920657870617D
:10F168006E73696F6E00000053534C76332E300077
:10F17800544C5376312E3000544C5376312E310096
:10F18800544C5376312E3200202B20002C200000C6
:10F1980025733D003F3F3D00253032582573000060
:10F1A8002E2E2E2E000000002020582E353039201B
:10F1B8006365727469666963617465206C6F616404
:10F1C8003A2000007061737365640A2020582E3558
:10F1D8003039207369676E6174757265207665725F
:10F1E8006966793A200000002A864886F70D0101F1
:10F1F800080000003F3F3F00202825732C204D4782
:10F2080046312D25732C20307825303258290000BE
:10F218002573206B65792073697A6500747275654A
:10F228000000000066616C73650000000A436572A7
:10F23800746966696361746520697320756E696EA7
:10F24800697469616C69736564210A002573636573
:10F2580072742E2076657273696F6E2020202020CC
:10F268003A2025640A000000257373657269616C91
:10F27800206E756D62657220202020203A200000E3
:10F288000A2573697373756572206E616D65202038
:10F2980020202020203A20000A25737375626A65B1
:10F2A8006374206E616D652020202020203A2000A4
:10F2B8000A257369737375656420206F6E2020209A
:10F2C80020202020203A20253034642D2530326437
:10F2D8002D2530326420253032643A253032643AA4
:10F2E80025303264000000000A2573657870697261
:10F2F8006573206F6E20202020202020203A2025B2
:10F308003034642D253032642D2530326420253088
:10F3180032643A253032643A253032640000000005
:10F328000A25737369676E6564207573696E672053
:10F3380020202020203A20000A2573252D313873FB
:10F348003A20256420626974730000000A257362FC
:10F358006173696320636F6E73747261696E74732D
:10F36800203A2043413D2573000000002C206D61A8
:10F37800785F706174686C656E3D256400000000FC
:10F388000A25737375626A65637420616C74206EF4
:10F39800616D6520203A20000A2573636572742E1A
:10F3A800207479706520202020202020203A200019
:10F3B800257353534C20436C69656E74000000003C
:10F3C800257353534C205365727665720000000014
:10F3D8002573456D61696C0025734F626A656374B6
:10F3E800205369676E696E670000000025735265D7
:10F3F8007365727665640000257353534C2043414E
:10F40800000000002573456D61696C2043410000D0
:10F4180025734F626A656374205369676E696E6706
:10F42800204341000A25736B657920757361676510
:10F438002020202020202020203A20002573446905
:10F44800676974616C205369676E617475726500D1
:10F4580025734E6F6E205265707564696174696FAB
:10F468006E00000025734B657920456E63697068EE
:10F4780065726D656E740000257344617461204582
:10F488006E6369706865726D656E740025734B658F
:10F49800792041677265656D656E740025734B65EB
:10F4A800792043657274205369676E00257343524F
:10F4B8004C205369676E00002573456E6369706858
:10F4C8006572204F6E6C79002573446563697068B6
:10F4D8006572204F6E6C79000A2573657874206B0D
:10F4E800657920757361676520202020203A200007
:10F4F80025732573000000005468652063657274E5
:10F50800696669636174652076616C696469747998
:10F518002068617320657870697265640000000076
:10F52800257325730A0000002573556E6B6E6F777F
:10F538006E20726561736F6E20287468697320731A
:10F54800686F756C64206E6F742068617070656E8A
:10F55800290A00002D2D2D2D2D424547494E2043C7
:10F56800455254494649434154452D2D2D2D2D00D2
:10F578002D2D2D2D2D454E442043455254494649A5
:10F58800434154452D2D2D2D2D0000005468652034
:10F598006365727469666963617465206861732064
:10F5A8006265656E207265766F6B65642028697385
:10F5B800206F6E20612043524C290000546865205A
:10F5C800636572746966696361746520436F6D6D04
:10F5D8006F6E204E616D652028434E2920646F654B
:10F5E80073206E6F74206D61746368207769746826
:10F5F8002074686520657870656374656420434E7F
:10F608000000000054686520636572746966696368
:10F61800617465206973206E6F7420636F72726500
:10F6280063746C79207369676E65642062792074ED
:10F638006865207472757374656420434100000026
:10F648005468652043524C206973206E6F742063A0
:10F658006F72726563746C79207369676E65642074
:10F6680062792074686520747275737465642043C8
:10F67800410000005468652043524C20697320659E
:10F6880078706972656400004365727469666963BD
:10F6980061746520776173206D697373696E6700A3
:10F6A8004365727469666963617465207665726919
:10F6B8006669636174696F6E2077617320736B6923
:10F6C80070706564000000004F7468657220726590
:10F6D80061736F6E202863616E20626520757365A3
:10F6E80064206279207665726966792063616C6C42
:10F6F8006261636B29000000546865206365727459
:10F70800696669636174652076616C696469747996
:10F718002073746172747320696E20746865206642
:10F7280075747572650000005468652043524C205A
:10F7380069732066726F6D207468652066757475CC
:10F7480072650000557361676520646F6573206E8C
:10F758006F74206D6174636820746865206B6579C7
:10F76800557361676520657874656E73696F6E009F
:10F77800557361676520646F6573206E6F74206DC3
:10F78800617463682074686520657874656E646563
:10F79800644B6579557361676520657874656E7328
:10F7A800696F6E00557361676520646F6573206EBD
:10F7B8006F74206D6174636820746865206E73438C
:10F7C8006572745479706520657874656E73696FB5
:10F7D8006E00000054686520636572746966696329
:10F7E800617465206973207369676E656420776941
:10F7F800746820616E20756E616363657074616200
:10F808006C6520686173682E0000000054686520EC
:10F8180063657274696669636174652069732073CE
:10F8280069676E6564207769746820616E20756EFB
:10F8380061636365707461626C6520504B20616C14
:10F84800672028656720525341207673204543443A
:10F858005341292E000000005468652063657274C6
:10F8680069666963617465206973207369676E6589
:10F8780064207769746820616E20756E61636365C2
:10F88800707461626C65206B6579202865672062F9
:10F8980061642063757276652C2052534120746F21
:10F8A8006F2073686F7274292E00000054686520F9
:10F8B80043524C206973207369676E6564207769C9
:10F8C800746820616E20756E61636365707461622F
:10F8D8006C6520686173682E00000000546865201C
:10F8E80043524C206973207369676E656420776999
:10F8F800746820616E20756E6163636570746162FF
:10F908006C6520504B20616C672028656720525336
:10F9180041207673204543445341292E00000000BE
:10F928005468652043524C206973207369676E657B
:10F9380064207769746820616E20756E6163636501
:10F94800707461626C65206B657920286567206238
:10F9580061642063757276652C2052534120746F60
:10F968006F2073686F7274292E0000006173696ECE
:10F9780000000000706F770073717274000000005F
:10F98800504F534958000000494E4600696E6600C2
:10F998004E414E006E616E003031323334353637A9
:10F9A800383961626364656600000000286E756C12
:10F9B8006C290000303132333435363738396162DA
:10F9C800636465666768696A6B6C6D6E6F70717287
:10F9D800737475767778797A00000000496E6669E5
:10F9E8006E697479000000004E614E00000100004D
:10F9F80010630020120000000006000000F80260FA
:10FA08000A00000000020000B4F702604B0000008A
:10FA18000007000068F702604B00000000030000C8
:10FA280064F7026000000000010309044CF702605B
:10FA3800000000000203090434F70260000000001F
:10FA480003030904FC65002000000000000000001A
:10FA5800000000000000000030303030303030301E
:10FA6800303030303030303030303030303030308E
:10FA780030303030303030300000000000208C4012
:10FA8800000000007C540020E45400204C55002065
:10FA9800000000000000000000000000000000005E
:10FAA800000000000000000000000000000000004E
:10FAB800000000000000000000000000000000003E
:10FAC800000000000000000000000000000000002E
:10FAD800000000000000000000000000000000001E
:10FAE800000000000000000000000000000000000E
:10FAF80000000000000000000000000000000000FE
:10FB080000000000000000000000000000000000ED
:10FB180000000000000000000000000000000000DD
:10FB280000000000000000000100000000000000CC
:10FB38000E33CDAB34126DE6ECDE05000B00000091
:10FB480000000000000000000000000000000000AD
:10FB5800000000000000000000000000000000009D
:10FB6800000000000000000000000000000000008D
:10FB7800000000000000000000000000000000007D
:10FB8800000000000000000000000000000000006D
:10FB9800000000000000000000000000000000005D
:10FBA800000000000000000000000000000000004D
:10FBB800000000000000000000000000000000003D
:10FBC800000000000000000000000000000000002D
:10FBD800000000000000000000000000000000001D
:10FBE800000000000000000000000000000000000D
:10FBF80000000000000000000000000000000000FD
:10FC080000000000000000000000000000000000EC
:10FC180000000000000000000000000000000000DC
:10FC280000000000000000000000000000000000CC
:10FC380000000000000000000000000000000000BC
:10FC480000000000000000000000000000000000AC
:10FC5800000000000000000000000000000000009C
:10FC6800000000000000000000000000000000008C
:10FC7800000000000000000000000000000000007C
:10FC8800000000000000000000000000000000006C
:10FC9800000000000000000000000000000000005C
:10FCA800000000000000000000000000000000004C
:10FCB800000000000000000000000000000000003C
:10FCC800000000000000000000000000000000002C
:10FCD800000000000000000000000000000000001C
:10FCE800000000000000000000000000000000000C
:10FCF80000000000000000000000000000000000FC
:10FD080000000000000000000000000000000000EB
:10FD180000000000000000000000000000000000DB
:10FD280000000000000000000000000000000000CB
:10FD380000000000000000000000000000000000BB
:10FD480000000000000000000000000000000000AB
:10FD5800000000000000000000000000000000009B
:10FD6800000000000000000000000000000000008B
:10FD7800000000000000000000000000000000007B
:10FD8800000000000000000000000000000000006B
:10FD9800000000000000000000000000000000005B
:10FDA800000000000000000000000000000000004B
:10FDB800000000000000000000000000000000003B
:10FDC800000000000000000000000000000000002B
:10FDD800000000000000000000000000000000001B
:10FDE800000000000000000000000000000000000B
:10FDF80000000000000000000000000000000000FB
:10FE080000000000000000000000000000000000EA
:10FE180000000000000000000000000000000000DA
:10FE280000000000000000000000000000000000CA
:10FE380000000000000000000000000000000000BA
:10FE480000000000000000000000000000000000AA
:10FE5800000000000000000000000000000000009A
:10FE6800000000000000000000000000000000008A
:10FE7800000000000000000000000000000000007A
:10FE8800000000000000000000000000000000006A
:10FE9800000000000000000000000000000000005A
:10FEA800000000000000000000000000B822000070
:10FEB800B908000000000000000000000000000871
:10FEC80000000000000000000000000027ABEF1851
:10FED80002000000010000000029DE07007B9A17DD
:10FEE80080817EFA080000000000000000CC0000BD
:10FEF80080817EFD080000000000000000CC0000AA
:10FF0800B806002000000000E80300000000000020
:10FF18009406002000000000E80300000000000034
:10FF280000001940D85B00200000000040E70020D6
:10FF380040E600200000000000000000280000004B
:10FF48004000000028000000400000000000000001
:10FF58000000000000000000000000000000000099
:10FF68000000000000000000000000000000000089
:10FF78009406002000000000E803000000000000D4
:10FF880000801840745B00200000000068E7002033
:10FF980080E60020000000000000000028000000AB
:10FFA80040000000280000004000000000000000A1
:10FFB8000000000000000000000000000000000039
:10FFC8000000000000000000000000000000000029
:10FFD8009406002000000000E80300000000000074
:10FFE80000001A40A05C00200000000090E70020FC
:08FFF800C0E60020000000003B
:02000004600595
:100000000000000028000000400000002800000060
:1000100040000000000000000000000000000000A0
:1000200000000000000000000000000000000000D0
:100030000000000000000000940600200000000006
:10004000E80300000000000000C019403C5C0020F4
:1000500000000000B8E7002000E7002000000000DA
:100060000000000028000000400000002800000000
:100070004000000000000000000000000000000040
:100080000000000000000000000000000000000070
:100090000000000000000000405700202056002013
:1000A000E0560020E006002000000000E803000009
:1000B0000000000000003F40E0F602600000000089
:1000C0000000000000000000000000000000000030
:1000D0000000000000000000000000000000000020
:1000E0000000000000000000000000000000000010
:1000F0000000000000000000000000000000000000
:1001000000000000000000000000000000000000EF
:1001100000000000000000000000000000000000DF
:1001200000000000000000000000000000000000CF
:1001300000000000000000000000000000000000BF
:1001400000000000000000000000000000000000AF
:10015000000000000000000000000000000000009F
:10016000000000000000000000000000000000008F
:10017000000000000000000000000000000000007F
:10018000000000000000000000000000000000006F
:10019000000000000000000000000000000000005F
:1001A000000000000000000000000000000000004F
:1001B000000000000000000000000000000000003F
:1001C000000000000000000000000000000000002F
:1001D000000000000000000000000000000000001F
:1001E00000000000E006002000000000E80300001E
:1001F0000000000000803F4090F602600000000018
:1002000000000000000000000000000000000000EE
:1002100000000000000000000000000000000000DE
:1002200000000000000000000000000000000000CE
:1002300000000000000000000000000000000000BE
:1002400000000000000000000000000000000000AE
:10025000000000000000000000000000000000009E
:10026000000000000000000000000000000000008E
:10027000000000000000000000000000000000007E
:10028000000000000000000000000000000000006E
:10029000000000000000000000000000000000005E
:1002A000000000000000000000000000000000004E
:1002B000000000000000000000000000000000003E
:1002C000000000000000000000000000000000002E
:1002D000000000000000000000000000000000001E
:1002E000000000000000000000000000000000000E
:1002F00000000000000000000000000000000000FE
:1003000000000000000000000000000000000000ED
:1003100000000000000000000000000000000000DD
:1003200000000000E006002000000000E8030000DC
:100330000000000000C03F4040F6026000000000E6
:1003400000000000000000000000000000000000AD
:10035000000000000000000000000000000000009D
:10036000000000000000000000000000000000008D
:10037000000000000000000000000000000000007D
:10038000000000000000000000000000000000006D
:10039000000000000000000000000000000000005D
:1003A000000000000000000000000000000000004D
:1003B000000000000000000000000000000000003D
:1003C000000000000000000000000000000000002D
:1003D000000000000000000000000000000000001D
:1003E000000000000000000000000000000000000D
:1003F00000000000000000000000000000000000FD
:1004000000000000000000000000000000000000EC
:1004100000000000000000000000000000000000DC
:1004200000000000000000000000000000000000CC
:1004300000000000000000000000000000000000BC
:1004400000000000000000000000000000000000AC
:10045000000000000000000000000000000000009C
:1004600000000000000000008000000002150000F5
:1004700011FD0000BD16010031F7026068C00F4099
:10048000000000300F000000020000002C851F401B
:1004900001000000FF000000FF000000000000005D
:1004A000000000000E0000000200000030851F4028
:1004B00001000000FF000000FF000000000000003D
:1004C0000000000013024000260018007800000021
:1004D0000117000005FD0000B916010030F70260A9
:1004E0006CC00F4000000003070000000200000085
:1004F00040851F4002000000FF000000FF000000D8
:1005000000000000000000000800000002000000E1
:1005100044851F4002000000FF000000FF000000B3
:100520000000000000000000FF004000260018004E
:100530007A000000061A000029FD0000C51601001F
:1005400033F702607CC00F400000000C1C0000006C
:100550000200000058851F4001000000FF0000005D
:10056000FF00000000000000000000001D0000006F
:10057000020000005C851F4001000000FF00000039
:10058000FF0000000000000000000000FF0040002D
:10059000260018007D000000041B00001DFD000067
:1005A000C116010032F7026080C00F4000C0000099
:1005B000150000000200000060851F4001000000DF
:1005C0002E0000000200000060851F4000000000B7
:1005D000140000000200000064851F4001000000BC
:1005E0002F0000000200000064851F400000000092
:1005F0002B024000260018007E00000000000000D2
:1006000080000000FFFFFFFF80302020430000003B
:1006100000000000000000000000000000000000DA
:100620000000000000000000000000004300000087
:1006300000000000000000000000000000000000BA
:100640000000000000000000000000004300000067
:10065000000000000000000000000000000000009A
:100660000000000000000000000000004300000047
:10067000000000000000000000000000000000007A
:100680000000000000000000000000004300000027
:10069000000000000000000000000000000000005A
:1006A0000000000000000000000000004300000007
:1006B000000000000000000000000000000000003A
:1006C00000000000000000000000000043000000E7
:1006D000000000000000000000000000000000001A
:1006E0000000000000000000000000000D8B010071
:1006F000214C01000000000030090020785000204B
:100700009C2300209C2300209C2300209C2300206D
:100710009C2300209C2300209C2300209C2300205D
:100720009C230020FFFFFFFFFFFFFFFFFFFFFFFFF6
:10073000FFFF000001004153434949000000000051
:1007400000000000000000000000000000000000A9
:100750000000000000004153434949000000000030
:100760000000000000000000000000000000000089
:100770000000000000000000000000000000000079
:10078000805E0020805E0020885E0020885E002061
:10079000905E0020905E0020985E0020985E002011
:1007A000A05E0020A05E0020A85E0020A85E0020C1
:1007B000B05E0020B05E0020B85E0020B85E002071
:1007C000C05E0020C05E0020C85E0020C85E002021
:1007D000D05E0020D05E0020D85E0020D85E0020D1
:1007E000E05E0020E05E0020E85E0020E85E002081
:1007F000F05E0020F05E0020F85E0020F85E002031
:10080000005F0020005F0020085F0020085F0020DC
:10081000105F0020105F0020185F0020185F00208C
:10082000205F0020205F0020285F0020285F00203C
:10083000305F0020305F0020385F0020385F0020EC
:10084000405F0020405F0020485F0020485F00209C
:10085000505F0020505F0020585F0020585F00204C
:10086000605F0020605F0020685F0020685F0020FC
:10087000705F0020705F0020785F0020785F0020AC
:10088000805F0020805F0020885F0020885F00205C
:10089000905F0020905F0020985F0020985F00200C
:1008A000A05F0020A05F0020A85F0020A85F0020BC
:1008B000B05F0020B05F0020B85F0020B85F00206C
:1008C000C05F0020C05F0020C85F0020C85F00201C
:1008D000D05F0020D05F0020D85F0020D85F0020CC
:1008E000E05F0020E05F0020E85F0020E85F00207C
:1008F000F05F0020F05F0020F85F0020F85F00202C
:1009000000600020006000200860002008600020D7
:100910001060002010600020186000201860002087
:100920002060002020600020286000202860002037
:1009300030600020306000203860002038600020E7
:100940004060002040600020486000204860002097
:100950005060002050600020586000205860002047
:1009600060600020606000206860002068600020F7
:1009700070600020706000207860002078600020A7
:100980008060002080600020886000208860002057
:100990009060002090600020986000209860002007
:1009A000A0600020A0600020A8600020A8600020B7
:1009B000B0600020B0600020B8600020B860002067
:1009C000C0600020C0600020C8600020C860002017
:1009D000D0600020D0600020D8600020D8600020C7
:1009E000E0600020E0600020E8600020E860002077
:1009F000F0600020F0600020F8600020F860002027
:100A000000610020006100200861002008610020D2
:100A10001061002010610020186100201861002082
:100A20002061002020610020286100202861002032
:100A300030610020306100203861002038610020E2
:100A40004061002040610020486100204861002092
:100A50005061002050610020586100205861002042
:100A600060610020606100206861002068610020F2
:100A700070610020706100207861002078610020A2
:100A80008061002080610020886100208861002052
:100A90009061002090610020986100209861002002
:100AA000A0610020A0610020A8610020A8610020B2
:100AB000B0610020B0610020B8610020B861002062
:100AC000C0610020C0610020C8610020C861002012
:100AD000D0610020D0610020D8610020D8610020C2
:100AE000E0610020E0610020E8610020E861002072
:100AF000F0610020F0610020F8610020F861002022
:100B000000620020006200200862002008620020CD
:100B1000106200201062002018620020186200207D
:100B2000206200202062002028620020286200202D
:100B300030620020306200203862002038620020DD
:100B4000406200204062002048620020486200208D
:100B5000506200205062002058620020586200203D
:100B600060620020606200206862002068620020ED
:100B7000706200207062002078620020786200209D
:100B8000FFFFFFFF0000020090510020B562013C12
:100B90000000000000000000000000000000000055
:100BA0000000000000000000000000000000000045
:100BB0000000000000000000000000000000000035
:100BC0000000000000000000000000000000000025
:100BD0000000000021414F4740150020190000008F
:100BE000C012000080250000004B000000960000AD
:100BF00000E1000000C201000084030000080700BB
:100C000000100E001900000012010002EF02014066
:100C1000C01683048002010203010000657468307D
:100C200000000000DC050000E4630020DC0D002073
:100C300000000000000000000000000000000000B4
:100C400000000000000000000000000000000000A4
:100C50000000000000000000000000000000000094
:100C60000000000000000000000000000000000084
:100C70000000000000000000010306333A3B0000C2
:100C80000104000000802D4000802D408200000003
:100C90000000000000000000000000000000000054
:100CA0000000000000000000000000000000000044
:100CB00000000000C06A00200000000001000000E9
:100CC0000100000000000000000000000993000087
:100CD0000000000000000000000000008C63002005
:100CE00000000000000000002D75000019760000D3
:100CF000AD7600009D6E0000996E000000000000BF
:100D000000000000000000000000000000000000E3
:100D100000000000000000000000000000000000D3
:100D200000000000000000000000000000000000C3
:100D300000000000000000000000000000000000B3
:100D400000000000000000000000000000000000A3
:100D50000000000000000000000000000000000093
:100D60000000000000000000000000000000000083
:100D70000000000000000000000000000000000073
:100D80000000000000000000000000000000000063
:100D90000000000000000000000000000000000053
:100DA0000000000000000000000000000000000043
:100DB0000000000000000000000000000000000033
:100DC0000000000000000000000000000000000023
:100DD0000000000000000000000000000000000013
:100DE0000000000000000000000000000000000003
:100DF00000000000000000000000000001000300EF
:100E000000000000000000007DB5000099B5000062
:100E100000000000000000002C0E00200000000078
:100E2000010001000600000009CE0000D1E9000029
:100E300091DD000091CD000095E50000580E0020E6
:100E4000000000000100020011000000000000008E
:100E5000CDED0000E9ED0000CDEF00000000000046
:100E6000840E002080817E7E050000000000470087
:100E700080817979050000000000470000005600DD
:100E8000007800000897026040750260794D01000B
:100E9000C0A80500010000000F270000001400009A
:100EA0000800000007000000060000000500000028
:100EB00004000000000000002BC000002CC0000057
:100EC000000000000304000006000000070000000E
:100ED000000000000000000101000000000005000B
:100EE00000000000280A0000093C00000000F0415A
:100EF0000000803F0C030000000000000000000024
:100F00000000000000000000000000C0010D0DFF07
:100F1000010108010124660100000000000000003A
:100F200000000000000000000000000000000000C1
:100F300000000000000000000000000000000000B1
:100F400000000000000000000000000000000000A1
:100F50000000000000000000000000000000000091
:100F60000000000000000000000000000000000081
:100F70000000000000000000000000000000000071
:100F80000000000000000000000000000000000061
:100F90000000000000000000000000000000000051
:100FA0000000000000000000000000000000000041
:100FB0000000000000000000000000000000000031
:100FC0000000000000000000000000000000000021
:100FD0000000000000000000000000000000000011
:100FE0000000000000000000000000000000000001
:100FF00000000000000000000000000000000000F1
:1010000000000000000000000000000000000000E0
:1010100000000000000000000000000000000000D0
:1010200000000000000000000000000000000000C0
:1010300000000000000000000000000000000000B0
:1010400000000000000000000000000000000000A0
:101050000000000000000000000000000000000090
:101060000000000000000000000000000000000080
:101070000000000000000000000000000000000070
:101080000000000000000000000000000000000060
:101090000000000000000000000000000000000050
:1010A0000000000000000000000000000000000040
:1010B0000000000000000000000000000000000030
:1010C0000000000000000000000000000000000020
:1010D0000000000000000000000000000000000010
:1010E0000000000000000000000000000000000000
:1010F00000000000000000000000000000000000F0
:1011000000000000000000000000000000000000DF
:1011100000000000000000000000000000000000CF
:1011200000000000000000000000000000000000BF
:1011300000000000000000000000000000000000AF
:10114000000000000000000000000000000000009F
:10115000000000000000000000000000000000008F
:10116000000000000000000000000000000000007F
:10117000000000000000000000000000000000006F
:10118000000000000000000000000000000000005F
:10119000000000000000000000000000000000004F
:1011A000000000000000000000000000000000003F
:1011B000000000000000000000000000000000002F
:1011C000000000000000000000000000000000001F
:1011D000000000000000000000000000000000000F
:1011E00000000000000000000000000000000000FF
:1011F00000000000000000000000000000000000EF
:1012000000000000000000000000000000000000DE
:1012100000000000000000000000000000000000CE
:1012200000000000000000000000000000000000BE
:1012300000000000000000000000000000000000AE
:10124000000000000000000000000000000000009E
:10125000000000000000000000000000000000008E
:10126000000000000000000000000000000000007E
:10127000000000000000000000000000000000006E
:10128000000000000000000000000000000000005E
:10129000000000000000000000000000000000004E
:1012A000000000000000000000000000000000003E
:1012B000000000000000000000000000000000002E
:1012C000000000000000000000000000000000001E
:1012D000000000000000000000000000000000000E
:1012E00000000000000000000000000000000000FE
:1012F00000000000000000000000000000000000EE
:1013000000000000000000000000000000000000DD
:1013100000000000000000000000000000000000CD
:1013200000000000000000000000000000000000BD
:1013300000000000000000000000000000000000AD
:10134000000000000000000000000000000000009D
:10135000000000000000000000000000000000008D
:10136000000000000000000000000000000000007D
:10137000000000000000000000000000000000006D
:10138000000000000000000000000000000000005D
:10139000000000000000000000000000000000004D
:1013A000000000000000000000000000000000003D
:0813B000000000000000000035
:1013B8000000000000000000000000000000000025
:1013C8000000000000000000000000000000000015
:1013D8000000000000000000000000000000000005
:1013E80000000000000000000000000000000000F5
:1013F80000000000000000000000000000000000E5
:1014080000000000000000000000000000000000D4
:1014180000000000000000000000000000000000C4
:1014280000000000000000000000000000000000B4
:1014380000000000000000000000000000000000A4
:101448000000000000000000000000000000000094
:101458000000000000000000000000000000000084
:101468000000000000000000000000000000000074
:101478000000000000000000000000000000000064
:101488000000000000000000000000000000000054
:101498000000000000000000000000000000000044
:1014A8000000000000000000000000000000000034
:1014B8000000000000000000000000000000000024
:1014C8000000000000000000000000000000000014
:1014D8000000000000000000000000000000000004
:1014E80000000000000000000000000000000000F4
:1014F80000000000000000000000000000000000E4
:1015080000000000000000000000000000000000D3
:1015180000000000000000000000000000000000C3
:1015280000000000000000000000000000000000B3
:1015380000000000000000000000000000000000A3
:101548000000000000000000000000000000000093
:101558000000000000000000000000000000000083
:101568000000000000000000000000000000000073
:101578000000000000000000000000000000000063
:101588000000000000000000000000000000000053
:101598000000000000000000000000000000000043
:1015A8000000000000000000000000000000000033
:1015B8000000000000000000000000000000000023
:1015C8000000000000000000000000000000000013
:1015D8000000000000000000000000000000000003
:1015E80000000000000000000000000000000000F3
:1015F80000000000000000000000000000000000E3
:1016080000000000000000000000000000000000D2
:1016180000000000000000000000000000000000C2
:1016280000000000000000000000000000000000B2
:1016380000000000000000000000000000000000A2
:101648000000000000000000000000000000000092
:101658000000000000000000000000000000000082
:101668000000000000000000000000000000000072
:101678000000000000000000000000000000000062
:101688000000000000000000000000000000000052
:101698000000000000000000000000000000000042
:1016A8000000000000000000000000000000000032
:1016B8000000000000000000000000000000000022
:1016C8000000000000000000000000000000000012
:1016D8000000000000000000000000000000000002
:1016E80000000000000000000000000000000000F2
:1016F80000000000000000000000000000000000E2
:1017080000000000000000000000000000000000D1
:1017180000000000000000000000000000000000C1
:1017280000000000000000000000000000000000B1
:1017380000000000000000000000000000000000A1
:101748000000000000000000000000000000000091
:101758000000000000000000000000000000000081
:101768000000000000000000000000000000000071
:101778000000000000000000000000000000000061
:101788000000000000000000000000000000000051
:101798000000000000000000000000000000000041
:1017A8000000000000000000000000000000000031
:1017B8000000000000000000000000000000000021
:1017C8000000000000000000000000000000000011
:1017D8000000000000000000000000000000000001
:1017E80000000000000000000000000000000000F1
:1017F80000000000000000000000000000000000E1
:1018080000000000000000000000000000000000D0
:1018180000000000000000000000000000000000C0
:1018280000000000000000000000000000000000B0
:1018380000000000000000000000000000000000A0
:101848000000000000000000000000000000000090
:101858000000000000000000000000000000000080
:101868000000000000000000000000000000000070
:101878000000000000000000000000000000000060
:101888000000000000000000000000000000000050
:101898000000000000000000000000000000000040
:1018A8000000000000000000000000000000000030
:1018B8000000000000000000000000000000000020
:1018C8000000000000000000000000000000000010
:1018D8000000000000000000000000000000000000
:1018E80000000000000000000000000000000000F0
:1018F80000000000000000000000000000000000E0
:1019080000000000000000000000000000000000CF
:1019180000000000000000000000000000000000BF
:1019280000000000000000000000000000000000AF
:10193800000000000000000000000000000000009F
:10194800000000000000000000000000000000008F
:10195800000000000000000000000000000000007F
:10196800000000000000000000000000000000006F
:10197800000000000000000000000000000000005F
:10198800000000000000000000000000000000004F
:10199800000000000000000000000000000000003F
:1019A800000000000000000000000000000000002F
:1019B800000000000000000000000000000000001F
:1019C800000000000000000000000000000000000F
:1019D80000000000000000000000000000000000FF
:1019E80000000000000000000000000000000000EF
:1019F80000000000000000000000000000000000DF
:101A080000000000000000000000000000000000CE
:101A180000000000000000000000000000000000BE
:101A280000000000000000000000000000000000AE
:101A3800000000000000000000000000000000009E
:101A4800000000000000000000000000000000008E
:101A5800000000000000000000000000000000007E
:101A6800000000000000000000000000000000006E
:101A7800000000000000000000000000000000005E
:101A8800000000000000000000000000000000004E
:101A9800000000000000000000000000000000003E
:101AA800000000000000000000000000000000002E
:101AB800000000000000000000000000000000001E
:101AC800000000000000000000000000000000000E
:101AD80000000000000000000000000000000000FE
:101AE80000000000000000000000000000000000EE
:101AF80000000000000000000000000000000000DE
:101B080000000000000000000000000000000000CD
:101B180000000000000000000000000000000000BD
:101B280000000000000000000000000000000000AD
:101B3800000000000000000000000000000000009D
:101B4800000000000000000000000000000000008D
:101B5800000000000000000000000000000000007D
:101B6800000000000000000000000000000000006D
:101B7800000000000000000000000000000000005D
:101B8800000000000000000000000000000000004D
:101B9800000000000000000000000000000000003D
:101BA800000000000000000000000000000000002D
:101BB800000000000000000000000000000000001D
:101BC800000000000000000000000000000000000D
:101BD80000000000000000000000000000000000FD
:101BE80000000000000000000000000000000000ED
:101BF80000000000000000000000000000000000DD
:101C080000000000000000000000000000000000CC
:101C180000000000000000000000000000000000BC
:101C280000000000000000000000000000000000AC
:101C3800000000000000000000000000000000009C
:101C4800000000000000000000000000000000008C
:101C5800000000000000000000000000000000007C
:101C6800000000000000000000000000000000006C
:101C7800000000000000000000000000000000005C
:101C8800000000000000000000000000000000004C
:101C9800000000000000000000000000000000003C
:101CA800000000000000000000000000000000002C
:101CB800000000000000000000000000000000001C
:101CC800000000000000000000000000000000000C
:101CD80000000000000000000000000000000000FC
:101CE80000000000000000000000000000000000EC
:101CF80000000000000000000000000000000000DC
:101D080000000000000000000000000000000000CB
:101D180000000000000000000000000000000000BB
:101D280000000000000000000000000000000000AB
:101D3800000000000000000000000000000000009B
:101D4800000000000000000000000000000000008B
:101D5800000000000000000000000000000000007B
:101D6800000000000000000000000000000000006B
:101D7800000000000000000000000000000000005B
:101D8800000000000000000000000000000000004B
:101D9800000000000000000000000000000000003B
:101DA800000000000000000000000000000000002B
:101DB800000000000000000000000000000000001B
:101DC800000000000000000000000000000000000B
:101DD80000000000000000000000000000000000FB
:101DE80000000000000000000000000000000000EB
:101DF80000000000000000000000000000000000DB
:101E080000000000000000000000000000000000CA
:101E180000000000000000000000000000000000BA
:101E280000000000000000000000000000000000AA
:101E3800000000000000000000000000000000009A
:101E4800000000000000000000000000000000008A
:101E5800000000000000000000000000000000007A
:101E6800000000000000000000000000000000006A
:101E7800000000000000000000000000000000005A
:101E8800000000000000000000000000000000004A
:101E9800000000000000000000000000000000003A
:101EA800000000000000000000000000000000002A
:101EB800000000000000000000000000000000001A
:101EC800000000000000000000000000000000000A
:101ED80000000000000000000000000000000000FA
:101EE80000000000000000000000000000000000EA
:101EF80000000000000000000000000000000000DA
:101F080000000000000000000000000000000000C9
:101F180000000000000000000000000000000000B9
:101F280000000000000000000000000000000000A9
:101F38000000000000000000000000000000000099
:101F48000000000000000000000000000000000089
:101F58000000000000000000000000000000000079
:101F68000000000000000000000000000000000069
:101F78000000000000000000000000000000000059
:101F88000000000000000000000000000000000049
:101F98000000000000000000000000000000000039
:101FA8000000000000000000000000000000000029
:101FB8000000000000000000000000000000000019
:101FC8000000000000000000000000000000000009
:101FD80000000000000000000000000000000000F9
:101FE80000000000000000000000000000000000E9
:101FF80000000000000000000000000000000000D9
:1020080000000000000000000000000000000000C8
:1020180000000000000000000000000000000000B8
:1020280000000000000000000000000000000000A8
:102038000000000000000000000000000000000098
:102048000000000000000000000000000000000088
:102058000000000000000000000000000000000078
:102068000000000000000000000000000000000068
:102078000000000000000000000000000000000058
:102088000000000000000000000000000000000048
:102098000000000000000000000000000000000038
:1020A8000000000000000000000000000000000028
:1020B8000000000000000000000000000000000018
:1020C8000000000000000000000000000000000008
:1020D80000000000000000000000000000000000F8
:1020E80000000000000000000000000000000000E8
:1020F80000000000000000000000000000000000D8
:1021080000000000000000000000000000000000C7
:1021180000000000000000000000000000000000B7
:1021280000000000000000000000000000000000A7
:102138000000000000000000000000000000000097
:102148000000000000000000000000000000000087
:102158000000000000000000000000000000000077
:102168000000000000000000000000000000000067
:102178000000000000000000000000000000000057
:102188000000000000000000000000000000000047
:102198000000000000000000000000000000000037
:1021A8000000000000000000000000000000000027
:1021B8000000000000000000000000000000000017
:1021C8000000000000000000000000000000000007
:1021D80000000000000000000000000000000000F7
:1021E80000000000000000000000000000000000E7
:1021F80000000000000000000000000000000000D7
:1022080000000000000000000000000000000000C6
:1022180000000000000000000000000000000000B6
:1022280000000000000000000000000000000000A6
:102238000000000000000000000000000000000096
:102248000000000000000000000000000000000086
:102258000000000000000000000000000000000076
:102268000000000000000000000000000000000066
:102278000000000000000000000000000000000056
:102288000000000000000000000000000000000046
:102298000000000000000000000000000000000036
:1022A8000000000000000000000000000000000026
:1022B8000000000000000000000000000000000016
:1022C8000000000000000000000000000000000006
:1022D80000000000000000000000000000000000F6
:1022E80000000000000000000000000000000000E6
:1022F80000000000000000000000000000000000D6
:1023080000000000000000000000000000000000C5
:1023180000000000000000000000000000000000B5
:1023280000000000000000000000000000000000A5
:102338000000000000000000000000000000000095
:102348000000000000000000000000000000000085
:102358000000000000000000000000000000000075
:102368000000000000000000000000000000000065
:102378000000000000000000000000000000000055
:102388000000000000000000000000000000000045
:102398000000000000000000000000000000000035
:1023A8000000000000000000000000000000000025
:1023B8000000000000000000000000000000000015
:1023C8000000000000000000000000000000000005
:1023D80000000000000000000000000000000000F5
:1023E80000000000000000000000000000000000E5
:1023F80000000000000000000000000000000000D5
:1024080000000000000000000000000000000000C4
:1024180000000000000000000000000000000000B4
:1024280000000000000000000000000000000000A4
:102438000000000000000000000000000000000094
:102448000000000000000000000000000000000084
:102458000000000000000000000000000000000074
:102468000000000000000000000000000000000064
:102478000000000000000000000000000000000054
:102488000000000000000000000000000000000044
:102498000000000000000000000000000000000034
:1024A8000000000000000000000000000000000024
:1024B8000000000000000000000000000000000014
:1024C8000000000000000000000000000000000004
:1024D80000000000000000000000000000000000F4
:1024E80000000000000000000000000000000000E4
:1024F80000000000000000000000000000000000D4
:1025080000000000000000000000000000000000C3
:1025180000000000000000000000000000000000B3
:1025280000000000000000000000000000000000A3
:102538000000000000000000000000000000000093
:102548000000000000000000000000000000000083
:102558000000000000000000000000000000000073
:102568000000000000000000000000000000000063
:102578000000000000000000000000000000000053
:102588000000000000000000000000000000000043
:102598000000000000000000000000000000000033
:1025A8000000000000000000000000000000000023
:1025B8000000000000000000000000000000000013
:1025C8000000000000000000000000000000000003
:1025D80000000000000000000000000000000000F3
:1025E80000000000000000000000000000000000E3
:1025F80000000000000000000000000000000000D3
:1026080000000000000000000000000000000000C2
:1026180000000000000000000000000000000000B2
:1026280000000000000000000000000000000000A2
:102638000000000000000000000000000000000092
:102648000000000000000000000000000000000082
:102658000000000000000000000000000000000072
:102668000000000000000000000000000000000062
:102678000000000000000000000000000000000052
:102688000000000000000000000000000000000042
:102698000000000000000000000000000000000032
:1026A8000000000000000000000000000000000022
:1026B8000000000000000000000000000000000012
:1026C8000000000000000000000000000000000002
:1026D80000000000000000000000000000000000F2
:1026E80000000000000000000000000000000000E2
:1026F80000000000000000000000000000000000D2
:1027080000000000000000000000000000000000C1
:1027180000000000000000000000000000000000B1
:1027280000000000000000000000000000000000A1
:102738000000000000000000000000000000000091
:102748000000000000000000000000000000000081
:102758000000000000000000000000000000000071
:102768000000000000000000000000000000000061
:102778000000000000000000000000000000000051
:102788000000000000000000000000000000000041
:102798000000000000000000000000000000000031
:1027A8000000000000000000000000000000000021
:1027B8000000000000000000000000000000000011
:1027C8000000000000000000000000000000000001
:1027D80000000000000000000000000000000000F1
:1027E80000000000000000000000000000000000E1
:1027F80000000000000000000000000000000000D1
:1028080000000000000000000000000000000000C0
:1028180000000000000000000000000000000000B0
:1028280000000000000000000000000000000000A0
:102838000000000000000000000000000000000090
:102848000000000000000000000000000000000080
:102858000000000000000000000000000000000070
:102868000000000000000000000000000000000060
:102878000000000000000000000000000000000050
:102888000000000000000000000000000000000040
:102898000000000000000000000000000000000030
:1028A8000000000000000000000000000000000020
:1028B8000000000000000000000000000000000010
:1028C8000000000000000000000000000000000000
:1028D80000000000000000000000000000000000F0
:1028E80000000000000000000000000000000000E0
:1028F80000000000000000000000000000000000D0
:1029080000000000000000000000000000000000BF
:1029180000000000000000000000000000000000AF
:10292800000000000000000000000000000000009F
:10293800000000000000000000000000000000008F
:10294800000000000000000000000000000000007F
:10295800000000000000000000000000000000006F
:10296800000000000000000000000000000000005F
:10297800000000000000000000000000000000004F
:10298800000000000000000000000000000000003F
:10299800000000000000000000000000000000002F
:1029A800000000000000000000000000000000001F
:1029B800000000000000000000000000000000000F
:1029C80000000000000000000000000000000000FF
:1029D80000000000000000000000000000000000EF
:1029E80000000000000000000000000000000000DF
:1029F80000000000000000000000000000000000CF
:102A080000000000000000000000000000000000BE
:102A180000000000000000000000000000000000AE
:102A2800000000000000000000000000000000009E
:102A3800000000000000000000000000000000008E
:102A4800000000000000000000000000000000007E
:102A5800000000000000000000000000000000006E
:102A6800000000000000000000000000000000005E
:102A7800000000000000000000000000000000004E
:102A8800000000000000000000000000000000003E
:102A9800000000000000000000000000000000002E
:102AA800000000000000000000000000000000001E
:102AB800000000000000000000000000000000000E
:102AC80000000000000000000000000000000000FE
:102AD80000000000000000000000000000000000EE
:102AE80000000000000000000000000000000000DE
:102AF80000000000000000000000000000000000CE
:102B080000000000000000000000000000000000BD
:102B180000000000000000000000000000000000AD
:102B2800000000000000000000000000000000009D
:102B3800000000000000000000000000000000008D
:102B4800000000000000000000000000000000007D
:102B5800000000000000000000000000000000006D
:102B6800000000000000000000000000000000005D
:102B7800000000000000000000000000000000004D
:102B8800000000000000000000000000000000003D
:102B9800000000000000000000000000000000002D
:102BA800000000000000000000000000000000001D
:102BB800000000000000000000000000000000000D
:102BC80000000000000000000000000000000000FD
:102BD80000000000000000000000000000000000ED
:102BE80000000000000000000000000000000000DD
:102BF80000000000000000000000000000000000CD
:102C080000000000000000000000000000000000BC
:102C180000000000000000000000000000000000AC
:102C2800000000000000000000000000000000009C
:102C3800000000000000000000000000000000008C
:102C4800000000000000000000000000000000007C
:102C5800000000000000000000000000000000006C
:102C6800000000000000000000000000000000005C
:102C7800000000000000000000000000000000004C
:102C8800000000000000000000000000000000003C
:102C9800000000000000000000000000000000002C
:102CA800000000000000000000000000000000001C
:102CB800000000000000000000000000000000000C
:102CC80000000000000000000000000000000000FC
:102CD80000000000000000000000000000000000EC
:102CE80000000000000000000000000000000000DC
:102CF80000000000000000000000000000000000CC
:102D080000000000000000000000000000000000BB
:102D180000000000000000000000000000000000AB
:102D2800000000000000000000000000000000009B
:102D3800000000000000000000000000000000008B
:102D4800000000000000000000000000000000007B
:102D5800000000000000000000000000000000006B
:102D6800000000000000000000000000000000005B
:102D7800000000000000000000000000000000004B
:102D8800000000000000000000000000000000003B
:102D9800000000000000000000000000000000002B
:102DA800000000000000000000000000000000001B
:102DB800000000000000000000000000000000000B
:102DC80000000000000000000000000000000000FB
:102DD80000000000000000000000000000000000EB
:102DE80000000000000000000000000000000000DB
:102DF80000000000000000000000000000000000CB
:102E080000000000000000000000000000000000BA
:102E180000000000000000000000000000000000AA
:102E2800000000000000000000000000000000009A
:102E3800000000000000000000000000000000008A
:102E4800000000000000000000000000000000007A
:102E5800000000000000000000000000000000006A
:102E6800000000000000000000000000000000005A
:102E7800000000000000000000000000000000004A
:102E8800000000000000000000000000000000003A
:102E9800000000000000000000000000000000002A
:102EA800000000000000000000000000000000001A
:102EB800000000000000000000000000000000000A
:102EC80000000000000000000000000000000000FA
:102ED80000000000000000000000000000000000EA
:102EE80000000000000000000000000000000000DA
:102EF80000000000000000000000000000000000CA
:102F080000000000000000000000000000000000B9
:102F180000000000000000000000000000000000A9
:102F28000000000000000000000000000000000099
:102F38000000000000000000000000000000000089
:102F48000000000000000000000000000000000079
:102F58000000000000000000000000000000000069
:102F68000000000000000000000000000000000059
:102F78000000000000000000000000000000000049
:102F88000000000000000000000000000000000039
:102F98000000000000000000000000000000000029
:102FA8000000000000000000000000000000000019
:102FB8000000000000000000000000000000000009
:102FC80000000000000000000000000000000000F9
:102FD80000000000000000000000000000000000E9
:102FE80000000000000000000000000000000000D9
:102FF80000000000000000000000000000000000C9
:1030080000000000000000000000000000000000B8
:1030180000000000000000000000000000000000A8
:103028000000000000000000000000000000000098
:103038000000000000000000000000000000000088
:103048000000000000000000000000000000000078
:103058000000000000000000000000000000000068
:103068000000000000000000000000000000000058
:103078000000000000000000000000000000000048
:103088000000000000000000000000000000000038
:103098000000000000000000000000000000000028
:1030A8000000000000000000000000000000000018
:1030B8000000000000000000000000000000000008
:1030C80000000000000000000000000000000000F8
:1030D80000000000000000000000000000000000E8
:1030E80000000000000000000000000000000000D8
:1030F80000000000000000000000000000000000C8
:1031080000000000000000000000000000000000B7
:1031180000000000000000000000000000000000A7
:103128000000000000000000000000000000000097
:103138000000000000000000000000000000000087
:103148000000000000000000000000000000000077
:103158000000000000000000000000000000000067
:103168000000000000000000000000000000000057
:103178000000000000000000000000000000000047
:103188000000000000000000000000000000000037
:103198000000000000000000000000000000000027
:1031A8000000000000000000000000000000000017
:1031B8000000000000000000000000000000000007
:1031C80000000000000000000000000000000000F7
:1031D80000000000000000000000000000000000E7
:1031E80000000000000000000000000000000000D7
:1031F80000000000000000000000000000000000C7
:1032080000000000000000000000000000000000B6
:1032180000000000000000000000000000000000A6
:103228000000000000000000000000000000000096
:103238000000000000000000000000000000000086
:103248000000000000000000000000000000000076
:103258000000000000000000000000000000000066
:103268000000000000000000000000000000000056
:103278000000000000000000000000000000000046
:103288000000000000000000000000000000000036
:103298000000000000000000000000000000000026
:1032A8000000000000000000000000000000000016
:1032B8000000000000000000000000000000000006
:1032C80000000000000000000000000000000000F6
:1032D80000000000000000000000000000000000E6
:1032E80000000000000000000000000000000000D6
:1032F80000000000000000000000000000000000C6
:1033080000000000000000000000000000000000B5
:1033180000000000000000000000000000000000A5
:103328000000000000000000000000000000000095
:103338000000000000000000000000000000000085
:103348000000000000000000000000000000000075
:103358000000000000000000000000000000000065
:103368000000000000000000000000000000000055
:103378000000000000000000000000000000000045
:103388000000000000000000000000000000000035
:103398000000000000000000000000000000000025
:1033A8000000000000000000000000000000000015
:1033B8000000000000000000000000000000000005
:1033C80000000000000000000000000000000000F5
:1033D80000000000000000000000000000000000E5
:1033E80000000000000000000000000000000000D5
:1033F80000000000000000000000000000000000C5
:1034080000000000000000000000000000000000B4
:1034180000000000000000000000000000000000A4
:103428000000000000000000000000000000000094
:103438000000000000000000000000000000000084
:103448000000000000000000000000000000000074
:103458000000000000000000000000000000000064
:103468000000000000000000000000000000000054
:103478000000000000000000000000000000000044
:103488000000000000000000000000000000000034
:103498000000000000000000000000000000000024
:1034A8000000000000000000000000000000000014
:1034B8000000000000000000000000000000000004
:1034C80000000000000000000000000000000000F4
:1034D80000000000000000000000000000000000E4
:1034E80000000000000000000000000000000000D4
:1034F80000000000000000000000000000000000C4
:1035080000000000000000000000000000000000B3
:1035180000000000000000000000000000000000A3
:103528000000000000000000000000000000000093
:103538000000000000000000000000000000000083
:103548000000000000000000000000000000000073
:103558000000000000000000000000000000000063
:103568000000000000000000000000000000000053
:103578000000000000000000000000000000000043
:103588000000000000000000000000000000000033
:103598000000000000000000000000000000000023
:1035A8000000000000000000000000000000000013
:1035B8000000000000000000000000000000000003
:1035C80000000000000000000000000000000000F3
:1035D80000000000000000000000000000000000E3
:1035E80000000000000000000000000000000000D3
:1035F80000000000000000000000000000000000C3
:1036080000000000000000000000000000000000B2
:1036180000000000000000000000000000000000A2
:103628000000000000000000000000000000000092
:103638000000000000000000000000000000000082
:103648000000000000000000000000000000000072
:103658000000000000000000000000000000000062
:103668000000000000000000000000000000000052
:103678000000000000000000000000000000000042
:103688000000000000000000000000000000000032
:103698000000000000000000000000000000000022
:1036A8000000000000000000000000000000000012
:1036B8000000000000000000000000000000000002
:1036C80000000000000000000000000000000000F2
:1036D80000000000000000000000000000000000E2
:1036E80000000000000000000000000000000000D2
:1036F80000000000000000000000000000000000C2
:1037080000000000000000000000000000000000B1
:1037180000000000000000000000000000000000A1
:103728000000000000000000000000000000000091
:103738000000000000000000000000000000000081
:103748000000000000000000000000000000000071
:103758000000000000000000000000000000000061
:103768000000000000000000000000000000000051
:103778000000000000000000000000000000000041
:103788000000000000000000000000000000000031
:103798000000000000000000000000000000000021
:1037A8000000000000000000000000000000000011
:1037B8000000000000000000000000000000000001
:1037C80000000000000000000000000000000000F1
:1037D80000000000000000000000000000000000E1
:1037E80000000000000000000000000000000000D1
:1037F80000000000000000000000000000000000C1
:1038080000000000000000000000000000000000B0
:1038180000000000000000000000000000000000A0
:103828000000000000000000000000000000000090
:103838000000000000000000000000000000000080
:103848000000000000000000000000000000000070
:103858000000000000000000000000000000000060
:103868000000000000000000000000000000000050
:103878000000000000000000000000000000000040
:103888000000000000000000000000000000000030
:103898000000000000000000000000000000000020
:1038A8000000000000000000000000000000000010
:1038B8000000000000000000000000000000000000
:1038C80000000000000000000000000000000000F0
:1038D80000000000000000000000000000000000E0
:1038E80000000000000000000000000000000000D0
:1038F80000000000000000000000000000000000C0
:1039080000000000000000000000000000000000AF
:10391800000000000000000000000000000000009F
:10392800000000000000000000000000000000008F
:10393800000000000000000000000000000000007F
:10394800000000000000000000000000000000006F
:10395800000000000000000000000000000000005F
:10396800000000000000000000000000000000004F
:10397800000000000000000000000000000000003F
:10398800000000000000000000000000000000002F
:10399800000000000000000000000000000000001F
:1039A800000000000000000000000000000000000F
:1039B80000000000000000000000000000000000FF
:0C39C800000000000000000000000000F3
:1039D400FFFFFFFFFFFFFFFFFFFFFFFFFFFFFFFFF3
:1039E400FFFFFFFFFFFFFFFFFFFFFFFFFFFFFFFFE3
:1039F400FFFFFFFFFFFFFFFFFFFFFFFFFFFFFFFFD3
:103A0400FFFFFFFFFFFFFFFFFFFFFFFFFFFFFFFFC2
:103A1400FFFFFFFFFFFFFFFFFFFFFFFFFFFFFFFFB2
:103A2400FFFFFFFFFFFFFFFFFFFFFFFFFFFFFFFFA2
:103A3400FFFFFFFFFFFFFFFFFFFFFFFFFFFFFFFF92
:103A4400FFFFFFFFFFFFFFFFFFFFFFFFFFFFFFFF82
:103A5400FFFFFFFFFFFFFFFFFFFFFFFFFFFFFFFF72
:103A6400FFFFFFFFFFFFFFFFFFFFFFFFFFFFFFFF62
:103A7400FFFFFFFFFFFFFFFFFFFFFFFFFFFFFFFF52
:103A8400FFFFFFFFFFFFFFFFFFFFFFFFFFFFFFFF42
:103A9400FFFFFFFFFFFFFFFFFFFFFFFFFFFFFFFF32
:103AA400FFFFFFFFFFFFFFFFFFFFFFFFFFFFFFFF22
:103AB400FFFFFFFFFFFFFFFFFFFFFFFFFFFFFFFF12
:103AC400FFFFFFFFFFFFFFFFFFFFFFFFFFFFFFFF02
:103AD400FFFFFFFFFFFFFFFFFFFFFFFFFFFFFFFFF2
:103AE400FFFFFFFFFFFFFFFFFFFFFFFFFFFFFFFFE2
:103AF400FFFFFFFFFFFFFFFFFFFFFFFFFFFFFFFFD2
:103B0400FFFFFFFFFFFFFFFFFFFFFFFFFFFFFFFFC1
:103B1400FFFFFFFFFFFFFFFFFFFFFFFFFFFFFFFFB1
:103B2400FFFFFFFFFFFFFFFFFFFFFFFFFFFFFFFFA1
:103B3400FFFFFFFFFFFFFFFFFFFFFFFFFFFFFFFF91
:103B4400FFFFFFFFFFFFFFFFFFFFFFFFFFFFFFFF81
:103B5400FFFFFFFFFFFFFFFFFFFFFFFFFFFFFFFF71
:103B6400FFFFFFFFFFFFFFFFFFFFFFFFFFFFFFFF61
:103B7400FFFFFFFFFFFFFFFFFFFFFFFFFFFFFFFF51
:103B8400FFFFFFFFFFFFFFFFFFFFFFFFFFFFFFFF41
:103B9400FFFFFFFFFFFFFFFFFFFFFFFFFFFFFFFF31
:103BA400FFFFFFFFFFFFFFFFFFFFFFFFFFFFFFFF21
:103BB400FFFFFFFFFFFFFFFFFFFFFFFFFFFFFFFF11
:103BC400FFFFFFFFFFFFFFFFFFFFFFFFFFFFFFFF01
:103BD400FFFFFFFFFFFFFFFFFFFFFFFFFFFFFFFFF1
:103BE400FFFFFFFFFFFFFFFFFFFFFFFFFFFFFFFFE1
:103BF400FFFFFFFFFFFFFFFFFFFFFFFF00000000CD
:103C040000000000000000000000000000000000B0
:103C140000000000000000000000000000000000A0
:103C24000000000000000000000000000000000090
:103C34000000000000000000000000000000000080
:103C44000000000000000000000000000000000070
:103C54000000000000000000000000000000000060
:103C64000000000000000000000000000000000050
:103C74000000000000000000000000000000000040
:103C84000000000000000000000000000000000030
:103C94000000000000000000000000000000000020
:103CA4000000000000000000000000000000000010
:103CB4000000000000000000000000000000000000
:103CC40000000000000000000000000000000000F0
:103CD40000000000000000000000000000000000E0
:103CE40000000000000000000000000000000000D0
:103CF40000000000000000000000000000000000C0
:103D040000000000000000000000000000000000AF
:103D1400000000000000000000000000000000009F
:103D2400000000000000000000000000000000008F
:103D3400000000000000000000000000000000007F
:103D4400000000000000000000000000000000006F
:103D5400000000000000000000000000000000005F
:103D6400000000000000000000000000000000004F
:103D7400000000000000000000000000000000003F
:103D8400000000000000000000000000000000002F
:103D9400000000000000000000000000000000001F
:103DA400000000000000000000000000000000000F
:103DB40000000000000000000000000000000000FF
:103DC40000000000000000000000000000000000EF
:103DD40000000000000000000000000000000000DF
:103DE40000000000000000000000000000000000CF
:103DF40000000000000000000000000000000000BF
:103E040000000000000000000000000000000000AE
:103E1400000000000000000000000000000000009E
:103E2400000000000000000000000000000000008E
:103E3400000000000000000000000000000000007E
:103E4400000000000000000000000000000000006E
:103E5400000000000000000000000000000000005E
:103E6400000000000000000000000000000000004E
:103E7400000000000000000000000000000000003E
:103E8400000000000000000000000000000000002E
:103E9400000000000000000000000000000000001E
:103EA400000000000000000000000000000000000E
:103EB40000000000000000000000000000000000FE
:103EC40000000000000000000000000000000000EE
:103ED40000000000000000000000000000000000DE
:103EE40000000000000000000000000000000000CE
:103EF40000000000000000000000000000000000BE
:103F040000000000000000000000000000000000AD
:103F1400000000000000000000000000000000009D
:103F2400000000000000000000000000000000008D
:103F3400000000000000000000000000000000007D
:103F4400000000000000000000000000000000006D
:103F5400000000000000000000000000000000005D
:103F6400000000000000000000000000000000004D
:103F7400000000000000000000000000000000003D
:103F8400000000000000000000000000000000002D
:103F9400000000000000000000000000000000001D
:103FA400000000000000000000000000000000000D
:103FB40000000000000000000000000000000000FD
:103FC40000000000000000000000000000000000ED
:103FD40000000000000000000000000000000000DD
:103FE40000000000000000000000000000000000CD
:103FF40000000000000000000000000000000000BD
:1040040000000000000000000000000000000000AC
:10401400000000000000000000000000000000009C
:10402400000000000000000000000000000000008C
:10403400000000000000000000000000000000007C
:10404400000000000000000000000000000000006C
:10405400000000000000000000000000000000005C
:10406400000000000000000000000000000000004C
:10407400000000000000000000000000000000003C
:10408400000000000000000000000000000000002C
:10409400000000000000000000000000000000001C
:1040A400000000000000000000000000000000000C
:1040B40000000000000000000000000000000000FC
:1040C40000000000000000000000000000000000EC
:1040D40000000000000000000000000000000000DC
:1040E40000000000000000000000000000000000CC
:1040F40000000000000000000000000000000000BC
:1041040000000000000000000000000000000000AB
:10411400000000000000000000000000000000009B
:10412400000000000000000000000000000000008B
:10413400000000000000000000000000000000007B
:10414400000000000000000000000000000000006B
:10415400000000000000000000000000000000005B
:10416400000000000000000000000000000000004B
:10417400000000000000000000000000000000003B
:10418400000000000000000000000000000000002B
:10419400000000000000000000000000000000001B
:1041A400000000000000000000000000000000000B
:1041B40000000000000000000000000000000000FB
:1041C40000000000000000000000000000000000EB
:1041D40000000000000000000000000000000000DB
:1041E40000000000000000000000000000000000CB
:1041F40000000000000000000000000000000000BB
:1042040000000000000000000000000000000000AA
:10421400000000000000000000000000000000009A
:10422400000000000000000000000000000000008A
:10423400000000000000000000000000000000007A
:10424400000000000000000000000000000000006A
:10425400000000000000000000000000000000005A
:10426400000000000000000000000000000000004A
:10427400000000000000000000000000000000003A
:10428400000000000000000000000000000000002A
:10429400000000000000000000000000000000001A
:1042A400000000000000000000000000000000000A
:1042B40000000000000000000000000000000000FA
:1042C40000000000000000000000000000000000EA
:1042D40000000000000000000000000000000000DA
:1042E40000000000000000000000000000000000CA
:1042F40000000000000000000000000000000000BA
:1043040000000000000000000000000000000000A9
:104314000000000000000000000000000000000099
:104324000000000000000000000000000000000089
:104334000000000000000000000000000000000079
:104344000000000000000000000000000000000069
:104354000000000000000000000000000000000059
:104364000000000000000000000000000000000049
:104374000000000000000000000000000000000039
:104384000000000000000000000000000000000029
:104394000000000000000000000000000000000019
:1043A4000000000000000000000000000000000009
:1043B40000000000000000000000000000000000F9
:1043C40000000000000000000000000000000000E9
:1043D40000000000000000000000000000000000D9
:1043E40000000000000000000000000000000000C9
:1043F40000000000000000000000000000000000B9
:1044040000000000000000000000000000000000A8
:104414000000000000000000000000000000000098
:104424000000000000000000000000000000000088
:104434000000000000000000000000000000000078
:104444000000000000000000000000000000000068
:104454000000000000000000000000000000000058
:104464000000000000000000000000000000000048
:104474000000000000000000000000000000000038
:104484000000000000000000000000000000000028
:104494000000000000000000000000000000000018
:1044A4000000000000000000000000000000000008
:1044B40000000000000000000000000000000000F8
:1044C40000000000000000000000000000000000E8
:1044D40000000000000000000000000000000000D8
:1044E40000000000000000000000000000000000C8
:1044F40000000000000000000000000000000000B8
:1045040000000000000000000000000000000000A7
:104514000000000000000000000000000000000097
:104524000000000000000000000000000000000087
:104534000000000000000000000000000000000077
:104544000000000000000000000000000000000067
:104554000000000000000000000000000000000057
:104564000000000000000000000000000000000047
:104574000000000000000000000000000000000037
:104584000000000000000000000000000000000027
:104594000000000000000000000000000000000017
:1045A4000000000000000000000000000000000007
:1045B40000000000000000000000000000000000F7
:1045C40000000000000000000000000000000000E7
:1045D40000000000000000000000000000000000D7
:1045E40000000000000000000000000000000000C7
:1045F40000000000000000000000000000000000B7
:1046040000000000000000000000000000000000A6
:104614000000000000000000000000000000000096
:104624000000000000000000000000000000000086
:104634000000000000000000000000000000000076
:104644000000000000000000000000000000000066
:104654000000000000000000000000000000000056
:104664000000000000000000000000000000000046
:104674000000000000000000000000000000000036
:104684000000000000000000000000000000000026
:104694000000000000000000000000000000000016
:1046A4000000000000000000000000000000000006
:1046B40000000000000000000000000000000000F6
:1046C40000000000000000000000000000000000E6
:1046D40000000000000000000000000000000000D6
:1046E40000000000000000000000000000000000C6
:1046F40000000000000000000000000000000000B6
:1047040000000000000000000000000000000000A5
:104714000000000000000000000000000000000095
:104724000000000000000000000000000000000085
:104734000000000000000000000000000000000075
:104744000000000000000000000000000000000065
:104754000000000000000000000000000000000055
:104764000000000000000000000000000000000045
:104774000000000000000000000000000000000035
:104784000000000000000000000000000000000025
:104794000000000000000000000000000000000015
:1047A4000000000000000000000000000000000005
:1047B40000000000000000000000000000000000F5
:1047C40000000000000000000000000000000000E5
:1047D40000000000000000000000000000000000D5
:1047E40000000000000000000000000000000000C5
:0C47F400000000000000000000000000B9
:040000056000100087
:00000001FF
